SCRIP_CD,Scrip_Name,Status,GROUP,FACE_VALUE,ISIN_NUMBER,INDUSTRY,scrip_id,Segment,NSURL,Issuer_Name,Mktcap
500002,ABB India Ltd,Active,A,2.0,INE117A01022,,ABB,Equity,https://www.bseindia.com/stock-share-price/abb-india-ltd/abb/500002/,ABB India Limited,163635.65
500003,Aegis Logistics Ltd,Active,A,1.0,INE208C01025,,AEGISLOG,Equity,https://www.bseindia.com/stock-share-price/aegis-logistics-ltd/aegislog/500003/,Aegis Logistics Ltd.,49076.82
500008,Amara Raja Energy & Mobility Ltd,Active,A,1.0,INE885A01032,,ARE&M,Equity,https://www.bseindia.com/stock-share-price/amara-raja-energy--mobility-ltd/arem/500008/,Amara Raja Energy & Mobility Limited,16952.72
500009,Ambalal Sarabhai Enterprises Ltd,Active,B,10.0,INE432A01017,,AMBALALSA,Equity,https://www.bseindia.com/stock-share-price/ambalal-sarabhai-enterprises-ltd/ambalalsa/500009/,Ambalal Sarabhai Enterprise Ltd.,336.65
500012,Andhra Petrochemicals Ltd,Active,X,10.0,INE714B01016,,ANDHRAPET,Equity,https://www.bseindia.com/stock-share-price/andhra-petrochemicals-ltd/andhrapet/500012/,Andhra Petrochemicals Ltd.,391.63
500013,Ansal Properties & Infrastructure Ltd,Active,Z,5.0,INE436A01026,,ANSALAPI,Equity,https://www.bseindia.com/stock-share-price/ansal-properties--infrastructure-ltd/ansalapi/500013/,Ansal Properties & Infrastructure Ltd.,55.56
500014,Utique Enterprises Ltd,Active,X,10.0,INE096A01010,,UTIQUE,Equity,https://www.bseindia.com/stock-share-price/utique-enterprises-ltd/utique/500014/,UTIQUE ENTERPRISES LIMITED,20.49
500016,Aruna Hotels Ltd,Active,X,10.0,INE957C01019,,ARUNAHTEL,Equity,https://www.bseindia.com/stock-share-price/aruna-hotels-ltd/arunahtel/500016/,Aruna Hotels Ltd.,24.98
500020,Bombay Dyeing & Manufacturing Company Ltd,Active,B,2.0,INE032A01023,,BOMDYEING,Equity,https://www.bseindia.com/stock-share-price/bombay-dyeing--manufacturing-company-ltd/bomdyeing/500020/,Bombay Dyeing & Mfg. Co. Ltd.,2486.68
500023,Asian Hotels (North) Ltd,Active,B,10.0,INE363A01022,,ASIANHOTNR,Equity,https://www.bseindia.com/stock-share-price/asian-hotels-(north)-ltd/asianhotnr/500023/,Asian Hotels (North) Limited,1349.34
500027,Atul Ltd,Active,A,10.0,INE100A01010,,ATUL,Equity,https://www.bseindia.com/stock-share-price/atul-ltd/atul/500027/,Atul Limited.,20005.82
500028,ATV Projects India Ltd,Active,X,10.0,INE447A01015,,ATVPR,Equity,https://www.bseindia.com/stock-share-price/atv-projects-india-ltd/atvpr/500028/,ATV Projects India Ltd,140.55
500031,Bajaj Electricals Ltd,Active,A,2.0,INE193E01025,,BAJAJELEC,Equity,https://www.bseindia.com/stock-share-price/bajaj-electricals-ltd/bajajelec/500031/,Bajaj Electricals Ltd.,4418.97
500032,Bajaj Hindusthan Sugar Ltd,Active,B,1.0,INE306A01021,,BAJAJHIND,Equity,https://www.bseindia.com/stock-share-price/bajaj-hindusthan-sugar-ltd/bajajhind/500032/,Bajaj Hindusthan Sugar Limited,4193.23
500033,Force Motors Ltd,Active,A,10.0,INE451A01017,,FORCEMOT,Equity,https://www.bseindia.com/stock-share-price/force-motors-ltd/forcemot/500033/,Force Motors Limited,24358.49
500034,Bajaj Finance Ltd,Active,A,1.0,INE296A01032,,BAJFINANCE,Equity,https://www.bseindia.com/stock-share-price/bajaj-finance-ltd/bajfinance/500034/,Bajaj Finance Limited,715922.80
500038,Balrampur Chini Mills Ltd,Active,A,1.0,INE119A01028,,BALRAMCHIN,Equity,https://www.bseindia.com/stock-share-price/balrampur-chini-mills-ltd/balramchin/500038/,BALRAMPUR CHINI MILLS LTD,13282.25
500039,Banco Products (India) Ltd,Active,A,2.0,INE213C01025,,BANCOINDIA,Equity,https://www.bseindia.com/stock-share-price/banco-products-(india)-ltd/bancoindia/500039/,Banco Products (India) Ltd.,9773.02
500040,Aditya Birla Real Estate Ltd,Active,A,10.0,INE055A01016,,ABREL,Equity,https://www.bseindia.com/stock-share-price/aditya-birla-real-estate-ltd/abrel/500040/,ADITYA BIRLA REAL ESTATE LIMITED,15528.49
500041,Bannari Amman Sugars Ltd,Active,B,10.0,INE459A01010,,BANARISUG,Equity,https://www.bseindia.com/stock-share-price/bannari-amman-sugars-ltd/banarisug/500041/,Bannari Amman Sugars Ltd.,4353.78
500042,BASF India Ltd,Active,A,10.0,INE373A01013,,BASF,Equity,https://www.bseindia.com/stock-share-price/basf-india-ltd/basf/500042/,BASF India Ltd,17849.05
500043,Bata India Ltd,Active,A,5.0,INE176A01028,,BATAINDIA,Equity,https://www.bseindia.com/stock-share-price/bata-india-ltd/bataindia/500043/,Bata India Limited,9347.81
500048,BEML Ltd,Active,A,5.0,INE258A01024,,BEML,Equity,https://www.bseindia.com/stock-share-price/beml-ltd/beml/500048/,BEML Ltd,14369.85
500049,Bharat Electronics Ltd,Active,A,1.0,INE263A01024,,BEL,Equity,https://www.bseindia.com/stock-share-price/bharat-electronics-ltd/bel/500049/,Bharat Electronics Ltd.,291769.82
500051,Bhagawati Gas Ltd,Active,XT,10.0,INE099C01010,,BHAGGAS,Equity,https://www.bseindia.com/stock-share-price/bhagawati-gas-ltd/bhaggas/500051/,Bhagawati Gas Limited,19.55
500052,Bhansali Engineering Polymers Ltd,Active,B,1.0,INE922A01025,,BEPL,Equity,https://www.bseindia.com/stock-share-price/bhansali-engineering-polymers-ltd/bepl/500052/,Bhansali Engineering Polymers Ltd.,3043.54
500058,Bihar Sponge Iron Ltd,Active,X,10.0,INE819C01011,,BIHSPONG,Equity,https://www.bseindia.com/stock-share-price/bihar-sponge-iron-ltd/bihspong/500058/,Bihar Sponge Iron Ltd,111.13
500059,Bil Vyapar Ltd,Active,T,10.0,INE071A01013,,BILVYAPAR,Equity,https://www.bseindia.com/stock-share-price/bil-vyapar-ltd/bilvyapar/500059/,BIL VYAPAR LIMITED,12.86
500060,Birla Cable Ltd,Active,T,10.0,INE800A01015,,BIRLACABLE,Equity,https://www.bseindia.com/stock-share-price/birla-cable-ltd/birlacable/500060/,Birla Cable Limited,746.10
500067,Blue Star Ltd,Active,A,2.0,INE472A01039,,BLUESTARCO,Equity,https://www.bseindia.com/stock-share-price/blue-star-ltd/bluestarco/500067/,Blue Star Ltd,32384.33
500068,Disa India Ltd,Active,B,10.0,INE131C01011,,DISAQ,Equity,https://www.bseindia.com/stock-share-price/disa-india-ltd/disaq/500068/,Disa India Ltd.,1700.37
500069,Quest Capital Markets Ltd,Active,X,10.0,INE418C01012,,QUESTCAP,Equity,https://www.bseindia.com/stock-share-price/quest-capital-markets-ltd/questcap/500069/,QUEST CAPITAL MARKETS LIMITED,261.00
500074,BPL Ltd,Active,B,10.0,INE110A01019,,BPL,Equity,https://www.bseindia.com/stock-share-price/bpl-ltd/bpl/500074/,BPL Ltd.,262.02
500078,Oriental Aromatics Ltd,Active,B,5.0,INE959C01023,,OAL,Equity,https://www.bseindia.com/stock-share-price/oriental-aromatics-ltd/oal/500078/,ORIENTAL AROMATICS LIMITED,1280.86
500083,Century Extrusions Ltd,Active,B,1.0,INE281A01026,,CENTEXT,Equity,https://www.bseindia.com/stock-share-price/century-extrusions-ltd/centext/500083/,Century Extrusions Ltd.,181.52
500084,CESC Ltd,Active,A,1.0,INE486A01021,,CESC,Equity,https://www.bseindia.com/stock-share-price/cesc-ltd/cesc/500084/,CESC Limited,21540.52
500085,Chambal Fertilisers & Chemicals Ltd,Active,A,10.0,INE085A01013,,CHAMBLFERT,Equity,https://www.bseindia.com/stock-share-price/chambal-fertilisers--chemicals-ltd/chamblfert/500085/,Chambal Fertilisers & Chemicals Ltd,18389.94
500086,Exide Industries Ltd,Active,A,1.0,INE302A01020,,EXIDEIND,Equity,https://www.bseindia.com/stock-share-price/exide-industries-ltd/exideind/500086/,Exide Industries Ltd.,40268.75
500087,Cipla Ltd,Active,A,2.0,INE059A01026,,CIPLA,Equity,https://www.bseindia.com/stock-share-price/cipla-ltd/cipla/500087/,Cipla Ltd.,119157.18
500089,DIC India Ltd,Active,B,10.0,INE303A01010,,DICIND,Equity,https://www.bseindia.com/stock-share-price/dic-india-ltd/dicind/500089/,DIC India Ltd,480.98
500092,Crisil Ltd,Active,A,1.0,INE007A01025,,CRISIL,Equity,https://www.bseindia.com/stock-share-price/crisil-ltd/crisil/500092/,CRISIL Ltd.,33256.97
500093,CG Power and Industrial Solutions Ltd,Active,A,2.0,INE067A01029,,CGPOWER,Equity,https://www.bseindia.com/stock-share-price/cg-power-and-industrial-solutions-ltd/cgpower/500093/,CG Power and Industrial Solutions Limited,138620.42
500096,Dabur India Ltd,Active,A,1.0,INE016A01026,,DABUR,Equity,https://www.bseindia.com/stock-share-price/dabur-india-ltd/dabur/500096/,Dabur India Ltd.,73441.63
500097,Dalmia Bharat Sugar and Industries Ltd,Active,B,2.0,INE495A01022,,DALMIASUG,Equity,https://www.bseindia.com/stock-share-price/dalmia-bharat-sugar-and-industries-ltd/dalmiasug/500097/,Dalmia Bharat Sugar and Industries Ltd,3204.79
500101,Arvind Ltd,Active,A,10.0,INE034A01011,,ARVIND,Equity,https://www.bseindia.com/stock-share-price/arvind-ltd/arvind/500101/,Arvind Ltd.,14331.17
500103,Bharat Heavy Electricals Ltd,Active,A,2.0,INE257A01026,,BHEL,Equity,https://www.bseindia.com/stock-share-price/bharat-heavy-electricals-ltd/bhel/500103/,Bharat Heavy Electricals Ltd.,143112.80
500104,Hindustan Petroleum Corporation Ltd,Active,A,10.0,INE094A01015,,HINDPETRO,Equity,https://www.bseindia.com/stock-share-price/hindustan-petroleum-corporation-ltd/hindpetro/500104/,Hindustan Petroleum Corporation Ltd,84272.41
500106,IFCI Ltd,Active,A,10.0,INE039A01010,,IFCI,Equity,https://www.bseindia.com/stock-share-price/ifci-ltd/ifci/500106/,IFCI Ltd.,20185.80
500108,Mahanagar Telephone Nigam Ltd,Active,B,10.0,INE153A01019,,MTNL,Equity,https://www.bseindia.com/stock-share-price/mahanagar-telephone-nigam-ltd/mtnl/500108/,Mahanagar Telephone Nigam Ltd.,1745.10
500109,Mangalore Refinery and Petrochemicals Ltd,Active,A,10.0,INE103A01014,,MRPL,Equity,https://www.bseindia.com/stock-share-price/mangalore-refinery-and-petrochemicals-ltd/mrpl/500109/,Mangalore Refinery & Petrochemicals,29391.08
500110,Chennai Petroleum Corporation Ltd,Active,A,10.0,INE178A01016,,CHENNPETRO,Equity,https://www.bseindia.com/stock-share-price/chennai-petroleum-corporation-ltd/chennpetro/500110/,Chennai Petroleum Corporation Ltd.,19249.78
500112,State Bank of India,Active,A,1.0,INE062A01020,,SBIN,Equity,https://www.bseindia.com/stock-share-price/state-bank-of-india/sbin/500112/,State Bank Of India,1001383.55
500113,Steel Authority of India Ltd,Active,A,10.0,INE114A01011,,SAIL,Equity,https://www.bseindia.com/stock-share-price/steel-authority-of-india-ltd/sail/500113/,Steel Authority of India Ltd.,73515.64
500114,Titan Company Ltd,Active,A,1.0,INE280A01028,,TITAN,Equity,https://www.bseindia.com/stock-share-price/titan-company-ltd/titan/500114/,Titan Company Limited,442472.62
500116,IDBI Bank Ltd,Active,A,10.0,INE008A01015,,IDBI,Equity,https://www.bseindia.com/stock-share-price/idbi-bank-ltd/idbi/500116/,IDBI Bank Ltd,90868.55
500117,DCW Ltd,Active,B,2.0,INE500A01029,,DCW,Equity,https://www.bseindia.com/stock-share-price/dcw-ltd/dcw/500117/,DCW Ltd.,1376.60
500119,Dhampur Sugar Mills Ltd,Active,B,10.0,INE041A01016,,DHAMPURSUG,Equity,https://www.bseindia.com/stock-share-price/dhampur-sugar-mills-ltd/dhampursug/500119/,Dhampur Sugar Mills Ltd.,956.88
500120,Diamines & Chemicals Ltd,Active,B,10.0,INE591D01014,,DIAMINESQ,Equity,https://www.bseindia.com/stock-share-price/diamines--chemicals-ltd/diaminesq/500120/,Diamines & Chemicals Ltd.,265.36
500123,Elantas Beck India Ltd,Active,B,10.0,INE280B01018,,ELANTAS,Equity,https://www.bseindia.com/stock-share-price/elantas-beck-india-ltd/elantas/500123/,Elantas Beck India Ltd,9818.47
500124,Dr Reddys Laboratories Ltd,Active,A,1.0,INE089A01031,,DRREDDY,Equity,https://www.bseindia.com/stock-share-price/dr-reddys-laboratories-ltd/drreddy/500124/,Dr. Reddy's Laboratories Ltd.,98069.82
500125,EID Parry India Ltd,Active,A,1.0,INE126A01031,,EIDPARRY,Equity,https://www.bseindia.com/stock-share-price/eid-parry-india-ltd/eidparry/500125/,E.I.D. Parry (India) Ltd.,14416.19
500126,Procter & Gamble Health Ltd,Active,A,10.0,INE199A01012,,PGHL,Equity,https://www.bseindia.com/stock-share-price/procter--gamble-health-ltd/pghl/500126/,PROCTER & GAMBLE HEALTH LIMITED,10105.54
500128,Electrosteel Castings Ltd,Active,A,1.0,INE086A01029,,ELECTCAST,Equity,https://www.bseindia.com/stock-share-price/electrosteel-castings-ltd/electcast/500128/,Electrosteel Castings Ltd.,4457.73
500133,Esab India Ltd,Active,B,10.0,INE284A01012,,ESABINDIA,Equity,https://www.bseindia.com/stock-share-price/esab-india-ltd/esabindia/500133/,Esab India Ltd.,8658.73
500135,EPL Ltd,Active,A,2.0,INE255A01020,,EPL,Equity,https://www.bseindia.com/stock-share-price/epl-ltd/epl/500135/,EPL LIMITED,7328.41
500136,Ester Industries Ltd,Active,B,5.0,INE778B01029,,ESTER,Equity,https://www.bseindia.com/stock-share-price/ester-industries-ltd/ester/500136/,Ester Industries Ltd.,922.18
500142,FGP Ltd,Active,X,10.0,INE512A01016,,FGP,Equity,https://www.bseindia.com/stock-share-price/fgp-ltd/fgp/500142/,FGP Ltd,14.39
500143,PH Capital Ltd,Active,XT,10.0,INE160F01013,,PHCAP,Equity,https://www.bseindia.com/stock-share-price/ph-capital-ltd/phcap/500143/,P H CAPITAL LIMITED,297.01
500144,Finolex Cables Ltd,Active,A,2.0,INE235A01022,,FINCABLES,Equity,https://www.bseindia.com/stock-share-price/finolex-cables-ltd/fincables/500144/,Finolex Cables Ltd.,15820.81
500147,John Cockerill India Ltd,Active,B,10.0,INE515A01019,,COCKERILL,Equity,https://www.bseindia.com/stock-share-price/john-cockerill-india-ltd/cockerill/500147/,JOHN COCKERILL INDIA LIMITED,4666.83
500148,Uflex Ltd,Active,B,10.0,INE516A01017,,UFLEX,Equity,https://www.bseindia.com/stock-share-price/uflex-ltd/uflex/500148/,Uflex Limited,3468.68
500150,Foseco India Ltd,Active,B,10.0,INE519A01011,,FOSECOIND,Equity,https://www.bseindia.com/stock-share-price/foseco-india-ltd/fosecoind/500150/,Foseco India Ltd,4109.13
500151,Golden Tobacco Ltd,Active,Z,10.0,INE973A01010,,GOLDENTOBC,Equity,https://www.bseindia.com/stock-share-price/golden-tobacco-ltd/goldentobc/500151/,Golden Tobacco Ltd.,43.09
500153,Ganesh Benzoplast Ltd,Active,T,1.0,INE388A01029,,GANESHBE,Equity,https://www.bseindia.com/stock-share-price/ganesh-benzoplast-ltd/ganeshbe/500153/,Ganesh Benzoplast Ltd.,864.95
500159,Metroglobal Ltd,Active,B,10.0,INE085D01033,,METROGLOBL,Equity,https://www.bseindia.com/stock-share-price/metroglobal-ltd/metroglobl/500159/,Metroglobal Limited,166.27
500160,GTL Ltd,Active,B,10.0,INE043A01012,,GTL,Equity,https://www.bseindia.com/stock-share-price/gtl-ltd/gtl/500160/,GTL Ltd,116.87
500163,Godfrey Phillips India Ltd,Active,A,2.0,INE260B01028,,GODFRYPHLP,Equity,https://www.bseindia.com/stock-share-price/godfrey-phillips-india-ltd/godfryphlp/500163/,Godfrey Phillips India Ltd.,35813.41
500164,Godrej Industries Ltd,Active,A,1.0,INE233A01035,,GODREJIND,Equity,https://www.bseindia.com/stock-share-price/godrej-industries-ltd/godrejind/500164/,Godrej Industries Ltd.,43957.38
500165,Kansai Nerolac Paints Ltd,Active,A,1.0,INE531A01024,,KANSAINER,Equity,https://www.bseindia.com/stock-share-price/kansai-nerolac-paints-ltd/kansainer/500165/,Kansai Nerolac Paints,17076.01
500166,Goodricke Group Ltd,Active,X,10.0,INE300A01016,,GOODRICKE,Equity,https://www.bseindia.com/stock-share-price/goodricke-group-ltd/goodricke/500166/,Goodricke Group Ltd.,389.45
500168,Goodyear India Ltd,Active,B,10.0,INE533A01012,,GOODYEAR,Equity,https://www.bseindia.com/stock-share-price/goodyear-india-ltd/goodyear/500168/,Goodyear India Ltd.,1873.69
500170,GTN Industries Ltd,Active,X,10.0,INE537A01013,,GTNINDS,Equity,https://www.bseindia.com/stock-share-price/gtn-industries-ltd/gtninds/500170/,GTN Industries Limited,43.68
500171,GHCL Ltd,Active,A,10.0,INE539A01019,,GHCL,Equity,https://www.bseindia.com/stock-share-price/ghcl-ltd/ghcl/500171/,GHCL Ltd.,4032.56
500173,GFL Ltd,Active,B,1.0,INE538A01037,,GFLLIMITED,Equity,https://www.bseindia.com/stock-share-price/gfl-ltd/gfllimited/500173/,GFL LIMITED,569.02
500174,Gujarat Lease Financing Ltd,Active,T,10.0,INE540A01017,,GLFL,Equity,https://www.bseindia.com/stock-share-price/gujarat-lease-financing-ltd/glfl/500174/,Gujarat Lease Financing Limited,15.71
500179,HCL Infosystems Ltd,Active,B,2.0,INE236A01020,,HCL-INSYS,Equity,https://www.bseindia.com/stock-share-price/hcl-infosystems-ltd/hcl-insys/500179/,HCL Infosystems Ltd,382.21
500180,HDFC Bank Ltd,Active,A,1.0,INE040A01034,,HDFCBANK,Equity,https://www.bseindia.com/stock-share-price/hdfc-bank-ltd/hdfcbank/500180/,HDFC Bank Ltd.,1135672.17
500182,Hero MotoCorp Ltd,Active,A,2.0,INE158A01026,,HEROMOTOCO,Equity,https://www.bseindia.com/stock-share-price/hero-motocorp-ltd/heromotoco/500182/,Hero MotoCorp Limited,112472.24
500183,HFCL Ltd,Active,A,1.0,INE548A01028,,HFCL,Equity,https://www.bseindia.com/stock-share-price/hfcl-ltd/hfcl/500183/,HFCL LIMITED,31208.98
500184,Himadri Speciality Chemical Ltd,Active,A,1.0,INE019C01026,,HSCL,Equity,https://www.bseindia.com/stock-share-price/himadri-speciality-chemical-ltd/hscl/500184/,Himadri Speciality Chemical Ltd.,38379.40
500185,Hindustan Construction Company Ltd,Active,A,1.0,INE549A01026,,HCC,Equity,https://www.bseindia.com/stock-share-price/hindustan-construction-company-ltd/hcc/500185/,Hindustan Construction Co. Ltd.,5650.19
500186,Hindustan Oil Exploration Company Ltd,Active,B,10.0,INE345A01011,,HINDOILEXP,Equity,https://www.bseindia.com/stock-share-price/hindustan-oil-exploration-company-ltd/hindoilexp/500186/,Hindustan Oil Exploration Co. Ltd.,2088.12
500187,Agi Greenpac Ltd,Active,B,2.0,INE415A01038,,AGI,Equity,https://www.bseindia.com/stock-share-price/agi-greenpac-ltd/agi/500187/,AGI GREENPAC LIMITED,4595.13
500188,Hindustan Zinc Ltd,Active,A,2.0,INE267A01025,,HINDZINC,Equity,https://www.bseindia.com/stock-share-price/hindustan-zinc-ltd/hindzinc/500188/,Hindustan Zinc Ltd.,249336.07
500189,NDL Ventures Ltd,Active,B,10.0,INE353A01023,,NDLVENTURE,Equity,https://www.bseindia.com/stock-share-price/ndl-ventures-ltd/ndlventure/500189/,NDL Ventures Limited,429.31
500191,HMT Ltd,Active,Z,10.0,INE262A01018,,HMT,Equity,https://www.bseindia.com/stock-share-price/hmt-ltd/hmt/500191/,HMT Limited,8976.07
500192,Prag Bosimi Synthetics Ltd,Active,X,10.0,INE962B01011,,PRAGBOS,Equity,https://www.bseindia.com/stock-share-price/prag-bosimi-synthetics-ltd/pragbos/500192/,Prag Bosimi Synthetics Ltd.,14.58
500193,HLV Ltd,Active,B,2.0,INE102A01024,,HLVLTD,Equity,https://www.bseindia.com/stock-share-price/hlv-ltd/hlvltd/500193/,HLV LIMITED,479.28
500199,IG Petrochemicals Ltd,Active,B,10.0,INE204A01010,,IGPL,Equity,https://www.bseindia.com/stock-share-price/ig-petrochemicals-ltd/igpl/500199/,IG Petrochemicals Ltd,1550.83
500201,India Glycols Ltd,Active,A,5.0,INE560A01023,,INDIAGLYCO,Equity,https://www.bseindia.com/stock-share-price/india-glycols-ltd/indiaglyco/500201/,India Glycols Ltd,7723.16
500202,India Lease Development Ltd,Active,X,10.0,INE333C01013,,INDLEASE,Equity,https://www.bseindia.com/stock-share-price/india-lease-development-ltd/indlease/500202/,India Lease Devl. Ltd.,10.32
500206,Margo Finance Ltd,Active,X,10.0,INE680B01019,,MARGOFIN,Equity,https://www.bseindia.com/stock-share-price/margo-finance-ltd/margofin/500206/,Margo Finance Limited,31.53
500207,Indo Rama Synthetics (India) Ltd,Active,B,10.0,INE156A01020,,INDORAMA,Equity,https://www.bseindia.com/stock-share-price/indo-rama-synthetics-(india)-ltd/indorama/500207/,Indo Rama Synthetics (India) Ltd.,1580.00
500209,Infosys Ltd,Active,A,5.0,INE009A01021,,INFY,Equity,https://www.bseindia.com/stock-share-price/infosys-ltd/infy/500209/,Infosys Ltd,472789.09
500210,Ingersoll-Rand (India) Ltd,Active,B,10.0,INE177A01018,,INGERRAND,Equity,https://www.bseindia.com/stock-share-price/ingersoll-rand-(india)-ltd/ingerrand/500210/,Ingersoll-Rand (India) Ltd.,13720.87
500213,International Travel House Ltd,Active,X,10.0,INE262B01016,,ITHL,Equity,https://www.bseindia.com/stock-share-price/international-travel-house-ltd/ithl/500213/,International Travel House Ltd,242.51
500214,Ion Exchange India Ltd,Active,A,1.0,INE570A01022,,IONEXCHANG,Equity,https://www.bseindia.com/stock-share-price/ion-exchange-india-ltd/ionexchang/500214/,Ion Exchange (India) Ltd,5673.80
500215,Sundrop Brands Ltd,Active,B,10.0,INE209A01019,,SUNDROP,Equity,https://www.bseindia.com/stock-share-price/sundrop-brands-ltd/sundrop/500215/,SUNDROP BRANDS LIMITED,2508.16
500219,Jain Irrigation Systems Ltd,Active,A,2.0,INE175A01038,,JISLJALEQS,Equity,https://www.bseindia.com/stock-share-price/jain-irrigation-systems-ltd/jisljaleqs/500219/,Jain Irrigation Systems Ltd.,2246.02
500220,Jasch Industries Ltd,Active,XT,10.0,INE711C01028,,JASCH,Equity,https://www.bseindia.com/stock-share-price/jasch-industries-ltd/jasch/500220/,Jasch Industries Ltd.,197.75
500227,Jindal Poly Films Ltd,Active,B,10.0,INE197D01010,,JINDALPOLY,Equity,https://www.bseindia.com/stock-share-price/jindal-poly-films-ltd/jindalpoly/500227/,JINDAL POLY FILMS LIMITED,2776.28
500228,JSW Steel Ltd,Active,A,1.0,INE019A01038,,JSWSTEEL,Equity,https://www.bseindia.com/stock-share-price/jsw-steel-ltd/jswsteel/500228/,JSW Steel Limited,319865.38
500233,Kajaria Ceramics Ltd,Active,A,1.0,INE217B01036,,KAJARIACER,Equity,https://www.bseindia.com/stock-share-price/kajaria-ceramics-ltd/kajariacer/500233/,Kajaria Ceramics Ltd,18720.92
500234,Kakatiya Cement Sugar & Industries Ltd,Active,T,10.0,INE437B01014,,KAKATCEM,Equity,https://www.bseindia.com/stock-share-price/kakatiya-cement-sugar--industries-ltd/kakatcem/500234/,Kakatiya Cement Sugar & Industries Ltd.,92.47
500235,Kalyani Steels Ltd,Active,B,5.0,INE907A01026,,KSL,Equity,https://www.bseindia.com/stock-share-price/kalyani-steels-ltd/ksl/500235/,Kalyani Steels Ltd,3846.71
500236,Kanel Industries Ltd,Active,XT,10.0,INE252C01023,,KANELIND,Equity,https://www.bseindia.com/stock-share-price/kanel-industries-ltd/kanelind/500236/,Kanel Industries Limited,115.48
500238,Whirlpool of India Ltd,Active,A,10.0,INE716A01013,,WHIRLPOOL,Equity,https://www.bseindia.com/stock-share-price/whirlpool-of-india-ltd/whirlpool/500238/,Whirlpool of India Ltd,10529.09
500239,KG Denim Ltd,Active,X,10.0,INE104A01012,,KGDENIM,Equity,https://www.bseindia.com/stock-share-price/kg-denim-ltd/kgdenim/500239/,K.G.Denim Ltd,36.64
500240,Kinetic Engineering Ltd,Active,XT,10.0,INE266B01017,,KINETICENG,Equity,https://www.bseindia.com/stock-share-price/kinetic-engineering-ltd/kineticeng/500240/,Kinetic Engineering Ltd.,663.36
500241,Kirloskar Brothers Ltd,Active,A,2.0,INE732A01036,,KIRLOSBROS,Equity,https://www.bseindia.com/stock-share-price/kirloskar-brothers-ltd/kirlosbros/500241/,Kirloskar Brothers Ltd.,15575.27
500243,Kirloskar Industries Ltd,Active,B,10.0,INE250A01039,,KIRLOSIND,Equity,https://www.bseindia.com/stock-share-price/kirloskar-industries-ltd/kirlosind/500243/,Kirloskar Industries Ltd,3952.94
500245,Kirloskar Ferrous Industries Ltd,Active,B,5.0,INE884B01025,,KIRLFER,Equity,https://www.bseindia.com/stock-share-price/kirloskar-ferrous-industries-ltd/kirlfer/500245/,Kirloskar Ferrous Industries Ltd.,7338.86
500246,Envair Electrodyne Ltd,Active,XT,10.0,INE601C01013,,ENVAIREL,Equity,https://www.bseindia.com/stock-share-price/envair-electrodyne-ltd/envairel/500246/,Envair Electrodyne Ltd.,23.10
500247,Kotak Mahindra Bank Ltd,Active,A,1.0,INE237A01036,,KOTAKBANK,Equity,https://www.bseindia.com/stock-share-price/kotak-mahindra-bank-ltd/kotakbank/500247/,Kotak Mahindra Bank Ltd.,391926.41
500248,Krishna Filament Industries Ltd,Active,X,10.0,INE073A01019,,KRIFILIND,Equity,https://www.bseindia.com/stock-share-price/krishna-filament-industries-ltd/krifilind/500248/,KRISHNA FILAMENT INDUSTRIES LIMITED,3.95
500249,KSB Ltd,Active,A,2.0,INE999A01023,,KSB,Equity,https://www.bseindia.com/stock-share-price/ksb-ltd/ksb/500249/,KSB LIMITED,13715.16
500250,LG Balakrishnan & Bros Ltd,Active,A,10.0,INE337A01034,,LGBBROSLTD,Equity,https://www.bseindia.com/stock-share-price/lg-balakrishnan--bros-ltd/lgbbrosltd/500250/,L.g.Balkrishnan & Bros. Ltd.,4839.67
500251,Trent Ltd,Active,A,1.0,INE849A01020,,TRENT,Equity,https://www.bseindia.com/stock-share-price/trent-ltd/trent/500251/,Trent Ltd [Lakme Ltd],165835.21
500252,LMW Ltd,Active,A,10.0,INE269B01029,,LMW,Equity,https://www.bseindia.com/stock-share-price/lmw-ltd/lmw/500252/,LMW Limited,17814.06
500253,LIC Housing Finance Ltd,Active,A,2.0,INE115A01026,,LICHSGFIN,Equity,https://www.bseindia.com/stock-share-price/lic-housing-finance-ltd/lichsgfin/500253/,Lic Housing Finance Ltd.,27833.19
500257,Lupin Ltd,Active,A,2.0,INE326A01037,,LUPIN,Equity,https://www.bseindia.com/stock-share-price/lupin-ltd/lupin/500257/,Lupin Ltd,109347.72
500259,Lyka Labs Ltd,Active,T,10.0,INE933A01014,,LYKALABS,Equity,https://www.bseindia.com/stock-share-price/lyka-labs-ltd/lykalabs/500259/,Lyka Labs Ltd.,246.26
500260,The Ramco Cements Ltd,Active,A,1.0,INE331A01037,,RAMCOCEM,Equity,https://www.bseindia.com/stock-share-price/the-ramco-cements-ltd/ramcocem/500260/,The Ramco Cements Limited,22133.51
500262,Hybrid Financial Services Ltd,Active,T,5.0,INE965B01022,,HYBRIDFIN,Equity,https://www.bseindia.com/stock-share-price/hybrid-financial-services-ltd/hybridfin/500262/,HYBRID FINANCIAL SERVICES LIMITED,51.60
500264,Mafatlal Industries Ltd,Active,B,2.0,INE270B01035,,MAFATIND,Equity,https://www.bseindia.com/stock-share-price/mafatlal-industries-ltd/mafatind/500264/,Mafatlal Industries Ltd.,959.26
500265,Maharashtra Seamless Ltd,Active,A,5.0,INE271B01025,,MAHSEAMLES,Equity,https://www.bseindia.com/stock-share-price/maharashtra-seamless-ltd/mahseamles/500265/,Maharashtra Seamless Ltd.,7813.05
500266,Maharashtra Scooters Ltd,Active,A,10.0,INE288A01013,,MAHSCOOTER,Equity,https://www.bseindia.com/stock-share-price/maharashtra-scooters-ltd/mahscooter/500266/,Maharashtra Scooters Ltd.,15790.05
500267,Majestic Auto Ltd,Active,B,10.0,INE201B01022,,MAJESAUT,Equity,https://www.bseindia.com/stock-share-price/majestic-auto-ltd/majesaut/500267/,Majestic Auto Ltd.,514.36
500268,Manali Petrochemicals Ltd,Active,B,5.0,INE201A01024,,MANALIPETC,Equity,https://www.bseindia.com/stock-share-price/manali-petrochemicals-ltd/manalipetc/500268/,Manali Petrochemicals Ltd.,1126.94
500270,Baroda Rayon Corporation Ltd,Active,X,10.0,INE461A01024,,BARODARY,Equity,https://www.bseindia.com/stock-share-price/baroda-rayon-corporation-ltd/barodary/500270/,Baroda Rayon Corpn. Ltd.,293.49
500271,Max Financial Services Ltd,Active,A,2.0,INE180A01020,,MFSL,Equity,https://www.bseindia.com/stock-share-price/max-financial-services-ltd/mfsl/500271/,Max Financial Services Limited,52623.10
500277,Mid India Industries Ltd,Active,X,10.0,INE401C01018,,MIDINDIA,Equity,https://www.bseindia.com/stock-share-price/mid-india-industries-ltd/midindia/500277/,Mid India Industries Limited,9.05
500279,Onida Electronics Ltd,Active,T,1.0,INE831A01028,,ONIDA,Equity,https://www.bseindia.com/stock-share-price/onida-electronics-ltd/onida/500279/,ONIDA ELECTRONICS LIMITED,1370.45
500280,Century Enka Ltd,Active,B,10.0,INE485A01015,,CENTENKA,Equity,https://www.bseindia.com/stock-share-price/century-enka-ltd/centenka/500280/,Century Enka Ltd.,1318.90
500282,Modern Thread India Ltd,Active,B,10.0,INE794W01014,,MODTHREAD,Equity,https://www.bseindia.com/stock-share-price/modern-thread-india-ltd/modthread/500282/,Modern Thread (India) Ltd.,162.92
500284,Lords Chloro Alkali Ltd,Active,B,10.0,INE846D01012,,LORDSCHLO,Equity,https://www.bseindia.com/stock-share-price/lords-chloro-alkali-ltd/lordschlo/500284/,Lords Chloro Alkali Ltd,418.35
500285,Spicejet Ltd,Active,B,10.0,INE285B01017,,SPICEJET,Equity,https://www.bseindia.com/stock-share-price/spicejet-ltd/spicejet/500285/,SpiceJet Limited,1899.99
500288,Morepen Laboratories Ltd,Active,B,2.0,INE083A01026,,MOREPENLAB,Equity,https://www.bseindia.com/stock-share-price/morepen-laboratories-ltd/morepenlab/500288/,Morepen Laboratories Ltd.,4355.14
500290,MRF Ltd,Active,A,10.0,INE883A01011,,MRF,Equity,https://www.bseindia.com/stock-share-price/mrf-ltd/mrf/500290/,M.R.F. Ltd.,56784.62
500292,HeidelbergCement India Ltd,Active,B,10.0,INE578A01017,,HEIDELBERG,Equity,https://www.bseindia.com/stock-share-price/heidelbergcement-india-ltd/heidelberg/500292/,HeidelbergCement  India Limited,3558.96
500294,NCC Ltd,Active,A,2.0,INE868B01028,,NCC,Equity,https://www.bseindia.com/stock-share-price/ncc-ltd/ncc/500294/,NCC Limited,9025.29
500295,Vedanta Ltd,Active,A,1.0,INE205A01025,,VEDL,Equity,https://www.bseindia.com/stock-share-price/vedanta-ltd/vedl/500295/,Vedanta Limited,107379.26
500296,Nahar Spinning Mills Ltd,Active,B,5.0,INE290A01027,,NAHARSPING,Equity,https://www.bseindia.com/stock-share-price/nahar-spinning-mills-ltd/naharsping/500296/,Nahar Spinning Mills Ltd.,1116.04
500298,Naperol Investments Ltd,Active,X,10.0,INE585A01020,,NAPEROL,Equity,https://www.bseindia.com/stock-share-price/naperol-investments-ltd/naperol/500298/,Naperol Investments Limited,377.20
500300,Grasim Industries Ltd,Active,A,2.0,INE047A01021,,GRASIM,Equity,https://www.bseindia.com/stock-share-price/grasim-industries-ltd/grasim/500300/,Grasim Industries Ltd,218300.62
500304,NIIT Ltd,Active,B,2.0,INE161A01038,,NIITLTD,Equity,https://www.bseindia.com/stock-share-price/niit-ltd/niitltd/500304/,NIIT Ltd.,1342.56
500306,Jaykay Enterprises Ltd,Active,B,1.0,INE903A01025,,JAYKAY,Equity,https://www.bseindia.com/stock-share-price/jaykay-enterprises-ltd/jaykay/500306/,Jaykay Enterprises Limited,2037.69
500307,Nirlon Ltd,Active,B,10.0,INE910A01012,,NIRLON,Equity,https://www.bseindia.com/stock-share-price/nirlon-ltd/nirlon/500307/,Nirlon Limited,5622.01
500312,Oil and Natural Gas Corporation Ltd,Active,A,5.0,INE213A01029,,ONGC,Equity,https://www.bseindia.com/stock-share-price/oil-and-natural-gas-corporation-ltd/ongc/500312/,Oil And Natural Gas Corporation Ltd,299159.04
500313,Oil Country Tubular Ltd,Active,T,10.0,INE591A01010,,OILCOUNTUB,Equity,https://www.bseindia.com/stock-share-price/oil-country-tubular-ltd/oilcountub/500313/,Oil Country Tubular Ltd.,305.75
500314,Oriental Hotels Ltd,Active,B,1.0,INE750A01020,,ORIENTHOT,Equity,https://www.bseindia.com/stock-share-price/oriental-hotels-ltd/orienthot/500314/,Oriental Hotels Ltd.,2305.72
500317,Oswal Agro Mills Ltd,Active,B,10.0,INE142A01012,,OSWALAGRO,Equity,https://www.bseindia.com/stock-share-price/oswal-agro-mills-ltd/oswalagro/500317/,Oswal Agro Mills Ltd.,570.77
500319,Indian Sucrose Ltd,Active,X,10.0,INE557C01017,,INDSUCR,Equity,https://www.bseindia.com/stock-share-price/indian-sucrose-ltd/indsucr/500319/,Indian Sucrose Ltd.,133.66
500322,Panyam Cements & Mineral Industries Ltd,Active,XT,10.0,INE167E01037,,PANCM,Equity,https://www.bseindia.com/stock-share-price/panyam-cements--mineral-industries-ltd/pancm/500322/,Panyam Cements & Mineral Inds. Ltd.,90.72
500325,Reliance Industries Ltd,Active,A,10.0,INE002A01018,,RELIANCE,Equity,https://www.bseindia.com/stock-share-price/reliance-industries-ltd/reliance/500325/,Reliance Industries Ltd,1793061.38
500327,Pil Italica Lifestyle Ltd,Active,T,1.0,INE600A01035,,PILITA,Equity,https://www.bseindia.com/stock-share-price/pil-italica-lifestyle-ltd/pilita/500327/,Pil Italica Lifestyle Limited,200.46
500330,Raymond Ltd,Active,A,10.0,INE301A01014,,RAYMOND,Equity,https://www.bseindia.com/stock-share-price/raymond-ltd/raymond/500330/,Raymond Limited,4171.18
500331,Pidilite Industries Ltd,Active,A,1.0,INE318A01026,,PIDILITIND,Equity,https://www.bseindia.com/stock-share-price/pidilite-industries-ltd/pidilitind/500331/,Pidilite Industries Ltd.,170072.77
500333,Pix Transmissions Ltd,Active,B,10.0,INE751B01018,,PIXTRANS,Equity,https://www.bseindia.com/stock-share-price/pix-transmissions-ltd/pixtrans/500333/,Pix Transmissions Ltd.,2312.54
500335,Birla Corporation Ltd,Active,A,10.0,INE340A01012,,BIRLACORPN,Equity,https://www.bseindia.com/stock-share-price/birla-corporation-ltd/birlacorpn/500335/,Birla Corporation Ltd.,6994.40
500336,Surya Roshni Ltd,Active,B,5.0,INE335A01020,,SURYAROSNI,Equity,https://www.bseindia.com/stock-share-price/surya-roshni-ltd/suryarosni/500336/,Surya Roshni Ltd.,5457.22
500337,Prime Securities Ltd,Active,B,5.0,INE032B01021,,PRIMESECU,Equity,https://www.bseindia.com/stock-share-price/prime-securities-ltd/primesecu/500337/,Prime Securities Ltd.,966.00
500338,Prism Johnson Ltd,Active,B,10.0,INE010A01011,,PRSMJOHNSN,Equity,https://www.bseindia.com/stock-share-price/prism-johnson-ltd/prsmjohnsn/500338/,PRISM JOHNSON LIMITED.,5730.71
500339,Rain Industries Ltd,Active,A,2.0,INE855B01025,,RAIN,Equity,https://www.bseindia.com/stock-share-price/rain-industries-ltd/rain/500339/,Rain Industries Limited,8136.20
500342,Prudential Sugar Corporation Ltd,Active,T,10.0,INE024D01016,,PRUDMOULI,Equity,https://www.bseindia.com/stock-share-price/prudential-sugar-corporation-ltd/prudmouli/500342/,Prudential Sugar Corporation Ltd,42.73
500343,AMJ Land Holdings Ltd,Active,B,2.0,INE606A01024,,AMJLAND,Equity,https://www.bseindia.com/stock-share-price/amj-land-holdings-ltd/amjland/500343/,AMJ LAND HOLDINGS LIMITED,159.08
500346,Punjab Communications Ltd,Active,B,10.0,INE609A01010,,PUNJCOMMU,Equity,https://www.bseindia.com/stock-share-price/punjab-communications-ltd/punjcommu/500346/,Punjab Communications Limited,56.32
500350,RSWM Ltd,Active,T,10.0,INE611A01016,,RSWM,Equity,https://www.bseindia.com/stock-share-price/rswm-ltd/rswm/500350/,RSWM Limited,1000.68
500354,Rajshree Sugars & Chemicals Ltd,Active,B,10.0,INE562B01019,,RAJSREESUG,Equity,https://www.bseindia.com/stock-share-price/rajshree-sugars--chemicals-ltd/rajsreesug/500354/,Rajshree Sugars & Chemicals Ltd.,101.46
500355,Rallis India Ltd,Active,A,1.0,INE613A01020,,RALLIS,Equity,https://www.bseindia.com/stock-share-price/rallis-india-ltd/rallis/500355/,Rallis India Ltd,4181.08
500356,Shree Rama Newsprint Ltd,Active,B,10.0,INE278B01020,,RAMANEWS,Equity,https://www.bseindia.com/stock-share-price/shree-rama-newsprint-ltd/ramanews/500356/,Shree Rama Newsprint Limited,485.79
500357,Rama Paper Mills Ltd,Active,Z,10.0,INE425E01013,,RAMAPPR-B,Equity,https://www.bseindia.com/stock-share-price/rama-paper-mills-ltd/ramappr-b/500357/,Rama Paper Mills Limited,12.22
500360,Rapicut Carbides Ltd,Active,XT,10.0,INE350D01015,,RAPICUT,Equity,https://www.bseindia.com/stock-share-price/rapicut-carbides-ltd/rapicut/500360/,Rapicut Carbides Ltd.,155.47
500365,Welspun Specialty Solutions Ltd,Active,B,6.0,INE731F01037,,WELSPLSOL,Equity,https://www.bseindia.com/stock-share-price/welspun-specialty-solutions-ltd/welsplsol/500365/,WELSPUN SPECIALTY SOLUTIONS LIMITED,3316.37
500367,Rubfila International Ltd,Active,B,5.0,INE642C01025,,RUBFILA,Equity,https://www.bseindia.com/stock-share-price/rubfila-international-ltd/rubfila/500367/,Rubfila International Ltd.,396.42
500368,Patanjali Foods Ltd,Active,A,2.0,INE619A01035,,PATANJALI,Equity,https://www.bseindia.com/stock-share-price/patanjali-foods-ltd/patanjali/500368/,Patanjali Foods Limited,38627.86
500370,Salora International Ltd,Active,X,10.0,INE924A01013,,SALORAINTL,Equity,https://www.bseindia.com/stock-share-price/salora-international-ltd/saloraintl/500370/,Salora International Limited,25.13
500371,Samtel India Ltd,Active,XT,10.0,INE538C01017,,SAMTELIN,Equity,https://www.bseindia.com/stock-share-price/samtel-india-ltd/samtelin/500371/,Samtel (India) Ltd.,25.17
500378,Jindal Saw Ltd,Active,A,1.0,INE324A01032,,JINDALSAW,Equity,https://www.bseindia.com/stock-share-price/jindal-saw-ltd/jindalsaw/500378/,Jindal Saw Ltd.,16991.73
500380,JK Lakshmi Cement Ltd,Active,A,5.0,INE786A01032,,JKLAKSHMI,Equity,https://www.bseindia.com/stock-share-price/jk-lakshmi-cement-ltd/jklakshmi/500380/,JK Lakshmi Cement Limited,7089.27
500387,Shree Cement Ltd,Active,A,10.0,INE070A01015,,SHREECEM,Equity,https://www.bseindia.com/stock-share-price/shree-cement-ltd/shreecem/500387/,Shree Cements Ltd.,95235.13
500388,Shree Krishna Paper Mills & Industries Ltd,Active,XT,10.0,INE970C01012,,SKPMIL,Equity,https://www.bseindia.com/stock-share-price/shree-krishna-paper-mills--industries-ltd/skpmil/500388/,Shree Krishna Paper Mills & Industr,115.79
500390,Reliance Infrastructure Ltd,Active,T,10.0,INE036A01016,,RELINFRA,Equity,https://www.bseindia.com/stock-share-price/reliance-infrastructure-ltd/relinfra/500390/,Reliance Infrastructure Ltd,3001.40
500399,Steelco Gujarat Ltd,Active,XT,10.0,INE629B01032,,STEELCO,Equity,https://www.bseindia.com/stock-share-price/steelco-gujarat-ltd/steelco/500399/,Steelco Gujarat Ltd,87.33
500400,Tata Power Company Ltd,Active,A,1.0,INE245A01021,,TATAPOWER,Equity,https://www.bseindia.com/stock-share-price/tata-power-company-ltd/tatapower/500400/,Tata Power Co. Ltd,121742.44
500402,SPML Infra Ltd,Active,B,2.0,INE937A01023,,SPMLINFRA,Equity,https://www.bseindia.com/stock-share-price/spml-infra-ltd/spmlinfra/500402/,SPML Infra Limited,1635.87
500403,Sundram Fasteners Ltd,Active,A,1.0,INE387A01021,,SUNDRMFAST,Equity,https://www.bseindia.com/stock-share-price/sundram-fasteners-ltd/sundrmfast/500403/,Sundram Fasteners Ltd.,22839.90
500404,Sunflag Iron & Steel Company Ltd,Active,B,10.0,INE947A01014,,SUNFLAG,Equity,https://www.bseindia.com/stock-share-price/sunflag-iron--steel-company-ltd/sunflag/500404/,Sunflag Iron & Steel Co. Ltd.,6994.32
500405,Supreme Petrochem Ltd,Active,A,2.0,INE663A01033,,SPLPETRO,Equity,https://www.bseindia.com/stock-share-price/supreme-petrochem-ltd/splpetro/500405/,Supreme Petrochem Ltd.,13218.37
500407,Swaraj Engines Ltd,Active,B,10.0,INE277A01016,,SWARAJENG,Equity,https://www.bseindia.com/stock-share-price/swaraj-engines-ltd/swarajeng/500407/,Swaraj Engines Ltd.,4400.26
500408,Tata Elxsi Ltd,Active,A,10.0,INE670A01012,,TATAELXSI,Equity,https://www.bseindia.com/stock-share-price/tata-elxsi-ltd/tataelxsi/500408/,Tata Elxsi Ltd,23231.51
500410,ACC Ltd,Active,A,10.0,INE012A01025,,ACC,Equity,https://www.bseindia.com/stock-share-price/acc-ltd/acc/500410/,ACC Ltd,25891.17
500411,Thermax Ltd,Active,A,2.0,INE152A01029,,THERMAX,Equity,https://www.bseindia.com/stock-share-price/thermax-ltd/thermax/500411/,Thermax Ltd.,47546.94
500412,Thirumalai Chemicals Ltd,Active,B,1.0,INE338A01024,,TIRUMALCHM,Equity,https://www.bseindia.com/stock-share-price/thirumalai-chemicals-ltd/tirumalchm/500412/,Thirumalai Chemicals Ltd.,2049.40
500413,Thomas Cook (India) Ltd,Active,A,1.0,INE332A01027,,THOMASCOOK,Equity,https://www.bseindia.com/stock-share-price/thomas-cook-(india)-ltd/thomascook/500413/,Thomas Cook (India) Ltd.,5000.15
500414,Timex Group India Ltd,Active,B,1.0,INE064A01026,,TIMEX,Equity,https://www.bseindia.com/stock-share-price/timex-group-india-ltd/timex/500414/,Timex Group India Ltd,5492.18
500418,Tokyo Plast International Ltd,Active,T,10.0,INE932C01012,,TOKYOPLAST,Equity,https://www.bseindia.com/stock-share-price/tokyo-plast-international-ltd/tokyoplast/500418/,Tokyo Plast International Ltd.,75.06
500420,Torrent Pharmaceuticals Ltd,Active,A,5.0,INE685A01028,,TORNTPHARM,Equity,https://www.bseindia.com/stock-share-price/torrent-pharmaceuticals-ltd/torntpharm/500420/,Torrent Pharmaceuticals Ltd.,188845.89
500421,TPI India Ltd,Active,X,1.0,INE578C01021,,TPINDIA,Equity,https://www.bseindia.com/stock-share-price/tpi-india-ltd/tpindia/500421/,TPI India Ltd.,75.23
500422,Transchem Ltd,Active,XT,10.0,INE019B01010,,TRANSCHEM,Equity,https://www.bseindia.com/stock-share-price/transchem-ltd/transchem/500422/,Transchem Limited.,370.26
500425,Ambuja Cements Ltd,Active,A,2.0,INE079A01024,,AMBUJACEM,Equity,https://www.bseindia.com/stock-share-price/ambuja-cements-ltd/ambujacem/500425/,Ambuja Cements Ltd.,108462.27
500426,UTL Industries Ltd,Active,X,1.0,INE184E01024,,UTLINDS,Equity,https://www.bseindia.com/stock-share-price/utl-industries-ltd/utlinds/500426/,UTL Industries Limited,4.98
500429,Uniphos Enterprises Ltd,Active,B,2.0,INE037A01022,,UNIENTER,Equity,https://www.bseindia.com/stock-share-price/uniphos-enterprises-ltd/unienter/500429/,Uniphos Enterprises Limited.,674.59
500439,Vardhman Holdings Ltd,Active,B,10.0,INE701A01023,,VHL,Equity,https://www.bseindia.com/stock-share-price/vardhman-holdings-ltd/vhl/500439/,Vardhman Holdings Limited,1133.28
500440,Hindalco Industries Ltd,Active,A,1.0,INE038A01020,,HINDALCO,Equity,https://www.bseindia.com/stock-share-price/hindalco-industries-ltd/hindalco/500440/,Hindalco Industries Ltd.,230689.04
500444,West Coast Paper Mills Ltd,Active,B,2.0,INE976A01021,,WSTCSTPAPR,Equity,https://www.bseindia.com/stock-share-price/west-coast-paper-mills-ltd/wstcstpapr/500444/,West Coast Paper Mills Limited,3919.34
500449,Hindustan Organic Chemicals Ltd,Active,T,10.0,INE048A01011,,HOCL,Equity,https://www.bseindia.com/stock-share-price/hindustan-organic-chemicals-ltd/hocl/500449/,Hindustan Organic Chemicals Ltd.,270.44
500450,MPIL Corporation Ltd,Active,XT,10.0,INE844C01027,,MPILCORPL,Equity,https://www.bseindia.com/stock-share-price/mpil-corporation-ltd/mpilcorpl/500450/,MPIL CORPORATION LIMITED,21.13
500456,Pasupati Acrylon Ltd,Active,T,10.0,INE818B01023,,PASUPTAC,Equity,https://www.bseindia.com/stock-share-price/pasupati-acrylon-ltd/pasuptac/500456/,Pasupati Acrylon Ltd.,534.44
500458,Team24 Consumer Products Ltd,Active,X,10.0,INE601A01017,,TEAM24,Equity,https://www.bseindia.com/stock-share-price/team24-consumer-products-ltd/team24/500458/,TEAM24 CONSUMER PRODUCTS LIMITED,78.51
500459,Procter & Gamble Hygiene and Health Care Ltd,Active,A,10.0,INE179A01014,,PGHH,Equity,https://www.bseindia.com/stock-share-price/procter--gamble-hygiene-and-health-care-ltd/pghh/500459/,Procter & Gamble Hygiene & Health Care Ltd.,27561.11
500460,Mukand Ltd,Active,B,10.0,INE304A01026,,MUKANDLTD,Equity,https://www.bseindia.com/stock-share-price/mukand-ltd/mukandltd/500460/,Mukand Ltd.,2074.96
500463,Black Box Ltd,Active,A,2.0,INE676A01027,,BBOX,Equity,https://www.bseindia.com/stock-share-price/black-box-ltd/bbox/500463/,BLACK BOX LIMITED,13171.65
500464,Ucal  Ltd,Active,B,10.0,INE139B01016,,UCAL,Equity,https://www.bseindia.com/stock-share-price/ucal--ltd/ucal/500464/,UCAL LIMITED,261.60
500467,Harrisons Malayalam Ltd,Active,B,10.0,INE544A01019,,HARRMALAYA,Equity,https://www.bseindia.com/stock-share-price/harrisons-malayalam-ltd/harrmalaya/500467/,Harrisons Malayalam Ltd.,415.06
500469,Federal Bank Ltd,Active,A,2.0,INE171A01029,,FEDERALBNK,Equity,https://www.bseindia.com/stock-share-price/federal-bank-ltd/federalbnk/500469/,Federal Bank Ltd.,86927.19
500470,Tata Steel Ltd,Active,A,1.0,INE081A01020,,TATASTEEL,Equity,https://www.bseindia.com/stock-share-price/tata-steel-ltd/tatasteel/500470/,TATA STEEL LIMITED,236311.57
500472,SKF India Ltd,Active,A,10.0,INE640A01023,,SKFINDIA,Equity,https://www.bseindia.com/stock-share-price/skf-india-ltd/skfindia/500472/,SKF INDIA LIMITED,7510.12
500477,Ashok Leyland Ltd,Active,A,1.0,INE208A01029,,ASHOKLEY,Equity,https://www.bseindia.com/stock-share-price/ashok-leyland-ltd/ashokley/500477/,Ashok Leyland Ltd.,104290.29
500480,Cummins India Ltd,Active,A,2.0,INE298A01020,,CUMMINSIND,Equity,https://www.bseindia.com/stock-share-price/cummins-india-ltd/cumminsind/500480/,Cummins India Ltd.,149416.34
500483,Tata Communications Ltd,Active,A,10.0,INE151A01013,,TATACOMM,Equity,https://www.bseindia.com/stock-share-price/tata-communications-ltd/tatacomm/500483/,Tata Communications Limited,49421.90
500488,Abbott India Ltd,Active,A,10.0,INE358A01014,,ABBOTINDIA,Equity,https://www.bseindia.com/stock-share-price/abbott-india-ltd/abbotindia/500488/,Abbott India Ltd.,59255.48
500490,Bajaj Holdings & Investment Ltd,Active,A,10.0,INE118A01012,,BAJAJHLDNG,Equity,https://www.bseindia.com/stock-share-price/bajaj-holdings--investment-ltd/bajajhldng/500490/,Bajaj Holdings & Investment Limited,127176.21
500493,Bharat Forge Ltd,Active,A,2.0,INE465A01025,,BHARATFORG,Equity,https://www.bseindia.com/stock-share-price/bharat-forge-ltd/bharatforg/500493/,Bharat Forge Ltd,106613.76
500495,Escorts Kubota Ltd,Active,A,10.0,INE042A01014,,ESCORTS,Equity,https://www.bseindia.com/stock-share-price/escorts-kubota-ltd/escorts/500495/,Escorts Kubota Limited,34433.18
500500,Hindustan Motors Ltd,Active,XT,5.0,INE253A01025,,HINDMOTORS,Equity,https://www.bseindia.com/stock-share-price/hindustan-motors-ltd/hindmotors/500500/,Hindustan Motors Ltd.,320.71
500510,Larsen & Toubro Ltd,Active,A,2.0,INE018A01030,,LT,Equity,https://www.bseindia.com/stock-share-price/larsen--toubro-ltd/lt/500510/,Larsen & Toubro Limited,557170.32
500520,Mahindra & Mahindra Ltd,Active,A,5.0,INE101A01026,,M&M,Equity,https://www.bseindia.com/stock-share-price/mahindra--mahindra-ltd/mm/500520/,Mahindra & Mahindra Ltd.,424665.10
500530,Bosch Ltd,Active,A,10.0,INE323A01026,,BOSCHLTD,Equity,https://www.bseindia.com/stock-share-price/bosch-ltd/boschltd/500530/,Bosch Ltd,125358.43
500540,Premier Ltd,Active,T,10.0,INE342A01018,,PREMIER,Equity,https://www.bseindia.com/stock-share-price/premier-ltd/premier/500540/,Premier Limited,8.87
500547,Bharat Petroleum Corporation Ltd,Active,A,10.0,INE029A01011,,BPCL,Equity,https://www.bseindia.com/stock-share-price/bharat-petroleum-corporation-ltd/bpcl/500547/,Bharat Petroleum Corpn. Ltd.,141173.79
500550,Siemens Ltd,Active,A,2.0,INE003A01024,,SIEMENS,Equity,https://www.bseindia.com/stock-share-price/siemens-ltd/siemens/500550/,Siemens Ltd.,140988.11
500570,Tata Motors Passenger Vehicles Ltd,Active,A,2.0,INE155A01022,,TMPV,Equity,https://www.bseindia.com/stock-share-price/tata-motors-passenger-vehicles-ltd/tmpv/500570/,TATA MOTORS PASSENGER VEHICLES LIMITED,126588.79
500575,Voltas Ltd,Active,A,1.0,INE226A01021,,VOLTAS,Equity,https://www.bseindia.com/stock-share-price/voltas-ltd/voltas/500575/,Voltas Ltd.,42303.61
500620,Great Eastern Shipping Company Ltd,Active,A,10.0,INE017A01032,,GESHIP,Equity,https://www.bseindia.com/stock-share-price/great-eastern-shipping-company-ltd/geship/500620/,Great Eastern Shipping Co. Ltd.,19888.24
500645,Deepak Fertilisers & Petrochemicals Corporation Ltd,Active,A,10.0,INE501A01019,,DEEPAKFERT,Equity,https://www.bseindia.com/stock-share-price/deepak-fertilisers--petrochemicals-corporation-ltd/deepakfert/500645/,Deepak Fertilizers &Petrochemicals,19677.32
500650,Excel Industries Ltd,Active,B,5.0,INE369A01029,,EXCELINDUS,Equity,https://www.bseindia.com/stock-share-price/excel-industries-ltd/excelindus/500650/,Excell Industries Ltd.,1311.25
500655,Garware Hi-Tech Films Ltd,Active,A,10.0,INE291A01017,,GRWRHITECH,Equity,https://www.bseindia.com/stock-share-price/garware-hi-tech-films-ltd/grwrhitech/500655/,GARWARE HI-TECH FILMS LIMITED,17056.99
500660,GlaxoSmithKline Pharmaceuticals Ltd,Active,A,10.0,INE159A01016,,GLAXO,Equity,https://www.bseindia.com/stock-share-price/glaxosmithkline-pharmaceuticals-ltd/glaxo/500660/,GlaxoSmithkline Pharmaceuticals Ltd.,43699.98
500670,Gujarat Narmada Valley Fertilizers & Chemicals Ltd,Active,A,10.0,INE113A01013,,GNFC,Equity,https://www.bseindia.com/stock-share-price/gujarat-narmada-valley-fertilizers--chemicals-ltd/gnfc/500670/,Gujarat Narmada Valley Fert.Co.Ltd,7973.00
500672,Novartis India Ltd,Active,B,5.0,INE234A01025,,NOVARTIND,Equity,https://www.bseindia.com/stock-share-price/novartis-india-ltd/novartind/500672/,Novartis India Limited.,3959.29
500674,Sanofi India Ltd,Active,A,10.0,INE058A01010,,SANOFI,Equity,https://www.bseindia.com/stock-share-price/sanofi-india-ltd/sanofi/500674/,Sanofi India Ltd,7717.70
500680,Pfizer Ltd,Active,A,10.0,INE182A01018,,PFIZER,Equity,https://www.bseindia.com/stock-share-price/pfizer-ltd/pfizer/500680/,Pfizer Ltd.,22422.56
500690,Gujarat State Fertilizers & Chemicals Ltd,Active,A,2.0,INE026A01025,,GSFC,Equity,https://www.bseindia.com/stock-share-price/gujarat-state-fertilizers--chemicals-ltd/gsfc/500690/,Gujarat State Fertilizers & Chem.Ltd,6479.24
500696,Hindustan Unilever Ltd,Active,A,1.0,INE030A01027,,HINDUNILVR,Equity,https://www.bseindia.com/stock-share-price/hindustan-unilever-ltd/hindunilvr/500696/,Hindustan Unilever Ltd.,489889.78
500710,JSW Dulux Ltd,Active,A,10.0,INE133A01011,,JSWDULUX,Equity,https://www.bseindia.com/stock-share-price/jsw-dulux-ltd/jswdulux/500710/,JSW Dulux Limited,14022.09
500730,NOCIL Ltd,Active,B,10.0,INE163A01018,,NOCIL,Equity,https://www.bseindia.com/stock-share-price/nocil-ltd/nocil/500730/,NOCIL Ltd,2847.78
500770,Tata Chemicals Ltd,Active,A,10.0,INE092A01019,,TATACHEM,Equity,https://www.bseindia.com/stock-share-price/tata-chemicals-ltd/tatachem/500770/,Tata Chemicals Ltd,16896.71
500777,Tamilnadu Petroproducts Ltd,Active,B,10.0,INE148A01019,,TNPETRO,Equity,https://www.bseindia.com/stock-share-price/tamilnadu-petroproducts-ltd/tnpetro/500777/,Tamilnadu Petroproducts Ltd,890.27
500780,Zuari Industries Ltd,Active,B,10.0,INE217A01012,,ZUARIIND,Equity,https://www.bseindia.com/stock-share-price/zuari-industries-ltd/zuariind/500780/,Zuari Industries Limited,777.59
500790,Nestle India Ltd,Active,A,1.0,INE239A01024,,NESTLEIND,Equity,https://www.bseindia.com/stock-share-price/nestle-india-ltd/nestleind/500790/,Nestle India Ltd.,289247.15
500800,Tata Consumer Products Ltd,Active,A,1.0,INE192A01025,,TATACONSUM,Equity,https://www.bseindia.com/stock-share-price/tata-consumer-products-ltd/tataconsum/500800/,TATA CONSUMER PRODUCTS LIMITED,107872.06
500820,Asian Paints Ltd,Active,A,1.0,INE021A01026,,ASIANPAINT,Equity,https://www.bseindia.com/stock-share-price/asian-paints-ltd/asianpaint/500820/,Asian Paints Ltd.,263683.47
500825,Britannia Industries Ltd,Active,A,1.0,INE216A01030,,BRITANNIA,Equity,https://www.bseindia.com/stock-share-price/britannia-industries-ltd/britannia/500825/,Britannia Industries Ltd.,130791.48
500830,Colgate Palmolive (India) Ltd,Active,A,1.0,INE259A01022,,COLPAL,Equity,https://www.bseindia.com/stock-share-price/colgate-palmolive-(india)-ltd/colpal/500830/,Colgate-Palmolive (India) Ltd.,55245.72
500840,EIH Ltd,Active,A,2.0,INE230A01023,,EIHOTEL,Equity,https://www.bseindia.com/stock-share-price/eih-ltd/eihotel/500840/,EIH Ltd,20390.00
500850,Indian Hotels Company Ltd,Active,A,1.0,INE053A01029,,INDHOTEL,Equity,https://www.bseindia.com/stock-share-price/indian-hotels-company-ltd/indhotel/500850/,THE INDIAN HOTELS COMPANY LTD,104892.72
500870,Castrol India Ltd,Active,A,5.0,INE172A01027,,CASTROLIND,Equity,https://www.bseindia.com/stock-share-price/castrol-india-ltd/castrolind/500870/,Castrol India Ltd,19208.76
500875,ITC Ltd,Active,A,1.0,INE154A01025,,ITC,Equity,https://www.bseindia.com/stock-share-price/itc-ltd/itc/500875/,ITC Ltd,357089.84
500877,Apollo Tyres Ltd,Active,A,1.0,INE438A01022,,APOLLOTYRE,Equity,https://www.bseindia.com/stock-share-price/apollo-tyres-ltd/apollotyre/500877/,Apollo Tyres Ltd,28570.02
500878,Ceat Ltd,Active,A,10.0,INE482A01020,,CEATLTD,Equity,https://www.bseindia.com/stock-share-price/ceat-ltd/ceatltd/500878/,Ceat Ltd.,15163.12
500890,Modi Rubber Ltd,Active,B,10.0,INE832A01018,,MODIRUBBER,Equity,https://www.bseindia.com/stock-share-price/modi-rubber-ltd/modirubber/500890/,Modi Rubber Ltd.,297.98
500940,Finolex Industries Ltd,Active,A,2.0,INE183A01024,,FINPIPE,Equity,https://www.bseindia.com/stock-share-price/finolex-industries-ltd/finpipe/500940/,Finolex Industries Ltd.,10641.18
501110,Sunrise Industrial Traders Ltd,Active,XT,10.0,INE371U01015,,SUNRINV,Equity,https://www.bseindia.com/stock-share-price/sunrise-industrial-traders-ltd/sunrinv/501110/,Sunrise Industrial Traders Ltd.,0.37
501111,Gold Rock Investments Ltd,Active,XT,10.0,INE598F01014,,ZGOLDINV,Equity,https://www.bseindia.com/stock-share-price/gold-rock-investments-ltd/zgoldinv/501111/,Gold Rock Investments Ltd.,0.95
501148,Dalal Street Investments Ltd,Active,XT,10.0,INE422D01012,,DSINVEST,Equity,https://www.bseindia.com/stock-share-price/dalal-street-investments-ltd/dsinvest/501148/,Dalal Street Investments Ltd.,12.11
501150,Centrum Capital Ltd,Active,B,1.0,INE660C01027,,CENTRUM,Equity,https://www.bseindia.com/stock-share-price/centrum-capital-ltd/centrum/501150/,Centrum Capital Limited,1201.98
501151,Kartik Investments Trust Ltd,Active,XT,10.0,INE524U01019,,KARTKIN,Equity,https://www.bseindia.com/stock-share-price/kartik-investments-trust-ltd/kartkin/501151/,Kartik Investments Trust Ltd.,210.45
501242,TCI Finance Ltd,Active,T,10.0,INE911B01018,,TCIFINANCE,Equity,https://www.bseindia.com/stock-share-price/tci-finance-ltd/tcifinance/501242/,TCI Finance Limited,19.50
501270,Antariksh Industries Ltd,Active,XT,10.0,INE825M01017,,ANTARIKSH,Equity,https://www.bseindia.com/stock-share-price/antariksh-industries-ltd/antariksh/501270/,ANTARIKSH INDUSTRIES LIMITED,0.23
501295,Industrial Investment Trust Ltd,Active,B,10.0,INE886A01014,,IITL,Equity,https://www.bseindia.com/stock-share-price/industrial-investment-trust-ltd/iitl/501295/,Industrial Investment Trust Ltd.,319.39
501298,Industrial & Prudential Investment Company Ltd,Active,B,10.0,INE620D01011,,INDPRUD,Equity,https://www.bseindia.com/stock-share-price/industrial--prudential-investment-company-ltd/indprud/501298/,Industrial & Prudential Inv. Co. Lt,1088.96
501301,Tata Investment Corporation Ltd,Active,A,1.0,INE672A01026,,TATAINVEST,Equity,https://www.bseindia.com/stock-share-price/tata-investment-corporation-ltd/tatainvest/501301/,Tata Investment Corporation Ltd.,33749.59
501311,Jayabharat Credit Ltd,Active,XT,10.0,INE998D01011,,JAYBHCR,Equity,https://www.bseindia.com/stock-share-price/jayabharat-credit-ltd/jaybhcr/501311/,Jayabharat Credit Ltd.,6.51
501314,Prismx Global Ventures Ltd,Active,X,1.0,INE286N01028,,PRISMX,Equity,https://www.bseindia.com/stock-share-price/prismx-global-ventures-ltd/prismx/501314/,PRISMX GLOBAL VENTURES LIMITED,27.66
501343,Motor & General Finance Ltd,Active,T,5.0,INE861B01023,,MOTOGENFIN,Equity,https://www.bseindia.com/stock-share-price/motor--general-finance-ltd/motogenfin/501343/,Motor & General Finance (M.G.F.) Lt,100.69
501351,Rapid Investments Ltd,Active,XT,10.0,INE154M01012,,RAPIDIN,Equity,https://www.bseindia.com/stock-share-price/rapid-investments-ltd/rapidin/501351/,Rapid Investments Ltd.,16.12
501370,Walchand Peoplefirst Ltd,Active,X,10.0,INE695D01021,,WALCHPF,Equity,https://www.bseindia.com/stock-share-price/walchand-peoplefirst-ltd/walchpf/501370/,Walchand Peoplefirst Limited,41.74
501386,E & E Enterprises Ltd,Active,XT,10.0,INE094R01019,,EENTER,Equity,https://www.bseindia.com/stock-share-price/e--e-enterprises-ltd/eenter/501386/,E and E ENTERPRISES LIMITED,0.59
501391,WH Brady & Company Ltd,Active,X,10.0,INE855A01019,,WHBRADY,Equity,https://www.bseindia.com/stock-share-price/wh-brady--company-ltd/whbrady/501391/,W.H. Brady & Co. Ltd.,129.46
501421,TechNVision Ventures Ltd,Active,B,10.0,INE314H01012,,TECHNVISN,Equity,https://www.bseindia.com/stock-share-price/technvision-ventures-ltd/technvisn/501421/,TechNVision Ventures Limited,3333.72
501423,Shaily Engineering Plastics Ltd,Active,A,2.0,INE151G01028,,SHAILY,Equity,https://www.bseindia.com/stock-share-price/shaily-engineering-plastics-ltd/shaily/501423/,Shaily Engineering Plastics Ltd.,15500.40
501425,The Bombay Burmah Trading Corporation Ltd,Active,A,2.0,INE050A01025,,BBTC,Equity,https://www.bseindia.com/stock-share-price/the-bombay-burmah-trading-corporation-ltd/bbtc/501425/,The Bombay Burmah Trading Corporation Ltd.,10437.88
501430,Bombay Cycle & Motor Agency Ltd,Active,X,10.0,INE691K01017,,BOMBCYC,Equity,https://www.bseindia.com/stock-share-price/bombay-cycle--motor-agency-ltd/bombcyc/501430/,Bombay Cycle & Motor Agency Ltd.,62.00
501455,Greaves Cotton Ltd,Active,A,2.0,INE224A01026,,GREAVESCOT,Equity,https://www.bseindia.com/stock-share-price/greaves-cotton-ltd/greavescot/501455/,Greaves Cotton Ltd.,4692.81
501477,Muller & Phipps India Ltd,Active,X,10.0,INE003F01015,,MULLER,Equity,https://www.bseindia.com/stock-share-price/muller--phipps-india-ltd/muller/501477/,Muller & Phipps (India) Ltd.,13.63
501479,Springform Technology Ltd,Active,P,10.0,INE02ZA01012,,SFTL,Equity,https://www.bseindia.com/stock-share-price/springform-technology-ltd/sftl/501479/,SPRINGFORM TECHNOLOGY LIMITED,11.13
501630,Anand Projects Ltd,Active,XT,10.0,INE134R01013,,ANANDPROJ,Equity,https://www.bseindia.com/stock-share-price/anand-projects-ltd/anandproj/501630/,Anand Projects Ltd,2.78
501700,IndiaNivesh Ltd,Active,X,1.0,INE131H01028,,INDIANVSH,Equity,https://www.bseindia.com/stock-share-price/indianivesh-ltd/indianvsh/501700/,India Nivesh Limited,24.84
501831,Coastal Corporation Ltd,Active,B,2.0,INE377E01024,,COASTCORP,Equity,https://www.bseindia.com/stock-share-price/coastal-corporation-ltd/coastcorp/501831/,Coastal Corporation Limited,301.84
501833,Chowgule Steamships Ltd,Active,X,10.0,INE490A01015,,CHOWGULSTM,Equity,https://www.bseindia.com/stock-share-price/chowgule-steamships-ltd/chowgulstm/501833/,Chowgule Steamships Ltd.,78.75
501848,Garware Offshore Services Ltd,Active,XT,10.0,INE446C01013,,GARWAOFFS,Equity,https://www.bseindia.com/stock-share-price/garware-offshore-services-ltd/garwaoffs/501848/,GARWARE OFFSHORE SERVICES LIMITED,150.09
501945,Dhenu Buildcon Infra Ltd,Active,Z,1.0,INE758D01027,,DHENUBUILD,Equity,https://www.bseindia.com/stock-share-price/dhenu-buildcon-infra-ltd/dhenubuild/501945/,Dhenu Buildcon Infra Limited,4747.03
502015,ASI Industries Ltd,Active,X,1.0,INE443A01030,,ASIIL,Equity,https://www.bseindia.com/stock-share-price/asi-industries-ltd/asiil/502015/,ASI INDUSTRIES LIMITED,235.28
502090,Sagar Cements Ltd,Active,B,2.0,INE229C01021,,SAGCEM,Equity,https://www.bseindia.com/stock-share-price/sagar-cements-ltd/sagcem/502090/,Sagar Cements Ltd,2270.39
502137,Deccan Cements Ltd,Active,B,5.0,INE583C01021,,DECCANCE,Equity,https://www.bseindia.com/stock-share-price/deccan-cements-ltd/deccance/502137/,Deccan Cements Ltd.,808.23
502157,Mangalam Cement Ltd,Active,B,10.0,INE347A01017,,MANGLMCEM,Equity,https://www.bseindia.com/stock-share-price/mangalam-cement-ltd/manglmcem/502157/,Mangalam Cement Ltd.,2583.10
502168,NCL Industries Ltd,Active,B,10.0,INE732C01016,,NCLIND,Equity,https://www.bseindia.com/stock-share-price/ncl-industries-ltd/nclind/502168/,NCL Industries Limited,801.30
502175,Saurashtra Cement Ltd,Active,B,10.0,INE626A01014,,SAURASHCEM,Equity,https://www.bseindia.com/stock-share-price/saurashtra-cement-ltd/saurashcem/502175/,Saurashtra Cement Limited,771.33
502180,Shree Digvijay Cement Company Ltd,Active,B,10.0,INE232A01011,,SHREDIGCEM,Equity,https://www.bseindia.com/stock-share-price/shree-digvijay-cement-company-ltd/shredigcem/502180/,Shree Digvijay Cement Co. Ltd.,1073.86
502219,Borosil Renewables Ltd,Active,A,1.0,INE666D01022,,BORORENEW,Equity,https://www.bseindia.com/stock-share-price/borosil-renewables-ltd/bororenew/502219/,BOROSIL RENEWABLES LIMITED,7798.34
502250,Lerthai Finance Ltd,Active,XT,10.0,INE347D01011,,LERTHAI,Equity,https://www.bseindia.com/stock-share-price/lerthai-finance-ltd/lerthai/502250/,LERTHAI FINANCE LIMITED,42.49
502281,Triveni Glass Ltd,Active,XT,10.0,INE094C01011,,TRIVENIGQ,Equity,https://www.bseindia.com/stock-share-price/triveni-glass-ltd/trivenigq/502281/,Triveni Glass Ltd.,9.21
502294,Nilachal Refractories Ltd,Active,X,10.0,INE416N01013,,NILACHAL,Equity,https://www.bseindia.com/stock-share-price/nilachal-refractories-ltd/nilachal/502294/,Nilachal Refractories Ltd.,76.36
502330,Andhra Paper Ltd,Active,B,2.0,INE435A01051,,ANDHRAPAP,Equity,https://www.bseindia.com/stock-share-price/andhra-paper-ltd/andhrapap/502330/,ANDHRA PAPER LIMITED,1208.01
502355,Balkrishna Industries Ltd,Active,A,2.0,INE787D01026,,BALKRISIND,Equity,https://www.bseindia.com/stock-share-price/balkrishna-industries-ltd/balkrisind/502355/,Balkrishna Industries Ltd.,47039.87
502420,Orient Paper & Industries Ltd,Active,B,1.0,INE592A01026,,ORIENTPPR,Equity,https://www.bseindia.com/stock-share-price/orient-paper--industries-ltd/orientppr/502420/,Orient Paper & Industries Ltd.,399.33
502445,Citadel Realty and Developers Ltd,Active,X,10.0,INE906D01014,,CITADEL,Equity,https://www.bseindia.com/stock-share-price/citadel-realty-and-developers-ltd/citadel/502445/,Citadel Realty And Developers Limited,32.30
502448,Rollatainers Ltd,Active,T,1.0,INE927A01040,,ROLLT,Equity,https://www.bseindia.com/stock-share-price/rollatainers-ltd/rollt/502448/,Rollatainters Ltd.,74.29
502450,Seshasayee Paper and Boards Ltd,Active,B,2.0,INE630A01024,,SESHAPAPER,Equity,https://www.bseindia.com/stock-share-price/seshasayee-paper-and-boards-ltd/seshapaper/502450/,Seshasayee Paper & Boards Ltd.,1463.81
502587,Nath Industries Ltd,Active,X,10.0,INE777A01023,,NATHIND,Equity,https://www.bseindia.com/stock-share-price/nath-industries-ltd/nathind/502587/,NATH INDUSTRIES LIMITED,98.02
502589,Vapi Enterprise Ltd,Active,X,10.0,INE464D01014,,VAPIENTER,Equity,https://www.bseindia.com/stock-share-price/vapi-enterprise-ltd/vapienter/502589/,VAPI ENTERPRISE LIMITED,36.32
502820,DCM Ltd,Active,T,10.0,INE498A01018,,DCM,Equity,https://www.bseindia.com/stock-share-price/dcm-ltd/dcm/502820/,DCM Ltd.,156.72
502850,Gaekwar Mills Ltd,Active,X,10.0,INE837X01027,,ZGAEKWAR,Equity,https://www.bseindia.com/stock-share-price/gaekwar-mills-ltd-/zgaekwar/502850/,Gaekwar Mills Ltd.,3.01
502865,Forbes & Company Ltd,Active,X,10.0,INE518A01013,,FORBESCO,Equity,https://www.bseindia.com/stock-share-price/forbes--company-ltd/forbesco/502865/,Forbes & Company Ltd,381.80
502873,HP Cotton Textile Mills Ltd,Active,X,10.0,INE950C01014,,HPCOTTON,Equity,https://www.bseindia.com/stock-share-price/hp-cotton-textile-mills-ltd/hpcotton/502873/,H.P. Cotton Textile Mills Ltd.,40.00
502893,United Interactive Ltd,Active,X,10.0,INE706D01018,,UNITEDINT,Equity,https://www.bseindia.com/stock-share-price/united-interactive-ltd/unitedint/502893/,United Interactive Limited,13.18
502901,Jamshri Realty Ltd,Active,X,10.0,INE462D01034,,JAMSHRI,Equity,https://www.bseindia.com/stock-share-price/jamshri-realty-ltd/jamshri/502901/,JAMSHRI REALTY LIMITED,53.08
502933,Katare Spinning Mills Ltd,Active,X,10.0,INE498G01015,,KATRSPG,Equity,https://www.bseindia.com/stock-share-price/katare-spinning-mills-ltd/katrspg/502933/,Katare Spinning Mills Ltd.,29.36
502937,Kesoram Industries Ltd,Active,T,10.0,INE087A01019,,KESORAMIND,Equity,https://www.bseindia.com/stock-share-price/kesoram-industries-ltd/kesoramind/502937/,Kesoram Industries Ltd,402.90
502958,Lakshmi Mills Company Ltd,Active,X,100.0,INE938C01019,,LAKSHMIMIL,Equity,https://www.bseindia.com/stock-share-price/lakshmi-mills-company-ltd/lakshmimil/502958/,Lakshmi Mills Company ltd,557.63
502986,Vardhman Textiles Ltd,Active,A,2.0,INE825A01020,,VTL,Equity,https://www.bseindia.com/stock-share-price/vardhman-textiles-ltd/vtl/502986/,Vardhman Textiles Limted,17439.47
503031,Peninsula Land Ltd,Active,T,2.0,INE138A01028,,PENINLAND,Equity,https://www.bseindia.com/stock-share-price/peninsula-land-ltd/peninland/503031/,Peninsula Land Limited,545.03
503092,Pasupati Spinning & Weaving Mills Ltd,Active,X,10.0,INE909B01020,,PASUSPG,Equity,https://www.bseindia.com/stock-share-price/pasupati-spinning--weaving-mills-ltd/pasuspg/503092/,Pasupati Spg. & Wvg. Mills Ltd.,30.60
503100,The Phoenix Mills Ltd,Active,A,2.0,INE211B01039,,PHOENIXLTD,Equity,https://www.bseindia.com/stock-share-price/the-phoenix-mills-ltd/phoenixltd/503100/,The Phoenix Mills Ltd.,68570.17
503101,Marathon Nextgen Realty Ltd,Active,B,5.0,INE182D01020,,MARATHON,Equity,https://www.bseindia.com/stock-share-price/marathon-nextgen-realty-ltd/marathon/503101/,Marathon Nextgen Realty Ltd,2582.54
503127,Raja Bahadur International Ltd,Active,X,100.0,INE491N01016,,RAJABAH,Equity,https://www.bseindia.com/stock-share-price/raja-bahadur-international-ltd/rajabah/503127/,Raja Bahadur International Ltd,125.65
503162,Reliance Chemotex Industries Ltd,Active,B,10.0,INE750D01016,,RELCHEMQ,Equity,https://www.bseindia.com/stock-share-price/reliance-chemotex-industries-ltd/relchemq/503162/,Reliance Chemotex Industries Ltd.,97.31
503169,Ruby Mills Ltd,Active,T,5.0,INE301D01026,,RUBYMILLS,Equity,https://www.bseindia.com/stock-share-price/ruby-mills-ltd/rubymills/503169/,Ruby Mills Ltd.,1223.57
503229,Simplex Realty Ltd,Active,X,10.0,INE167H01014,,SIMPLXREA,Equity,https://www.bseindia.com/stock-share-price/simplex-realty-ltd/simplxrea/503229/,Simplex Realty Limited,40.65
503310,Swan Corp Ltd,Active,A,1.0,INE665A01038,,SWANCORP,Equity,https://www.bseindia.com/stock-share-price/swan-corp-ltd/swancorp/503310/,Swan Corp Limited,9725.00
503349,Victoria Mills Ltd,Active,X,100.0,INE203D01016,,VICTMILL,Equity,https://www.bseindia.com/stock-share-price/victoria-mills-ltd/victmill/503349/,Victoria Mills Ltd.,49.56
503622,SV Trading & Agencies Ltd,Active,XT,10.0,INE404N01019,,ZSVTRADI,Equity,https://www.bseindia.com/stock-share-price/sv-trading--agencies-ltd-/zsvtradi/503622/,S.V. Trading & Agencies Ltd.,13.18
503624,Svaraj Trading & Agencies Ltd,Active,X,10.0,INE406N01014,,ZSVARAJT,Equity,https://www.bseindia.com/stock-share-price/svaraj-trading--agencies-ltd-/zsvarajt/503624/,Svaraj Trading & Agencies Ltd.,11.56
503626,Manglam Global Corporations Ltd,Active,X,10.0,INE733N01011,,MANGLAM,Equity,https://www.bseindia.com/stock-share-price/manglam-global-corporations-ltd/manglam/503626/,Manglam Global Corporations Limited,16.23
503635,Shree Salasar Investments Ltd,Active,XT,10.0,INE315N01017,,SALSAIN,Equity,https://www.bseindia.com/stock-share-price/shree-salasar-investments-ltd/salsain/503635/,Shree Salasar Investment Ltd.,243.95
503639,Apollo Ingredients Ltd,Active,XT,5.0,INE314N01028,,APOLLOIN,Equity,https://www.bseindia.com/stock-share-price/apollo-ingredients-ltd/apolloin/503639/,Apollo Ingredients Limited,148.88
503641,Zodiac Ventures Ltd,Active,X,1.0,INE945J01027,,ZODIACVEN,Equity,https://www.bseindia.com/stock-share-price/zodiac-ventures-ltd/zodiacven/503641/,Zodiac Ventures Limited,13.56
503657,Veer Energy & Infrastructure Ltd,Active,X,10.0,INE255E01030,,VEERENRGY,Equity,https://www.bseindia.com/stock-share-price/veer-energy--infrastructure-ltd/veerenrgy/503657/,Veer Energy & Infrastructure Limited,18.73
503659,SW Investments Ltd,Active,XT,10.0,INE948K01011,,SW1,Equity,https://www.bseindia.com/stock-share-price/sw-investments-ltd/sw1/503659/,SW Investments Limited,13.59
503663,Tilak Ventures Ltd,Active,XT,1.0,INE026L01022,,TILAK,Equity,https://www.bseindia.com/stock-share-price/tilak-ventures-ltd/tilak/503663/,Tilak Ventures Limited,168.47
503671,Unijolly Investments Company Ltd,Active,XT,10.0,INE130N01010,,UNIJOLL,Equity,https://www.bseindia.com/stock-share-price/unijolly-investments-company-ltd/unijoll/503671/,Unijolly Investments Co. Ltd.,0.09
503675,Wagend Infra Venture Ltd,Active,X,2.0,INE786K01023,,WAGEND,Equity,https://www.bseindia.com/stock-share-price/wagend-infra-venture-ltd/wagend/503675/,Wagend Infra Venture Limited,5.56
503681,EL CID Investments Ltd,Active,B,10.0,INE927X01018,,ELCIDIN,Equity,https://www.bseindia.com/stock-share-price/el-cid-investments-ltd/elcidin/503681/,Elcid Investments Ltd.,2220.20
503685,Mediaone Global Entertainment Ltd,Active,Z,10.0,INE828I01019,,MEDIAONE,Equity,https://www.bseindia.com/stock-share-price/mediaone-global-entertainment-ltd/mediaone/503685/,Mediaone Global Entertainment Limited,21.20
503689,Healthy Investments Ltd,Active,XT,10.0,INE160N01017,,HEALINV,Equity,https://www.bseindia.com/stock-share-price/healthy-investments-ltd/healinv/503689/,Healthy Investments Ltd.,0.08
503696,Shreenath Investment Company Ltd,Active,XT,10.0,INE475V01012,,SHRENTI,Equity,https://www.bseindia.com/stock-share-price/shreenath-investment-company-ltd/shrenti/503696/,Shreenath Investments Co. Ltd.,2.06
503722,Banswara Syntex Ltd,Active,B,5.0,INE629D01020,,BANSWRAS,Equity,https://www.bseindia.com/stock-share-price/banswara-syntex-ltd/banswras/503722/,Banswara Syntex Ltd.,418.14
503772,Modella Woollens Ltd,Active,X,10.0,INE380D01012,,MODWOOL,Equity,https://www.bseindia.com/stock-share-price/modella-woollens-ltd/modwool/503772/,Modella Woollens Ltd.,5.81
503776,Modipon Ltd,Active,XT,10.0,INE170C01019,,MODIPON,Equity,https://www.bseindia.com/stock-share-price/modipon-ltd/modipon/503776/,Modipon Ltd.,35.32
503804,Shri Dinesh Mills Ltd,Active,XT,10.0,INE204C01024,,SHRIDINE,Equity,https://www.bseindia.com/stock-share-price/shri-dinesh-mills-ltd/shridine/503804/,Shri Dinesh Mills Ltd.,197.14
503806,SRF Ltd,Active,A,10.0,INE647A01010,,SRF,Equity,https://www.bseindia.com/stock-share-price/srf-ltd/srf/503806/,SRF Ltd.,77841.16
503811,Siyaram Silk Mills Ltd,Active,B,2.0,INE076B01028,,SIYSIL,Equity,https://www.bseindia.com/stock-share-price/siyaram-silk-mills-ltd/siysil/503811/,Siyaram Silk Mills Ltd.,2849.47
503816,Swadeshi Polytex Ltd,Active,X,1.0,INE243N01029,,SWADPOL,Equity,https://www.bseindia.com/stock-share-price/swadeshi-polytex-ltd/swadpol/503816/,Swadeshi Polytex Ltd.,146.41
503837,Shree Rajasthan Syntex Ltd,Active,X,10.0,INE796C01011,,SHRAJSYNQ,Equity,https://www.bseindia.com/stock-share-price/shree-rajasthan-syntex-ltd/shrajsynq/503837/,Shree Rajasthan Syntex Ltd.,51.33
503863,Shree Manufacturing Company Ltd,Active,X,10.0,INE632A01012,,SHRMFGC,Equity,https://www.bseindia.com/stock-share-price/shree-manufacturing-company-ltd/shrmfgc/503863/,Shree Manufacturing Co. Ltd.,9.59
503893,Satyam Silk Mills Ltd,Active,XT,10.0,INE07MC01015,,ZSATYASL,Equity,https://www.bseindia.com/stock-share-price/satyam-silk-mills-ltd/zsatyasl/503893/,Satyam Silk Mills Ltd,0.64
503960,Bharat Bijlee Ltd,Active,B,5.0,INE464A01036,,BBL,Equity,https://www.bseindia.com/stock-share-price/bharat-bijlee-ltd/bbl/503960/,Bharat Bijlee Ltd.,2650.19
504000,Elpro International Ltd,Active,B,1.0,INE579B01039,,ELPROINTL,Equity,https://www.bseindia.com/stock-share-price/elpro-international-ltd/elprointl/504000/,Elpro International Ltd.,3014.19
504028,GEE Ltd,Active,XT,2.0,INE064H01021,,GEE,Equity,https://www.bseindia.com/stock-share-price/gee-ltd/gee/504028/,GEE Ltd.,589.42
504036,Hind Rectifiers Ltd,Active,B,2.0,INE835D01023,,HIRECT,Equity,https://www.bseindia.com/stock-share-price/hind-rectifiers-ltd/hirect/504036/,Hind Rectifiers Ltd.,4459.28
504058,Indo National Ltd,Active,B,5.0,INE567A01028,,NIPPOBATRY,Equity,https://www.bseindia.com/stock-share-price/indo-national-ltd/nippobatry/504058/,Indo National Limited,250.46
504067,Zensar Technologies Ltd,Active,A,2.0,INE520A01027,,ZENSARTECH,Equity,https://www.bseindia.com/stock-share-price/zensar-technologies-ltd/zensartech/504067/,Zensar Technologies Ltd.,11406.20
504076,Jyoti Ltd,Active,X,10.0,INE511D01012,,JYOTI,Equity,https://www.bseindia.com/stock-share-price/jyoti-ltd/jyoti/504076/,Jyoti Ltd.,89.45
504080,JSL Industries Ltd,Active,X,10.0,INE581L01018,,JSLINDL,Equity,https://www.bseindia.com/stock-share-price/jsl-industries-ltd/jslindl/504080/,JSL Industries Ltd.,102.13
504084,Kaycee Industries Ltd,Active,X,10.0,INE813G01023,,KAYCEEI,Equity,https://www.bseindia.com/stock-share-price/kaycee-industries-ltd/kayceei/504084/,Kaycee Industries Ltd.,283.90
504092,Indokem Ltd,Active,B,10.0,INE716F01012,,INDOKEM,Equity,https://www.bseindia.com/stock-share-price/indokem-ltd/indokem/504092/,Indokem Ltd,1595.63
504093,Panasonic Energy India Company Ltd,Active,X,10.0,INE795A01017,,PANAENERG,Equity,https://www.bseindia.com/stock-share-price/panasonic-energy-india-company-ltd/panaenerg/504093/,Panasonic Energy India Co. Ltd.,193.50
504112,Nelco Ltd,Active,B,10.0,INE045B01015,,NELCO,Equity,https://www.bseindia.com/stock-share-price/nelco-ltd/nelco/504112/,Nelco Ltd,2247.38
504132,Permanent Magnets Ltd,Active,X,10.0,INE418E01018,,PERMAGN,Equity,https://www.bseindia.com/stock-share-price/permanent-magnets-ltd/permagn/504132/,Permanent Magnets Ltd.,705.93
504176,High Energy Batteries India Ltd,Active,X,2.0,INE783E01023,,HIGHENE,Equity,https://www.bseindia.com/stock-share-price/high-energy-batteries-india-ltd/highene/504176/,High Energy Batteries (India) Ltd.,513.58
504180,Standard Batteries Ltd,Active,X,1.0,INE502C01039,,STDBAT,Equity,https://www.bseindia.com/stock-share-price/standard-batteries-ltd/stdbat/504180/,Standard Batteries Ltd.,24.52
504212,Universal Cables Ltd,Active,B,10.0,INE279A01012,,UNIVCABLES,Equity,https://www.bseindia.com/stock-share-price/universal-cables-ltd/univcables/504212/,Universal Cables Ltd.,4889.97
504220,W. S. Industries (India) Ltd,Active,B,10.0,INE100D01014,,WSI,Equity,https://www.bseindia.com/stock-share-price/w-s-industries-(india)-ltd/wsi/504220/,W.S. Industries (India) Ltd.,461.06
504240,Delton Cables Ltd,Active,X,10.0,INE872E01016,,DLTNCBL,Equity,https://www.bseindia.com/stock-share-price/delton-cables-ltd/dltncbl/504240/,Delton Cables Ltd.,390.01
504258,Lakshmi Electrical Control Systems Ltd,Active,X,10.0,INE284C01018,,LAKSELEC,Equity,https://www.bseindia.com/stock-share-price/lakshmi-electrical-control-systems-ltd/lakselec/504258/,Lakshmi Electrical Control Systems,197.87
504273,Modulex Construction Technologies Ltd,Active,Z,10.0,INE064R01012,,MODULEX,Equity,https://www.bseindia.com/stock-share-price/modulex-construction-technologies-ltd/modulex/504273/,MODULEX CONSTRUCTION TECHNOLOGIES LIMITED,124.23
504286,Delta Manufacturing Ltd,Active,B,10.0,INE393A01011,,DELTAMAGNT,Equity,https://www.bseindia.com/stock-share-price/delta-manufacturing-ltd/deltamagnt/504286/,DELTA MANUFACTURING LIMITED,63.23
504340,Longspur International Ventures Ltd,Active,X,10.0,INE180M01033,,LONGSPUR,Equity,https://www.bseindia.com/stock-share-price/longspur-international-ventures-ltd/longspur/504340/,Longspur International Ventures Limited,13.50
504341,Ravindra Energy Ltd,Active,B,10.0,INE206N01018,,RELTD,Equity,https://www.bseindia.com/stock-share-price/ravindra-energy-ltd/reltd/504341/,RAVINDRA ENERGY LIMITED,3374.35
504351,Empower India Ltd,Active,T,1.0,INE507F01023,,EMPOWER,Equity,https://www.bseindia.com/stock-share-price/empower-india-ltd/empower/504351/,Empower India Limited,297.93
504356,Multipurpose Trading & Agencies Ltd,Active,X,10.0,INE017P01014,,ZMULTIPU,Equity,https://www.bseindia.com/stock-share-price/multipurpose-trading--agencies-ltd/zmultipu/504356/,Multipurpose Trading & Agencies Ltd,5.20
504365,Ridhi Synthetics Ltd,Active,XT,10.0,INE07LK01010,,RIDHISYN,Equity,https://www.bseindia.com/stock-share-price/ridhi-synthetics-ltd/ridhisyn/504365/,Ridhi Synthetics Ltd.,0.49
504369,Grandma Trading & Agencies Ltd,Active,X,1.0,INE927M01029,,GRANDMA,Equity,https://www.bseindia.com/stock-share-price/grandma-trading--agencies-ltd-/grandma/504369/,Grandma Trading & Agencies Ltd.,5.09
504370,Ardi Alliances Ltd,Active,XT,10.0,INE0LKP01014,,ARDIALL,Equity,https://www.bseindia.com/stock-share-price/ardi-alliances-ltd/ardiall/504370/,Ardi Alliances Limited,0.11
504375,IDream Film Infrastructure Company Ltd,Active,P,10.0,INE459E01012,,IDREAM,Equity,https://www.bseindia.com/stock-share-price/idream-film-infrastructure-company-ltd/idream/504375/,IDream Film Infrastructure Company Limited,17166.44
504378,Nyssa Corporation Ltd,Active,X,1.0,INE812K01027,,NYSSACORP,Equity,https://www.bseindia.com/stock-share-price/nyssa-corporation-ltd/nyssacorp/504378/,Nyssa Corporation Limited,6.69
504380,Flomic Global Logistics Ltd,Active,X,10.0,INE952M01019,,FLOMIC,Equity,https://www.bseindia.com/stock-share-price/flomic-global-logistics-ltd/flomic/504380/,FLOMIC GLOBAL LOGISTICS LIMITED,74.56
504392,Krishna Ventures Ltd,Active,XT,10.0,INE537L01010,,KRISHNA,Equity,https://www.bseindia.com/stock-share-price/krishna-ventures-ltd/krishna/504392/,Krishna Ventures Limited,41.31
504397,Ganesh Holdings Ltd,Active,XT,10.0,INE932M01011,,GANHOLD,Equity,https://www.bseindia.com/stock-share-price/ganesh-holdings-ltd/ganhold/504397/,Ganesh Holding Ltd.,9.69
504605,Uni Abex Alloy Products Ltd,Active,XT,10.0,INE361D01012,,UNIABEXAL,Equity,https://www.bseindia.com/stock-share-price/uni-abex-alloy-products-ltd/uniabexal/504605/,Uni-Abex Alloy Products Ltd.,1014.64
504614,Sarda Energy & Minerals Ltd,Active,A,1.0,INE385C01021,,SARDAEN,Equity,https://www.bseindia.com/stock-share-price/sarda-energy--minerals-ltd/sardaen/504614/,Sarda Energy & Minerals Ltd,17647.26
504646,Bhagwati Autocast Ltd,Active,X,10.0,INE106G01014,,BGWTATO,Equity,https://www.bseindia.com/stock-share-price/bhagwati-autocast-ltd/bgwtato/504646/,Bhagwati Autocast Limited,190.11
504648,Bombay Wire Ropes Ltd,Active,X,1.0,INE089T01023,,BOMBWIR,Equity,https://www.bseindia.com/stock-share-price/bombay-wire-ropes-ltd/bombwir/504648/,Bombay Wire Ropes Ltd.,24.29
504697,Galada Power & Telecommunication Ltd,Active,XT,10.0,INE255C01026,,GALADA,Equity,https://www.bseindia.com/stock-share-price/galada-power--telecommunication-ltd/galada/504697/,Galada Power & Communication Ltd.,12.99
504731,Azad India Mobility Ltd,Active,X,10.0,INE566M01017,,AZADIND,Equity,https://www.bseindia.com/stock-share-price/azad-india-mobility-ltd/azadind/504731/,AZAD INDIA MOBILITY LIMITED,532.67
504741,Indian Hume Pipe Company Ltd,Active,B,2.0,INE323C01030,,INDIANHUME,Equity,https://www.bseindia.com/stock-share-price/indian-hume-pipe-company-ltd/indianhume/504741/,Indian Hume Pipe Co. Ltd.,2030.09
504746,Indian Link Chain Manufacturers Ltd,Active,X,10.0,INE359D01024,,INLCM,Equity,https://www.bseindia.com/stock-share-price/indian-link-chain-manufacturers-ltd/inlcm/504746/,Indian Link Chain Mnfrs. Ltd.,161.25
504786,Investment & Precision Castings Ltd,Active,T,10.0,INE155E01016,,INVPRECQ,Equity,https://www.bseindia.com/stock-share-price/investment--precision-castings-ltd/invprecq/504786/,Investment & Precision Castings Ltd,1128.00
504810,Informed Technologies India Ltd,Active,X,10.0,INE123E01014,,INFORTEC,Equity,https://www.bseindia.com/stock-share-price/informed-technologies-india-ltd/infortec/504810/,Informed Technologies India Ltd.,33.35
504840,Kaira Can Company Ltd,Active,X,10.0,INE375D01012,,KAIRA,Equity,https://www.bseindia.com/stock-share-price/kaira-can-company-ltd/kaira/504840/,Kaira Can Co. Ltd.,149.85
504879,Orient Ceratech Ltd,Active,B,1.0,INE569C01020,,ORIENTCER,Equity,https://www.bseindia.com/stock-share-price/orient-ceratech-ltd/orientcer/504879/,ORIENT CERATECH LIMITED,496.86
504882,National Standard (India) Ltd,Active,B,10.0,INE166R01015,,NATIONSTD,Equity,https://www.bseindia.com/stock-share-price/national-standard-(india)-ltd/nationstd/504882/,National Standard (India) Limited,407.10
504903,Rathi Steel & Power Ltd,Active,X,10.0,INE336C01016,,RATHIST,Equity,https://www.bseindia.com/stock-share-price/rathi-steel--power-ltd/rathist/504903/,Rathi Steel & Power Ltd,225.75
504908,Duncan Engineering Ltd,Active,X,10.0,INE340F01011,,DUNCANENG,Equity,https://www.bseindia.com/stock-share-price/duncan-engineering-ltd/duncaneng/504908/,Duncan Engineering Limited,136.72
504918,Sandur Manganese & Iron Ores Ltd,Active,A,10.0,INE149K01016,,SANDUMA,Equity,https://www.bseindia.com/stock-share-price/sandur-manganese--iron-ores-ltd/sanduma/504918/,Sandur Manganese & Iron Ores Ltd.,10356.46
504959,Stovec Industries Ltd,Active,X,10.0,INE755D01015,,STOVACQ,Equity,https://www.bseindia.com/stock-share-price/stovec-industries-ltd/stovacq/504959/,Stovec Industries Ltd.,357.02
504973,Cholamandalam Financial Holdings Ltd,Active,A,1.0,INE149A01033,,CHOLAHLDNG,Equity,https://www.bseindia.com/stock-share-price/cholamandalam-financial-holdings-ltd/cholahldng/504973/,CHOLAMANDALAM FINANCIAL HOLDINGS LIMITED,30946.66
504988,Welcast Steels Ltd,Active,X,10.0,INE380G01015,,ZWELCAST,Equity,https://www.bseindia.com/stock-share-price/welcast-steels-ltd/zwelcast/504988/,Welcast Steels Ltd.,43.39
504998,Western Ministil Ltd,Active,P,10.0,INE187U01015,,WMINIMT,Equity,https://www.bseindia.com/stock-share-price/western-ministil-ltd/wminimt/504998/,Western Ministil Ltd.,0.36
505010,Automotive Axles Ltd,Active,B,10.0,INE449A01011,,AUTOAXLES,Equity,https://www.bseindia.com/stock-share-price/automotive-axles-ltd/autoaxles/505010/,Automotive Axles Ltd.,2806.76
505029,Atlas Cycles (Haryana) Ltd,Active,B,5.0,INE446A01025,,ATLASCYCLE,Equity,https://www.bseindia.com/stock-share-price/atlas-cycles-(haryana)-ltd/atlascycle/505029/,Atlas Cycles (Haryana) Ltd.,63.70
505032,Automobile Products of India Ltd,Active,XT,1.0,INE0NY101012,,AUTOPRD,Equity,https://www.bseindia.com/stock-share-price/automobile-products-of-india-ltd/autoprd/505032/,Automobile Products of India Ltd.,4.23
505036,Automobile Corporation of Goa Ltd,Active,B,10.0,INE451C01013,,ACGL,Equity,https://www.bseindia.com/stock-share-price/automobile-corporation-of-goa-ltd/acgl/505036/,Automobile Corpn. of Goa Ltd.,1151.91
505075,Setco Automotive Ltd,Active,T,2.0,INE878E01021,,SETCO,Equity,https://www.bseindia.com/stock-share-price/setco-automotive-ltd/setco/505075/,Setco Automotive Limited,235.56
505160,Talbros Automotive Components Ltd,Active,B,2.0,INE187D01029,,TALBROAUTO,Equity,https://www.bseindia.com/stock-share-price/talbros-automotive-components-ltd/talbroauto/505160/,Talbros Automotive Components Ltd.,2699.37
505163,ZF Steering Gear India Ltd,Active,B,10.0,INE116C01012,,ZFSTEERING,Equity,https://www.bseindia.com/stock-share-price/zf-steering-gear-india-ltd/zfsteering/505163/,Z.F. Steering Gear (India) Limited,601.51
505192,SML Mahindra Ltd,Active,A,10.0,INE294B01019,,SMLMAH,Equity,https://www.bseindia.com/stock-share-price/sml-mahindra-ltd/smlmah/505192/,SML Mahindra Limited,8228.58
505196,TIL Ltd,Active,B,10.0,INE806C01018,,TIL,Equity,https://www.bseindia.com/stock-share-price/til-ltd/til/505196/,TIL Ltd.,2011.50
505200,Eicher Motors Ltd,Active,A,1.0,INE066A01021,,EICHERMOT,Equity,https://www.bseindia.com/stock-share-price/eicher-motors-ltd/eichermot/505200/,Eicher Motors Ltd.,217695.71
505212,Jainex Aamcol Ltd,Active,X,10.0,INE280F01019,,JAINEX,Equity,https://www.bseindia.com/stock-share-price/jainex-aamcol-ltd/jainex/505212/,JAINEX AAMCOL LTD.,29.84
505216,Alfred Herbert India Ltd,Active,X,10.0,INE782D01027,,ALFREDHE,Equity,https://www.bseindia.com/stock-share-price/alfred-herbert-india-ltd/alfredhe/505216/,Alfred Herbert (India) Ltd.,244.01
505232,Veljan Denison Ltd,Active,T,10.0,INE232E01013,,VELJAN,Equity,https://www.bseindia.com/stock-share-price/veljan-denison-ltd/veljan/505232/,Veljan Denison Limited,758.39
505242,Dynamatic Technologies Ltd,Active,A,10.0,INE221B01012,,DYNAMATECH,Equity,https://www.bseindia.com/stock-share-price/dynamatic-technologies-ltd/dynamatech/505242/,Dynamatic Technologies Ltd.,7735.08
505250,G. G. Dandekar Properties Ltd,Active,X,1.0,INE631D01026,,GGDPROP,Equity,https://www.bseindia.com/stock-share-price/g-g-dandekar-properties-ltd/ggdprop/505250/,G. G. Dandekar Properties Limited,33.81
505255,GMM Pfaudler Ltd,Active,A,2.0,INE541A01023,,GMMPFAUDLR,Equity,https://www.bseindia.com/stock-share-price/gmm-pfaudler-ltd/gmmpfaudlr/505255/,GMM Pfaudler Ltd.,4425.59
505283,Kirloskar Pneumatic Company Ltd,Active,A,2.0,INE811A01020,,KIRLPNU,Equity,https://www.bseindia.com/stock-share-price/kirloskar-pneumatic-company-ltd/kirlpnu/505283/,Kirloskar Pneumatic Co.Ltd.,9455.39
505299,KPT Industries Ltd,Active,X,5.0,INE731D01024,,KPT,Equity,https://www.bseindia.com/stock-share-price/kpt-industries-ltd/kpt/505299/,KPT INDUSTRIES LIMITED,172.84
505302,Lakshmi Engineering And Warehousing Ltd,Active,X,100.0,INE718M01022,,LAKSHMIEW,Equity,https://www.bseindia.com/stock-share-price/lakshmi-engineering-and-warehousing-ltd/lakshmiew/505302/,LAKSHMI ENGINEERING AND WAREHOUSING LIMITED,140.43
505324,Manugraph India Ltd,Active,T,2.0,INE867A01022,,MANUGRAPH,Equity,https://www.bseindia.com/stock-share-price/manugraph-india-ltd/manugraph/505324/,Manugraph India Ltd,48.66
505336,Harshil Agrotech Ltd,Active,XT,1.0,INE098E01026,,HARSHILAGR,Equity,https://www.bseindia.com/stock-share-price/harshil-agrotech-ltd/harshilagr/505336/,HARSHIL AGROTECH LIMITED,27.07
505343,Monotype India Ltd,Active,X,1.0,INE811D01024,,MONOT,Equity,https://www.bseindia.com/stock-share-price/monotype-india-ltd-/monot/505343/,Monotype India Ltd.,23.20
505355,NESCO Ltd,Active,A,2.0,INE317F01035,,NESCO,Equity,https://www.bseindia.com/stock-share-price/nesco-ltd/nesco/505355/,Nesco Ltd,7353.91
505358,Integra Engineering India Ltd,Active,XT,1.0,INE984B01023,,INTEGRAEN,Equity,https://www.bseindia.com/stock-share-price/integra-engineering-india-ltd/integraen/505358/,Integra Engineering India Ltd.,560.79
505368,Semac Construction Ltd,Active,T,10.0,INE617A01013,,SEMAC,Equity,https://www.bseindia.com/stock-share-price/semac-construction-ltd/semac/505368/,Semac Construction Limited,97.93
505400,Texmaco Infrastructure & Holdings Ltd,Active,B,1.0,INE435C01024,,TEXINFRA,Equity,https://www.bseindia.com/stock-share-price/texmaco-infrastructure--holdings-ltd/texinfra/505400/,Texmaco Infrastructure & Holdings Ltd,1433.55
505412,Wendt (India) Ltd,Active,B,10.0,INE274C01019,,WENDT,Equity,https://www.bseindia.com/stock-share-price/wendt-(india)-ltd/wendt/505412/,Wendt (India) Ltd.,1607.17
505502,PS IT Infrastructure & Services Ltd,Active,XT,10.0,INE953M01033,,PSITINFRA,Equity,https://www.bseindia.com/stock-share-price/ps-it-infrastructure--services-ltd/psitinfra/505502/,PS IT Infrastructure & Services Limited,7.53
505504,GHV Infra Projects Ltd,Active,X,5.0,INE809Q01020,,GHVINFRA,Equity,https://www.bseindia.com/stock-share-price/ghv-infra-projects-ltd/ghvinfra/505504/,GHV INFRA PROJECTS LIMITED,1999.36
505509,Responsive Industries Ltd,Active,B,1.0,INE688D01026,,RESPONIND,Equity,https://www.bseindia.com/stock-share-price/responsive-industries-ltd/responind/505509/,Responsive Industries Ltd,4568.34
505515,Shyamkamal Investments Ltd,Active,X,10.0,INE203N01015,,SHYMINV,Equity,https://www.bseindia.com/stock-share-price/shyamkamal-investments-ltd-/shyminv/505515/,Shyamkamal Investments Ltd.,31.35
505520,Hem Holdings & Trading Ltd,Active,XT,10.0,INE721U01011,,ZHEMHOLD,Equity,https://www.bseindia.com/stock-share-price/hem-holdings--trading-ltd/zhemhold/505520/,HEM Holdings and Trading Ltd.,2.55
505523,Maharashtra Corporation Ltd,Active,X,1.0,INE272E01027,,MAHACORP,Equity,https://www.bseindia.com/stock-share-price/maharashtra-corporation-ltd/mahacorp/505523/,Maharashtra Corporation Ltd.,19.25
505526,Dolat Algotech Ltd,Active,B,1.0,INE966A01022,,DOLATALGO,Equity,https://www.bseindia.com/stock-share-price/dolat-algotech-ltd/dolatalgo/505526/,DOLAT ALGOTECH LIMITED,1186.24
505533,Westlife Foodworld Ltd,Active,A,2.0,INE274F01020,,WESTLIFE,Equity,https://www.bseindia.com/stock-share-price/westlife-foodworld-ltd/westlife/505533/,WESTLIFE FOODWORLD LIMITED,8995.96
505537,Zee Entertainment Enterprises Ltd,Active,A,1.0,INE256A01028,,ZEEL,Equity,https://www.bseindia.com/stock-share-price/zee-entertainment-enterprises-ltd/zeel/505537/,Zee Entertainment Enterprises Ltd.,8884.80
505585,Kovalam Investment & Trading Company Ltd,Active,X,10.0,INE735U01011,,ZKOVALIN,Equity,https://www.bseindia.com/stock-share-price/kovalam-investment--trading-company-ltd-/zkovalin/505585/,Kovalam Inv. & Trading Co.Ltd.,3.14
505590,SVP Global Textiles Ltd,Active,T,1.0,INE308E01029,,SVPGLOB,Equity,https://www.bseindia.com/stock-share-price/svp-global-textiles-ltd/svpglob/505590/,SVP GLOBAL TEXTILES LIMITED,49.46
505594,Multiplus Holdings Ltd,Active,XT,10.0,INE886E01016,,MULTIIN,Equity,https://www.bseindia.com/stock-share-price/multiplus-holdings-ltd/multiin/505594/,Multiplus Holdings Ltd.,6.17
505650,Skyline Millars Ltd,Active,X,1.0,INE178E01026,,SKYLMILAR,Equity,https://www.bseindia.com/stock-share-price/skyline-millars-ltd/skylmilar/505650/,Skyline Millars Ltd,66.09
505681,Bimetal Bearings Ltd,Active,B,10.0,INE469A01019,,BIMETAL,Equity,https://www.bseindia.com/stock-share-price/bimetal-bearings-ltd/bimetal/505681/,Bimetal Bearings Ltd,254.34
505685,Taparia Tools Ltd,Active,X,10.0,INE614R01014,,TAPARIA,Equity,https://www.bseindia.com/stock-share-price/taparia-tools-ltd/taparia/505685/,Taparia Tools Ltd.,15.94
505688,Bharat Gears Ltd,Active,T,10.0,INE561C01019,,BHARATGEAR,Equity,https://www.bseindia.com/stock-share-price/bharat-gears-ltd/bharatgear/505688/,Bharat Gears Ltd.,165.45
505690,Brady & Morris Engineering Company Ltd,Active,X,10.0,INE856A01017,,BRADYM,Equity,https://www.bseindia.com/stock-share-price/brady--morris-engineering-company-ltd/bradym/505690/,Brady & Morris Engineering Co. Ltd.,165.51
505693,La Tim Metal & Industries Ltd,Active,X,1.0,INE501N01020,,LATIMMETAL,Equity,https://www.bseindia.com/stock-share-price/la-tim-metal--industries-ltd/latimmetal/505693/,La Tim Metal & Industries Limited,140.43
505700,Elecon Engineering Company Ltd,Active,A,1.0,INE205B01031,,ELECON,Equity,https://www.bseindia.com/stock-share-price/elecon-engineering-company-ltd/elecon/505700/,Elecon Engineering Co.Ltd.,10108.09
505710,Grauer & Weil India Ltd,Active,B,1.0,INE266D01021,,GRAUWEIL,Equity,https://www.bseindia.com/stock-share-price/grauer--weil-india-ltd/grauweil/505710/,Grauer & Weil (India) Ltd.,3144.41
505712,Him Teknoforge Ltd,Active,X,2.0,INE705G01021,,HIMTEK,Equity,https://www.bseindia.com/stock-share-price/him-teknoforge-ltd/himtek/505712/,HIM TEKNOFORGE LIMITED,276.41
505714,Gabriel India Ltd,Active,A,1.0,INE524A01029,,GABRIEL,Equity,https://www.bseindia.com/stock-share-price/gabriel-india-ltd/gabriel/505714/,Gabriel India Ltd.,22050.78
505720,Hercules Investments Ltd,Active,X,1.0,INE688E01024,,HERCULES,Equity,https://www.bseindia.com/stock-share-price/hercules-investments-ltd/hercules/505720/,Hercules Investments Limited,398.72
505725,Algoquant Fintech Ltd,Active,B,1.0,INE598D01035,,ALGOQUANT,Equity,https://www.bseindia.com/stock-share-price/algoquant-fintech-ltd/algoquant/505725/,ALGOQUANT FINTECH LIMITED,1874.91
505726,IFB Industries Ltd,Active,B,10.0,INE559A01017,,IFBIND,Equity,https://www.bseindia.com/stock-share-price/ifb-industries-ltd/ifbind/505726/,IFB Industries Limited,5844.43
505729,Singer India Ltd,Active,B,2.0,INE638A01035,,SINGERIND,Equity,https://www.bseindia.com/stock-share-price/singer-india-ltd/singerind/505729/,Singer India Limited,422.90
505737,International Combustion India Ltd,Active,X,10.0,INE403C01014,,INTLCOMBQ,Equity,https://www.bseindia.com/stock-share-price/international-combustion-india-ltd/intlcombq/505737/,International Combustion (India) Lt,121.39
505744,Federal-Mogul Goetze (India) Ltd,Active,B,10.0,INE529A01010,,FMGOETZE,Equity,https://www.bseindia.com/stock-share-price/federal-mogul-goetze-(india)-ltd/fmgoetze/505744/,Federal-Mogul Goetze (India) Ltd,2704.83
505750,Josts Engineering Company Ltd,Active,X,1.0,INE636D01041,,JOSTS,Equity,https://www.bseindia.com/stock-share-price/josts-engineering-company-ltd/josts/505750/,Josts Engineering Co. Ltd.,261.84
505790,Schaeffler India Ltd,Active,A,2.0,INE513A01022,,SCHAEFFLER,Equity,https://www.bseindia.com/stock-share-price/schaeffler-india-ltd/schaeffler/505790/,Schaeffler India Limited,63036.49
505797,Mipco Seamless Rings Gujarat Ltd,Active,XT,10.0,INE860N01012,,MPCOSEMB,Equity,https://www.bseindia.com/stock-share-price/mipco-seamless-rings-gujarat-ltd/mpcosemb/505797/,Mipco Seamless Rings (Gujarat) Ltd.,7.76
505800,Rane Holdings Ltd,Active,B,10.0,INE384A01010,,RANEHOLDIN,Equity,https://www.bseindia.com/stock-share-price/rane-holdings-ltd/raneholdin/505800/,Rane Holdings Ltd.,2508.68
505807,Rolcon Engineering Company Ltd,Active,P,10.0,INE775R01013,,ROLCOEN,Equity,https://www.bseindia.com/stock-share-price/rolcon-engineering-company-ltd/rolcoen/505807/,Rolcon Engineering Co. Ltd.,40.90
505827,SNL Bearings Ltd,Active,X,10.0,INE568F01017,,SNL,Equity,https://www.bseindia.com/stock-share-price/snl-bearings-ltd/snl/505827/,SNL Bearings Ltd.,139.08
505840,Jaipan Industries Ltd,Active,X,10.0,INE058D01030,,JAIPAN,Equity,https://www.bseindia.com/stock-share-price/jaipan-industries-ltd/jaipan/505840/,Jaipan Industries Ltd,22.49
505850,Mangal Credit and Fincorp Ltd,Active,B,10.0,INE545L01039,,MANCREDIT,Equity,https://www.bseindia.com/stock-share-price/mangal-credit-and-fincorp-ltd/mancredit/505850/,Mangal Credit and Fincorp Limited,532.92
505854,TRF Ltd,Active,B,10.0,INE391D01019,,TRF,Equity,https://www.bseindia.com/stock-share-price/trf-ltd/trf/505854/,TRF Ltd,255.98
505872,WPIL Ltd,Active,B,1.0,INE765D01022,,WPIL,Equity,https://www.bseindia.com/stock-share-price/wpil-ltd/wpil/505872/,WPIL Ltd,4291.65
505890,Kennametal India Ltd,Active,B,10.0,INE717A01029,,KENNAMET,Equity,https://www.bseindia.com/stock-share-price/kennametal-india-ltd/kennamet/505890/,Kennametal India Limtied,6872.93
505893,Hindustan Hardy Ltd,Active,X,10.0,INE724D01011,,HINDHARD,Equity,https://www.bseindia.com/stock-share-price/hindustan-hardy-ltd/hindhard/505893/,HINDUSTAN HARDY LIMITED,113.66
505978,Triton Valves Ltd,Active,X,10.0,INE440G01017,,TRITONV,Equity,https://www.bseindia.com/stock-share-price/triton-valves-ltd/tritonv/505978/,Triton Valves Ltd.,541.82
506003,Sudal Industries Ltd,Active,X,10.0,INE618D01015,,SUDAI,Equity,https://www.bseindia.com/stock-share-price/sudal-industries-ltd/sudai/506003/,Sudal Industries Limited,24.68
506022,Prakash Industries Ltd,Active,B,10.0,INE603A01013,,PRAKASH,Equity,https://www.bseindia.com/stock-share-price/prakash-industries-ltd/prakash/506022/,Prakash Industries Ltd.,2307.47
506024,Hariyana Ventures Ltd,Active,ZP,10.0,INE219D01012,,HVL,Equity,https://www.bseindia.com/stock-share-price/hariyana-ventures-ltd/hvl/506024/,HARIYANA VENTURES LIMITED,12.13
506042,Prabhu Steel Industries Ltd,Active,XT,10.0,INE821R01015,,ZPRBHSTE,Equity,https://www.bseindia.com/stock-share-price/prabhu-steel-industries-ltd/zprbhste/506042/,Prabhu Steel Industries Ltd.,12.85
506074,Arshiya Ltd,Active,Z,2.0,INE968D01022,,ARSHIYA,Equity,https://www.bseindia.com/stock-share-price/arshiya-ltd/arshiya/506074/,Arshiya Limited,24.77
506076,Grindwell Norton Ltd,Active,A,5.0,INE536A01023,,GRINDWELL,Equity,https://www.bseindia.com/stock-share-price/grindwell-norton-ltd/grindwell/506076/,Grindwell Norton Ltd.,23290.51
506079,Lakshmi Precision Screws Ltd,Active,Z,10.0,INE651C01018,,LAKPRE,Equity,https://www.bseindia.com/stock-share-price/lakshmi-precision-screws-ltd/lakpre/506079/,Lakshmi Precision Screws Ltd.,5.28
506105,Stanrose Mafatlal Investments & Finance Ltd,Active,X,10.0,INE441L01015,,STANROS,Equity,https://www.bseindia.com/stock-share-price/stanrose-mafatlal-investments--finance-ltd/stanros/506105/,Stanrose Mafatlal Investments & Fin,28.57
506109,Genesys International Corporation Ltd,Active,B,5.0,INE727B01026,,GENESYS,Equity,https://www.bseindia.com/stock-share-price/genesys-international-corporation-ltd/genesys/506109/,Genesys International Corporation Ltd.,1528.86
506120,Alna Trading & Exports Ltd,Active,P,10.0,INE07I701011,,ALNATRD,Equity,https://www.bseindia.com/stock-share-price/alna-trading--exports-ltd/alnatrd/506120/,Alna Trading & Exports Ltd.,0.58
506122,Kairosoft AI Solutions Ltd,Active,XT,10.0,INE820M01018,,VOLKAI,Equity,https://www.bseindia.com/stock-share-price/kairosoft-ai-solutions-ltd/volkai/506122/,Kairosoft AI Solutions Limited,12.70
506128,Parnax Lab Ltd,Active,X,10.0,INE383L01019,,PARNAXLAB,Equity,https://www.bseindia.com/stock-share-price/parnax-lab-ltd/parnaxlab/506128/,Parnax Lab Limited,147.02
506134,Gourmet Gateway India Ltd,Active,XT,1.0,INE512D01028,,GOURMET,Equity,https://www.bseindia.com/stock-share-price/gourmet-gateway-india-ltd/gourmet/506134/,GOURMET GATEWAY INDIA LIMITED,161.66
506146,Visagar Polytex Ltd,Active,B,1.0,INE370E01029,,VIVIDHA,Equity,https://www.bseindia.com/stock-share-price/visagar-polytex-ltd/vividha/506146/,Visagar Polytex Ltd,15.22
506161,Ishwarshakti Holdings & Traders Ltd,Active,XT,10.0,INE073I01012,,ISHWATR,Equity,https://www.bseindia.com/stock-share-price/ishwarshakti-holdings--traders-ltd/ishwatr/506161/,Ishwarshakti Holdings & Traders Ltd,0.72
506162,Terraform Magnum Ltd,Active,P,10.0,INE122V01010,,TERRAFORM,Equity,https://www.bseindia.com/stock-share-price/terraform-magnum-ltd/terraform/506162/,Terraform Magnum Limited,
506166,Apis India Ltd,Active,B,10.0,INE070K01014,,APIS,Equity,https://www.bseindia.com/stock-share-price/apis-india-ltd/apis/506166/,Apis India Ltd,792.76
506178,Velox Shipping and Logistics Ltd,Active,XT,10.0,INE092P01017,,VELOX,Equity,https://www.bseindia.com/stock-share-price/velox-shipping-and-logistics-ltd/velox/506178/,Velox Shipping and Logistics Limited,13.56
506180,Emergent Industrial Solutions Ltd,Active,XT,10.0,INE668L01013,,EMERGENT,Equity,https://www.bseindia.com/stock-share-price/emergent-industrial-solutions-ltd/emergent/506180/,EMERGENT INDUSTRIAL SOLUTIONS LIMITED,182.76
506184,Kanani Industries Ltd,Active,B,1.0,INE879E01037,,KANANIIND,Equity,https://www.bseindia.com/stock-share-price/kanani-industries-ltd/kananiind/506184/,Kanani Industries Ltd,30.08
506186,Galaxy Supermarket Ltd,Active,X,10.0,INE403B01016,,GSLTD,Equity,https://www.bseindia.com/stock-share-price/galaxy-supermarket-ltd/gsltd/506186/,GALAXY SUPERMARKET LIMITED,91.99
506190,Sarvamangal Mercantile Company Ltd,Active,XT,10.0,INE978L01016,,ZSARVAMA,Equity,https://www.bseindia.com/stock-share-price/sarvamangal-mercantile-company-ltd-/zsarvama/506190/,Sarvamangal Mercantile Co. Ltd.,1.31
506194,Arihant Superstructures Ltd,Active,B,10.0,INE643K01018,,ARIHANTSUP,Equity,https://www.bseindia.com/stock-share-price/arihant-superstructures-ltd/arihantsup/506194/,Arihant Superstructures Limited,1163.42
506196,Viksit Engineering Ltd,Active,XT,10.0,INE965V01020,,VIKSHEN,Equity,https://www.bseindia.com/stock-share-price/viksit-engineering-ltd/vikshen/506196/,Viksit Engineering Ltd,0.11
506197,Bliss GVS Pharma Ltd,Active,T,1.0,INE416D01022,,BLISSGVS,Equity,https://www.bseindia.com/stock-share-price/bliss-gvs-pharma-ltd/blissgvs/506197/,Bliss GVS Pharma Limited,5244.20
506222,Styrenix Performance Materials Ltd,Active,B,10.0,INE189B01011,,STYRENIX,Equity,https://www.bseindia.com/stock-share-price/styrenix-performance-materials-ltd/styrenix/506222/,Styrenix Performance Materials Limited,4020.25
506235,Alembic Ltd,Active,B,2.0,INE426A01027,,ALEMBICLTD,Equity,https://www.bseindia.com/stock-share-price/alembic-ltd/alembicltd/506235/,Alembic  Ltd,2227.33
506248,Amines & Plasticizers Ltd,Active,B,2.0,INE275D01022,,AMNPLST,Equity,https://www.bseindia.com/stock-share-price/amines--plasticizers-ltd/amnplst/506248/,Amines & Plasticizers Ltd,1069.31
506260,Anuh Pharma Ltd,Active,B,5.0,INE489G01022,,ANUHPHR,Equity,https://www.bseindia.com/stock-share-price/anuh-pharma-ltd/anuhphr/506260/,Anuh Pharma Ltd.,790.67
506261,Modison Ltd,Active,T,1.0,INE737D01021,,MODISONLTD,Equity,https://www.bseindia.com/stock-share-price/modison-ltd/modisonltd/506261/,MODISON LIMITED,908.60
506285,Bayer CropScience Ltd,Active,A,10.0,INE462A01022,,BAYERCROP,Equity,https://www.bseindia.com/stock-share-price/bayer-cropscience-ltd/bayercrop/506285/,Bayer CropScience Limited.,18943.32
506365,Star Source Multi Trade Ltd,Active,X,10.0,INE320M01019,,STARSOURCE,Equity,https://www.bseindia.com/stock-share-price/star-source-multi-trade-ltd/starsource/506365/,STARSOURCE MULTITRADE LIMITED,11.00
506390,Sudarshan Colorants India Ltd,Active,B,10.0,INE492A01029,,SUDARCOLOR,Equity,https://www.bseindia.com/stock-share-price/sudarshan-colorants-india-ltd/sudarcolor/506390/,Sudarshan Colorants India Limited,994.36
506395,Coromandel International Ltd,Active,A,1.0,INE169A01031,,COROMANDEL,Equity,https://www.bseindia.com/stock-share-price/coromandel-international-ltd/coromandel/506395/,Coromandel International Limited,61242.46
506401,Deepak Nitrite Ltd,Active,A,2.0,INE288B01029,,DEEPAKNTR,Equity,https://www.bseindia.com/stock-share-price/deepak-nitrite-ltd/deepakntr/506401/,Deepak Nitrite Limited,23864.69
506405,DMCC Speciality Chemicals Ltd,Active,B,10.0,INE505A01010,,DMCC,Equity,https://www.bseindia.com/stock-share-price/dmcc-speciality-chemicals-ltd/dmcc/506405/,DMCC SPECIALITY CHEMICALS LIMITED,697.32
506414,Fermenta Biotech Ltd,Active,B,5.0,INE225B01021,,FERMENTA,Equity,https://www.bseindia.com/stock-share-price/fermenta-biotech-ltd/fermenta/506414/,FERMENTA BIOTECH LIMITED,1623.41
506480,GOCL Corporation Ltd,Active,B,2.0,INE077F01035,,GOCLCORP,Equity,https://www.bseindia.com/stock-share-price/gocl-corporation-ltd/goclcorp/506480/,GOCL Corporation Limited,2032.98
506520,Jayshree Chemicals Ltd,Active,X,10.0,INE693E01016,,JAYCH,Equity,https://www.bseindia.com/stock-share-price/jayshree-chemicals-ltd/jaych/506520/,Jayshree Chemicals Ltd.,17.71
506525,Kanoria Chemicals & Industries Ltd,Active,T,5.0,INE138C01024,,KANORICHEM,Equity,https://www.bseindia.com/stock-share-price/kanoria-chemicals--industries-ltd/kanorichem/506525/,Kanoria Chemicals & Industries Ltd.,664.58
506528,KELTECH Energies Ltd,Active,XT,10.0,INE881E01017,,KELENRG,Equity,https://www.bseindia.com/stock-share-price/keltech-energies-ltd/kelenrg/506528/,Keltech Energies Ltd.,928.58
506530,Kemp & Company Ltd,Active,X,10.0,INE060E01018,,KEMP,Equity,https://www.bseindia.com/stock-share-price/kemp--company-ltd/kemp/506530/,Kemp & Company Limited,116.69
506532,Nitta Gelatin India Ltd,Active,B,10.0,INE265B01019,,NITTAGELA,Equity,https://www.bseindia.com/stock-share-price/nitta-gelatin-india-ltd/nittagela/506532/,Nitta Gelatin India Ltd,1542.32
506543,MP Agro Industries Ltd,Active,X,10.0,INE468C01017,,MPAGI,Equity,https://www.bseindia.com/stock-share-price/mp-agro-industries-ltd/mpagi/506543/,M.P. Agro Industries Ltd.,4.83
506579,AG Ventures Ltd,Active,X,10.0,INE321D01016,,AGVENTURES,Equity,https://www.bseindia.com/stock-share-price/ag-ventures-ltd/agventures/506579/,AG VENTURES LIMITED,118.63
506580,PB Global Ltd,Active,XT,10.0,INE615W01011,,PBGLOBAL,Equity,https://www.bseindia.com/stock-share-price/pb-global-ltd/pbglobal/506580/,PB Global Limited,
506590,PCBL Chemical Ltd,Active,A,1.0,INE602A01031,,PCBL,Equity,https://www.bseindia.com/stock-share-price/pcbl-chemical-ltd/pcbl/506590/,PCBL Chemical Limited,12783.60
506597,Amal Ltd,Active,X,10.0,INE841D01013,,AMAL,Equity,https://www.bseindia.com/stock-share-price/amal-ltd/amal/506597/,Amal Ltd,931.22
506605,Polychem Ltd,Active,X,10.0,INE752B01024,,POLYCHEM,Equity,https://www.bseindia.com/stock-share-price/polychem-ltd/polychem/506605/,Polychem Ltd,82.22
506618,Punjab Chemicals & Crop Protection Ltd,Active,B,10.0,INE277B01014,,PUNJABCHEM,Equity,https://www.bseindia.com/stock-share-price/punjab-chemicals--crop-protection-ltd/punjabchem/506618/,Punjab Chemicals and Crop Protection Ltd.,1350.50
506640,ZR2 Bioenergy Ltd,Active,X,1.0,INE218N01021,,ZR2,Equity,https://www.bseindia.com/stock-share-price/zr2-bioenergy-ltd/zr2/506640/,ZR2 BIOENERGY LIMITED,33.90
506642,Sadhana Nitro Chem Ltd,Active,T,1.0,INE888C01040,,SADHNANIQ,Equity,https://www.bseindia.com/stock-share-price/sadhana-nitro-chem-ltd/sadhnaniq/506642/,Sadhana Nitrochem Ltd.,868.66
506655,Sudarshan Chemical Industries Ltd,Active,A,2.0,INE659A01023,,SUDARSCHEM,Equity,https://www.bseindia.com/stock-share-price/sudarshan-chemical-industries-ltd/sudarschem/506655/,Sudarshan Chemical Indus. Ltd.,8874.25
506680,Tecil Chemicals & Hydro Power Ltd,Active,B,10.0,INE014B01011,,TECILCHEM,Equity,https://www.bseindia.com/stock-share-price/tecil-chemicals--hydro-power-ltd/tecilchem/506680/,Tecil Chemicals & Hydro Power Limit,17.83
506685,Ultramarine & Pigments Ltd,Active,B,2.0,INE405A01021,,ULTRAMAR,Equity,https://www.bseindia.com/stock-share-price/ultramarine--pigments-ltd/ultramar/506685/,Ultramarine & Pigments Ltd.,1136.61
506687,Transpek Industry Ltd,Active,B,10.0,INE687A01016,,TRANSPEK,Equity,https://www.bseindia.com/stock-share-price/transpek-industry-ltd/transpek/506687/,Transpek Industry Ltd.,739.59
506690,Unichem Laboratories Ltd,Active,B,2.0,INE351A01035,,UNICHEMLAB,Equity,https://www.bseindia.com/stock-share-price/unichem-laboratories-ltd/unichemlab/506690/,Unichem Laboratories Ltd.,3494.59
506734,Mysore Petro Chemicals Ltd,Active,X,10.0,INE741A01011,,MYSORPETRO,Equity,https://www.bseindia.com/stock-share-price/mysore-petro-chemicals-ltd/mysorpetro/506734/,Mysore Petro Chemicals Ltd.,64.85
506767,Alkyl Amines Chemicals Ltd,Active,A,2.0,INE150B01039,,ALKYLAMINE,Equity,https://www.bseindia.com/stock-share-price/alkyl-amines-chemicals-ltd/alkylamine/506767/,Alkyl Amines Chemicals Ltd.,9831.83
506808,Tuticorin Alkali Chemicals And Fertilizers Ltd,Active,X,10.0,INE400A01014,,TUTIALKA,Equity,https://www.bseindia.com/stock-share-price/tuticorin-alkali-chemicals-and-fertilizers-ltd/tutialka/506808/,TUTICORIN ALKALI CHEMICALS AND FERTILIZERS LIMITED,743.08
506820,AstraZeneca Pharma India Ltd,Active,A,2.0,INE203A01020,,ASTRAZEN,Equity,https://www.bseindia.com/stock-share-price/astrazeneca-pharma-india-ltd/astrazen/506820/,AstraZeneca Pharma India Ltd.,20228.38
506852,Primo Chemicals Ltd,Active,B,2.0,INE607A01022,,PRIMO,Equity,https://www.bseindia.com/stock-share-price/primo-chemicals-ltd/primo/506852/,Primo Chemicals Limited,582.59
506854,TANFAC Industries Ltd,Active,B,5.0,INE639B01023,,TANFACIND,Equity,https://www.bseindia.com/stock-share-price/tanfac-industries-ltd/tanfacind/506854/,TANFAC Industries Ltd.,6547.62
506858,Gujarat Petrosynthese Ltd,Active,X,10.0,INE636P01011,,GUJPETR,Equity,https://www.bseindia.com/stock-share-price/gujarat-petrosynthese-ltd/gujpetr/506858/,Gujarat Petrosynthese Ltd.,32.53
506863,Swadeshi Industries & Leasing Ltd,Active,X,10.0,INE716M01034,,SWADEIN,Equity,https://www.bseindia.com/stock-share-price/swadeshi-industries--leasing-ltd/swadein/506863/,Swadeshi Industries Leasing Co. Ltd,96.13
506879,Gujarat Themis Biosyn Ltd,Active,B,1.0,INE942C01045,,GUJTHEM,Equity,https://www.bseindia.com/stock-share-price/gujarat-themis-biosyn-ltd/gujthem/506879/,Gujarat Themis Biosyn Ltd.,3933.10
506919,Makers Laboratories Ltd,Active,X,10.0,INE987A01010,,MAKERSL,Equity,https://www.bseindia.com/stock-share-price/makers-laboratories-ltd/makersl/506919/,Makers Laboratories Ltd.,97.89
506935,Continental Chemicals Ltd,Active,X,10.0,INE423K01015,,CONTCHM,Equity,https://www.bseindia.com/stock-share-price/continental-chemicals-ltd/contchm/506935/,Continental Chemicals Ltd.,13.04
506945,Indo Gulf Industries Ltd,Active,P,1.0,INE684U01011,,IGLFXPL-B,Equity,https://www.bseindia.com/stock-share-price/indo-gulf-industries-ltd/iglfxpl-b/506945/,Indo Gulf Industries  Ltd.,2.59
506947,Advance Petrochemicals Ltd,Active,XT,10.0,INE334N01018,,ADVPETR-B,Equity,https://www.bseindia.com/stock-share-price/advance-petrochemicals-ltd/advpetr-b/506947/,Advance Petrochemicals Ltd.,14.04
506975,Rajasthan Petro Synthetics Ltd,Active,P,10.0,INE374C01017,,RAJSPTR,Equity,https://www.bseindia.com/stock-share-price/rajasthan-petro-synthetics-ltd/rajsptr/506975/,Rajasthan Petro Synthetics Ltd.,19.05
506979,Apt Packaging Ltd,Active,X,10.0,INE046E01025,,APTPACK,Equity,https://www.bseindia.com/stock-share-price/apt-packaging-ltd/aptpack/506979/,Apt Packaging Ltd,73.23
506981,Bluechip Tex Industries Ltd,Active,X,10.0,INE472D01017,,BLUECHIPT,Equity,https://www.bseindia.com/stock-share-price/bluechip-tex-industries-ltd/bluechipt/506981/,Blue Chip Tex Industries Ltd.,24.63
507155,Jagatjit Industries Ltd,Active,X,10.0,INE574A01016,,JAGAJITIND,Equity,https://www.bseindia.com/stock-share-price/jagatjit-industries-ltd/jagajitind/507155/,Jagatjit Industries Ltd.,682.84
507180,Kesar Enterprises Ltd,Active,X,1.0,INE133B01027,,KESARENT,Equity,https://www.bseindia.com/stock-share-price/kesar-enterprises-ltd/kesarent/507180/,Kesar Enterprises Ltd.,57.96
507205,Tilaknagar Industries Ltd,Active,A,10.0,INE133E01013,,TI,Equity,https://www.bseindia.com/stock-share-price/tilaknagar-industries-ltd/ti/507205/,Tilaknagar Industries Ltd,12054.45
507265,Emerald Leisures Ltd,Active,X,5.0,INE044N01021,,EMERALL,Equity,https://www.bseindia.com/stock-share-price/emerald-leisures-ltd/emerall/507265/,Emerald Leisures Limited,284.60
507300,The Ravalgaon Sugar Farm Ltd,Active,X,10.0,INE615A01025,,RAVALSUGAR,Equity,https://www.bseindia.com/stock-share-price/the-ravalgaon-sugar-farm-ltd/ravalsugar/507300/,The Ravalgaon Sugar Farm Limited,33.97
507315,Sakthi Sugars Ltd,Active,B,10.0,INE623A01011,,SAKHTISUG,Equity,https://www.bseindia.com/stock-share-price/sakthi-sugars-ltd/sakhtisug/507315/,Sakthi Sugars Ltd.,207.39
507410,Walchandnagar Industries Ltd,Active,B,2.0,INE711A01022,,WALCHANNAG,Equity,https://www.bseindia.com/stock-share-price/walchandnagar-industries-ltd/walchannag/507410/,Walchandnagar Industries Ltd,1570.54
507438,IFB Agro Industries Ltd,Active,T,10.0,INE076C01018,,IFBAGRO,Equity,https://www.bseindia.com/stock-share-price/ifb-agro-industries-ltd/ifbagro/507438/,IFB Agro Industries Ltd,900.37
507474,Kothari Fermentation & Biochem Ltd,Active,X,10.0,INE991B01010,,KFBL,Equity,https://www.bseindia.com/stock-share-price/kothari-fermentation--biochem-ltd/kfbl/507474/,Kothari Fermanatation & Biochem Ltd,66.17
507486,Caprolactam Chemicals Ltd,Active,X,10.0,INE470N01010,,CAPRO,Equity,https://www.bseindia.com/stock-share-price/caprolactam-chemicals-ltd/capro/507486/,Caprolactam Chemicals ltd.,22.91
507488,GM Breweries Ltd,Active,B,10.0,INE075D01018,,GMBREW,Equity,https://www.bseindia.com/stock-share-price/gm-breweries-ltd/gmbrew/507488/,G.M. Breweries Ltd.,2073.36
507490,Rana Sugars Ltd,Active,B,10.0,INE625B01014,,RANASUG,Equity,https://www.bseindia.com/stock-share-price/rana-sugars-ltd/ranasug/507490/,Rana Sugars Ltd.,198.26
507498,Piccadily Sugar & Allied Industries Ltd,Active,X,10.0,INE544C01023,,PICCASUG,Equity,https://www.bseindia.com/stock-share-price/piccadily-sugar--allied-industries-ltd/piccasug/507498/,Piccadily Sugar  & Allied Ltd.,80.95
507514,Som Distilleries & Breweries Ltd,Active,B,2.0,INE480C01038,,SDBL,Equity,https://www.bseindia.com/stock-share-price/som-distilleries--breweries-ltd/sdbl/507514/,Som Distilleries & Breweries Ltd.,1460.63
507515,CJ Gelatine Products Ltd,Active,XT,10.0,INE557D01015,,CJGEL,Equity,https://www.bseindia.com/stock-share-price/cj-gelatine-products-ltd/cjgel/507515/,C.J. Gelatine Products Ltd.,8.98
507526,Associated Alcohols & Breweries Ltd,Active,B,10.0,INE073G01016,,ASALCBR,Equity,https://www.bseindia.com/stock-share-price/associated-alcohols--breweries-ltd/asalcbr/507526/,Associated Alcohols & Breweries Ltd,1538.07
507530,Thakkers Group Ltd,Active,X,10.0,INE04VT01017,,THAKKERS,Equity,https://www.bseindia.com/stock-share-price/thakkers-group-ltd/thakkers/507530/,THAKKERS GROUP LIMITED,4.45
507543,Coromandel Agro Products & Oils Ltd,Active,P,10.0,INE495D01018,,CORAGRO,Equity,https://www.bseindia.com/stock-share-price/coromandel-agro-products--oils-ltd/coragro/507543/,Coromandel Agro Products & Oils Ltd,0.20
507552,Foods & Inns Ltd,Active,B,1.0,INE976E01023,,FOODSIN,Equity,https://www.bseindia.com/stock-share-price/foods--inns-ltd/foodsin/507552/,Foods & Inns Ltd.,389.72
507580,IVP Ltd,Active,T,10.0,INE043C01018,,IVP,Equity,https://www.bseindia.com/stock-share-price/ivp-ltd/ivp/507580/,IVP Ltd.,163.83
507598,Kovilpatti Lakshmi Roller Flour Mills Ltd,Active,X,10.0,INE014E01015,,KLRFM,Equity,https://www.bseindia.com/stock-share-price/kovilpatti-lakshmi-roller-flour-mills-ltd/klrfm/507598/,KOVILPATTI LAKSHMI ROLLER FLOUR MILLS  LTD,80.65
507609,Olympic Oil Industries Ltd,Active,X,10.0,INE286E01019,,OLYOI,Equity,https://www.bseindia.com/stock-share-price/olympic-oil-industries-ltd/olyoi/507609/,Olympic Oil Industries Ltd.,6.60
507621,Milkfood Ltd,Active,X,5.0,INE588G01021,,MLKFOOD,Equity,https://www.bseindia.com/stock-share-price/milkfood-ltd/mlkfood/507621/,Milkfood Ltd.,183.75
507645,Polson Ltd,Active,X,50.0,INE339F01021,,POLSON,Equity,https://www.bseindia.com/stock-share-price/polson-ltd/polson/507645/,Polson Ltd.,149.33
507663,Signature Green Corporation Ltd,Active,X,10.0,INE131O01024,,SIGNGCL,Equity,https://www.bseindia.com/stock-share-price/signature-green-corporation-ltd/signgcl/507663/,SIGNATURE GREEN CORPORATION LIMITED,1.79
507685,Wipro Ltd,Active,A,2.0,INE075A01022,,WIPRO,Equity,https://www.bseindia.com/stock-share-price/wipro-ltd/wipro/507685/,Wipro  Ltd.,184120.14
507690,Orient Beverages Ltd,Active,X,10.0,INE247F01018,,ORIBEVER,Equity,https://www.bseindia.com/stock-share-price/orient-beverages-ltd/oribever/507690/,Orient Beverages Ltd.,40.21
507717,Dhanuka Agritech Ltd,Active,B,2.0,INE435G01025,,DHANUKA,Equity,https://www.bseindia.com/stock-share-price/dhanuka-agritech-ltd/dhanuka/507717/,Dhanuka Agritech Ltd.,4537.40
507747,TTK Healthcare Ltd,Active,B,10.0,INE910C01018,,TTKHLTCARE,Equity,https://www.bseindia.com/stock-share-price/ttk-healthcare-ltd/ttkhltcare/507747/,TTK Healthcare Ltd.,1544.52
507753,TGV Sraac Ltd,Active,B,10.0,INE284B01028,,TGVSL,Equity,https://www.bseindia.com/stock-share-price/tgv-sraac-ltd/tgvsl/507753/,TGV SRAAC LIMITED,1150.68
507759,Lime Chemicals Ltd,Active,X,10.0,INE891G01011,,LIMECHM,Equity,https://www.bseindia.com/stock-share-price/lime-chemicals-ltd/limechm/507759/,Lime Chemicals Ltd.,9.11
507779,Kanpur Plastipack Ltd,Active,B,10.0,INE694E01014,,KANPRPLA,Equity,https://www.bseindia.com/stock-share-price/kanpur-plastipack-ltd/kanprpla/507779/,Kanpur Plastipack Limited,510.51
507785,Tainwala Chemicals and Plastics (India) Ltd,Active,B,10.0,INE123C01018,,TAINWALCHM,Equity,https://www.bseindia.com/stock-share-price/tainwala-chemicals-and-plastics-(india)-ltd/tainwalchm/507785/,Tainwala Chemicals & Plastics Ltd,194.77
507789,Jagsonpal Pharmaceuticals Ltd,Active,B,2.0,INE048B01035,,JAGSNPHARM,Equity,https://www.bseindia.com/stock-share-price/jagsonpal-pharmaceuticals-ltd/jagsnpharm/507789/,Jagsonpal Pharmaceuticals Limited,1566.48
507794,Khaitan Chemicals & Fertilizers Ltd,Active,B,1.0,INE745B01028,,KHAICHEM,Equity,https://www.bseindia.com/stock-share-price/khaitan-chemicals--fertilizers-ltd/khaichem/507794/,Khaitan Chemicals & Fertilizers Ltd,517.53
507808,United Leasing & Industries Ltd,Active,P,10.0,INE357P01014,,UNTTEMI,Equity,https://www.bseindia.com/stock-share-price/united-leasing--industries-ltd/unttemi/507808/,United Leasing & Industries Ltd,10.73
507813,National Oxygen Ltd,Active,X,10.0,INE296D01010,,NOL,Equity,https://www.bseindia.com/stock-share-price/national-oxygen-ltd/nol/507813/,National Oxygen Ltd.,29.73
507815,Gillette India Ltd,Active,A,10.0,INE322A01010,,GILLETTE,Equity,https://www.bseindia.com/stock-share-price/gillette-india-ltd/gillette/507815/,Gillette India Ltd.,25077.26
507817,Wires & Fabriks SA Ltd,Active,X,10.0,INE469D01013,,WIREFABR,Equity,https://www.bseindia.com/stock-share-price/wires--fabriks-sa-ltd/wirefabr/507817/,Wires & Fabriks (SA) Ltd.,40.95
507828,Ansal Housing Ltd,Active,X,10.0,INE880B01015,,ANSALHSG,Equity,https://www.bseindia.com/stock-share-price/ansal-housing-ltd/ansalhsg/507828/,ANSAL HOUSING LIMITED,39.20
507833,Computer Point Ltd,Active,X,10.0,INE607B01012,,COMPUPN,Equity,https://www.bseindia.com/stock-share-price/computer-point-ltd/compupn/507833/,Computer Point Ltd.,10.20
507836,Mac Charles India Ltd,Active,B,10.0,INE435D01014,,MCCHRLS-B,Equity,https://www.bseindia.com/stock-share-price/mac-charles-india-ltd/mcchrls-b/507836/,Mac Charles (India) Ltd.,902.95
507852,Addi Industries Ltd,Active,X,5.0,INE757C01021,,ADDIND,Equity,https://www.bseindia.com/stock-share-price/addi-industries-ltd/addind/507852/,Addi Industries Ltd.,90.42
507864,Pioneer Investcorp Ltd,Active,T,10.0,INE746D01014,,PIONRINV,Equity,https://www.bseindia.com/stock-share-price/pioneer-investcorp-ltd/pionrinv/507864/,Pioneer Investcorp Ltd,105.75
507872,Ashnoor Textile Mills Ltd,Active,X,10.0,INE372I01018,,ASHNOOR,Equity,https://www.bseindia.com/stock-share-price/ashnoor-textile-mills-ltd/ashnoor/507872/,Ashnoor Textiles Mills Ltd.,65.64
507878,Unitech Ltd,Active,B,2.0,INE694A01020,,UNITECH,Equity,https://www.bseindia.com/stock-share-price/unitech-ltd/unitech/507878/,Unitech Ltd.,1085.07
507880,VIP Industries Ltd,Active,A,2.0,INE054A01027,,VIPIND,Equity,https://www.bseindia.com/stock-share-price/vip-industries-ltd/vipind/507880/,V.I.P. Industries Ltd.,4471.08
507910,Fiberweb India Ltd,Active,B,10.0,INE296C01020,,FIBERWEB,Equity,https://www.bseindia.com/stock-share-price/fiberweb-india-ltd/fiberweb/507910/,FIBERWEB (INDIA) LTD.,83.38
507912,Gyftr Ltd,Active,B,10.0,INE724A01017,,GYFTR,Equity,https://www.bseindia.com/stock-share-price/gyftr-ltd/gyftr/507912/,GYFTR LIMITED,1228.16
507917,East Buildtech Ltd,Active,XT,10.0,INE706N01017,,EASTBUILD,Equity,https://www.bseindia.com/stock-share-price/east-buildtech-ltd/eastbuild/507917/,East Buildtech Limited,9.43
507938,Manipal Finance Corporation Ltd,Active,P,10.0,INE798E01013,,MNPLFIN,Equity,https://www.bseindia.com/stock-share-price/manipal-finance-corporation-ltd/mnplfin/507938/,Manipal Finance Corporation Ltd.,13.25
507944,Bajaj Steel Industries Ltd,Active,B,5.0,INE704G01024,,BAJAJST,Equity,https://www.bseindia.com/stock-share-price/bajaj-steel-industries-ltd/bajajst/507944/,Bajaj Steel Industries Ltd.,807.46
507946,Kiduja India Ltd,Active,X,1.0,INE845A01028,,KIDUJA,Equity,https://www.bseindia.com/stock-share-price/kiduja-india-ltd/kiduja/507946/,Kiduja  India  Ltd,37.20
507948,Key Corporation Ltd,Active,X,10.0,INE130F01016,,KEYCORP,Equity,https://www.bseindia.com/stock-share-price/key-corporation-ltd/keycorp/507948/,Key Corp Ltd,47.22
507952,Shikhar Leasing & Trading Ltd,Active,XT,10.0,INE02BV01019,,SHIKHARLETR,Equity,https://www.bseindia.com/stock-share-price/shikhar-leasing--trading-ltd/shikharletr/507952/,Shikhar Leasing and Trading Ltd.,0.40
507960,Gujarat Hotels Ltd,Active,X,10.0,INE621C01011,,GUJHOTE,Equity,https://www.bseindia.com/stock-share-price/gujarat-hotels-ltd/gujhote/507960/,Gujarat Hotels Ltd.,71.09
507962,Fynx Capital Ltd,Active,X,1.0,INE455H01021,,FYNX,Equity,https://www.bseindia.com/stock-share-price/fynx-capital-ltd/fynx/507962/,FYNX CAPITAL LIMITED,100.40
507966,Ras Resorts & Apart Hotels Ltd,Active,X,10.0,INE651D01016,,RASRESOR,Equity,https://www.bseindia.com/stock-share-price/ras-resorts--apart-hotels-ltd/rasresor/507966/,Ras Resorts & Apart Hotels Ltd.,21.83
507968,Jolly Plastic Industries Ltd,Active,XT,10.0,INE289M01016,,JOLYPLS,Equity,https://www.bseindia.com/stock-share-price/jolly-plastic-industries-ltd/jolypls/507968/,Jolly Plastic Industries Ltd.,101.89
507970,Paramount Cosmetics India Ltd,Active,X,10.0,INE143I01013,,PARMCOS-B,Equity,https://www.bseindia.com/stock-share-price/paramount-cosmetics-india-ltd/parmcos-b/507970/,Paramount Cosmetics (India) Ltd,18.45
507981,Jindal Hotels Ltd,Active,X,10.0,INE726D01016,,JINDHOT,Equity,https://www.bseindia.com/stock-share-price/jindal-hotels-ltd/jindhot/507981/,Jindal Hotels Ltd.,44.11
507987,Jupiter Industries & Leasing Ltd,Active,P,10.0,INE990E01016,,JPTRLES,Equity,https://www.bseindia.com/stock-share-price/jupiter-industries--leasing-ltd/jptrles/507987/,Jupiter Industries & Leasing Ltd.,0.40
507998,Simmonds Marshall Ltd,Active,X,2.0,INE657D01021,,SIMMOND,Equity,https://www.bseindia.com/stock-share-price/simmonds-marshall-ltd/simmond/507998/,Simmonds-Marshall Ltd,235.09
508136,B & A Ltd,Active,T,10.0,INE489D01011,,BNALTD,Equity,https://www.bseindia.com/stock-share-price/b--a-ltd/bnaltd/508136/,B & A Ltd.,125.52
508486,Hawkins Cookers Ltd,Active,B,10.0,INE979B01015,,HAWKINCOOK,Equity,https://www.bseindia.com/stock-share-price/hawkins-cookers-ltd/hawkincook/508486/,Hawkins Cooker Ltd.,4459.35
508494,Warren Tea Ltd,Active,X,10.0,INE712A01012,,WARRENTEA,Equity,https://www.bseindia.com/stock-share-price/warren-tea-ltd/warrentea/508494/,Warren Tea Ltd.,57.96
508571,Cochin Malabar Estates & Industries Ltd,Active,X,10.0,INE788M01017,,COCHMAL,Equity,https://www.bseindia.com/stock-share-price/cochin-malabar-estates--industries-ltd/cochmal/508571/,Cochin Malabar Estates & Indus. Ltd,23.94
508664,Best Eastern Hotels Ltd,Active,XT,1.0,INE553F01035,,BESTEAST,Equity,https://www.bseindia.com/stock-share-price/best-eastern-hotels-ltd/besteast/508664/,Best Eastern Hotels Limited,31.83
508670,Neelamalai Agro Industries Ltd,Active,B,10.0,INE605D01012,,NEAGI,Equity,https://www.bseindia.com/stock-share-price/neelamalai-agro-industries-ltd/neagi/508670/,Neelamalai Agro Industries Ltd.,198.44
508807,I S T Ltd,Active,X,5.0,INE684B01029,,ISTLTD,Equity,https://www.bseindia.com/stock-share-price/i-s-t-ltd/istltd/508807/,IST Limited,758.17
508814,Cosmo First Ltd,Active,B,10.0,INE757A01017,,COSMOFIRST,Equity,https://www.bseindia.com/stock-share-price/cosmo-first-ltd/cosmofirst/508814/,Cosmo First Limited,2287.93
508867,New Markets Avenue Ltd,Active,XT,10.0,INE800K01014,,NEWMKTAVE,Equity,https://www.bseindia.com/stock-share-price/new-markets-avenue-ltd/newmktave/508867/,NEW MARKETS AVENUE LIMITED,25.64
508869,Apollo Hospitals Enterprise Ltd,Active,A,5.0,INE437A01024,,APOLLOHOSP,Equity,https://www.bseindia.com/stock-share-price/apollo-hospitals-enterprise-ltd/apollohosp/508869/,Apollo Hospitals Enterprises Ltd.,126715.98
508875,Nitin Castings Ltd,Active,X,5.0,INE861H01020,,NITINCAST,Equity,https://www.bseindia.com/stock-share-price/nitin-castings-ltd/nitincast/508875/,Nitin Castings Limited,255.76
508905,Nexome Capital Markets Ltd,Active,XT,10.0,INE641A01013,,NEXOME,Equity,https://www.bseindia.com/stock-share-price/nexome-capital-markets-ltd/nexome/508905/,NEXOME CAPITAL MARKETS LIMITED,130.87
508906,Everest Industries Ltd,Active,T,10.0,INE295A01018,,EVERESTIND,Equity,https://www.bseindia.com/stock-share-price/everest-industries-ltd/everestind/508906/,Everest Industries Ltd.,759.49
508918,Ironwood Education Ltd,Active,X,10.0,INE791H01011,,IRONWOOD,Equity,https://www.bseindia.com/stock-share-price/ironwood-education-ltd/ironwood/508918/,IRONWOOD EDUCATION LIMITED,91.00
508933,AYM Syntex Ltd,Active,B,10.0,INE193B01039,,AYMSYNTEX,Equity,https://www.bseindia.com/stock-share-price/aym-syntex-ltd/aymsyntex/508933/,AYM Syntex Limited,1476.87
508941,Panasonic Carbon India Company Ltd,Active,X,10.0,INE013E01017,,PANCARBON,Equity,https://www.bseindia.com/stock-share-price/panasonic-carbon-india-company-ltd/pancarbon/508941/,Panasonic Carbon India Co.Ltd,221.88
508954,Finkurve Financial Services Ltd,Active,B,1.0,INE734I01027,,FINKURVE,Equity,https://www.bseindia.com/stock-share-price/finkurve-financial-services-ltd/finkurve/508954/,Finkurve Financial Services Limited,836.38
508956,HB Leasing & Finance Company Ltd,Active,X,10.0,INE549B01016,,HBLEAS,Equity,https://www.bseindia.com/stock-share-price/hb-leasing--finance-company-ltd/hbleas/508956/,HB Leasing & Finance Co. Ltd.,12.88
508961,Shricon Industries Ltd,Active,XT,10.0,INE753D01010,,SHRICON,Equity,https://www.bseindia.com/stock-share-price/shricon-industries-ltd/shricon/508961/,Shricon Industries Ltd.,25.78
508969,Sulabh Engineers & Services Ltd,Active,X,1.0,INE673M01029,,SULABEN,Equity,https://www.bseindia.com/stock-share-price/sulabh-engineers--services-ltd/sulaben/508969/,Sulabh Engineers & Services Limited,28.94
508980,Frontier Capital Ltd,Active,X,10.0,INE977E01013,,FRONTCAP,Equity,https://www.bseindia.com/stock-share-price/frontier-capital-ltd/frontcap/508980/,Frontier Capital Limited,17.65
508989,Navneet Education Ltd,Active,B,2.0,INE060A01024,,NAVNETEDUL,Equity,https://www.bseindia.com/stock-share-price/navneet-education-ltd/navnetedul/508989/,Navneet Education Limited,2829.32
509003,Transoceanic Properties Ltd,Active,XT,10.0,INE074J01018,,TRANOCE,Equity,https://www.bseindia.com/stock-share-price/transoceanic-properties-ltd/tranoce/509003/,Transoceanic Properties Ltd.,0.08
509009,AuSom Enterprise Ltd,Active,T,10.0,INE218C01016,,AUSOMENT,Equity,https://www.bseindia.com/stock-share-price/ausom-enterprise-ltd/ausoment/509009/,AuSom Enterprise Limited,194.82
509015,Thakral Services India Ltd,Active,X,3.0,INE190F01028,,THAKRAL,Equity,https://www.bseindia.com/stock-share-price/thakral-services-india-ltd/thakral/509015/,Thakral Services (India) Limited,15.54
509020,Ruchi Infrastructure Ltd,Active,B,1.0,INE413B01023,,RUCHINFRA,Equity,https://www.bseindia.com/stock-share-price/ruchi-infrastructure-ltd/ruchinfra/509020/,Ruchi Infrastructure Ltd,137.84
509024,Golden Legand Leasing & finance Ltd,Active,X,10.0,INE088E01019,,GOLDLEG,Equity,https://www.bseindia.com/stock-share-price/golden-legand-leasing--finance-ltd/goldleg/509024/,Golden Legand Leasing & Finance Ltd,12.49
509026,VJTF Eduservices Ltd,Active,X,10.0,INE117F01013,,VJTFEDU,Equity,https://www.bseindia.com/stock-share-price/vjtf-eduservices-ltd/vjtfedu/509026/,VJTF Eduservices Limited,123.18
509038,Voltaire Leasing & Finance Ltd,Active,X,10.0,INE763D01019,,VOLLF,Equity,https://www.bseindia.com/stock-share-price/voltaire-leasing--finance-ltd-/vollf/509038/,Voltaire Leasing & Finance Ltd.,6.06
509040,Netlink Solutions India Ltd,Active,X,10.0,INE040F01033,,NETLINK,Equity,https://www.bseindia.com/stock-share-price/netlink-solutions-india-ltd/netlink/509040/,Netlink Solutions (India) Ltd.,42.66
509046,Triliance Polymers Ltd,Active,XT,10.0,INE778N01016,,TRILIANCE,Equity,https://www.bseindia.com/stock-share-price/triliance-polymers-ltd/triliance/509046/,TRILIANCE POLYMERS LIMITED,20.87
509048,Lancor Holdings Ltd,Active,B,2.0,INE572G01025,,LANCORHOL,Equity,https://www.bseindia.com/stock-share-price/lancor-holdings-ltd/lancorhol/509048/,Lancor Holdings Ltd.,189.39
509051,Indian Infotech & Software Ltd,Active,X,1.0,INE300B01022,,INDINFO,Equity,https://www.bseindia.com/stock-share-price/indian-infotech--software-ltd/indinfo/509051/,Indian Infotech And Software Ltd.,100.46
509053,Banas Finance Ltd,Active,X,10.0,INE521L01030,,BANASFN,Equity,https://www.bseindia.com/stock-share-price/banas-finance-ltd/banasfn/509053/,Banas Finance Limited,63.96
509055,Visaka Industries Ltd,Active,B,2.0,INE392A01021,,VISAKAIND,Equity,https://www.bseindia.com/stock-share-price/visaka-industries-ltd/visakaind/509055/,Visaka Industries Ltd.,744.12
509069,Infomedia Press Ltd,Active,B,10.0,INE669A01022,,INFOMEDIA,Equity,https://www.bseindia.com/stock-share-price/infomedia-press-ltd/infomedia/509069/,Infomedia Press Limited,26.55
509073,Hathway Bhawani Cabletel & Datacom Ltd,Active,X,10.0,INE525B01016,,HATHWAYB,Equity,https://www.bseindia.com/stock-share-price/hathway-bhawani-cabletel--datacom-ltd/hathwayb/509073/,Hathway Bhawani Cabletel & Datacom,9.87
509079,Gufic Biosciences Ltd,Active,B,1.0,INE742B01025,,GUFICBIO,Equity,https://www.bseindia.com/stock-share-price/gufic-biosciences-ltd/guficbio/509079/,Gufic BioSciences Ltd.,4048.40
509152,GRP Ltd,Active,B,10.0,INE137I01015,,GRPLTD,Equity,https://www.bseindia.com/stock-share-price/grp-ltd/grpltd/509152/,GRP Limited,1090.19
509162,Indag Rubber Ltd,Active,XT,2.0,INE802D01023,,INDAG,Equity,https://www.bseindia.com/stock-share-price/indag-rubber-ltd/indag/509162/,Indag Rubber Ltd.,255.02
509196,MM Rubber Company Ltd,Active,X,2.0,INE159E01026,,MMRUBBR-B,Equity,https://www.bseindia.com/stock-share-price/mm-rubber-company-ltd/mmrubbr-b/509196/,M.M. Rubber Company Ltd.,33.80
509220,PTL Enterprises Ltd,Active,B,1.0,INE034D01049,,PTL,Equity,https://www.bseindia.com/stock-share-price/ptl-enterprises-ltd/ptl/509220/,PTL Enterprises Ltd,529.51
509243,TVS Srichakra Ltd,Active,B,10.0,INE421C01016,,TVSSRICHAK,Equity,https://www.bseindia.com/stock-share-price/tvs-srichakra-ltd/tvssrichak/509243/,TVS Srichakra Ltd.,3039.85
509423,Sanathnagar Enterprises Ltd,Active,X,10.0,INE367E01033,,SEL,Equity,https://www.bseindia.com/stock-share-price/sanathnagar-enterprises-ltd/sel/509423/,Sanathnagar Enterprises Limited,44.76
509438,Benares Hotels Ltd,Active,B,10.0,INE664D01019,,BENARAS,Equity,https://www.bseindia.com/stock-share-price/benares-hotels-ltd/benaras/509438/,Benares Hotels Ltd,1326.12
509449,Bhagawati Oxygen Ltd,Active,X,10.0,INE026I01010,,BHAGWOX,Equity,https://www.bseindia.com/stock-share-price/bhagawati-oxygen-ltd/bhagwox/509449/,Bhagwati Oxygen Ltd.,8.84
509470,Bombay Oxygen Investments Ltd,Active,X,100.0,INE01TL01014,,BOMOXY-B1,Equity,https://www.bseindia.com/stock-share-price/bombay-oxygen-investments-ltd/bomoxy-b1/509470/,BOMBAY OXYGEN INVESTMENTS LIMITED,295.50
509472,Cravatex Ltd,Active,X,10.0,INE145E01017,,CRAVATEX,Equity,https://www.bseindia.com/stock-share-price/cravatex-ltd/cravatex/509472/,Cravatex Ltd.,90.70
509480,Berger Paints India Ltd,Active,A,1.0,INE463A01038,,BERGEPAINT,Equity,https://www.bseindia.com/stock-share-price/berger-paints-india-ltd/bergepaint/509480/,Berger Paints India Ltd,62719.29
509486,Caprihans India Ltd,Active,X,10.0,INE479A01018,,CAPRIHANS,Equity,https://www.bseindia.com/stock-share-price/caprihans-india-ltd/caprihans/509486/,Caprihans India Ltd.,111.24
509488,Graphite India Ltd,Active,A,2.0,INE371A01025,,GRAPHITE,Equity,https://www.bseindia.com/stock-share-price/graphite-india-ltd/graphite/509488/,Graphite India Ltd.,14098.30
509496,Cemindia Projects Ltd,Active,A,1.0,INE686A01026,,CEMPRO,Equity,https://www.bseindia.com/stock-share-price/cemindia-projects-ltd/cempro/509496/,Cemindia Projects Limited,21380.68
509525,Empire Industries Ltd,Active,X,10.0,INE515H01014,,EMPIND,Equity,https://www.bseindia.com/stock-share-price/empire-industries-ltd/empind/509525/,Empire Industries Ltd.,648.69
509546,Graviss Hospitality Ltd,Active,B,2.0,INE214F01026,,GRAVISSHO,Equity,https://www.bseindia.com/stock-share-price/graviss-hospitality-ltd/gravissho/509546/,GRAVISS HOSPITALITY LIMITED,208.10
509557,Garware Technical Fibres Ltd,Active,A,10.0,INE276A01018,,GARFIBRES,Equity,https://www.bseindia.com/stock-share-price/garware-technical-fibres-ltd/garfibres/509557/,GARWARE TECHNICAL FIBRES LIMITED,8191.23
509563,Garware Marine Industries Ltd,Active,X,10.0,INE925D01014,,GARWAMAR,Equity,https://www.bseindia.com/stock-share-price/garware-marine-industries-ltd/garwamar/509563/,Garware Marine Industries Ltd.,12.11
509567,Goa Carbon Ltd,Active,B,10.0,INE426D01013,,GOACARBON,Equity,https://www.bseindia.com/stock-share-price/goa-carbon-ltd/goacarbon/509567/,Goa Carbon Ltd.,348.06
509597,Hardcastle & Waud Manufacturing Company Ltd,Active,X,10.0,INE722D01015,,HARDCAS,Equity,https://www.bseindia.com/stock-share-price/hardcastle--waud-manufacturing-company-ltd/hardcas/509597/,Hardcastle & Waud Mfg. Co. Ltd.,51.37
509631,HEG Ltd,Active,A,2.0,INE545A01024,,HEG,Equity,https://www.bseindia.com/stock-share-price/heg-ltd/heg/509631/,HEG Ltd.,13225.72
509635,Hindustan Composites Ltd,Active,B,5.0,INE310C01029,,HINDCOMPOS,Equity,https://www.bseindia.com/stock-share-price/hindustan-composites-ltd/hindcompos/509635/,Hindustan Composites Ltd,620.67
509650,Hindustan Housing Company Ltd,Active,XT,25.0,INE083O01019,,ZHINDHSG,Equity,https://www.bseindia.com/stock-share-price/hindustan-housing-company-ltd-/zhindhsg/509650/,Hindustan Housing Co. Ltd.,0.09
509675,Birlanu Ltd,Active,B,10.0,INE557A01011,,BIRLANU,Equity,https://www.bseindia.com/stock-share-price/birlanu-ltd/birlanu/509675/,BIRLANU LIMITED,1167.56
509692,Indian Card Clothing Company Ltd,Active,B,10.0,INE061A01014,,INDIANCARD,Equity,https://www.bseindia.com/stock-share-price/indian-card-clothing-company-ltd/indiancard/509692/,Indian Card Clothing Ltd,131.30
509709,International Conveyors Ltd,Active,B,1.0,INE575C01027,,INTLCONV,Equity,https://www.bseindia.com/stock-share-price/international-conveyors-ltd/intlconv/509709/,International Conveyors Ltd.,480.84
509715,Jay Shree Tea & Industries Ltd,Active,B,5.0,INE364A01020,,JAYSREETEA,Equity,https://www.bseindia.com/stock-share-price/jay-shree-tea--industries-ltd/jaysreetea/509715/,Jay Shree Tea & Industries Ltd.,259.20
509732,Kothari Industrial Corporation Ltd,Active,B,5.0,INE972A01020,,KOTIC,Equity,https://www.bseindia.com/stock-share-price/kothari-industrial-corporation-ltd/kotic/509732/,Kothari Industrial Corpn. Ltd.,1671.64
509760,Modern Shares & Stockbrokers Ltd,Active,X,10.0,INE370A01019,,MODRNSH,Equity,https://www.bseindia.com/stock-share-price/modern-shares--stockbrokers-ltd/modrnsh/509760/,Modern Shares and Stockbrokers Ltd.,10.44
509762,Mapro Industries Ltd,Active,XT,10.0,INE848M01019,,MAPROIN,Equity,https://www.bseindia.com/stock-share-price/mapro-industries-ltd/maproin/509762/,Mapro Industries Ltd,55.79
509782,Oseaspre Consultants Ltd,Active,XT,10.0,INE880P01015,,OSEASPR,Equity,https://www.bseindia.com/stock-share-price/oseaspre-consultants-ltd/oseaspr/509782/,Oseaspre Consultants Ltd.,0.36
509820,Huhtamaki India Ltd,Active,B,2.0,INE275B01026,,HUHTAMAKI,Equity,https://www.bseindia.com/stock-share-price/huhtamaki-india-ltd/huhtamaki/509820/,HUHTAMAKI INDIA LIMITED,2175.03
509835,Premier Synthetics Ltd,Active,X,10.0,INE940N01012,,PREMSYN,Equity,https://www.bseindia.com/stock-share-price/premier-synthetics-ltd/premsyn/509835/,Premier Synthetics Ltd.,7.20
509845,RJ Shah & Company Ltd,Active,P,10.0,INE712Z01019,,RJSHAH,Equity,https://www.bseindia.com/stock-share-price/rj-shah--company-ltd/rjshah/509845/,R.J. Shah & Co. Ltd.,13.57
509870,Shah Construction Company Ltd,Active,X,100.0,INE02C301011,,SHAHCON,Equity,https://www.bseindia.com/stock-share-price/shah-construction-company-ltd/shahcon/509870/,Shah Construction Co. Ltd.,0.98
509874,Shalimar Paints Ltd,Active,T,2.0,INE849C01026,,SHALPAINTS,Equity,https://www.bseindia.com/stock-share-price/shalimar-paints-ltd/shalpaints/509874/,Shalimar Paints Ltd.,734.15
509887,Sinnar Bidi Udyog Ltd,Active,XT,5.0,INE896E01023,,SINNAR,Equity,https://www.bseindia.com/stock-share-price/sinnar-bidi-udyog-ltd/sinnar/509887/,Sinnar Bidi Udyog Ltd.,28.40
509895,Hindoostan Mills Ltd,Active,X,10.0,INE832D01020,,HINDMILL,Equity,https://www.bseindia.com/stock-share-price/hindoostan-mills-ltd/hindmill/509895/,Hindoostan Mills Ltd.,27.05
509910,Southern Gas Ltd,Active,P,100.0,INE532U01012,,ZSOUTGAS,Equity,https://www.bseindia.com/stock-share-price/southern-gas-ltd/zsoutgas/509910/,The Southern Gas Limited,0.06
509917,Technojet Consultants Ltd,Active,XT,10.0,INE881P01013,,TECHCON,Equity,https://www.bseindia.com/stock-share-price/technojet-consultants-ltd/techcon/509917/,Technojet Consultants Ltd.,1.99
509930,Supreme Industries Ltd,Active,A,2.0,INE195A01028,,SUPREMEIND,Equity,https://www.bseindia.com/stock-share-price/supreme-industries-ltd/supremeind/509930/,Supreme Industries Ltd.,43951.30
509945,Thacker & Company Ltd,Active,T,1.0,INE077P01034,,THACKER,Equity,https://www.bseindia.com/stock-share-price/thacker--company-ltd/thacker/509945/,Thacker & Co. Ltd.,116.27
509953,Trade Wings Ltd,Active,XT,10.0,INE961E01017,,TRADWIN,Equity,https://www.bseindia.com/stock-share-price/trade-wings-ltd/tradwin/509953/,Trade Wings Ltd.,184.26
509960,UP Hotels Ltd,Active,X,10.0,INE726E01014,,UPHOT,Equity,https://www.bseindia.com/stock-share-price/up-hotels-ltd/uphot/509960/,U.P. Hotels Ltd.,785.16
509966,VST Industries Ltd,Active,B,10.0,INE710A01016,,VSTIND,Equity,https://www.bseindia.com/stock-share-price/vst-industries-ltd/vstind/509966/,VST Industries Ltd.,3731.00
510245,Swasti Vinayaka Synthetics Ltd,Active,X,1.0,INE804A01025,,SWASTIVI,Equity,https://www.bseindia.com/stock-share-price/swasti-vinayaka-synthetics-ltd/swastivi/510245/,Swasti Vinayaka Synthetics Ltd.,33.75
511000,Msl Global Ltd,Active,X,10.0,INE856D01011,,MSLGLOBAL,Equity,https://www.bseindia.com/stock-share-price/msl-global-ltd/mslglobal/511000/,MSL GLOBAL LIMITED,34.04
511012,Yamini Investments Company Ltd,Active,XT,1.0,INE457N01025,,YAMNINV,Equity,https://www.bseindia.com/stock-share-price/yamini-investments-company-ltd/yamninv/511012/,Yamini Investments Company Limited,57.96
511016,Premier Capital Services Ltd,Active,XT,1.0,INE946K01023,,PREMCAP,Equity,https://www.bseindia.com/stock-share-price/premier-capital-services-ltd/premcap/511016/,Premier Capital Services Ltd.,22.24
511018,Milgrey Finance & Investments Ltd,Active,X,10.0,INE679T01013,,ZMILGFIN,Equity,https://www.bseindia.com/stock-share-price/milgrey-finance--investments-ltd/zmilgfin/511018/,MILGREY FINANCE & INVESTMENT LTD,82.18
511034,Jindal Drilling & Industries Ltd,Active,B,5.0,INE742C01031,,JINDRILL,Equity,https://www.bseindia.com/stock-share-price/jindal-drilling--industries-ltd/jindrill/511034/,Jindal Drilling & Industries Ltd.,1782.05
511038,Arco Leasing Ltd,Active,XT,10.0,INE955S01019,,ZARCOLEA,Equity,https://www.bseindia.com/stock-share-price/arco-leasing-ltd/zarcolea/511038/,Arco Leasing Ltd.,0.09
511048,Kusam Electrical Industries Ltd,Active,XT,10.0,INE175Q01018,,KUSUMEL,Equity,https://www.bseindia.com/stock-share-price/kusam-electrical-industries-ltd/kusumel/511048/,Kusam Electrical Industies Ltd.,0.12
511060,Jumbo Finance Ltd,Active,XT,10.0,INE122N01017,,JUMBFNL,Equity,https://www.bseindia.com/stock-share-price/jumbo-finance-ltd/jumbfnl/511060/,Jumbo Finance Ltd.,
511066,Sakthi Finance Ltd,Active,X,10.0,INE302E01014,,SAKTHIFIN,Equity,https://www.bseindia.com/stock-share-price/sakthi-finance-ltd/sakthifin/511066/,Sakthi Finance Ltd.,183.25
511074,Easy Fincorp Ltd,Active,Z,10.0,INE407F01018,,EASYFIN,Equity,https://www.bseindia.com/stock-share-price/easy-fincorp-ltd/easyfin/511074/,EASY FINCORP LIMITED,24.26
511076,Aeroflex Enterprises Ltd,Active,B,2.0,INE065D01027,,AEROENTER,Equity,https://www.bseindia.com/stock-share-price/aeroflex-enterprises-ltd/aeroenter/511076/,AEROFLEX ENTERPRISES LIMITED,1474.53
511092,JMD Ventures Ltd,Active,XT,10.0,INE047E01031,,JMDVL,Equity,https://www.bseindia.com/stock-share-price/jmd-ventures-ltd/jmdvl/511092/,JMD Ventures Limited,23.20
511096,Tivoli Construction Ltd,Active,XT,10.0,INE747V01014,,TVOLCON,Equity,https://www.bseindia.com/stock-share-price/tivoli-construction-ltd/tvolcon/511096/,Tivoli Construction Ltd.,
511108,Shiva Texyarn Ltd,Active,B,10.0,INE705C01020,,SHIVATEX,Equity,https://www.bseindia.com/stock-share-price/shiva-texyarn-ltd/shivatex/511108/,Shiva Texyarn Ltd.,224.90
511110,V B Desai Financial Services Ltd,Active,X,10.0,INE848D01018,,VBDESAI,Equity,https://www.bseindia.com/stock-share-price/v-b-desai-financial-services-ltd/vbdesai/511110/,V.B.Desai Financial Services Ltd,8.59
511122,First Custodian Fund India Ltd,Active,X,10.0,INE609B01018,,1STCUS,Equity,https://www.bseindia.com/stock-share-price/first-custodian-fund-india-ltd/1stcus/511122/,First Custodian Fund (India) Ltd.,9.60
511131,Kamanwala Housing Construction Ltd,Active,X,10.0,INE344D01018,,KAMANWALA,Equity,https://www.bseindia.com/stock-share-price/kamanwala-housing-construction-ltd/kamanwala/511131/,Kamanwala Housing Construction Ltd,22.90
511144,Axis Solutions Ltd,Active,XT,10.0,INE520G01024,,AXISOL,Equity,https://www.bseindia.com/stock-share-price/axis-solutions-ltd/axisol/511144/,AXIS SOLUTIONS LIMITED,1995.33
511147,WSFx Global Pay Ltd,Active,X,10.0,INE549D01012,,WSFX,Equity,https://www.bseindia.com/stock-share-price/wsfx-global-pay-ltd/wsfx/511147/,WSFX Global Pay Limited,86.03
511153,Anjani Foods Ltd,Active,XT,2.0,INE096I01021,,ANJANIFOODS,Equity,https://www.bseindia.com/stock-share-price/anjani-foods-ltd/anjanifoods/511153/,Anjani Foods Limited,54.33
511169,RKD Agri & Retail Ltd,Active,XT,1.0,INE552N01023,,RKDAGRRTL,Equity,https://www.bseindia.com/stock-share-price/rkd-agri--retail-ltd/rkdagrrtl/511169/,RKD AGRI & RETAIL LIMITED,25.37
511176,Parshwanath Corporation Ltd,Active,X,10.0,INE635I01018,,PARSHWANA,Equity,https://www.bseindia.com/stock-share-price/parshwanath-corporation-ltd/parshwana/511176/,Parshwanath Corporation Limited,24.27
511185,Rajvi Logitrade Ltd,Active,X,10.0,INE381N01019,,RAJVI,Equity,https://www.bseindia.com/stock-share-price/rajvi-logitrade-ltd/rajvi/511185/,RAJVI LOGITRADE LIMITED,12.18
511187,Millennium Online Solutions ( India ) Ltd,Active,X,1.0,INE570N01025,,MILLENNIUM,Equity,https://www.bseindia.com/stock-share-price/millennium-online-solutions-(-india-)-ltd/millennium/511187/,Millennium Online Solutions (India) Ltd,9.15
511194,ICDS Ltd,Active,B,10.0,INE613B01010,,ICDSLTD,Equity,https://www.bseindia.com/stock-share-price/icds-ltd/icdsltd/511194/,ICDS Ltd.,55.31
511196,Can Fin Homes Ltd,Active,A,2.0,INE477A01020,,CANFINHOME,Equity,https://www.bseindia.com/stock-share-price/can-fin-homes-ltd/canfinhome/511196/,Can Fin Homes Ltd.,10752.23
511200,Munoth Capital Markets Ltd,Active,XT,5.0,INE910G01027,,MUNCAPM,Equity,https://www.bseindia.com/stock-share-price/munoth-capital-markets-ltd/muncapm/511200/,Munoth Capital Market Ltd,95.05
511208,IL&FS Investment Managers Ltd,Active,B,2.0,INE050B01023,,IVC,Equity,https://www.bseindia.com/stock-share-price/ilfs-investment-managers-ltd/ivc/511208/,IL & FS Investment Managers Ltd.,255.31
511218,Shriram Finance Ltd,Active,A,2.0,INE721A01047,,SHRIRAMFIN,Equity,https://www.bseindia.com/stock-share-price/shriram-finance-ltd/shriramfin/511218/,Shriram Finance Limited,268000.83
511243,Cholamandalam Investment and Finance Company Ltd,Active,A,2.0,INE121A01024,,CHOLAFIN,Equity,https://www.bseindia.com/stock-share-price/cholamandalam-investment-and-finance-company-ltd/cholafin/511243/,Cholamandalam Investment and Finance Company Ltd,165330.40
511246,Bombay Talkies Ltd,Active,X,1.0,INE910D01024,,BOMTALKIES,Equity,https://www.bseindia.com/stock-share-price/bombay-talkies-ltd/bomtalkies/511246/,BOMBAY TALKIES LIMITED,16.20
511254,Sagar Systech Ltd,Active,XT,10.0,INE771Z01015,,SAGARSYST,Equity,https://www.bseindia.com/stock-share-price/sagar-systech-ltd/sagarsyst/511254/,Sagar Systech Ltd.,1.98
511260,Iconik Sports And Events Ltd,Active,X,10.0,INE088P01015,,ICONIKSPEV,Equity,https://www.bseindia.com/stock-share-price/iconik-sports-and-events-ltd/iconikspev/511260/,ICONIK SPORTS AND EVENTS LIMITED,104.67
511333,VLS Finance Ltd,Active,B,10.0,INE709A01018,,VLSFINANCE,Equity,https://www.bseindia.com/stock-share-price/vls-finance-ltd/vlsfinance/511333/,VLS Finance Limited,811.17
511355,India Cements Capital Ltd,Active,XT,10.0,INE429D01017,,INDCEMCAP,Equity,https://www.bseindia.com/stock-share-price/india-cements-capital-ltd/indcemcap/511355/,India Cements Capital Limited,50.53
511359,Ad-Manum Finance Ltd,Active,X,10.0,INE556D01017,,ADMANUM,Equity,https://www.bseindia.com/stock-share-price/ad-manum-finance-ltd/admanum/511359/,AD-Manum Finance Ltd,40.76
511377,Mehta Integrated Finance Ltd,Active,X,10.0,INE240B01012,,MEHIF,Equity,https://www.bseindia.com/stock-share-price/mehta-integrated-finance-ltd/mehif/511377/,Mehta Integrated Finance Ltd.,14.08
511391,Inter Globe Finance Ltd,Active,X,10.0,INE661M01016,,INTRGLB,Equity,https://www.bseindia.com/stock-share-price/inter-globe-finance-ltd/intrglb/511391/,Inter Globe Finance Ltd.,90.87
511401,Munoth Communication Ltd,Active,X,10.0,INE410E01015,,MCLTD,Equity,https://www.bseindia.com/stock-share-price/munoth-communication-ltd/mcltd/511401/,MUNOTH COMMUNICATION LIMITED,4.78
511411,Shristi Infrastructure Development Corporation Ltd,Active,X,10.0,INE472C01027,,SHRISTI,Equity,https://www.bseindia.com/stock-share-price/shristi-infrastructure-development-corporation-ltd/shristi/511411/,SHRISTI INFRASTRUCTURE DEVELOPMENT CORPORATION LTD.,65.49
511413,Crest Ventures Ltd,Active,B,10.0,INE559D01011,,CREST,Equity,https://www.bseindia.com/stock-share-price/crest-ventures-ltd/crest/511413/,CREST VENTURES LIMITED,1087.92
511431,Vakrangee Ltd,Active,B,1.0,INE051B01021,,VAKRANGEE,Equity,https://www.bseindia.com/stock-share-price/vakrangee-ltd/vakrangee/511431/,Vakrangee Limited,649.92
511441,Gujarat Credit Corporation Ltd,Active,X,10.0,INE034B01019,,GUJCRED,Equity,https://www.bseindia.com/stock-share-price/gujarat-credit-corporation-ltd/gujcred/511441/,Gujarat Credit Corporation Ltd.,6.78
511447,Sylph Industries Ltd,Active,X,1.0,INE706F01021,,SYLPH,Equity,https://www.bseindia.com/stock-share-price/sylph-industries-ltd/sylph/511447/,Sylph Industries Limited,30.83
511451,Dharani Finance Ltd,Active,XT,10.0,INE899D01011,,DHARFIN,Equity,https://www.bseindia.com/stock-share-price/dharani-finance-ltd/dharfin/511451/,Dharani Finance Ltd.,6.33
511463,Alexander Stamps And Coin Ltd,Active,X,10.0,INE191N01012,,ALEXANDER,Equity,https://www.bseindia.com/stock-share-price/alexander-stamps-and-coin-ltd/alexander/511463/,Alexander Stamps And Coin Limited,6.80
511473,Indbank Merchant Banking Services Ltd,Active,B,10.0,INE841B01017,,INDBANK,Equity,https://www.bseindia.com/stock-share-price/indbank-merchant-banking-services-ltd/indbank/511473/,Indbank Merchant Banking Services L,142.90
511493,Shrydus Industries Ltd,Active,XT,10.0,INE488C01015,,SHRYDUS,Equity,https://www.bseindia.com/stock-share-price/shrydus-industries-ltd/shrydus/511493/,SHRYDUS INDUSTRIES LIMITED,17.16
511501,Bharat Bhushan Finance & Commodity Brokers Ltd,Active,X,10.0,INE900A01013,,BHARAT,Equity,https://www.bseindia.com/stock-share-price/bharat-bhushan-finance--commodity-brokers-ltd/bharat/511501/,BHARAT BHUSHAN FINANCE & COMMODITY BROKERS LIMITED,16.50
511505,Capital Trust Ltd,Active,B,10.0,INE707C01018,,CAPTRUST,Equity,https://www.bseindia.com/stock-share-price/capital-trust-ltd/captrust/511505/,Capital Trust Ltd.,62.77
511507,Ushakiran Finance Ltd,Active,X,10.0,INE697C01011,,USHAKIRA,Equity,https://www.bseindia.com/stock-share-price/ushakiran-finance-ltd/ushakira/511507/,Ushakiran Finance Ltd.,7.95
511509,Vivo Bio Tech Ltd,Active,X,10.0,INE380K01017,,VIVOBIOT,Equity,https://www.bseindia.com/stock-share-price/vivo-bio-tech-ltd/vivobiot/511509/,Vivo Bio tech Ltd.,49.00
511523,Veerhealth Care Ltd,Active,XT,10.0,INE882C01035,,VEERHEALTH,Equity,https://www.bseindia.com/stock-share-price/veerhealth-care-ltd/veerhealth/511523/,Veerhealth Care Limited,87.97
511525,Pan India Corporation Ltd,Active,X,10.0,INE376A01032,,PANINDIAC,Equity,https://www.bseindia.com/stock-share-price/pan-india-corporation-ltd/panindiac/511525/,Pan India Corporation Ltd,20.01
511533,Sahara Housingfina Corporation Ltd,Active,X,10.0,INE135C01012,,SAHARAHOUS,Equity,https://www.bseindia.com/stock-share-price/sahara-housingfina-corporation-ltd/saharahous/511533/,Sahara HousingFina Corporation Ltd.,28.46
511535,NDA Securities Ltd,Active,X,10.0,INE026C01013,,NDASEC,Equity,https://www.bseindia.com/stock-share-price/nda-securities-ltd/ndasec/511535/,NDA Securities ltd.,16.94
511539,Supra Trends Ltd,Active,X,10.0,INE533B01028,,SUPRATRE,Equity,https://www.bseindia.com/stock-share-price/supra-trends-ltd/supratre/511539/,Supra Trends Limited,36.76
511543,GSB Finance Ltd,Active,XT,10.0,INE777C01011,,GSBFIN,Equity,https://www.bseindia.com/stock-share-price/gsb-finance-ltd/gsbfin/511543/,GSB Finance Ltd.,26.70
511549,Morarka Finance Ltd,Active,X,10.0,INE367A01015,,MORARKFI,Equity,https://www.bseindia.com/stock-share-price/morarka-finance-ltd/morarkfi/511549/,Morarka Finance Ltd.,27.33
511551,Monarch Networth Capital Ltd,Active,B,10.0,INE903D01011,,MONARCH,Equity,https://www.bseindia.com/stock-share-price/monarch-networth-capital-ltd/monarch/511551/,Monarch Networth Capital Limited,3080.73
511557,Pro Fin Capital Services Ltd,Active,Z,1.0,INE732K01027,,PROFINC,Equity,https://www.bseindia.com/stock-share-price/pro-fin-capital-services-ltd/profinc/511557/,Pro Fin Capital Services Ltd,158.22
511559,Team India Guaranty Ltd,Active,B,10.0,INE289C01025,,TEAMGTY,Equity,https://www.bseindia.com/stock-share-price/team-india-guaranty-ltd/teamgty/511559/,TEAM INDIA GUARANTY LIMITED,205.18
511563,Sanchay Finvest Ltd,Active,Z,10.0,INE654D01010,,SANCF,Equity,https://www.bseindia.com/stock-share-price/sanchay-finvest-ltd/sancf/511563/,Sanchay Finvest Ltd,46.02
511571,Crescentis Capital Ltd,Active,X,10.0,INE754C01010,,CRESCENTIS,Equity,https://www.bseindia.com/stock-share-price/crescentis-capital-ltd/crescentis/511571/,Crescentis Capital Limited,186.30
511577,Mantra Capital Ltd,Active,X,10.0,INE304E01010,,MANTRA,Equity,https://www.bseindia.com/stock-share-price/mantra-capital-ltd/mantra/511577/,Mantra Capital Limited,56.47
511585,Befound Movement Ltd,Active,X,1.0,INE425F01028,,BEFOUNDMOL,Equity,https://www.bseindia.com/stock-share-price/befound-movement-ltd/befoundmol/511585/,BEFOUND MOVEMENT LIMITED,3.49
511589,Avonmore Capital & Management Services Ltd,Active,B,1.0,INE323B01024,,AVONMORE,Equity,https://www.bseindia.com/stock-share-price/avonmore-capital--management-services-ltd/avonmore/511589/,Avonmore Capital & Management Services Limited,313.51
511593,Libord Finance Ltd,Active,X,10.0,INE212B01011,,LIBORDFIN,Equity,https://www.bseindia.com/stock-share-price/libord-finance-ltd/libordfin/511593/,Libord Finance Limited,23.94
511601,Yash Management & Satellite Ltd,Active,X,10.0,INE216B01012,,YASHMGM,Equity,https://www.bseindia.com/stock-share-price/yash-management--satellite-ltd/yashmgm/511601/,Yash Management & Satellite Ltd.,15.71
511605,Arihant Capital Markets Ltd,Active,B,1.0,INE420B01036,,ARIHANTCAP,Equity,https://www.bseindia.com/stock-share-price/arihant-capital-markets-ltd/arihantcap/511605/,Arihant Capital Markets Ltd.,840.95
511609,ISL Consulting Ltd,Active,X,5.0,INE569B01022,,ISLCONSUL,Equity,https://www.bseindia.com/stock-share-price/isl-consulting-ltd/islconsul/511609/,ISL Consulting Ltd,39.84
511611,DCM Financial Services Ltd,Active,B,10.0,INE891B01012,,DCMFINSERV,Equity,https://www.bseindia.com/stock-share-price/dcm-financial-services-ltd/dcmfinserv/511611/,DCM Financial Services Ltd.,10.63
511626,RR Financial Consultants Ltd,Active,XT,10.0,INE229D01011,,RRFIN,Equity,https://www.bseindia.com/stock-share-price/rr-financial-consultants-ltd/rrfin/511626/,R.R.Financial Consultants Ltd.,72.68
511628,Fedders Holding Ltd,Active,B,1.0,INE417D01020,,FEDDERSHOL,Equity,https://www.bseindia.com/stock-share-price/fedders-holding-ltd/feddershol/511628/,FEDDERS HOLDING LIMITED,847.96
511630,Sambhaav Media Ltd,Active,B,1.0,INE699B01027,,SAMBHAAV,Equity,https://www.bseindia.com/stock-share-price/sambhaav-media-ltd/sambhaav/511630/,Sambhaav Media Ltd.,125.56
511636,DJS Stock & Shares Ltd,Active,X,1.0,INE234E01027,,DJSSS,Equity,https://www.bseindia.com/stock-share-price/djs-stock--shares-ltd/djsss/511636/,DJS Stock & Shares Ltd.,12.53
511644,Omega Interactive Technologies Ltd,Active,X,1.0,INE113B01037,,OMEGAIN,Equity,https://www.bseindia.com/stock-share-price/omega-interactive-technologies-ltd/omegain/511644/,Omega Interactive Technologies Ltd.,320.20
511654,Sugal & Damani Share Brokers Ltd,Active,X,10.0,INE309D01011,,SUGALDAM,Equity,https://www.bseindia.com/stock-share-price/sugal--damani-share-brokers-ltd/sugaldam/511654/,Sugal & Damani Share Brokers Ltd.,41.19
511658,Nettlinx Ltd,Active,X,10.0,INE027D01019,,NETTLINX,Equity,https://www.bseindia.com/stock-share-price/nettlinx-ltd/nettlinx/511658/,Nettlinx Ltd.,35.95
511664,BGIL Films & Technologies Ltd,Active,X,10.0,INE443D01018,,BGIL,Equity,https://www.bseindia.com/stock-share-price/bgil-films--technologies-ltd/bgil/511664/,BGIL Films & Technologies Ltd,8.67
511672,Scan Steels Ltd,Active,T,10.0,INE099G01011,,SCANSTL,Equity,https://www.bseindia.com/stock-share-price/scan-steels-ltd/scanstl/511672/,Scan Steels Limited,371.66
511676,GIC Housing Finance Ltd,Active,B,10.0,INE289B01019,,GICHSGFIN,Equity,https://www.bseindia.com/stock-share-price/gic-housing-finance-ltd/gichsgfin/511676/,GIC Housing Finance Ltd.,803.46
511692,Ajcon Global Services Ltd,Active,X,1.0,INE759C01027,,AJCON,Equity,https://www.bseindia.com/stock-share-price/ajcon-global-services-ltd/ajcon/511692/,Ajcon Global Services Ltd.,36.76
511696,Chartered Capital & Investment Ltd,Active,X,10.0,INE953B01010,,CHRTEDCA,Equity,https://www.bseindia.com/stock-share-price/chartered-capital--investment-ltd/chrtedca/511696/,Chartered Capital & Investment Ltd.,86.40
511700,Standard Capital Markets Ltd,Active,X,1.0,INE625D01028,,STANCAP,Equity,https://www.bseindia.com/stock-share-price/standard-capital-markets-ltd/stancap/511700/,Standard Capital Markets Ltd.,93.27
511702,YOGI Ltd,Active,X,10.0,INE290E01011,,YOGI,Equity,https://www.bseindia.com/stock-share-price/yogi-ltd/yogi/511702/,YOGI LIMITED,724.95
511710,Cubical Financial Services Ltd,Active,XT,2.0,INE717D01023,,CUBIFIN,Equity,https://www.bseindia.com/stock-share-price/cubical-financial-services-ltd/cubifin/511710/,Cubical Financial Services Ltd.,36.56
511712,Relic Technologies Ltd,Active,X,10.0,INE452B01013,,RELICTEC,Equity,https://www.bseindia.com/stock-share-price/relic-technologies-ltd/relictec/511712/,Relic Technologies Ltd.,39.21
511714,Nimbus Projects Ltd,Active,T,10.0,INE875B01015,,NIMBSPROJ,Equity,https://www.bseindia.com/stock-share-price/nimbus-projects-ltd/nimbsproj/511714/,Nimbus Projects Limited,372.75
511716,Invigorated Business Consulting Ltd,Active,X,10.0,INE359A01012,,INVIGO,Equity,https://www.bseindia.com/stock-share-price/invigorated-business-consulting-ltd/invigo/511716/,Invigorated Business Consulting Limited,26.85
511724,Baid Finserv Ltd,Active,B,2.0,INE020D01022,,BAIDFIN,Equity,https://www.bseindia.com/stock-share-price/baid-finserv-ltd/baidfin/511724/,BAID FINSERV LIMITED,155.04
511726,Vipul Ltd,Active,T,1.0,INE946H01037,,VIPULLTD,Equity,https://www.bseindia.com/stock-share-price/vipul-ltd/vipulltd/511726/,Vipul Limited,173.94
511728,KZ Leasing & Finance Ltd,Active,X,10.0,INE006C01015,,KZLFIN,Equity,https://www.bseindia.com/stock-share-price/kz-leasing--finance-ltd/kzlfin/511728/,K.Z.Leasing & Finance Ltd.,4.96
511738,Mehta Securities Ltd,Active,X,10.0,INE241B01010,,MEHSECU,Equity,https://www.bseindia.com/stock-share-price/mehta-securities-ltd/mehsecu/511738/,Mehta Securities Ltd.,7.19
511740,Ruparel Food Products Ltd,Active,XT,10.0,INE239B01014,,RFL,Equity,https://www.bseindia.com/stock-share-price/ruparel-food-products-ltd/rfl/511740/,RUPAREL FOOD PRODUCTS LIMITED,40.65
511742,Ugro Capital Ltd,Active,B,10.0,INE583D01011,,UGROCAP,Equity,https://www.bseindia.com/stock-share-price/ugro-capital-ltd/ugrocap/511742/,UGRO CAPITAL LIMITED,1492.79
511754,Shalibhadra Finance Ltd,Active,B,10.0,INE861D01011,,SAHLIBHFI,Equity,https://www.bseindia.com/stock-share-price/shalibhadra-finance-ltd/sahlibhfi/511754/,Shalibhadra Finance Ltd.,240.93
511756,Abirami Financial Services India Ltd,Active,Z,10.0,INE195I01013,,ABIRAFN,Equity,https://www.bseindia.com/stock-share-price/abirami-financial-services-india-ltd/abirafn/511756/,Abirami Financial Services (India),18.12
511758,Mansi Finance (Chennai) Ltd,Active,X,10.0,INE094E01017,,MANSIFIN,Equity,https://www.bseindia.com/stock-share-price/mansi-finance-(chennai)-ltd/mansifin/511758/,Mansi Finance (Chennai) Ltd,21.92
511764,Aastamangalam Finance Ltd,Active,X,10.0,INE819K01014,,AASTAFIN,Equity,https://www.bseindia.com/stock-share-price/aastamangalam-finance-ltd/aastafin/511764/,Aastamangalam Finance Limited,54.21
511766,Muthoot Capital Services Ltd,Active,B,10.0,INE296G01013,,MUTHOOTCAP,Equity,https://www.bseindia.com/stock-share-price/muthoot-capital-services-ltd/muthootcap/511766/,Muthoot Capital Services Ltd.,435.37
511768,Master Trust Ltd,Active,B,1.0,INE677D01037,,MASTERTR,Equity,https://www.bseindia.com/stock-share-price/master-trust-ltd/mastertr/511768/,Master Trust Ltd.,978.72
512004,Nilkanth Engineering Ltd,Active,P,10.0,INE582V01015,,ZNILKENG,Equity,https://www.bseindia.com/stock-share-price/nilkanth-engineering-ltd/znilkeng/512004/,Nilkanth Engineering Ltd.,
512008,EFC (I) Ltd,Active,B,2.0,INE886D01026,,EFCIL,Equity,https://www.bseindia.com/stock-share-price/efc-(i)-ltd/efcil/512008/,EFC (I) LIMITED,2773.25
512014,Sobhagya Mercantile Ltd,Active,X,10.0,INE754D01018,,SOBME,Equity,https://www.bseindia.com/stock-share-price/sobhagya-mercantile-ltd/sobme/512014/,Sobhagya Mercantile Ltd.,1250.64
512018,Tomorrow Technologies Global Innovations Ltd,Active,X,1.0,INE135H01029,,TTGIL,Equity,https://www.bseindia.com/stock-share-price/tomorrow-technologies-global-innovations-ltd/ttgil/512018/,TOMORROW TECHNOLOGIES GLOBAL INNOVATIONS LIMITED,90.70
512020,Saraswati Commercial India Ltd,Active,B,10.0,INE967G01019,,ZSARACOM,Equity,https://www.bseindia.com/stock-share-price/saraswati-commercial-india-ltd/zsaracom/512020/,Saraswati Commercial (India) Ltd.,1315.11
512022,Winro Commercial India Ltd,Active,XT,10.0,INE837E01019,,WINROC,Equity,https://www.bseindia.com/stock-share-price/winro-commercial-india-ltd/winroc/512022/,Winro Commercial (India) Ltd.,30.62
512025,Asgard Alcobev Ltd,Active,X,1.0,INE767M01029,,ASGARD,Equity,https://www.bseindia.com/stock-share-price/asgard-alcobev-ltd/asgard/512025/,ASGARD ALCOBEV LIMITED,956.72
512026,Vega Jewellers Ltd,Active,XT,10.0,INE603D01017,,VEGA,Equity,https://www.bseindia.com/stock-share-price/vega-jewellers-ltd/vega/512026/,VEGA JEWELLERS LIMITED,315.21
512036,Skybiotech Healthcare Ltd,Active,XT,10.0,INE393H01016,,SKYBIOTECH,Equity,https://www.bseindia.com/stock-share-price/skybiotech-healthcare-ltd/skybiotech/512036/,SKYBIOTECH HEALTHCARE LIMITED,31.46
512038,TCC Concept Ltd,Active,B,10.0,INE887D01016,,TCC,Equity,https://www.bseindia.com/stock-share-price/tcc-concept-ltd/tcc/512038/,TCC CONCEPT LIMITED,1300.61
512047,Royal India Corporation Ltd,Active,X,10.0,INE510H01015,,ROYALIND,Equity,https://www.bseindia.com/stock-share-price/royal-india-corporation-ltd/royalind/512047/,Royal India Corporation Limited,70.19
512048,Dhansafal Finserve Ltd,Active,X,1.0,INE195E01020,,DHANSAFAL,Equity,https://www.bseindia.com/stock-share-price/dhansafal-finserve-ltd/dhansafal/512048/,DHANSAFAL FINSERVE LIMITED,52.02
512060,Ventura Guaranty Ltd,Active,P,10.0,INE139J01019,,SHYAM,Equity,https://www.bseindia.com/stock-share-price/ventura-guaranty-ltd/shyam/512060/,Ventura Guaranty Ltd.,
512062,Tandhan Industries Ltd,Active,XT,10.0,INE896J01014,,TANDHANIN,Equity,https://www.bseindia.com/stock-share-price/tandhan-industries-ltd/tandhanin/512062/,TANDHAN INDUSTRIES LIMITED,756.29
512063,Wardwizard Healthcare Ltd,Active,P,10.0,INE048E01013,,WARDHEALTH,Equity,https://www.bseindia.com/stock-share-price/wardwizard-healthcare-ltd/wardhealth/512063/,WARDWIZARD HEALTHCARE LIMITED,1.11
512064,Vishvprabha Ventures Ltd,Active,X,10.0,INE762D01011,,VISVEN,Equity,https://www.bseindia.com/stock-share-price/vishvprabha-ventures-ltd/visven/512064/,VISHVPRABHA VENTURES LIMITED,12.14
512065,Mrugesh Trading Ltd,Active,XT,1.0,INE738D01029,,MRUTR,Equity,https://www.bseindia.com/stock-share-price/mrugesh-trading-ltd/mrutr/512065/,Mrugesh Trading Ltd.,6827.15
512068,Deccan Gold Mines Ltd,Active,B,1.0,INE945F01025,,DECNGOLD,Equity,https://www.bseindia.com/stock-share-price/deccan-gold-mines-ltd/decngold/512068/,Deccan Gold Mines Ltd.,4485.69
512070,UPL Ltd,Active,A,2.0,INE628A01036,,UPL,Equity,https://www.bseindia.com/stock-share-price/upl-ltd/upl/512070/,UPL Limited,48510.19
512091,Global Defence Industries Ltd,Active,XT,10.0,INE425H01016,,GDIL,Equity,https://www.bseindia.com/stock-share-price/global-defence-industries-ltd/gdil/512091/,GLOBAL DEFENCE INDUSTRIES LIMITED,1.87
512093,Cranes Software International Ltd,Active,Z,2.0,INE234B01023,,CRANESSOFT,Equity,https://www.bseindia.com/stock-share-price/cranes-software-international-ltd/cranessoft/512093/,Cranes Software International Ltd.,71.98
512097,Saianand Commercial Ltd,Active,X,1.0,INE092G01024,,SAICOM,Equity,https://www.bseindia.com/stock-share-price/saianand-commercial-ltd/saicom/512097/,Saianand Commercial Limited,5.00
512099,Eyantra Ventures Ltd,Active,XT,10.0,INE750G01019,,EY,Equity,https://www.bseindia.com/stock-share-price/eyantra-ventures-ltd/ey/512099/,EYANTRA VENTURES LIMITED,139.91
512101,Triochem Products Ltd,Active,XT,10.0,INE331E01013,,TRIPR,Equity,https://www.bseindia.com/stock-share-price/triochem-products-ltd/tripr/512101/,Triochem Products Ltd.,0.43
512103,Nidhi Granites Ltd,Active,XT,10.0,INE276H01013,,NIDHGRN,Equity,https://www.bseindia.com/stock-share-price/nidhi-granites-ltd/nidhgrn/512103/,Nidhi Granites Limited,242.40
512109,Aviva Industries Ltd,Active,X,10.0,INE461H01011,,AVIVA,Equity,https://www.bseindia.com/stock-share-price/aviva-industries-ltd/aviva/512109/,Aviva Industries Limited,194.15
512115,Rose Merc Ltd,Active,X,10.0,INE649C01012,,ROSEMER,Equity,https://www.bseindia.com/stock-share-price/rose-merc-ltd/rosemer/512115/,Rose Merc.Limited,40.07
512117,Twin Roses Trades & Agencies Ltd,Active,XT,10.0,INE436U01016,,TWIROST,Equity,https://www.bseindia.com/stock-share-price/twin-roses-trades--agencies-ltd/twirost/512117/,Twin Roses Trades & Agencies Ltd.,0.82
512131,Signet Industries Ltd,Active,B,10.0,INE529F01035,,SIGIND,Equity,https://www.bseindia.com/stock-share-price/signet-industries-ltd/sigind/512131/,Signet Industries Limited,203.62
512147,Kajal Synthetics & Silk Mills Ltd,Active,XT,10.0,INE956V01011,,KAJALSY,Equity,https://www.bseindia.com/stock-share-price/kajal-synthetics--silk-mills-ltd/kajalsy/512147/,Kajal Synthetics and Silk Mills Ltd,
512149,Avance Technologies Ltd,Active,X,1.0,INE758A01072,,AVANCE,Equity,https://www.bseindia.com/stock-share-price/avance-technologies-ltd/avance/512149/,Avance Technologies Ltd.,178.37
512153,M Lakhamsi Industries Ltd,Active,XT,10.0,INE808W01012,,MLINDLTD,Equity,https://www.bseindia.com/stock-share-price/m-lakhamsi-industries-ltd/mlindltd/512153/,M LAKHAMSI INDUSTRIES LIMITED,6.60
512157,Terraform Realstate Ltd,Active,P,10.0,INE123V01018,,TERRAREAL,Equity,https://www.bseindia.com/stock-share-price/terraform-realstate-ltd/terrareal/512157/,Terraform Realstate Limited,
512161,Securekloud Technologies Ltd,Active,B,5.0,INE650K01021,,SECURKLOUD,Equity,https://www.bseindia.com/stock-share-price/securekloud-technologies-ltd/securkloud/512161/,SECUREKLOUD TECHNOLOGIES LIMITED,61.71
512165,Abans Enterprises Ltd,Active,T,2.0,INE365O01028,,ABANSENT,Equity,https://www.bseindia.com/stock-share-price/abans-enterprises-ltd/abansent/512165/,ABans Enterprises Limited,184.90
512169,Capricorn Systems Global Solutions Ltd,Active,XT,10.0,INE968E01012,,CAPRICORN,Equity,https://www.bseindia.com/stock-share-price/capricorn-systems-global-solutions-ltd/capricorn/512169/,Capricorn Systems Global Solutions Ltd.,51.64
512175,Vama Industries Ltd,Active,X,2.0,INE685D01022,,VAMA,Equity,https://www.bseindia.com/stock-share-price/vama-industries-ltd/vama/512175/,Vama Industries Limited,20.07
512179,Sunteck Realty Ltd,Active,B,1.0,INE805D01034,,SUNTECK,Equity,https://www.bseindia.com/stock-share-price/sunteck-realty-ltd/sunteck/512179/,Sunteck Realty Ltd,4429.49
512195,Bentley Commercial Enterprises Ltd,Active,P,10.0,INE496M01017,,BENTCOM,Equity,https://www.bseindia.com/stock-share-price/bentley-commercial-enterprises-ltd/bentcom/512195/,Bentley Commercial Enterprises Ltd.,
512197,Silveroak Commercials Ltd,Active,Z,10.0,INE798C01017,,SILVERO,Equity,https://www.bseindia.com/stock-share-price/silveroak-commercials-ltd/silvero/512197/,Silver oak Commercial Ltd.,1.81
512213,Classic Electricals Ltd,Active,XT,10.0,INE02BR01017,,CLASELE,Equity,https://www.bseindia.com/stock-share-price/classic-electricals-ltd/clasele/512213/,Classic Electricals Ltd.,0.52
512217,Prism Medico and Pharmacy Ltd,Active,X,10.0,INE730E01016,,PRISMMEDI,Equity,https://www.bseindia.com/stock-share-price/prism-medico-and-pharmacy-ltd/prismmedi/512217/,Prism Medico and Pharmacy Ltd.,38.11
512221,SPV Global Trading Ltd,Active,XT,10.0,INE177E01010,,SPVGLOBAL,Equity,https://www.bseindia.com/stock-share-price/spv-global-trading-ltd/spvglobal/512221/,SPV GLOBAL TRADING LIMITED,2.83
512229,Veritas (India) Ltd,Active,XT,1.0,INE379J01029,,VERITAS,Equity,https://www.bseindia.com/stock-share-price/veritas-(india)-ltd/veritas/512229/,Veritas (India) Limited,457.24
512237,Jai Corp Ltd,Active,B,1.0,INE070D01027,,JAICORPLTD,Equity,https://www.bseindia.com/stock-share-price/jai-corp-ltd/jaicorpltd/512237/,Jai Corp Limited,1821.74
512245,Nivi Trading Ltd,Active,P,10.0,INE552F01011,,ZNIVITRD,Equity,https://www.bseindia.com/stock-share-price/nivi-trading-ltd/znivitrd/512245/,Nivi Trading Ltd.,
512247,Ashirwad Capital Ltd,Active,X,1.0,INE894A01026,,ASHCAP,Equity,https://www.bseindia.com/stock-share-price/ashirwad-capital-ltd/ashcap/512247/,Ashirwad Capital Ltd.,24.57
512257,Swasti Vinayaka Art And Heritage Corporation Ltd,Active,X,1.0,INE895A01023,,SVARTCORP,Equity,https://www.bseindia.com/stock-share-price/swasti-vinayaka-art-and-heritage-corporation-ltd/svartcorp/512257/,Swasti Vinayaka Art And Heritage Corporation Ltd,32.76
512261,Bajaj Global Ltd,Active,XT,10.0,INE553H01015,,BAJGLOB,Equity,https://www.bseindia.com/stock-share-price/bajaj-global-ltd/bajglob/512261/,Bajaj Global Ltd,
512265,Avon Mercantile Ltd,Active,XT,10.0,INE471D01019,,AVONMERC,Equity,https://www.bseindia.com/stock-share-price/avon-mercantile-ltd/avonmerc/512265/,Avon Mercantile Ltd.,
512267,Media Matrix Worldwide Ltd,Active,T,1.0,INE200D01020,,MMWL,Equity,https://www.bseindia.com/stock-share-price/media-matrix-worldwide-ltd/mmwl/512267/,Media Matrix Worldwide Ltd.,1610.76
512271,Tashi India Ltd,Active,XT,10.0,INE552H01017,,TASHIND,Equity,https://www.bseindia.com/stock-share-price/tashi-india-ltd/tashind/512271/,Tashi India Ltd.,8.65
512277,Autoriders International Ltd,Active,X,10.0,INE340U01010,,AUTOINT,Equity,https://www.bseindia.com/stock-share-price/autoriders-international-ltd/autoint/512277/,Autoriders International Ltd,116.94
512291,Speedage Commercials Ltd,Active,P,10.0,INE497M01015,,ZSPEEDCO,Equity,https://www.bseindia.com/stock-share-price/speedage-commercials-ltd/zspeedco/512291/,Speedage Commercials Ltd.,0.93
512296,Bhagyanagar India Ltd,Active,T,2.0,INE458B01036,,BHAGYANGR,Equity,https://www.bseindia.com/stock-share-price/bhagyanagar-india-ltd/bhagyangr/512296/,Bhagyanagar India Limited,1219.49
512301,Chambal Breweries & Distilleries Ltd,Active,XT,10.0,INE417N01011,,CHMBBRW,Equity,https://www.bseindia.com/stock-share-price/chambal-breweries--distilleries-ltd/chmbbrw/512301/,Chambal Breweries & Distilleries Li,37.15
512303,Mansoon Trading Company Ltd,Active,P,10.0,INE776V01013,,ZMANSOON,Equity,https://www.bseindia.com/stock-share-price/mansoon-trading-company-ltd/zmansoon/512303/,Mansoon Trading Co. Ltd.,
512307,Typhoon Holdings Ltd,Active,XT,10.0,INE2L3M01012,,TYPHOON,Equity,https://www.bseindia.com/stock-share-price/typhoon-holdings-ltd/typhoon/512307/,Typhoon Holdings Ltd.,0.37
512329,SG Mart Ltd,Active,B,1.0,INE385F01024,,SGMART,Equity,https://www.bseindia.com/stock-share-price/sg-mart-ltd/sgmart/512329/,SG MART LIMITED,9036.72
512344,Aravali Securities & Finance Ltd,Active,X,10.0,INE068C01015,,ARAVALIS,Equity,https://www.bseindia.com/stock-share-price/aravali-securities--finance-ltd/aravalis/512344/,Aravali Securities & Finance Ltd.,5.91
512345,Lexora Global Ltd,Active,XT,10.0,INE745A01012,,LEXGLOBAL,Equity,https://www.bseindia.com/stock-share-price/lexora-global-ltd/lexglobal/512345/,LEXORA GLOBAL LIMITED,196.00
512361,Cupid Breweries And Distilleries Ltd,Active,XT,10.0,INE108G01010,,CUPIDALBV,Equity,https://www.bseindia.com/stock-share-price/cupid-breweries-and-distilleries-ltd/cupidalbv/512361/,CUPID BREWERIES AND DISTILLERIES LIMITED,255.03
512367,Sheraton Properties & Finance Ltd,Active,P,10.0,INE495M01019,,ZSHERAPR,Equity,https://www.bseindia.com/stock-share-price/sheraton-properties--finance-ltd/zsherapr/512367/,Sheraton Properties & Finance Ltd.,1.38
512377,Magnanimous Trade & finance Ltd,Active,XT,10.0,INE664N01018,,MAGANTR,Equity,https://www.bseindia.com/stock-share-price/magnanimous-trade--finance-ltd/magantr/512377/,Magnanimous Trade & Finance Ltd.,12.88
512379,Cressanda Railway Solutions Ltd,Active,X,1.0,INE716D01033,,CRSL,Equity,https://www.bseindia.com/stock-share-price/cressanda-railway-solutions-ltd/crsl/512379/,CRESSANDA RAILWAY SOLUTIONS LIMITED,91.40
512381,Starteck Finance Ltd,Active,B,10.0,INE992I01013,,STARTECK,Equity,https://www.bseindia.com/stock-share-price/starteck-finance-ltd/starteck/512381/,STARTECK FINANCE LIMITED,254.60
512393,Shardul Securities Ltd,Active,T,2.0,INE037B01020,,SHARDUL,Equity,https://www.bseindia.com/stock-share-price/shardul-securities-ltd/shardul/512393/,Shardul Securities Ltd.,366.07
512399,Sera Investments & Finance India Ltd,Active,X,2.0,INE017I01027,,SERA,Equity,https://www.bseindia.com/stock-share-price/sera-investments--finance-india-ltd/sera/512399/,SERA INVESTMENTS & FINANCE INDIA LIMITED,249.14
512404,Bengal Steel Industries Ltd,Active,P,10.0,INE523W01017,,BENGALS,Equity,https://www.bseindia.com/stock-share-price/bengal-steel-industries-ltd/bengals/512404/,Bengal Steel Industries Ltd.,0.02
512408,Uniworth Securities Ltd,Active,XT,10.0,INE728J01019,,UNIWSEC,Equity,https://www.bseindia.com/stock-share-price/uniworth-securities-ltd/uniwsec/512408/,Uniworth Securities Limited,1.25
512415,Mercury Trade Links Ltd,Active,X,10.0,INE319T01016,,MERCTRD,Equity,https://www.bseindia.com/stock-share-price/mercury-trade-links-ltd/merctrd/512415/,Mercury Trade Links Ltd.,5.72
512425,Nirav Commercials Ltd,Active,X,10.0,INE242B01018,,NIRAVCOM,Equity,https://www.bseindia.com/stock-share-price/nirav-commercials-ltd/niravcom/512425/,Nirav Commercials Ltd.,28.22
512431,White Hall Commercial Company Ltd,Active,XT,10.0,INE416X01012,,WHITHAL,Equity,https://www.bseindia.com/stock-share-price/white-hall-commercial-company-ltd/whithal/512431/,White Hall Commercial Co.Ltd.,0.00
512433,Asutosh Enterprise Ltd,Active,P,10.0,INE508W01018,,ASUTENT,Equity,https://www.bseindia.com/stock-share-price/asutosh-enterprise-ltd/asutent/512433/,Asutosh Enterprise Ltd.,
512437,Apollo Finvest India Ltd,Active,X,10.0,INE412D01013,,APOLLOFI,Equity,https://www.bseindia.com/stock-share-price/apollo-finvest-india-ltd/apollofi/512437/,Apollo Finvest (India) Ltd.,128.78
512439,Esquire Money Guarantees Ltd,Active,XT,10.0,INE0HMN01013,,ESQRMON,Equity,https://www.bseindia.com/stock-share-price/esquire-money-guarantees-ltd/esqrmon/512439/,Esquire Money Guarantees Ltd,1.21
512441,Enbee Trade & Finance Ltd,Active,X,1.0,INE993I01029,,ENBETRD,Equity,https://www.bseindia.com/stock-share-price/enbee-trade--finance-ltd/enbetrd/512441/,Enbee Trade & Finance Ltd.,20.22
512443,Ganon Products Ltd,Active,X,10.0,INE162L01017,,GANONPRO,Equity,https://www.bseindia.com/stock-share-price/ganon-products-ltd/ganonpro/512443/,Ganon Products Limited,7.56
512445,Devinsu Trading Ltd,Active,XT,10.0,INE07LH01016,,DEVITRD,Equity,https://www.bseindia.com/stock-share-price/devinsu-trading-ltd/devitrd/512445/,Devinsu Trading Ltd.,
512453,Shri Jagdamba Polymers Ltd,Active,X,1.0,INE564J01026,,SHRJAGP,Equity,https://www.bseindia.com/stock-share-price/shri-jagdamba-polymers-ltd/shrjagp/512453/,Shri Jagdamba Polymers Ltd,507.18
512455,Lloyds Metals and Energy Ltd,Active,A,1.0,INE281B01032,,LLOYDSME,Equity,https://www.bseindia.com/stock-share-price/lloyds-metals-and-energy-ltd/lloydsme/512455/,Lloyds Metals and Energy Limited,115927.87
512461,Punctual Trading Ltd,Active,P,10.0,INE07NX01019,,PUNCTRD,Equity,https://www.bseindia.com/stock-share-price/punctual-trading-ltd/punctrd/512461/,Punctual Trading Ltd.,
512463,Lloyds Enterprises Ltd,Active,A,1.0,INE080I01025,,LLOYDSENT,Equity,https://www.bseindia.com/stock-share-price/lloyds-enterprises-ltd/lloydsent/512463/,LLOYDS ENTERPRISES LIMITED,12113.61
512477,Betex India Ltd,Active,X,10.0,INE765L01017,,BETXIND,Equity,https://www.bseindia.com/stock-share-price/betex-india-ltd/betxind/512477/,Betex India Ltd.,73.22
512479,Virya Resources Ltd,Active,XT,10.0,INE661K01010,,VIRYA,Equity,https://www.bseindia.com/stock-share-price/virya-resources-ltd/virya/512479/,VIRYA RESOURCES LIMITED,110.29
512485,Dhanlaxmi Cotex Ltd,Active,XT,10.0,INE977F01010,,DHANCOT,Equity,https://www.bseindia.com/stock-share-price/dhanlaxmi-cotex-ltd/dhancot/512485/,Dhanlaxmi Cotex Ltd.,64.67
512489,Oasis Securities Ltd,Active,X,1.0,INE876A01023,,OASISEC,Equity,https://www.bseindia.com/stock-share-price/oasis-securities-ltd/oasisec/512489/,Oasis Securities Limited,55.92
512493,Garnet International Ltd,Active,X,10.0,INE590B01010,,GARNETINT,Equity,https://www.bseindia.com/stock-share-price/garnet-international-ltd/garnetint/512493/,Garnet International Limited,121.58
512499,Shalimar Productions Ltd,Active,XT,1.0,INE435E01020,,SHALPRO,Equity,https://www.bseindia.com/stock-share-price/shalimar-productions-ltd/shalpro/512499/,Shalimar Productions Ltd.,29.53
512505,Meenakshi Steel Industries Ltd,Active,Z,10.0,INE721V01019,,MEENST,Equity,https://www.bseindia.com/stock-share-price/meenakshi-steel-industries-ltd/meenst/512505/,Meenakshi Steel Industries Ltd.,
512511,Varun Mercantile Ltd,Active,XT,10.0,INE442U01014,,VARUNME,Equity,https://www.bseindia.com/stock-share-price/varun-mercantile-ltd/varunme/512511/,Varun Mercantile Ltd.,0.21
512517,Vinayak Vanijya Ltd,Active,XT,10.0,INE132V01019,,VINVANI,Equity,https://www.bseindia.com/stock-share-price/vinayak-vanijya-ltd/vinvani/512517/,Vinayak Vanijya Ltd.,
512519,Donear Industries Ltd,Active,B,2.0,INE668D01028,,DONEAR,Equity,https://www.bseindia.com/stock-share-price/donear-industries-ltd/donear/512519/,Donear Industries Ltd,437.63
512527,Super Sales India Ltd,Active,X,10.0,INE091C01017,,SUPER,Equity,https://www.bseindia.com/stock-share-price/super-sales-india-ltd/super/512527/,Super Sales India Ltd.,340.94
512529,Viyash Scientific Ltd,Active,A,2.0,INE807F01027,,VIYASH,Equity,https://www.bseindia.com/stock-share-price/viyash-scientific-ltd/viyash/512529/,VIYASH SCIENTIFIC LIMITED,11922.33
512531,State Trading Corporation of India Ltd,Active,B,10.0,INE655A01013,,STCINDIA,Equity,https://www.bseindia.com/stock-share-price/state-trading-corporation-of-india-ltd/stcindia/512531/,State Trading Corporation of India,723.90
512553,Zenith Exports Ltd,Active,B,10.0,INE058B01018,,ZENITHEXPO,Equity,https://www.bseindia.com/stock-share-price/zenith-exports-ltd/zenithexpo/512553/,Zenith Exports Ltd.,107.93
512559,Kohinoor Foods Ltd,Active,B,10.0,INE080B01012,,KOHINOOR,Equity,https://www.bseindia.com/stock-share-price/kohinoor-foods-ltd/kohinoor/512559/,Kohinoor Foods Ltd,86.08
512565,Neelkanth Ltd,Active,X,10.0,INE581D01015,,NEELKANTH,Equity,https://www.bseindia.com/stock-share-price/neelkanth-ltd/neelkanth/512565/,NEELKANTH LIMITED,16.80
512573,Avanti Feeds Ltd,Active,A,1.0,INE871C01038,,AVANTIFEED,Equity,https://www.bseindia.com/stock-share-price/avanti-feeds-ltd/avantifeed/512573/,Avanti Feeds ltd.,12155.84
512587,Zodiac-JRD-MKJ Ltd,Active,X,10.0,INE077B01018,,ZODJRDMKJ,Equity,https://www.bseindia.com/stock-share-price/zodiac-jrd-mkj-ltd/zodjrdmkj/512587/,Zodiac-JRD-MKJ Ltd.,41.32
512589,Sita Enterprises Ltd,Active,X,10.0,INE579D01019,,SITAENT,Equity,https://www.bseindia.com/stock-share-price/sita-enterprises-ltd/sitaent/512589/,Sita Enterprises LTD.,44.88
512591,Pulsar International Ltd,Active,X,1.0,INE183U01022,,PULSRIN,Equity,https://www.bseindia.com/stock-share-price/pulsar-international-ltd/pulsrin/512591/,Pulsar International Limited,18.85
512595,Manbro Industries Ltd,Active,X,1.0,INE348N01042,,MANBRO,Equity,https://www.bseindia.com/stock-share-price/manbro-industries-ltd/manbro/512595/,Manbro Industries Limited,311.98
512597,Keynote Financial Services Ltd,Active,B,10.0,INE681C01015,,KEYFINSERV,Equity,https://www.bseindia.com/stock-share-price/keynote-financial-services-ltd/keyfinserv/512597/,KEYNOTE FINANCIAL SERVICES LIMITED,142.65
512599,Adani Enterprises Ltd,Active,A,1.0,INE423A01024,,ADANIENT,Equity,https://www.bseindia.com/stock-share-price/adani-enterprises-ltd/adanient/512599/,Adani Enterprises Ltd.,411868.93
512600,Astal Laboratories Ltd,Active,X,10.0,INE307N01014,,ASTALLTD,Equity,https://www.bseindia.com/stock-share-price/astal-laboratories-ltd/astalltd/512600/,ASTAL LABORATORIES LIMITED,342.58
512604,Haria Exports Ltd,Active,X,10.0,INE772B01014,,HARIAEXPO,Equity,https://www.bseindia.com/stock-share-price/haria-exports-ltd/hariaexpo/512604/,Haria Exports Ltd.,7.58
512608,Bhandari Hosiery Exports Ltd,Active,T,1.0,INE474E01029,,BHANDARI,Equity,https://www.bseindia.com/stock-share-price/bhandari-hosiery-exports-ltd/bhandari/512608/,Bhandari Hosiery Exports Ltd.,94.89
512618,RLF Ltd,Active,X,10.0,INE629C01014,,RLF,Equity,https://www.bseindia.com/stock-share-price/rlf-ltd/rlf/512618/,RLF Ltd.,8.49
512624,Regent Enterprises Ltd,Active,X,10.0,INE769D01016,,REGENTRP,Equity,https://www.bseindia.com/stock-share-price/regent-enterprises-ltd/regentrp/512624/,Regent Enterprises Limited,18.80
512626,Orbit Exports Ltd,Active,T,10.0,INE231G01010,,ORBTEXP,Equity,https://www.bseindia.com/stock-share-price/orbit-exports-ltd/orbtexp/512626/,Orbit Exports Ltd.,662.78
512634,Savera Industries Ltd,Active,X,10.0,INE104E01014,,SAVERA,Equity,https://www.bseindia.com/stock-share-price/savera-industries-ltd/savera/512634/,Savera Industries Ltd.,194.49
513005,Chrome Silicon Ltd,Active,X,10.0,INE114E01013,,CHROME,Equity,https://www.bseindia.com/stock-share-price/chrome-silicon-ltd/chrome/513005/,Chrome Silicon Limited,18.68
513012,Jeet Machine Tools Ltd,Active,XT,10.0,INE987E01012,,ZJEETMAC,Equity,https://www.bseindia.com/stock-share-price/jeet-machine-tools-ltd/zjeetmac/513012/,Jeet Machine Tools Ltd.,0.13
513023,Nava Ltd,Active,A,1.0,INE725A01030,,NAVA,Equity,https://www.bseindia.com/stock-share-price/nava-ltd/nava/513023/,NAVA LIMITED,16806.94
513039,Hindusthan Udyog Ltd,Active,XT,10.0,INE582K01018,,ZHINUDYP,Equity,https://www.bseindia.com/stock-share-price/hindusthan-udyog-ltd/zhinudyp/513039/,Hindusthan Udyog Ltd,2.05
513043,Remi Edelstahl Tubulars Ltd,Active,X,10.0,INE158G01015,,REMIEDEL,Equity,https://www.bseindia.com/stock-share-price/remi-edelstahl-tubulars-ltd/remiedel/513043/,Remi Edelstahl Tubulars Limited,269.95
513059,GS Auto International Ltd,Active,X,5.0,INE736H01024,,GSAUTO,Equity,https://www.bseindia.com/stock-share-price/gs-auto-international-ltd/gsauto/513059/,G.S. Auto International Ltd.,22.82
513063,Trans Freight Containers Ltd,Active,X,10.0,INE360D01014,,TRANSFRE,Equity,https://www.bseindia.com/stock-share-price/trans-freight-containers-ltd/transfre/513063/,Trans-Freight Containers Ltd.,14.13
513097,Shivalik Bimetal Controls Ltd,Active,B,2.0,INE386D01027,,SBCL,Equity,https://www.bseindia.com/stock-share-price/shivalik-bimetal-controls-ltd/sbcl/513097/,Shivalik Bimetal Controls Ltd.,4417.67
513108,Gandhi Special Tubes Ltd,Active,B,5.0,INE524B01027,,GANDHITUBE,Equity,https://www.bseindia.com/stock-share-price/gandhi-special-tubes-ltd/gandhitube/513108/,Gandhi Special Tubes Ltd.,1086.39
513117,Amforge Industries Ltd,Active,X,2.0,INE991A01020,,AMFORG,Equity,https://www.bseindia.com/stock-share-price/amforge-industries-ltd/amforg/513117/,Amforge Industries Ltd.,8.04
513119,Onix Solar Energy Ltd,Active,X,10.0,INE173M01012,,ONIXSOLAR,Equity,https://www.bseindia.com/stock-share-price/onix-solar-energy-ltd/onixsolar/513119/,ONIX SOLAR ENERGY LIMITED,1981.10
513121,Oricon Enterprises Ltd,Active,B,2.0,INE730A01022,,ORICONENT,Equity,https://www.bseindia.com/stock-share-price/oricon-enterprises-ltd/oriconent/513121/,Oricon Enterprises Ltd.,856.38
513149,Acrow India Ltd,Active,X,10.0,INE950D01012,,ACROW,Equity,https://www.bseindia.com/stock-share-price/acrow-india-ltd/acrow/513149/,Acrow (India) Ltd.,53.81
513173,Steel Strips Infrastructures Ltd,Active,X,10.0,INE205F01016,,STLSTRINF,Equity,https://www.bseindia.com/stock-share-price/steel-strips-infrastructures-ltd/stlstrinf/513173/,Steel Strips Infrastructures Limited,15.91
513228,Pennar Industries Ltd,Active,A,5.0,INE932A01024,,PENIND,Equity,https://www.bseindia.com/stock-share-price/pennar-industries-ltd/penind/513228/,Pennar Industries Ltd.,2309.43
513250,Jyoti Structures Ltd,Active,B,2.0,INE197A01024,,JYOTISTRUC,Equity,https://www.bseindia.com/stock-share-price/jyoti-structures-ltd/jyotistruc/513250/,Jyoti Structures Ltd.,1398.97
513252,Jay Ushin Ltd,Active,X,10.0,INE289D01015,,JAYUSH,Equity,https://www.bseindia.com/stock-share-price/jay-ushin-ltd/jayush/513252/,Jay Ushin Ltd.,338.18
513262,Steel Strips Wheels Ltd,Active,B,1.0,INE802C01033,,SSWL,Equity,https://www.bseindia.com/stock-share-price/steel-strips-wheels-ltd/sswl/513262/,Steel Strips & Wheels Ltd,4842.19
513269,Man Industries (India) Ltd,Active,B,5.0,INE993A01026,,MANINDS,Equity,https://www.bseindia.com/stock-share-price/man-industries-(india)-ltd/maninds/513269/,Man Industries (India) Ltd,4139.78
513295,Imec Services Ltd,Active,X,10.0,INE611C01020,,IMEC,Equity,https://www.bseindia.com/stock-share-price/imec-services-ltd/imec/513295/,IMEC SERVICES LIMITED,20.24
513303,Modern Steels Ltd,Active,X,10.0,INE001F01019,,MDRNSTL,Equity,https://www.bseindia.com/stock-share-price/modern-steels-ltd/mdrnstl/513303/,Modern Steels Limited,18.58
513307,Belding India Ltd,Active,X,10.0,INE363L01045,,BELDING,Equity,https://www.bseindia.com/stock-share-price/belding-india-ltd/belding/513307/,BELDING INDIA LIMITED,1440.86
513337,Gujarat Toolroom Ltd,Active,B,1.0,INE145J01032,,GUJTLRM,Equity,https://www.bseindia.com/stock-share-price/gujarat-toolroom-ltd/gujtlrm/513337/,Gujarat Toolroom Ltd.,65.44
513349,Ajmera Realty & Infra India Ltd,Active,B,2.0,INE298G01035,,AJMERA,Equity,https://www.bseindia.com/stock-share-price/ajmera-realty--infra-india-ltd/ajmera/513349/,Ajmera Realty & Infra India Limited,2430.43
513353,Cochin Minerals & Rutiles Ltd,Active,X,10.0,INE105D01013,,COCHINM,Equity,https://www.bseindia.com/stock-share-price/cochin-minerals--rutiles-ltd/cochinm/513353/,Cochin Minerals & Rutile Ltd.,245.16
513361,India Homes Ltd,Active,XT,1.0,INE072A01029,,INDIAHOMES,Equity,https://www.bseindia.com/stock-share-price/india-homes-ltd/indiahomes/513361/,India Homes Limited,888.52
513369,Krishanveer Forge Ltd,Active,XT,10.0,INE013J01016,,KVFORGE,Equity,https://www.bseindia.com/stock-share-price/krishanveer-forge-ltd/kvforge/513369/,KRISHANVEER FORGE LIMITED,165.90
513375,Carborundum Universal Ltd,Active,A,1.0,INE120A01034,,CARBORUNIV,Equity,https://www.bseindia.com/stock-share-price/carborundum-universal-ltd/carboruniv/513375/,Carborundum Universal Ltd.,20366.61
513377,MMTC Ltd,Active,B,1.0,INE123F01029,,MMTC,Equity,https://www.bseindia.com/stock-share-price/mmtc-ltd/mmtc/513377/,MMTC Ltd.,9609.00
513397,Vallabh Steels Ltd,Active,X,10.0,INE457E01016,,VALLABHSQ,Equity,https://www.bseindia.com/stock-share-price/vallabh-steels-ltd/vallabhsq/513397/,Vallabh Steels ltd,3.81
513418,Smiths & Founders (India) Ltd,Active,XT,1.0,INE728B01032,,SMFIL,Equity,https://www.bseindia.com/stock-share-price/smiths--founders-(india)-ltd/smfil/513418/,Smiths & Founders (India) Limited,145.14
513422,Bloom Industries Ltd,Active,X,10.0,INE373E01015,,BLOIN,Equity,https://www.bseindia.com/stock-share-price/bloom-industries-ltd/bloin/513422/,Bloom Industries Ltd,21.25
513430,Maitri Enterprises Ltd,Active,XT,10.0,INE501L01024,,MAITRI,Equity,https://www.bseindia.com/stock-share-price/maitri-enterprises-ltd/maitri/513430/,Maitri Enterprises Limited,17.16
513436,Shah Alloys Ltd,Active,B,10.0,INE640C01011,,SHAHALLOYS,Equity,https://www.bseindia.com/stock-share-price/shah-alloys-ltd/shahalloys/513436/,Shah Alloys Limited,140.96
513452,Elango Industries Ltd,Active,XT,10.0,INE594D01018,,ELANGO,Equity,https://www.bseindia.com/stock-share-price/elango-industries-ltd/elango/513452/,Elango Industries Ltd,3.63
513456,Kanishk Steel Industries Ltd,Active,X,10.0,INE791E01018,,KANSHST,Equity,https://www.bseindia.com/stock-share-price/kanishk-steel-industries-ltd/kanshst/513456/,Kanishk Steel Industries Ltd,148.92
513460,Mahalaxmi Seamless Ltd,Active,Z,10.0,INE257F01017,,MAHALXSE,Equity,https://www.bseindia.com/stock-share-price/mahalaxmi-seamless-ltd/mahalxse/513460/,Mahalaxmi Seamless Ltd.,5.74
513472,Simplex Castings Ltd,Active,X,2.0,INE658D01029,,SIMPLEXCAS,Equity,https://www.bseindia.com/stock-share-price/simplex-castings-ltd/simplexcas/513472/,Simplex Castings Ltd.,413.45
513488,Shree Steel Wire Ropes Ltd,Active,XT,10.0,INE387D01025,,SSWRL,Equity,https://www.bseindia.com/stock-share-price/shree-steel-wire-ropes-ltd/sswrl/513488/,Shree Steel Wire Ropes Ltd.,9.50
513496,Sizemasters Technology Ltd,Active,X,10.0,INE235U01012,,SIZEMASTER,Equity,https://www.bseindia.com/stock-share-price/sizemasters-technology-ltd/sizemaster/513496/,SIZEMASTERS TECHNOLOGY LIMITED,256.95
513498,Southern Magnesium & Chemicals Ltd,Active,X,10.0,INE308N01012,,SOUTHMG,Equity,https://www.bseindia.com/stock-share-price/southern-magnesium--chemicals-ltd/southmg/513498/,Southern Magnesium And Chemicals Lt,22.20
513502,Baroda Extrusion Ltd,Active,X,1.0,INE927K01023,,BAROEXT,Equity,https://www.bseindia.com/stock-share-price/baroda-extrusion-ltd/baroext/513502/,Baroda Extrusion Ltd.,160.95
513507,Gujarat Containers Ltd,Active,P,10.0,INE276I01011,,GUJCONT,Equity,https://www.bseindia.com/stock-share-price/gujarat-containers-ltd/gujcont/513507/,Gujarat Containers Ltd.,100.43
513509,Kalyani Forge Ltd,Active,B,10.0,INE314G01014,,KALYANIFRG,Equity,https://www.bseindia.com/stock-share-price/kalyani-forge-ltd/kalyanifrg/513509/,Kalyani Forge Ltd.,220.92
513511,Panchmahal Steel Ltd,Active,X,10.0,INE798F01010,,PANCHMAHQ,Equity,https://www.bseindia.com/stock-share-price/panchmahal-steel-ltd/panchmahq/513511/,Panchmahal Steel Ltd.,569.01
513513,Aditya Ispat Ltd,Active,X,10.0,INE570B01012,,ADITYA,Equity,https://www.bseindia.com/stock-share-price/aditya-ispat-ltd/aditya/513513/,Aditya Ispat Ltd.,4.71
513517,Steelcast Ltd,Active,B,1.0,INE124E01038,,STEELCAS,Equity,https://www.bseindia.com/stock-share-price/steelcast-ltd/steelcas/513517/,Steelcast Ltd.,3413.98
513519,Pitti Engineering Ltd,Active,B,5.0,INE450D01021,,PITTIENG,Equity,https://www.bseindia.com/stock-share-price/pitti-engineering-ltd/pittieng/513519/,PITTI ENGINEERING LIMITED,3532.85
513528,Glittek Granites Ltd,Active,XT,5.0,INE741B01027,,GLITTEKG,Equity,https://www.bseindia.com/stock-share-price/glittek-granites-ltd/glittekg/513528/,Glittek Granites Ltd.,175.82
513532,Pradeep Metals Ltd,Active,T,10.0,INE770A01010,,PRADPME,Equity,https://www.bseindia.com/stock-share-price/pradeep-metals-ltd/pradpme/513532/,Pradeep Metals Ltd.,895.71
513536,Gujarat Natural Resources Ltd,Active,B,10.0,INE207H01018,,GNRL,Equity,https://www.bseindia.com/stock-share-price/gujarat-natural-resources-ltd/gnrl/513536/,Gujarat Natural Resources Limited,1460.85
513544,Mardia Samyoung Capillary Tubes Company Ltd,Active,X,10.0,INE277E01026,,MSCTC,Equity,https://www.bseindia.com/stock-share-price/mardia-samyoung-capillary-tubes-company-ltd/msctc/513544/,Mardia Samyoung Capillary Tubes Co.,35.25
513548,Sharda Ispat Ltd,Active,X,10.0,INE385M01012,,SHRDAIS,Equity,https://www.bseindia.com/stock-share-price/sharda-ispat-ltd/shrdais/513548/,Sharda Ispat Ltd.,79.17
513554,Mahamaya Steel Industries Ltd,Active,B,10.0,INE451L01014,,MAHASTEEL,Equity,https://www.bseindia.com/stock-share-price/mahamaya-steel-industries-ltd/mahasteel/513554/,Mahamaya Steel Industries Limited,1690.69
513566,Nova Iron & Steel Ltd,Active,X,10.0,INE608C01026,,NOVIS,Equity,https://www.bseindia.com/stock-share-price/nova-iron--steel-ltd/novis/513566/,Nova Iron & Steel Ltd.,45.97
513575,Sterling Powergensys Ltd,Active,XT,10.0,INE067E01013,,STERPOW,Equity,https://www.bseindia.com/stock-share-price/sterling-powergensys-ltd/sterpow/513575/,Sterling Powergensys Limited,18.74
513579,Foundry Fuel Products Ltd,Active,Z,10.0,INE617C01027,,FFPL,Equity,https://www.bseindia.com/stock-share-price/foundry-fuel-products-ltd/ffpl/513579/,Foundry Fuel Products Ltd.,4.33
513599,Hindustan Copper Ltd,Active,A,5.0,INE531E01026,,HINDCOPPER,Equity,https://www.bseindia.com/stock-share-price/hindustan-copper-ltd/hindcopper/513599/,Hindustan Copper Ltd.,52876.87
513629,Tulsyan NEC Ltd,Active,X,10.0,INE463D01016,,TULSYAN,Equity,https://www.bseindia.com/stock-share-price/tulsyan-nec-ltd/tulsyan/513629/,Tulsyan NEC Ltd,62.54
513642,Axel Polymers Ltd,Active,X,10.0,INE197C01012,,AXELPOLY,Equity,https://www.bseindia.com/stock-share-price/axel-polymers-ltd/axelpoly/513642/,Axel Polymers Ltd.,50.65
513683,NLC India Ltd,Active,A,10.0,INE589A01014,,NLCINDIA,Equity,https://www.bseindia.com/stock-share-price/nlc-india-ltd/nlcindia/513683/,NLC India Limited,42119.09
513687,Spectra Industries Ltd,Active,Z,10.0,INE848B01012,,SPECTRA,Equity,https://www.bseindia.com/stock-share-price/spectra-industries-ltd/spectra/513687/,Spectra Industries Ltd.,3.16
513693,KIC Metaliks Ltd,Active,XT,2.0,INE434C01027,,KAJARIR,Equity,https://www.bseindia.com/stock-share-price/kic-metaliks-ltd/kajarir/513693/,KIC Metaliks Ltd.,126.47
513699,Solid Stone Company Ltd,Active,X,10.0,INE584G01012,,SOLIDSTON,Equity,https://www.bseindia.com/stock-share-price/solid-stone-company-ltd/solidston/513699/,Solid Stone Company Ltd.,13.01
513709,Shilp Gravures Ltd,Active,X,10.0,INE960A01017,,SHILGRAVQ,Equity,https://www.bseindia.com/stock-share-price/shilp-gravures-ltd/shilgravq/513709/,Shilp Gravures Ltd.,91.60
513713,White Organic Agro Ltd,Active,X,10.0,INE146C01019,,WHITEORG,Equity,https://www.bseindia.com/stock-share-price/white-organic-agro-ltd/whiteorg/513713/,White Organic Agro Limited,12.39
513721,MFS Intercorp Ltd,Active,XT,10.0,INE614F01019,,MFSINTRCRP,Equity,https://www.bseindia.com/stock-share-price/mfs-intercorp-ltd/mfsintrcrp/513721/,MFS Intercorp Limited,6.49
513729,Aro Granite Industries Ltd,Active,B,10.0,INE210C01013,,AROGRANITE,Equity,https://www.bseindia.com/stock-share-price/aro-granite-industries-ltd/arogranite/513729/,Aro Granite Industries Ltd.,39.80
514010,Rudra Ecovation Ltd,Active,X,1.0,INE723D01021,,RUDRAECO,Equity,https://www.bseindia.com/stock-share-price/rudra-ecovation-ltd/rudraeco/514010/,RUDRA ECOVATION LIMITED,214.31
514028,Rajkamal Synthetics Ltd,Active,X,10.0,INE376L01013,,RAJKSYN,Equity,https://www.bseindia.com/stock-share-price/rajkamal-synthetics-ltd/rajksyn/514028/,Rajkamal Synthetics Ltd.,15.33
514030,Deepak Spinners Ltd,Active,X,10.0,INE272C01013,,DEEPAKSP,Equity,https://www.bseindia.com/stock-share-price/deepak-spinners-ltd/deepaksp/514030/,Deepak Spinners Ltd.,102.63
514036,Loyal Textile Mills Ltd,Active,B,10.0,INE970D01010,,LOYALTEX,Equity,https://www.bseindia.com/stock-share-price/loyal-textile-mills-ltd/loyaltex/514036/,Loyal Textiles Mills Ltd,102.11
514043,Himatsingka Seide Ltd,Active,B,5.0,INE049A01027,,HIMATSEIDE,Equity,https://www.bseindia.com/stock-share-price/himatsingka-seide-ltd/himatseide/514043/,Himatsingka Seide Ltd.,999.90
514045,BSL Ltd,Active,B,10.0,INE594B01012,,BSL,Equity,https://www.bseindia.com/stock-share-price/bsl-ltd/bsl/514045/,BSL Ltd.,127.16
514060,Newtrac Foods & Beverages Ltd,Active,X,10.0,INE229N01010,,NEWTRAC,Equity,https://www.bseindia.com/stock-share-price/newtrac-foods--beverages-ltd/newtrac/514060/,NEWTRAC FOODS & BEVERAGES LIMITED,19.29
514087,PBM Polytex Ltd,Active,X,10.0,INE501F01018,,PBMPOLY,Equity,https://www.bseindia.com/stock-share-price/pbm-polytex-ltd/pbmpoly/514087/,P.B.M. Polytex Ltd.,43.26
514113,Adinath Textiles Ltd,Active,XT,10.0,INE207C01019,,ADINATH,Equity,https://www.bseindia.com/stock-share-price/adinath-textiles-ltd/adinath/514113/,Adinath Textiles Ltd.,14.65
514138,Suryalata Spinning Mills Ltd,Active,B,10.0,INE132C01027,,SURYALA,Equity,https://www.bseindia.com/stock-share-price/suryalata-spinning-mills-ltd/suryala/514138/,Suryalata Spinning Mills Ltd.,171.06
514142,T T Ltd,Active,B,1.0,INE592B01024,,TTL,Equity,https://www.bseindia.com/stock-share-price/t-t-ltd/ttl/514142/,T T Ltd,161.96
514162,Welspun Living Ltd,Active,A,1.0,INE192B01031,,WELSPUNLIV,Equity,https://www.bseindia.com/stock-share-price/welspun-living-ltd/welspunliv/514162/,WELSPUN LIVING LIMITED,15049.91
514165,Indian Acrylics Ltd,Active,X,10.0,INE862B01013,,INDIANACRY,Equity,https://www.bseindia.com/stock-share-price/indian-acrylics-ltd/indianacry/514165/,Indian Acrylics Ltd,78.08
514167,Ganesha Ecosphere Ltd,Active,B,10.0,INE845D01014,,GANECOS,Equity,https://www.bseindia.com/stock-share-price/ganesha-ecosphere-ltd/ganecos/514167/,Ganesha Ecosphere Limited,2879.76
514171,Ceeta Industries Ltd,Active,X,1.0,INE760J01012,,CEETAIN,Equity,https://www.bseindia.com/stock-share-price/ceeta-industries-ltd/ceetain/514171/,Ceeta Industries Ltd.,56.57
514175,Vardhman Polytex Ltd,Active,B,1.0,INE835A01029,,VARDMNPOLY,Equity,https://www.bseindia.com/stock-share-price/vardhman-polytex-ltd/vardmnpoly/514175/,Vardhman Polytex Ltd.,289.81
514177,Rishab Special Yarns Ltd,Active,X,10.0,INE351D01013,,RISHYRN,Equity,https://www.bseindia.com/stock-share-price/rishab-special-yarns-ltd/rishyrn/514177/,Rishabh Special Yarns Ltd,22.99
514183,Black Rose Industries Ltd,Active,T,1.0,INE761G01016,,BLACKROSE,Equity,https://www.bseindia.com/stock-share-price/black-rose-industries-ltd/blackrose/514183/,Black Rose Industries Ltd,582.17
514197,S & T Corporation Ltd,Active,XT,2.0,INE110Q01023,,STCORP,Equity,https://www.bseindia.com/stock-share-price/s--t-corporation-ltd/stcorp/514197/,S & T Corporation Limited,12.83
514211,Sumeet Industries Ltd,Active,B,2.0,INE235C01036,,SUMEETINDS,Equity,https://www.bseindia.com/stock-share-price/sumeet-industries-ltd/sumeetinds/514211/,Sumeet Industries Ltd,1267.22
514223,Ramgopal Polytex Ltd,Active,XT,10.0,INE410D01017,,RAMGOPOLY,Equity,https://www.bseindia.com/stock-share-price/ramgopal-polytex-ltd/ramgopoly/514223/,Ramgopal Polytex Ltd,46.40
514234,Sangam India Ltd,Active,B,10.0,INE495C01010,,SANGAMIND,Equity,https://www.bseindia.com/stock-share-price/sangam-india-ltd/sangamind/514234/,Sangam (India) Ltd,3088.66
514236,TTL Enterprises Ltd,Active,XT,10.0,INE664X01025,,TTLEL,Equity,https://www.bseindia.com/stock-share-price/ttl-enterprises-ltd/ttlel/514236/,TTL ENTERPRISES LIMITED,
514238,Mkventures Capital Ltd,Active,X,10.0,INE874A01010,,MKVENTURES,Equity,https://www.bseindia.com/stock-share-price/mkventures-capital-ltd/mkventures/514238/,MKVENTURES CAPITAL LIMITED,420.05
514240,Kush Industries Ltd,Active,X,10.0,INE979D01011,,KUSHIND,Equity,https://www.bseindia.com/stock-share-price/kush-industries-ltd/kushind/514240/,Kush Industries Limited,9.61
514248,Sreechem Resins Ltd,Active,P,10.0,INE377C01010,,SRECR,Equity,https://www.bseindia.com/stock-share-price/sreechem-resins-ltd/srecr/514248/,Sree chem Resins Ltd,11.34
514260,Surbhi Industries Ltd,Active,XT,10.0,INE899E01019,,SURBHIN,Equity,https://www.bseindia.com/stock-share-price/surbhi-industries-ltd/surbhin/514260/,Surbhi Industries Limited,51.04
514264,Seasons Textiles Ltd,Active,X,10.0,INE707B01010,,SEASONST,Equity,https://www.bseindia.com/stock-share-price/seasons-textiles-ltd/seasonst/514264/,Seasons Textiles Ltd,12.73
514266,Zenith Fibres Ltd,Active,X,10.0,INE106C01013,,ZENIFIB,Equity,https://www.bseindia.com/stock-share-price/zenith-fibres-ltd/zenifib/514266/,Zenith Fibres Limited,20.33
514272,Bhilwara Spinners Ltd,Active,X,10.0,INE436C01014,,BHILSPIN,Equity,https://www.bseindia.com/stock-share-price/bhilwara-spinners-ltd/bhilspin/514272/,Bhilwara Spinners Ltd,115.25
514274,Varvee Global Ltd,Active,B,5.0,INE273D01027,,VGL,Equity,https://www.bseindia.com/stock-share-price/varvee-global-ltd/vgl/514274/,VARVEE GLOBAL LIMITED,318.76
514280,Sanrhea Technical Textiles Ltd,Active,X,10.0,INE589J01015,,SANTETX,Equity,https://www.bseindia.com/stock-share-price/sanrhea-technical-textiles-ltd/santetx/514280/,Sanrhea Technical Textiles Ltd.,84.41
514286,Ashima Ltd,Active,B,10.0,INE440A01010,,ASHIMASYN,Equity,https://www.bseindia.com/stock-share-price/ashima-ltd/ashimasyn/514286/,Ashima Ltd,348.63
514300,Pioneer Embroideries Ltd,Active,B,10.0,INE156C01018,,PIONEEREMB,Equity,https://www.bseindia.com/stock-share-price/pioneer-embroideries-ltd/pioneeremb/514300/,Pioneer Embroideries Ltd.,77.02
514302,Vippy Spinpro Ltd,Active,X,10.0,INE660D01017,,VIPPYSP,Equity,https://www.bseindia.com/stock-share-price/vippy-spinpro-ltd/vippysp/514302/,Vippy Spinpro Ltd.,100.58
514312,Jaihind Industries Ltd,Active,X,10.0,INE156E01014,,JAIHIND,Equity,https://www.bseindia.com/stock-share-price/jaihind-industries-ltd/jaihind/514312/,JAIHIND INDUSTRIES LIMITED,24.20
514316,Raghuvir Synthetics Ltd,Active,X,1.0,INE969C01022,,RAGHUSYN,Equity,https://www.bseindia.com/stock-share-price/raghuvir-synthetics-ltd/raghusyn/514316/,Raghuvir Synthetics Ltd.,389.40
514318,Jattashankar Industries Ltd,Active,X,10.0,INE722N01014,,JATTAINDUS,Equity,https://www.bseindia.com/stock-share-price/jattashankar-industries-ltd/jattaindus/514318/,Jattashankar Industries Limited,200.53
514322,Kamadgiri Fashion Ltd,Active,XT,10.0,INE535C01013,,KAMADGIRI,Equity,https://www.bseindia.com/stock-share-price/kamadgiri-fashion-ltd/kamadgiri/514322/,Kamadgiri Fashion Limited,85.05
514324,Omnitex Industries India Ltd,Active,XT,10.0,INE814D01010,,OMNITEX,Equity,https://www.bseindia.com/stock-share-price/omnitex-industries-india-ltd/omnitex/514324/,Omnitex Industries (India) Ltd.,327.90
514326,Patspin India Ltd,Active,X,10.0,INE790C01014,,PATSPINLTD,Equity,https://www.bseindia.com/stock-share-price/patspin-india-ltd/patspinltd/514326/,Patspin India Ltd.,20.72
514330,One Global Service Provider Ltd,Active,X,10.0,INE670O01013,,ONEGLOBAL,Equity,https://www.bseindia.com/stock-share-price/one-global-service-provider-ltd/oneglobal/514330/,ONE GLOBAL SERVICE PROVIDER LIMITED,1108.09
514332,Neo Infracon Ltd,Active,X,10.0,INE216I01017,,NEOINFRA,Equity,https://www.bseindia.com/stock-share-price/neo-infracon-ltd/neoinfra/514332/,Neo Infracon Ltd.,21.75
514336,CCME Global Ltd,Active,XT,10.0,INE194N01016,,CCME,Equity,https://www.bseindia.com/stock-share-price/ccme-global-ltd/ccme/514336/,CCME GLOBAL LIMITED,405.44
514354,Premier Polyfilm Ltd,Active,B,1.0,INE309M01020,,PREMIERPOL,Equity,https://www.bseindia.com/stock-share-price/premier-polyfilm-ltd/premierpol/514354/,Premier Polyfilm Ltd.,760.22
514358,Everlon Financials Ltd,Active,X,10.0,INE339D01034,,EVERFIN,Equity,https://www.bseindia.com/stock-share-price/everlon-financials-ltd/everfin/514358/,EVERLON FINANCIALS LIMITED,66.46
514360,K&R Rail Engineering Ltd,Active,X,10.0,INE078T01026,,KRRAIL,Equity,https://www.bseindia.com/stock-share-price/kr-rail-engineering-ltd/krrail/514360/,K&R RAIL ENGINEERING LIMITED,95.01
514378,Yarn Syndicate Ltd,Active,X,10.0,INE564C01013,,YARNSYN,Equity,https://www.bseindia.com/stock-share-price/yarn-syndicate-ltd/yarnsyn/514378/,Yarn Syndicate Ltd.,31.15
514386,Gujarat Cotex Ltd,Active,XT,5.0,INE004C01028,,GUJCOTEX,Equity,https://www.bseindia.com/stock-share-price/gujarat-cotex-ltd/gujcotex/514386/,Gujarat Cotex Ltd,25.73
514400,Garware Synthetics Ltd,Active,X,10.0,INE340D01016,,GARWSYN,Equity,https://www.bseindia.com/stock-share-price/garware-synthetics-ltd/garwsyn/514400/,Garware Synthetics Ltd.,11.79
514402,Eco Hotels And Resorts Ltd,Active,XT,10.0,INE638N01012,,ECOHOTELS,Equity,https://www.bseindia.com/stock-share-price/eco-hotels-and-resorts-ltd/ecohotels/514402/,ECO HOTELS AND RESORTS LIMITED,71.85
514412,Sarup Industries Ltd,Active,X,10.0,INE305D01019,,SARUPINDUS,Equity,https://www.bseindia.com/stock-share-price/sarup-industries-ltd/sarupindus/514412/,SARUP INDUSTRIES LIMITED,42.31
514414,Oxford Industries Ltd,Active,XT,10.0,INE114D01015,,OXFORDIN,Equity,https://www.bseindia.com/stock-share-price/oxford-industries-ltd/oxfordin/514414/,Oxford Industries ltd.,4.11
514418,Mangalam Organics Ltd,Active,T,10.0,INE370D01013,,MANORG,Equity,https://www.bseindia.com/stock-share-price/mangalam-organics-ltd/manorg/514418/,Mangalam Organics Limited,395.89
514428,Hindustan Adhesives Ltd,Active,X,10.0,INE074C01013,,HINDADH,Equity,https://www.bseindia.com/stock-share-price/hindustan-adhesives-ltd/hindadh/514428/,Hindustan Adhesives Ltd.,136.76
514440,Blue Pearl Agriventures Ltd,Active,B,1.0,INE439N01031,,BPAGRI,Equity,https://www.bseindia.com/stock-share-price/blue-pearl-agriventures-ltd/bpagri/514440/,Blue Pearl Agriventures Limited,564.60
514442,Sri KPR Industries Ltd,Active,X,10.0,INE009C01019,,SRIKPRIND,Equity,https://www.bseindia.com/stock-share-price/sri-kpr-industries-ltd/srikprind/514442/,Sri KPR Industries Ltd,42.31
514448,Jyoti Resins & Adhesives Ltd,Active,B,10.0,INE577D01013,,JYOTIRES,Equity,https://www.bseindia.com/stock-share-price/jyoti-resins--adhesives-ltd/jyotires/514448/,Jyoti Resins & Adhesives Ltd,1079.94
514450,Mahalaxmi Rubtech Ltd,Active,B,10.0,INE112D01035,,MHLXMIRU,Equity,https://www.bseindia.com/stock-share-price/mahalaxmi-rubtech-ltd/mhlxmiru/514450/,Mahalaxmi Rubtech Ltd.,166.53
514454,Southern Latex Ltd,Active,XT,10.0,INE410M01018,,SOUTLAT,Equity,https://www.bseindia.com/stock-share-price/southern-latex-ltd/soutlat/514454/,Southern Latex Ltd.,15.65
514470,Winsome Textile Industries Ltd,Active,X,10.0,INE837B01031,,WINSOMTX,Equity,https://www.bseindia.com/stock-share-price/winsome-textile-industries-ltd/winsomtx/514470/,Winsome Textile Industries Ltd,202.88
515008,Modern Insulators Ltd,Active,XT,10.0,INE219W01012,,MODINSU,Equity,https://www.bseindia.com/stock-share-price/modern-insulators-ltd/modinsu/515008/,Modern Insulators Ltd.,2511.83
515018,Regency Ceramics Ltd,Active,B,10.0,INE277C01012,,REGENCERAM,Equity,https://www.bseindia.com/stock-share-price/regency-ceramics-ltd/regenceram/515018/,Regency Ceramics Ltd,83.56
515030,Asahi India Glass Ltd,Active,A,1.0,INE439A01020,,ASAHIINDIA,Equity,https://www.bseindia.com/stock-share-price/asahi-india-glass-ltd/asahiindia/515030/,Asahi India Glass Ltd.,23292.70
515037,Murudeshwar Ceramics Ltd,Active,B,10.0,INE692B01014,,MURUDCERA,Equity,https://www.bseindia.com/stock-share-price/murudeshwar-ceramics-ltd/murudcera/515037/,Murudeshwar Ceramics Ltd.,186.66
515043,Saint Gobain Sekurit India Ltd,Active,X,10.0,INE068B01017,,SEKURITIND,Equity,https://www.bseindia.com/stock-share-price/saint-gobain-sekurit-india-ltd/sekuritind/515043/,Saint-Gobain Sekurit India Ltd.,1057.74
515055,Anant Raj Ltd,Active,A,2.0,INE242C01024,,ANANTRAJ,Equity,https://www.bseindia.com/stock-share-price/anant-raj-ltd/anantraj/515055/,Anant Raj Limited,22175.62
515059,Madhusudan Industries Ltd,Active,X,5.0,INE469C01023,,MADHUDIN,Equity,https://www.bseindia.com/stock-share-price/madhusudan-industries-ltd/madhudin/515059/,Madhusudan Industries Ltd.,19.31
515085,Restile Ceramics Ltd,Active,X,10.0,INE298E01022,,RESTILE,Equity,https://www.bseindia.com/stock-share-price/restile-ceramics-ltd/restile/515085/,Restile Ceramics Ltd.,63.10
515093,Madhav Marbles & Granites Ltd,Active,B,10.0,INE925C01016,,MADHAV,Equity,https://www.bseindia.com/stock-share-price/madhav-marbles--granites-ltd/madhav/515093/,Madhav Marbles & Granites Ltd.,31.62
515147,Haldyn Glass Ltd,Active,T,1.0,INE506D01020,,HALDYNGL,Equity,https://www.bseindia.com/stock-share-price/haldyn-glass-ltd/haldyngl/515147/,Haldyn Glass Limited,701.19
516003,Duroply Industries Ltd,Active,X,10.0,INE932D01010,,DUROPLY,Equity,https://www.bseindia.com/stock-share-price/duroply-industries-ltd/duroply/516003/,DUROPLY INDUSTRIES LIMITED,117.43
516016,Shreyans Industries Ltd,Active,B,10.0,INE231C01019,,SHREYANIND,Equity,https://www.bseindia.com/stock-share-price/shreyans-industries-ltd/shreyanind/516016/,Shreyans Industries Limited.,196.18
516020,Agio Paper & Industries Ltd,Active,X,10.0,INE112C01011,,AGIOPAPER,Equity,https://www.bseindia.com/stock-share-price/agio-paper--industries-ltd/agiopaper/516020/,Agio Paper & Industries Limited,5.69
516022,Star Paper Mills Ltd,Active,B,10.0,INE733A01018,,STARPAPER,Equity,https://www.bseindia.com/stock-share-price/star-paper-mills-ltd/starpaper/516022/,Star Paper Mills Ltd.,237.25
516030,Pakka Ltd,Active,B,10.0,INE551D01018,,PAKKA,Equity,https://www.bseindia.com/stock-share-price/pakka-ltd/pakka/516030/,PAKKA LIMITED,323.67
516032,Tahmar Enterprises Ltd,Active,XT,1.0,INE385D01029,,TAHMARENT,Equity,https://www.bseindia.com/stock-share-price/tahmar-enterprises-ltd/tahmarent/516032/,TAHMAR ENTERPRISES LIMITED,62.63
516038,KS Smart Technologies Ltd,Active,X,10.0,INE737E01011,,KSSMART,Equity,https://www.bseindia.com/stock-share-price/ks-smart-technologies-ltd/kssmart/516038/,KS Smart Technologies Limited,1797.39
516062,National Plywood Industries Ltd,Active,Z,10.0,INE497C01016,,NATPLY,Equity,https://www.bseindia.com/stock-share-price/national-plywood-industries-ltd/natply/516062/,National Plywood Industries Ltd.,6.83
516064,Arrow Greentech Ltd,Active,T,10.0,INE570D01018,,ARROWGREEN,Equity,https://www.bseindia.com/stock-share-price/arrow-greentech-ltd/arrowgreen/516064/,Arrow Greentech Limited,1135.22
516072,Vishnu Chemicals Ltd,Active,B,2.0,INE270I01022,,VISHNU,Equity,https://www.bseindia.com/stock-share-price/vishnu-chemicals-ltd/vishnu/516072/,Vishnu Chemicals Limited,3999.54
516078,Jumbo Bag Ltd,Active,X,10.0,INE699D01015,,JUMBO,Equity,https://www.bseindia.com/stock-share-price/jumbo-bag-ltd/jumbo/516078/,Jumbo Bag ltd.,75.18
516082,NR Agarwal Industries Ltd,Active,B,10.0,INE740D01017,,NRAIL,Equity,https://www.bseindia.com/stock-share-price/nr-agarwal-industries-ltd/nrail/516082/,N.R.Agarwal Industries Ltd.,891.29
516092,3P Land Holdings Ltd,Active,B,2.0,INE105C01023,,3PLAND,Equity,https://www.bseindia.com/stock-share-price/3p-land-holdings-ltd/3pland/516092/,3P LAND HOLDINGS LTD.,56.57
516096,Sangal Papers Ltd,Active,X,10.0,INE384D01022,,SANPA,Equity,https://www.bseindia.com/stock-share-price/sangal-papers-ltd/sanpa/516096/,Sangal Papers Ltd.,21.41
516098,Ventura Textiles Ltd,Active,X,10.0,INE810C01044,,VENTURA,Equity,https://www.bseindia.com/stock-share-price/ventura-textiles-ltd/ventura/516098/,Ventura Textiles Ltd.,16.75
516106,Shree Karthik Papers Ltd,Active,X,5.0,INE538D01015,,SHKARTP,Equity,https://www.bseindia.com/stock-share-price/shree-karthik-papers-ltd/shkartp/516106/,Shree Karthik Papers Ltd.,14.33
516108,South India Paper Mills Ltd,Active,X,10.0,INE088G01014,,STHINPA,Equity,https://www.bseindia.com/stock-share-price/south-india-paper-mills-ltd/sthinpa/516108/,South India Paper Mills Ltd.,193.31
516110,Family Care Hospitals Ltd,Active,X,10.0,INE146N01016,,FAMILYCARE,Equity,https://www.bseindia.com/stock-share-price/family-care-hospitals-ltd/familycare/516110/,FAMILY CARE HOSPITALS LIMITED,14.75
517015,Vindhya Telelinks Ltd,Active,B,10.0,INE707A01012,,VINDHYATEL,Equity,https://www.bseindia.com/stock-share-price/vindhya-telelinks-ltd/vindhyatel/517015/,Vindhya Telelinks Ltd.,2695.00
517035,RIR Power Electronics Ltd,Active,B,2.0,INE302D01024,,RIR,Equity,https://www.bseindia.com/stock-share-price/rir-power-electronics-ltd/rir/517035/,RIR POWER ELECTRONICS LIMITED,1271.96
517041,Ador Welding Ltd,Active,B,10.0,INE045A01017,,ADOR,Equity,https://www.bseindia.com/stock-share-price/ador-welding-ltd/ador/517041/,Ador Welding Ltd.,2575.44
517059,Salzer Electronics Ltd,Active,B,10.0,INE457F01013,,SALZERELEC,Equity,https://www.bseindia.com/stock-share-price/salzer-electronics-ltd/salzerelec/517059/,Salzer Electronics Ltd.,1086.34
517063,Jetking Infotrain Ltd,Active,X,10.0,INE919C01019,,JETKINGQ,Equity,https://www.bseindia.com/stock-share-price/jetking-infotrain-ltd/jetkingq/517063/,Jetking Infotrain Ltd.,61.96
517077,Ind Agiv Commerce Ltd,Active,XT,10.0,INE115E01010,,INDAGIV,Equity,https://www.bseindia.com/stock-share-price/ind-agiv-commerce-ltd/indagiv/517077/,Ind-Agiv Commerce Ltd.,12.69
517096,Aplab Ltd,Active,XT,10.0,INE273A01015,,APLAB,Equity,https://www.bseindia.com/stock-share-price/aplab-ltd/aplab/517096/,Aplab Ltd.,165.92
517119,PCS Technology Ltd,Active,X,10.0,INE834B01012,,PCS,Equity,https://www.bseindia.com/stock-share-price/pcs-technology-ltd/pcs/517119/,PCS Technology Ltd.,41.38
517146,Usha Martin Ltd,Active,A,1.0,INE228A01035,,USHAMART,Equity,https://www.bseindia.com/stock-share-price/usha-martin-ltd/ushamart/517146/,Usha Martin Ltd.,15723.15
517166,SPEL Semiconductor Ltd,Active,X,10.0,INE252A01019,,SPELS,Equity,https://www.bseindia.com/stock-share-price/spel-semiconductor-ltd/spels/517166/,SPEL Semiconductor Ltd.,709.06
517168,Subros Ltd,Active,B,2.0,INE287B01021,,SUBROS,Equity,https://www.bseindia.com/stock-share-price/subros-ltd/subros/517168/,Subros Ltd.,5382.28
517170,Edvenswa Enterprises Ltd,Active,XT,10.0,INE125G01014,,EDVENSWA,Equity,https://www.bseindia.com/stock-share-price/edvenswa-enterprises-ltd/edvenswa/517170/,Edvenswa Enterprises Limited,65.74
517172,Pervasive Commodities Ltd,Active,XT,1.0,INE443P01038,,PERVASIVE,Equity,https://www.bseindia.com/stock-share-price/pervasive-commodities-ltd/pervasive/517172/,Pervasive Commodities Limited,526.16
517174,Honeywell Automation India Ltd,Active,A,10.0,INE671A01010,,HONAUT,Equity,https://www.bseindia.com/stock-share-price/honeywell-automation-india-ltd/honaut/517174/,Honeywell Automation India Ltd.,33792.74
517201,Switching Technologies Gunther Ltd,Active,XT,10.0,INE311D01017,,SWITCHTE,Equity,https://www.bseindia.com/stock-share-price/switching-technologies-gunther-ltd/switchte/517201/,Switching Technologies Gunther Ltd.,28.31
517206,Lumax Industries Ltd,Active,B,10.0,INE162B01018,,LUMAXIND,Equity,https://www.bseindia.com/stock-share-price/lumax-industries-ltd/lumaxind/517206/,Lumax Industries Ltd.,5417.06
517214,Digispice Technologies Ltd,Active,T,3.0,INE927C01020,,DIGISPICE,Equity,https://www.bseindia.com/stock-share-price/digispice-technologies-ltd/digispice/517214/,DIGISPICE TECHNOLOGIES LIMITED,405.51
517236,Calcom Vision Ltd,Active,X,10.0,INE216C01010,,CALCOM,Equity,https://www.bseindia.com/stock-share-price/calcom-vision-ltd/calcom/517236/,Calcom Vision Ltd.,109.09
517238,Dynavision Ltd,Active,X,10.0,INE083E01010,,DYNAVSN,Equity,https://www.bseindia.com/stock-share-price/dynavision-ltd/dynavsn/517238/,Dynavision Limited,80.68
517246,BCC Fuba India Ltd,Active,XT,10.0,INE788D01016,,BCCFUBA,Equity,https://www.bseindia.com/stock-share-price/bcc-fuba-india-ltd/bccfuba/517246/,BCC Fuba India Ltd.,373.33
517258,Precision Electronics Ltd,Active,XT,10.0,INE143C01024,,PRECISIO,Equity,https://www.bseindia.com/stock-share-price/precision-electronics-ltd/precisio/517258/,Precision Electronics Ltd.,277.04
517264,Fine Line Circuits Ltd,Active,XT,10.0,INE087E01011,,FINELINE,Equity,https://www.bseindia.com/stock-share-price/fine-line-circuits-ltd/fineline/517264/,Fine-line Circuits Ltd.,33.84
517271,HBL Engineering Ltd,Active,A,1.0,INE292B01021,,HBLENGINE,Equity,https://www.bseindia.com/stock-share-price/hbl-engineering-ltd/hblengine/517271/,HBL ENGINEERING LIMITED,20420.95
517273,S&S Power Switchgear Ltd,Active,B,10.0,INE902B01017,,S&SPOWER,Equity,https://www.bseindia.com/stock-share-price/ss-power-switchgear-ltd/sspower/517273/,S & S Power Switchgears Ltd.,385.61
517286,Rnit Ai Solutions Ltd,Active,X,10.0,INE335Q01026,,RNITAI,Equity,https://www.bseindia.com/stock-share-price/rnit-ai-solutions-ltd/rnitai/517286/,RNIT AI SOLUTIONS LIMITED,614.74
517288,Gujarat Poly Electronics Ltd,Active,XT,10.0,INE541F01022,,GUJARATPOLY,Equity,https://www.bseindia.com/stock-share-price/gujarat-poly-electronics-ltd/gujaratpoly/517288/,Gujarat Poly Electronics Limited,58.58
517300,Gujarat Industries Power Company Ltd,Active,B,10.0,INE162A01010,,GIPCL,Equity,https://www.bseindia.com/stock-share-price/gujarat-industries-power-company-ltd/gipcl/517300/,Gujarat Industries Power Co. Ltd,2468.71
517320,Magnus Steel and Infra Ltd,Active,XT,10.0,INE898E01011,,MAGNUS,Equity,https://www.bseindia.com/stock-share-price/magnus-steel-and-infra-ltd/magnus/517320/,MAGNUS STEEL AND INFRA LIMITED,15.73
517334,Samvardhana Motherson International Ltd,Active,A,1.0,INE775A01035,,MOTHERSON,Equity,https://www.bseindia.com/stock-share-price/samvardhana-motherson-international-ltd/motherson/517334/,Samvardhana Motherson International Limited,162532.79
517336,Modern Malleables Ltd,Active,P,1.0,INE834C01028,,MODMA,Equity,https://www.bseindia.com/stock-share-price/modern-malleables-ltd/modma/517336/,Modern Malleables Limited,475.66
517344,Mindteck (India) Ltd,Active,B,10.0,INE110B01017,,MINDTECK,Equity,https://www.bseindia.com/stock-share-price/mindteck-(india)-ltd/mindteck/517344/,Mindteck (India) Ltd,627.10
517354,Havells India Ltd,Active,A,1.0,INE176B01034,,HAVELLS,Equity,https://www.bseindia.com/stock-share-price/havells-india-ltd/havells/517354/,Havells India Limited,80494.20
517356,ACI Infocom Ltd,Active,X,1.0,INE167B01025,,ACIIN,Equity,https://www.bseindia.com/stock-share-price/aci-infocom-ltd/aciin/517356/,ACI Infocom Ltd.,17.79
517360,SBEC Systems India Ltd,Active,X,10.0,INE689V01018,,SBECSYS,Equity,https://www.bseindia.com/stock-share-price/sbec-systems-india-ltd/sbecsys/517360/,SBEC Systems (Ind) Ltd.,20.86
517370,Incap Ltd,Active,XT,10.0,INE437C01012,,INCAP,Equity,https://www.bseindia.com/stock-share-price/incap-ltd/incap/517370/,Incap Ltd,41.41
517372,Gujarat Intrux Ltd,Active,X,10.0,INE877E01015,,GUJINTRX,Equity,https://www.bseindia.com/stock-share-price/gujarat-intrux-ltd/gujintrx/517372/,Gujarat Intrux Limited,146.55
517380,Igarashi Motors India Ltd,Active,B,10.0,INE188B01013,,IGARASHI,Equity,https://www.bseindia.com/stock-share-price/igarashi-motors-india-ltd/igarashi/517380/,Igarashi Motors India Ltd.,1553.92
517385,Symphony Ltd,Active,B,2.0,INE225D01027,,SYMPHONY,Equity,https://www.bseindia.com/stock-share-price/symphony-ltd/symphony/517385/,Symphony Limited,4474.97
517393,Reganto Enterprises Ltd,Active,Z,1.0,INE043B01028,,REGANTO,Equity,https://www.bseindia.com/stock-share-price/reganto-enterprises-ltd/reganto/517393/,REGANTO ENTERPRISES LIMITED,92.61
517397,Pan Electronics India Ltd,Active,X,10.0,INE648E01010,,PANELEC,Equity,https://www.bseindia.com/stock-share-price/pan-electronics-india-ltd/panelec/517397/,Pan Electronics India Ltd.,10.92
517399,VXL Instruments Ltd,Active,XT,10.0,INE756A01019,,VXLINSTR,Equity,https://www.bseindia.com/stock-share-price/vxl-instruments-ltd/vxlinstr/517399/,VXL Instruments Ltd.,5.17
517411,Shyam Telecom Ltd,Active,T,10.0,INE635A01023,,SHYAMTEL,Equity,https://www.bseindia.com/stock-share-price/shyam-telecom-ltd/shyamtel/517411/,Shyam Telecom Ltd.,17.86
517415,Lee & Nee Softwares Exports Ltd,Active,X,10.0,INE791B01014,,LEENEE,Equity,https://www.bseindia.com/stock-share-price/lee--nee-softwares-exports-ltd/leenee/517415/,Lee & Nee Softwares (Exports) Ltd.,40.88
517417,Patels Airtemp India Ltd,Active,X,10.0,INE082C01024,,PATELSAI,Equity,https://www.bseindia.com/stock-share-price/patels-airtemp-india-ltd/patelsai/517417/,Patels Airtemp (I) Ltd.,184.54
517421,Butterfly Gandhimathi Appliances Ltd,Active,B,10.0,INE295F01017,,BUTTERFLY,Equity,https://www.bseindia.com/stock-share-price/butterfly-gandhimathi-appliances-ltd/butterfly/517421/,Butterfly Gandhimathi Appliances Limited,1217.42
517429,Athena Global Technologies Ltd,Active,XT,10.0,INE576B01019,,ATHENAGLO,Equity,https://www.bseindia.com/stock-share-price/athena-global-technologies-ltd/athenaglo/517429/,Athena Global Technologies Limited,87.24
517431,Narmada Macplast Drip Irrigation Systems Ltd,Active,XT,2.0,INE060D01028,,NARMP,Equity,https://www.bseindia.com/stock-share-price/narmada-macplast-drip-irrigation-systems-ltd/narmp/517431/,Narmada Macplast Drip Irrigation Sy,72.46
517437,Dutron Polymers Ltd,Active,X,10.0,INE940C01015,,DUTRON,Equity,https://www.bseindia.com/stock-share-price/dutron-polymers-ltd/dutron/517437/,Dutron  Polymers Ltd.,60.63
517447,R.S. Software (India) Ltd,Active,T,5.0,INE165B01029,,RSSOFTWARE,Equity,https://www.bseindia.com/stock-share-price/rs-software-(india)-ltd/rssoftware/517447/,R S Software India Ltd.,76.10
517449,Magna Electro Castings Ltd,Active,XT,10.0,INE437D01010,,MAGNAELQ,Equity,https://www.bseindia.com/stock-share-price/magna-electro-castings-ltd/magnaelq/517449/,Magna Electro Castings Ltd.,508.32
517467,Marsons Ltd,Active,B,1.0,INE415B01044,,MARSONS,Equity,https://www.bseindia.com/stock-share-price/marsons-ltd/marsons/517467/,MARSONS LIMITED,1850.94
517477,Elnet Technologies Ltd,Active,X,10.0,INE033C01019,,ELNET,Equity,https://www.bseindia.com/stock-share-price/elnet-technologies-ltd/elnet/517477/,Elnet Technologies Ltd.,126.56
517494,Accel Ltd,Active,X,2.0,INE258C01038,,ACCEL,Equity,https://www.bseindia.com/stock-share-price/accel-ltd/accel/517494/,ACCEL LIMITED,72.31
517498,Websol Energy System Ltd,Active,A,1.0,INE855C01023,,WEBELSOLAR,Equity,https://www.bseindia.com/stock-share-price/websol-energy-system-ltd/webelsolar/517498/,Websol Energy System Limited,4065.51
517500,Roto Pumps Ltd,Active,B,1.0,INE535D01037,,ROTO,Equity,https://www.bseindia.com/stock-share-price/roto-pumps-ltd/roto/517500/,Roto Pumps Ltd.,1313.65
517506,TTK Prestige Ltd,Active,B,1.0,INE690A01028,,TTKPRESTIG,Equity,https://www.bseindia.com/stock-share-price/ttk-prestige-ltd/ttkprestig/517506/,TTK Prestige Ltd.,8696.00
517514,D & H India Ltd,Active,X,10.0,INE589D01018,,DHINDIA,Equity,https://www.bseindia.com/stock-share-price/d--h-india-ltd/dhindia/517514/,D & H India Limited,185.71
517522,Rajratan Global Wire Ltd,Active,B,2.0,INE451D01029,,RAJRATAN,Equity,https://www.bseindia.com/stock-share-price/rajratan-global-wire-ltd/rajratan/517522/,Rajratan Global Wire Ltd,2652.78
517530,Surana Telecom and Power Ltd,Active,B,1.0,INE130B01031,,SURANAT&P,Equity,https://www.bseindia.com/stock-share-price/surana-telecom-and-power-ltd/suranatp/517530/,Surana Telecom And Power Limited,244.23
517536,Onward Technologies Ltd,Active,B,10.0,INE229A01017,,ONWARDTEC,Equity,https://www.bseindia.com/stock-share-price/onward-technologies-ltd/onwardtec/517536/,Onward Technologies Ltd.,620.35
517544,Centum Electronics Ltd,Active,B,10.0,INE320B01020,,CENTUM,Equity,https://www.bseindia.com/stock-share-price/centum-electronics-ltd/centum/517544/,Centum Electronics Ltd,5588.35
517546,Alfa Transformers Ltd,Active,X,10.0,INE209C01015,,ALFATRAN,Equity,https://www.bseindia.com/stock-share-price/alfa-transformers-ltd/alfatran/517546/,Alfa Transformers ltd.,38.63
517554,NHC Foods Ltd,Active,XT,1.0,INE141C01036,,NHCFOODS,Equity,https://www.bseindia.com/stock-share-price/nhc-foods-ltd/nhcfoods/517554/,NHC FOODS LIMITED,71.69
517556,PVP Ventures Ltd,Active,B,10.0,INE362A01016,,PVP,Equity,https://www.bseindia.com/stock-share-price/pvp-ventures-ltd/pvp/517556/,PVP Ventures Ltd,872.09
517562,Trigyn Technologies Ltd,Active,B,10.0,INE948A01012,,TRIGYN,Equity,https://www.bseindia.com/stock-share-price/trigyn-technologies-ltd/trigyn/517562/,Trigyn Technologies Ltd.,167.69
517569,KEI Industries Ltd,Active,A,2.0,INE878B01027,,KEI,Equity,https://www.bseindia.com/stock-share-price/kei-industries-ltd/kei/517569/,KEI Industries Ltd.,53488.53
518011,Keerthi Industries Ltd,Active,X,10.0,INE145L01012,,KEERTHI,Equity,https://www.bseindia.com/stock-share-price/keerthi-industries-ltd/keerthi/518011/,Keerthi Industries Ltd,31.27
518053,Sri Chakra Cement Ltd,Active,X,10.0,INE827D01020,,SRICC,Equity,https://www.bseindia.com/stock-share-price/sri-chakra-cement-ltd/sricc/518053/,Sri Chakra Cement Limited,32.68
518075,Suraj Products Ltd,Active,Z,10.0,INE069E01019,,SURAJ,Equity,https://www.bseindia.com/stock-share-price/suraj-products-ltd/suraj/518075/,Suraj Products Ltd.,250.29
518091,Anjani Portland Cement Ltd,Active,B,10.0,INE071F01012,,APCL,Equity,https://www.bseindia.com/stock-share-price/anjani-portland-cement-ltd/apcl/518091/,Anjani Portland Cement Ltd.,310.49
519003,Modi Naturals Ltd,Active,T,10.0,INE537F01012,,MODINATUR,Equity,https://www.bseindia.com/stock-share-price/modi-naturals-ltd/modinatur/519003/,Modi Naturals Limited,520.75
519014,Prashant India Ltd,Active,X,10.0,INE100E01012,,PRSNTIN,Equity,https://www.bseindia.com/stock-share-price/prashant-india-ltd/prsntin/519014/,Prashant India Ltd,6.50
519031,Shah Foods Ltd,Active,XT,10.0,INE455D01012,,SHAHFOOD,Equity,https://www.bseindia.com/stock-share-price/shah-foods-ltd/shahfood/519031/,Shah Foods Ltd,888.42
519064,Khandelwal Extractions Ltd,Active,XT,10.0,INE687W01010,,ZKHANDEN,Equity,https://www.bseindia.com/stock-share-price/khandelwal-extractions-ltd/zkhanden/519064/,Khandelwal Extraction Ltd.,10.09
519091,Tasty Bite Eatables Ltd,Active,B,10.0,INE488B01017,,TASTYBITE,Equity,https://www.bseindia.com/stock-share-price/tasty-bite-eatables-ltd/tastybite/519091/,Tasty Bite Eatables Ltd.,2358.15
519097,Ritesh International Ltd,Active,XT,10.0,INE534D01014,,RITESHIN,Equity,https://www.bseindia.com/stock-share-price/ritesh-international-ltd/riteshin/519097/,Ritesh International Ltd,75.03
519105,AVT Natural Products Ltd,Active,B,1.0,INE488D01021,,AVTNPL,Equity,https://www.bseindia.com/stock-share-price/avt-natural-products-ltd/avtnpl/519105/,AVT Natural Products Ltd.,1089.29
519126,Hindustan Foods Ltd,Active,B,2.0,INE254N01026,,HNDFDS,Equity,https://www.bseindia.com/stock-share-price/hindustan-foods-ltd/hndfds/519126/,Hindustan Foods Ltd.,6879.16
519136,Nahar Industrial Enterprises Ltd,Active,B,10.0,INE289A01011,,NAHARINDUS,Equity,https://www.bseindia.com/stock-share-price/nahar-industrial-enterprises-ltd/naharindus/519136/,Nahar Industrial Enterprises Ltd,526.03
519152,Vadilal Enterprises Ltd,Active,X,10.0,INE693D01018,,VADILENT,Equity,https://www.bseindia.com/stock-share-price/vadilal-enterprises-ltd/vadilent/519152/,Vadilal Enterprises Ltd.,862.67
519156,Vadilal Industries Ltd,Active,B,10.0,INE694D01016,,VADILALIND,Equity,https://www.bseindia.com/stock-share-price/vadilal-industries-ltd/vadilalind/519156/,Vadilal Industries Ltd.,5275.62
519174,Ashiana Agro Industries Ltd,Active,XT,10.0,INE709D01012,,ASHAI,Equity,https://www.bseindia.com/stock-share-price/ashiana-agro-industries-ltd/ashai/519174/,Ashiana Agro Industries Ltd,5.65
519183,Adf Foods Ltd,Active,B,2.0,INE982B01027,,ADFFOODS,Equity,https://www.bseindia.com/stock-share-price/adf-foods-ltd/adffoods/519183/,ADF Foods Limited.,2876.78
519191,Retro Green Revolution Ltd,Active,Z,10.0,INE601N01010,,RGRL,Equity,https://www.bseindia.com/stock-share-price/retro-green-revolution-ltd/rgrl/519191/,Retro Green Revolution Limited,5.36
519214,Williamson Financial Services Ltd,Active,X,10.0,INE188E01017,,WILLIMFI,Equity,https://www.bseindia.com/stock-share-price/williamson-financial-services-ltd/willimfi/519214/,Williamson Financial Services ltd.,5.77
519216,Ajanta Soya Ltd,Active,X,2.0,INE601B01023,,AJANTSOY,Equity,https://www.bseindia.com/stock-share-price/ajanta-soya-ltd/ajantsoy/519216/,Ajanta Soya Limited,179.48
519224,Williamson Magor & Company Ltd,Active,B,10.0,INE210A01017,,WILLAMAGOR,Equity,https://www.bseindia.com/stock-share-price/williamson-magor--company-ltd/willamagor/519224/,William Magor & Company Limited,29.52
519230,Kisaan Parivar Industries Ltd,Active,X,5.0,INE102C01020,,KISAAN,Equity,https://www.bseindia.com/stock-share-price/kisaan-parivar-industries-ltd/kisaan/519230/,KISAAN PARIVAR INDUSTRIES LIMITED,10.38
519234,Superior Industrial Enterprises Ltd,Active,X,10.0,INE843L01012,,SIEL,Equity,https://www.bseindia.com/stock-share-price/superior-industrial-enterprises-ltd/siel/519234/,Superior Industrial Enterprises Limited,42.80
519238,Saptarishi Agro Industries Ltd,Active,X,10.0,INE233P01017,,SPTRSHI,Equity,https://www.bseindia.com/stock-share-price/saptarishi-agro-industries-ltd/sptrshi/519238/,Saptarishi Agro Industries Ltd,79.95
519260,Sanwaria Consumer Ltd,Active,Z,1.0,INE890C01046,,SANWARIA,Equity,https://www.bseindia.com/stock-share-price/sanwaria-consumer-ltd/sanwaria/519260/,SANWARIA CONSUMER LIMITED,36.07
519262,Prima Agro Ltd,Active,X,10.0,INE297D01018,,PRIMAGR,Equity,https://www.bseindia.com/stock-share-price/prima-agro-ltd/primagr/519262/,Prima Agro Ltd.,8.23
519285,Tarai Foods Ltd,Active,Z,10.0,INE906C01016,,TARAI,Equity,https://www.bseindia.com/stock-share-price/tarai-foods-ltd/tarai/519285/,Tarai Foods Ltd.,7.13
519287,Modern Dairies Ltd,Active,X,10.0,INE617B01011,,MODAIRY,Equity,https://www.bseindia.com/stock-share-price/modern-dairies-ltd/modairy/519287/,Modern Dairies Ltd.,82.30
519295,Bambino Agro Industries Ltd,Active,X,10.0,INE921D01013,,BAMBINO,Equity,https://www.bseindia.com/stock-share-price/bambino-agro-industries-ltd/bambino/519295/,Bambino Agro Industries Ltd,176.72
519299,Prime Industries Ltd,Active,X,5.0,INE543F01028,,PRIMIND,Equity,https://www.bseindia.com/stock-share-price/prime-industries-ltd/primind/519299/,Prime Industries Ltd.,83.78
519307,Vikas WSP Ltd,Active,Z,1.0,INE706A01022,,VIKASWSP,Equity,https://www.bseindia.com/stock-share-price/vikas-wsp-ltd/vikaswsp/519307/,Vikas WSP Ltd.,19.83
519331,VSF Projects Ltd,Active,X,10.0,INE923K01014,,VSFPROJ,Equity,https://www.bseindia.com/stock-share-price/vsf-projects-ltd/vsfproj/519331/,VSF Projects Limited,52.29
519353,Bansisons Tea Industries Ltd,Active,ZP,10.0,INE856E01019,,BANSTEA,Equity,https://www.bseindia.com/stock-share-price/bansisons-tea-industries-ltd/banstea/519353/,Bansisons Tea Industries Ltd.,6.77
519359,Poona Dal & Oil Industries Ltd,Active,X,10.0,INE809E01018,,POONADAL,Equity,https://www.bseindia.com/stock-share-price/poona-dal--oil-industries-ltd/poonadal/519359/,Poona Dal And Oil Industries Ltd.,36.30
519367,Transglobe Foods Ltd,Active,X,10.0,INE213P01027,,TRANSFD,Equity,https://www.bseindia.com/stock-share-price/transglobe-foods-ltd/transfd/519367/,Transglobe Foods Ltd.,7.23
519383,Anik Industries Ltd,Active,B,10.0,INE087B01017,,ANIKINDS,Equity,https://www.bseindia.com/stock-share-price/anik-industries-ltd/anikinds/519383/,Anik Industries Limited,119.34
519397,Sharat Industries Ltd,Active,B,10.0,INE220Z01013,,SHINDL,Equity,https://www.bseindia.com/stock-share-price/sharat-industries-ltd/shindl/519397/,Sharat Industries Ltd.,630.37
519413,Datiware Maritime Infra Ltd,Active,P,10.0,INE673U01014,,DATIWARE,Equity,https://www.bseindia.com/stock-share-price/datiware-maritime-infra-ltd/datiware/519413/,DATIWARE MARITIME INFRA LIMITED,26.10
519415,KMG Milk Food Ltd,Active,P,10.0,INE873N01015,,KMGMILK,Equity,https://www.bseindia.com/stock-share-price/kmg-milk-food-ltd/kmgmilk/519415/,KMG Milk Food Limited,26.52
519421,KSE Ltd,Active,X,1.0,INE953E01022,,KSE,Equity,https://www.bseindia.com/stock-share-price/kse-ltd/kse/519421/,KSE Ltd.,666.08
519457,Virat Crane Industries Ltd,Active,X,10.0,INE295C01014,,VIRATCRA,Equity,https://www.bseindia.com/stock-share-price/virat-crane-industries-ltd/viratcra/519457/,Virat Crane Industries Ltd,68.01
519463,IB Infotech Enterprises Ltd,Active,XT,1.0,INE678B01039,,IBINFO,Equity,https://www.bseindia.com/stock-share-price/ib-infotech-enterprises-ltd/ibinfo/519463/,IB Infotech Enterprises Ltd,58.29
519471,Ambar Protein Industries Ltd,Active,X,10.0,INE072V01017,,AMBARPIL,Equity,https://www.bseindia.com/stock-share-price/ambar-protein-industries-ltd/ambarpil/519471/,Ambar Protein Industries Limited,124.98
519475,Chordia Food Products Ltd,Active,X,10.0,INE975C01011,,CHORDIA,Equity,https://www.bseindia.com/stock-share-price/chordia-food-products-ltd/chordia/519475/,Chordia Food Products Ltd,27.68
519477,CIAN Agro Industries & Infrastructure Ltd,Active,T,10.0,INE052V01019,,CIANAGRO,Equity,https://www.bseindia.com/stock-share-price/cian-agro-industries--infrastructure-ltd/cianagro/519477/,CIAN Agro Industries & Infrastructure Limited,3763.68
519479,Omega Ag-Seeds Punjab Ltd,Active,X,10.0,INE112B01013,,OMEAG,Equity,https://www.bseindia.com/stock-share-price/omega-ag-seeds-punjab-ltd/omeag/519479/,Omega Ag-Seeds (Punjab) ltd.,7.75
519483,TAI Industries Ltd,Active,XT,10.0,INE358D01018,,TAIIND,Equity,https://www.bseindia.com/stock-share-price/tai-industries-ltd/taiind/519483/,Tai Industries Ltd.,16.98
519494,NK Industries Ltd,Active,B,10.0,INE542C01019,,NKIND,Equity,https://www.bseindia.com/stock-share-price/nk-industries-ltd/nkind/519494/,N.K.Industries Ltd.,36.06
519500,BKV Industries Ltd,Active,X,1.0,INE356C01022,,BKV,Equity,https://www.bseindia.com/stock-share-price/bkv-industries-ltd/bkv/519500/,BKV Industries Ltd.,14.17
519506,NCC Bluewater Products Ltd,Active,P,10.0,INE630N01019,,NCCBLUE,Equity,https://www.bseindia.com/stock-share-price/ncc-bluewater-products-ltd/nccblue/519506/,NCC Bluewater Products Ltd.,13.56
519528,Norben Tea & Exports Ltd,Active,B,10.0,INE369C01017,,NORBTEAEXP,Equity,https://www.bseindia.com/stock-share-price/norben-tea--exports-ltd/norbteaexp/519528/,Norben Tea & Exports Ltd,99.47
519532,Asian Tea & Exports Ltd,Active,X,10.0,INE822B01017,,ASIANTNE,Equity,https://www.bseindia.com/stock-share-price/asian-tea--exports-ltd/asiantne/519532/,Asian Tea & Exports Ltd.,23.47
519552,Heritage Foods Ltd,Active,B,5.0,INE978A01027,,HERITGFOOD,Equity,https://www.bseindia.com/stock-share-price/heritage-foods-ltd/heritgfood/519552/,Heritage Foods Limited,3323.95
519566,Simran Farms Ltd,Active,X,10.0,INE354D01017,,SIMRAN,Equity,https://www.bseindia.com/stock-share-price/simran-farms-ltd/simran/519566/,Simran Farms Ltd.,73.52
519574,Hindustan Agrigenetics Ltd,Active,X,10.0,INE092301014,,HINDUST,Equity,https://www.bseindia.com/stock-share-price/hindustan-agrigenetics-ltd/hindust/519574/,Hindustan Agrigenetics Ltd.,16.42
519600,CCL Products (India) Ltd,Active,A,2.0,INE421D01022,,CCL,Equity,https://www.bseindia.com/stock-share-price/ccl-products-(india)-ltd/ccl/519600/,CCL Products (India) Ltd.,15085.98
519602,Kellton Tech Solutions Ltd,Active,B,1.0,INE164B01030,,KELLTONTEC,Equity,https://www.bseindia.com/stock-share-price/kellton-tech-solutions-ltd/kelltontec/519602/,Kellton Tech Solutions Ltd.,748.95
519604,Suryo Foods & Industries Ltd,Active,X,10.0,INE565E01016,,SURFI,Equity,https://www.bseindia.com/stock-share-price/suryo-foods--industries-ltd/surfi/519604/,Suryo Foods & Industries Ltd.,13.08
519606,Integrated Proteins Ltd,Active,XT,10.0,INE177M01013,,INTEGFD,Equity,https://www.bseindia.com/stock-share-price/integrated-proteins-ltd/integfd/519606/,Integrated Proteins Ltd.,277.99
519612,Lake Shore Realty Ltd,Active,X,10.0,INE734D01010,,LAKESHORE,Equity,https://www.bseindia.com/stock-share-price/lake-shore-realty-ltd/lakeshore/519612/,LAKE SHORE REALTY LIMITED,28.01
520008,Rico Auto Industries Ltd,Active,B,1.0,INE209B01025,,RICOAUTO,Equity,https://www.bseindia.com/stock-share-price/rico-auto-industries-ltd/ricoauto/520008/,RICO Auto Industries Ltd.,2061.74
520021,Omax Autos Ltd,Active,T,10.0,INE090B01011,,OMAXAUTO,Equity,https://www.bseindia.com/stock-share-price/omax-autos-ltd/omaxauto/520021/,Omax Autos Ltd.,409.69
520043,Munjal Showa Ltd,Active,B,2.0,INE577A01027,,MUNJALSHOW,Equity,https://www.bseindia.com/stock-share-price/munjal-showa-ltd/munjalshow/520043/,Munjal Showa Ltd.,533.73
520051,Jamna Auto Industries Ltd,Active,A,1.0,INE039C01032,,JAMNAAUTO,Equity,https://www.bseindia.com/stock-share-price/jamna-auto-industries-ltd/jamnaauto/520051/,Jamna Auto Industries Ltd.,5755.79
520056,TVS Holdings Ltd,Active,A,5.0,INE105A01035,,TVSHLTD,Equity,https://www.bseindia.com/stock-share-price/tvs-holdings-ltd/tvshltd/520056/,TVS Holdings Limited,30180.30
520057,Jtekt India Ltd,Active,B,1.0,INE643A01035,,JTEKTINDIA,Equity,https://www.bseindia.com/stock-share-price/jtekt-india-ltd/jtektindia/520057/,JTEKT India Limited,3915.70
520059,Munjal Auto Industries Ltd,Active,B,2.0,INE672B01032,,MUNJALAU,Equity,https://www.bseindia.com/stock-share-price/munjal-auto-industries-ltd/munjalau/520059/,Munjal Auto Industries Ltd.,1042.00
520066,Jay Bharat Maruti Ltd,Active,B,2.0,INE571B01036,,JAYBARMARU,Equity,https://www.bseindia.com/stock-share-price/jay-bharat-maruti-ltd/jaybarmaru/520066/,Jay Bharat Maruti Ltd.,1588.03
520073,RACL Geartech Ltd,Active,B,10.0,INE704B01017,,RACLGEAR,Equity,https://www.bseindia.com/stock-share-price/racl-geartech-ltd/raclgear/520073/,RACL Geartech Limited,1738.92
520075,Samkrg Pistons & Rings Ltd,Active,X,10.0,INE706B01012,,SAMKRG,Equity,https://www.bseindia.com/stock-share-price/samkrg-pistons--rings-ltd/samkrg/520075/,Samkrg Pistons and Rings Ltd.,120.25
520081,Eastcoast Steel Ltd,Active,P,10.0,INE315F01013,,ECSTSTL,Equity,https://www.bseindia.com/stock-share-price/eastcoast-steel-ltd/ecststl/520081/,East Coast Steel Ltd,10.18
520086,Sical Logistics Ltd,Active,T,10.0,INE075B01020,,SICALLOG,Equity,https://www.bseindia.com/stock-share-price/sical-logistics-ltd/sicallog/520086/,Sical Logistics Limited,817.79
520111,Ratnamani Metals & Tubes Ltd,Active,A,2.0,INE703B01027,,RATNAMANI,Equity,https://www.bseindia.com/stock-share-price/ratnamani-metals--tubes-ltd/ratnamani/520111/,Ratnamani Metals & Tubes Ltd,16620.92
520113,Vesuvius India Ltd,Active,A,1.0,INE386A01023,,VESUVIUS,Equity,https://www.bseindia.com/stock-share-price/vesuvius-india-ltd/vesuvius/520113/,Vesuvius India Ltd.,9030.74
520119,Automotive Stampings and Assemblies Ltd,Active,B,10.0,INE900C01027,,ASAL,Equity,https://www.bseindia.com/stock-share-price/automotive-stampings-and-assemblies-ltd/asal/520119/,Automotive Stampings and Assemblies Ltd.,808.53
520123,ABC India Ltd,Active,X,10.0,INE125D01011,,ABCINDQ,Equity,https://www.bseindia.com/stock-share-price/abc-india-ltd/abcindq/520123/,ABC India Ltd.,36.38
520127,Balurghat Technologies Ltd,Active,X,10.0,INE654B01014,,BALTE,Equity,https://www.bseindia.com/stock-share-price/balurghat-technologies-ltd/balte/520127/,Balurghat Technologies Ltd.,22.04
520131,Coastal Roadways Ltd,Active,P,10.0,INE229E01019,,COARO,Equity,https://www.bseindia.com/stock-share-price/coastal-roadways-ltd/coaro/520131/,Coastal Roadways Ltd.,11.55
520141,Sibar Auto Parts Ltd,Active,X,10.0,INE441C01014,,SIBARAUT,Equity,https://www.bseindia.com/stock-share-price/sibar-auto-parts-ltd/sibaraut/520141/,Sibar Auto Parts Ltd.,12.77
520151,Transworld Shipping Lines Ltd,Active,T,10.0,INE757B01015,,TRANSWORLD,Equity,https://www.bseindia.com/stock-share-price/transworld-shipping-lines-ltd/transworld/520151/,TRANSWORLD SHIPPING LINES LIMITED,348.03
520155,Starlog Enterprises Ltd,Active,X,10.0,INE580C01019,,STARLOG,Equity,https://www.bseindia.com/stock-share-price/starlog-enterprises-ltd/starlog/520155/,Starlog Enterprises Limited,59.27
521003,Shiva Suitings Ltd,Active,P,10.0,INE02Z901011,,SHVSUIT,Equity,https://www.bseindia.com/stock-share-price/shiva-suitings-ltd/shvsuit/521003/,Shiva Suitings Ltd.,8.07
521005,Titan Intech Ltd,Active,X,1.0,INE807M01031,,TITANIN,Equity,https://www.bseindia.com/stock-share-price/titan-intech-ltd/titanin/521005/,TITAN INTECH LIMITED,88.26
521014,Eurotex Industries and Exports Ltd,Active,T,10.0,INE022C01012,,EUROTEXIND,Equity,https://www.bseindia.com/stock-share-price/eurotex-industries-and-exports-ltd/eurotexind/521014/,Eurotex Industries & Exports Ltd.,12.21
521016,Indo Count Industries Ltd,Active,A,2.0,INE483B01026,,ICIL,Equity,https://www.bseindia.com/stock-share-price/indo-count-industries-ltd/icil/521016/,Indo Count Industries Ltd,8341.06
521018,Maral Overseas Ltd,Active,T,10.0,INE882A01013,,MARALOVER,Equity,https://www.bseindia.com/stock-share-price/maral-overseas-ltd/maralover/521018/,Maral Overseas Ltd.,228.29
521034,Soma Textiles & Industries Ltd,Active,B,10.0,INE314C01013,,SOMATEX,Equity,https://www.bseindia.com/stock-share-price/soma-textiles--industries-ltd/somatex/521034/,Soma Textile & Industries Ltd,313.81
521036,Source Industries (India) Ltd,Active,XT,10.0,INE695C01015,,SOURCEIND,Equity,https://www.bseindia.com/stock-share-price/source-industries-(india)-ltd/sourceind/521036/,Source Industries (India) Ltd,37.20
521048,Advance Lifestyles Ltd,Active,X,10.0,INE900E01015,,ADVLIFE,Equity,https://www.bseindia.com/stock-share-price/advance-lifestyles-ltd/advlife/521048/,Advance Lifestyles Ltd.,18.99
521054,Kakatiya Textiles Ltd,Active,X,10.0,INE092E01011,,KAKTEX,Equity,https://www.bseindia.com/stock-share-price/kakatiya-textiles-ltd/kaktex/521054/,Kakatiya Textiles Ltd.,5.03
521062,Perfect-Octave Media Projects Ltd,Active,X,10.0,INE814L01013,,OCTAVE,Equity,https://www.bseindia.com/stock-share-price/perfect-octave-media-projects-ltd/octave/521062/,Perfect-Octave Media Projects Ltd,12.49
521064,Trident Ltd,Active,A,1.0,INE064C01022,,TRIDENT,Equity,https://www.bseindia.com/stock-share-price/trident-ltd/trident/521064/,Trident Ltd,12688.93
521068,Hisar Spinning Mills Ltd,Active,P,10.0,INE689E01014,,HISARSP,Equity,https://www.bseindia.com/stock-share-price/hisar-spinning-mills-ltd/hisarsp/521068/,Hisar Spinning Mills Ltd,17.58
521070,Alok Industries Ltd,Active,A,1.0,INE270A01029,,ALOKINDS,Equity,https://www.bseindia.com/stock-share-price/alok-industries-ltd/alokinds/521070/,Alok Industries Ltd.,5948.36
521080,Pasari Spinning Mills Ltd,Active,X,10.0,INE604F01010,,PASARI,Equity,https://www.bseindia.com/stock-share-price/pasari-spinning-mills-ltd/pasari/521080/,Pasari Spinning Mills Ltd.,8.97
521082,CLC Industries Ltd,Active,T,10.0,INE376C01038,,CLCIND,Equity,https://www.bseindia.com/stock-share-price/clc-industries-ltd/clcind/521082/,CLC Industries Limited,24.56
521097,Amarjothi Spinning Mills Ltd,Active,X,10.0,INE484D01012,,AMARJOTHI,Equity,https://www.bseindia.com/stock-share-price/amarjothi-spinning-mills-ltd/amarjothi/521097/,Amarjothi Spinning Mills Ltd,112.76
521105,Olympia Industries Ltd,Active,X,10.0,INE482O01021,,OLYMPTX,Equity,https://www.bseindia.com/stock-share-price/olympia-industries-ltd/olymptx/521105/,Olympia Industries Ltd.,18.07
521109,Nagreeka Exports Ltd,Active,B,5.0,INE123B01028,,NAGREEKEXP,Equity,https://www.bseindia.com/stock-share-price/nagreeka-exports-ltd/nagreekexp/521109/,Nagreeka Exports Ltd.,71.72
521113,Suditi Industries Ltd,Active,X,10.0,INE691D01012,,SUDTIND-B,Equity,https://www.bseindia.com/stock-share-price/suditi-industries-ltd/sudtind-b/521113/,Suditi Industries Ltd.,391.90
521131,Shree Bhavya Fabrics Ltd,Active,X,10.0,INE363D01018,,SBFL,Equity,https://www.bseindia.com/stock-share-price/shree-bhavya-fabrics-ltd/sbfl/521131/,Shree Bhavya Fabrics Limited,21.99
521133,Gem Spinners India Ltd,Active,P,5.0,INE165F01020,,GEMSPIN,Equity,https://www.bseindia.com/stock-share-price/gem-spinners-india-ltd/gemspin/521133/,Gem Spinners India Ltd,30.69
521137,Eureka Industries Ltd,Active,XT,10.0,INE958A01011,,EUREKAI,Equity,https://www.bseindia.com/stock-share-price/eureka-industries-ltd/eurekai/521137/,Eureka Industries Ltd.,35.11
521141,Aditya Spinners Ltd,Active,X,10.0,INE122D01026,,ADITYASP,Equity,https://www.bseindia.com/stock-share-price/aditya-spinners-ltd/adityasp/521141/,Aditya Spinners Ltd.,26.92
521149,Prime Urban Development India Ltd,Active,X,2.0,INE419E01024,,PRIMEURB,Equity,https://www.bseindia.com/stock-share-price/prime-urban-development-india-ltd/primeurb/521149/,Prime Urban Development India Ltd,23.95
521151,Dhanlaxmi Fabrics Ltd,Active,X,10.0,INE953D01016,,DHANFAB,Equity,https://www.bseindia.com/stock-share-price/dhanlaxmi-fabrics-ltd/dhanfab/521151/,Dhanlaxmi Fabrics Ltd.,42.69
521161,Sri Lakshmi Saraswathi Textiles Arni Ltd,Active,X,10.0,INE456D01010,,SLSTLQ,Equity,https://www.bseindia.com/stock-share-price/sri-lakshmi-saraswathi-textiles-arni-ltd/slstlq/521161/,Sri Lakshmi Saraswathi Textiles (Ar,10.11
521163,Zodiac Clothing Company Ltd,Active,B,10.0,INE206B01013,,ZODIACLOTH,Equity,https://www.bseindia.com/stock-share-price/zodiac-clothing-company-ltd/zodiacloth/521163/,Zodiac Clothing Co. Ltd.,209.64
521178,Sri Ramakrishna Mills Coimbatore Ltd,Active,XT,10.0,INE306D01017,,SRMCL,Equity,https://www.bseindia.com/stock-share-price/sri-ramakrishna-mills-coimbatore-ltd/srmcl/521178/,Sri Ramakrishna Mills (Coimbatore) Ltd.,40.75
521180,Super Spinning Mills Ltd,Active,T,1.0,INE662A01027,,SUPERSPIN,Equity,https://www.bseindia.com/stock-share-price/super-spinning-mills-ltd/superspin/521180/,Super Spinning Mills Ltd.,30.25
521194,SIL Investments Ltd,Active,B,10.0,INE923A01015,,SILINV,Equity,https://www.bseindia.com/stock-share-price/sil-investments-ltd/silinv/521194/,SIL Investments Ltd,458.80
521200,Suryalakshmi Cotton Mills Ltd,Active,B,10.0,INE713B01026,,SURYALAXMI,Equity,https://www.bseindia.com/stock-share-price/suryalakshmi-cotton-mills-ltd/suryalaxmi/521200/,Suryalakshmi Cotton Mills Ltd.,114.13
521206,Samtex Fashions Ltd,Active,X,2.0,INE931D01020,,SAMTEX,Equity,https://www.bseindia.com/stock-share-price/samtex-fashions-ltd/samtex/521206/,Samtex Fashions Ltd.,11.18
521210,Cityman Ltd,Active,X,10.0,INE117C01010,,CITYMAN,Equity,https://www.bseindia.com/stock-share-price/cityman-ltd/cityman/521210/,Cityman Limited,17.24
521216,Dhanalaxmi Roto Spinners Ltd,Active,X,10.0,INE220C01012,,DHANROTO,Equity,https://www.bseindia.com/stock-share-price/dhanalaxmi-roto-spinners-ltd/dhanroto/521216/,Dhanalaxmi Roto Spinners Ltd.,58.49
521220,Damodar Industries Ltd,Active,T,5.0,INE497D01022,,DAMODARIND,Equity,https://www.bseindia.com/stock-share-price/damodar-industries-ltd/damodarind/521220/,Damodar Industries Limited,66.06
521222,Sanblue Corporation Ltd,Active,XT,10.0,INE602D01027,,SANBLUE,Equity,https://www.bseindia.com/stock-share-price/sanblue-corporation-ltd/sanblue/521222/,Sanblue Corporation Limited,14.26
521226,Uniroyal Industries Ltd,Active,X,10.0,INE980D01019,,UNIROYAL,Equity,https://www.bseindia.com/stock-share-price/uniroyal-industries-ltd/uniroyal/521226/,Uniroyal Industries Ltd,16.12
521228,Tatia Global Vennture Ltd,Active,X,1.0,INE083G01031,,TATIAGLOB,Equity,https://www.bseindia.com/stock-share-price/tatia-global-vennture-ltd/tatiaglob/521228/,Tatia Global Vennture Limited,35.02
521232,Sunil Industries Ltd,Active,P,10.0,INE124M01015,,SUNILTX,Equity,https://www.bseindia.com/stock-share-price/sunil-industries-ltd/suniltx/521232/,Sunil Industries Ltd.,33.10
521234,Sri Nachammai Cotton Mills Ltd,Active,X,10.0,INE443E01016,,SRINACHA,Equity,https://www.bseindia.com/stock-share-price/sri-nachammai-cotton-mills-ltd/srinacha/521234/,Sri Nachammai Cotton Mills Ltd.,12.04
521238,Bharat Global Developers Ltd,Active,B,10.0,INE893C01032,,BGDL,Equity,https://www.bseindia.com/stock-share-price/bharat-global-developers-ltd/bgdl/521238/,BHARAT GLOBAL DEVELOPERS LIMITED,891.29
521240,Sambandam Spinning Mills Ltd,Active,X,10.0,INE304D01012,,SAMBANDAM,Equity,https://www.bseindia.com/stock-share-price/sambandam-spinning-mills-ltd/sambandam/521240/,Sambandam Spinning Mills Ltd.,43.18
521244,MKP Mobility Ltd,Active,X,10.0,INE676G01024,,MKPMOB,Equity,https://www.bseindia.com/stock-share-price/mkp-mobility-ltd/mkpmob/521244/,MKP Mobility Limited,49.53
521246,Paras Petrofils Ltd,Active,B,1.0,INE162C01024,,PARASPETRO,Equity,https://www.bseindia.com/stock-share-price/paras-petrofils-ltd/paraspetro/521246/,Paras Petrofils Ltd.,90.91
521248,Kitex Garments Ltd,Active,A,1.0,INE602G01020,,KITEX,Equity,https://www.bseindia.com/stock-share-price/kitex-garments-ltd/kitex/521248/,Kitex Garmenets Ltd.,2894.75
522001,Cranex Ltd,Active,XT,10.0,INE608B01010,,CRANEX,Equity,https://www.bseindia.com/stock-share-price/cranex-ltd/cranex/522001/,Cranex Ltd.,74.60
522004,Batliboi Ltd,Active,B,5.0,INE177C01022,,BATLIBOI,Equity,https://www.bseindia.com/stock-share-price/batliboi-ltd/batliboi/522004/,Batliboi Ltd,485.06
522005,Austin Engineering Company Ltd,Active,X,10.0,INE759F01012,,AUSTENG,Equity,https://www.bseindia.com/stock-share-price/austin-engineering-company-ltd/austeng/522005/,Austin Engineering Co. Ltd.,49.72
522014,United Drilling Tools Ltd,Active,T,10.0,INE961D01019,,UNIDT,Equity,https://www.bseindia.com/stock-share-price/united-drilling-tools-ltd/unidt/522014/,United Drilling Tools Ltd.,483.21
522017,Fluidomat Ltd,Active,X,10.0,INE459C01016,,FLUIDOM,Equity,https://www.bseindia.com/stock-share-price/fluidomat-ltd/fluidom/522017/,Fluidomat Ltd.,433.82
522027,EMA India Ltd,Active,XT,10.0,INE279D01016,,EMAINDIA,Equity,https://www.bseindia.com/stock-share-price/ema-india-ltd/emaindia/522027/,Ema India Ltd.,65.05
522029,Windsor Machines Ltd,Active,B,2.0,INE052A01021,,WINDMACHIN,Equity,https://www.bseindia.com/stock-share-price/windsor-machines-ltd/windmachin/522029/,Windsor Machines Limited,2530.44
522034,Shanthi Gears Ltd,Active,B,1.0,INE631A01022,,SHANTIGEAR,Equity,https://www.bseindia.com/stock-share-price/shanthi-gears-ltd/shantigear/522034/,Shanthi Gears Ltd.,3133.08
522036,Miven Machine Tools Ltd,Active,X,10.0,INE338P01014,,MIVENMACH,Equity,https://www.bseindia.com/stock-share-price/miven-machine-tools-ltd/mivenmach/522036/,Miven Machine Tools Ltd.,26.22
522064,Honda India Power Products Ltd,Active,B,10.0,INE634A01018,,HONDAPOWER,Equity,https://www.bseindia.com/stock-share-price/honda-india-power-products-ltd/hondapower/522064/,HONDA INDIA POWER PRODUCTS LIMITED,2117.23
522073,The Hi-Tech Gears Ltd,Active,T,10.0,INE127B01011,,HITECHGEAR,Equity,https://www.bseindia.com/stock-share-price/the-hi-tech-gears-ltd/hitechgear/522073/,The Hi-Tech Gears Limited,1110.85
522074,Elgi Equipments Ltd,Active,A,1.0,INE285A01027,,ELGIEQUIP,Equity,https://www.bseindia.com/stock-share-price/elgi-equipments-ltd/elgiequip/522074/,Elgi Equipments Ltd.,18678.62
522091,United Van Der Horst Ltd,Active,X,1.0,INE890G01047,,UVDRHOR,Equity,https://www.bseindia.com/stock-share-price/united-van-der-horst-ltd/uvdrhor/522091/,United Van Der Horst Ltd.,250.03
522101,Kilburn Engineering Ltd,Active,B,10.0,INE338F01015,,KLBRENG-B,Equity,https://www.bseindia.com/stock-share-price/kilburn-engineering-ltd/klbreng-b/522101/,Kilburn Engineering Ltd,2236.93
522105,Birla Precision Technologies Ltd,Active,B,2.0,INE372E01025,,BIRLAPREC,Equity,https://www.bseindia.com/stock-share-price/birla-precision-technologies-ltd/birlaprec/522105/,Birla Precision Technologies Ltd,238.06
522108,Yuken India Ltd,Active,B,10.0,INE384C01016,,YUKEN,Equity,https://www.bseindia.com/stock-share-price/yuken-india-ltd/yuken/522108/,Yuken India Ltd.,1091.41
522113,Timken India Ltd,Active,A,10.0,INE325A01013,,TIMKEN,Equity,https://www.bseindia.com/stock-share-price/timken-india-ltd/timken/522113/,Timken India Ltd,25145.25
522122,Voith Paper Fabrics India Ltd,Active,X,10.0,INE285C01015,,VOITHPAPR,Equity,https://www.bseindia.com/stock-share-price/voith-paper-fabrics-india-ltd/voithpapr/522122/,Voith Paper Fabrics India Ltd,668.44
522134,Artson Ltd,Active,XT,1.0,INE133D01023,,ARTSON,Equity,https://www.bseindia.com/stock-share-price/artson-ltd/artson/522134/,ARTSON LIMITED,549.37
522152,Solitaire Machine Tools Ltd,Active,X,10.0,INE410A01013,,SOLIMAC,Equity,https://www.bseindia.com/stock-share-price/solitaire-machine-tools-ltd/solimac/522152/,Solitaire Machine Tools Ltd,46.65
522163,Diamond Power Infrastructure Ltd,Active,T,1.0,INE989C01038,,DIACABS,Equity,https://www.bseindia.com/stock-share-price/diamond-power-infrastructure-ltd/diacabs/522163/,Diamond Power Infrastructure Limited,20875.67
522165,Indsil Hydro Power and Manganese Ltd,Active,X,10.0,INE867D01018,,INDSILHYD,Equity,https://www.bseindia.com/stock-share-price/indsil-hydro-power-and-manganese-ltd/indsilhyd/522165/,Indsil Hydro Power and Manganese Limited,114.33
522183,ITL Industries Ltd,Active,X,10.0,INE478D01014,,ITL,Equity,https://www.bseindia.com/stock-share-price/itl-industries-ltd/itl/522183/,ITL Industries Ltd.,102.79
522195,Frontier Springs Ltd,Active,B,10.0,INE572D01014,,FRONTSP,Equity,https://www.bseindia.com/stock-share-price/frontier-springs-ltd/frontsp/522195/,Frontier Springs Ltd.,1661.15
522205,Praj Industries Ltd,Active,A,2.0,INE074A01025,,PRAJIND,Equity,https://www.bseindia.com/stock-share-price/praj-industries-ltd/prajind/522205/,Praj Industries Ltd.,5872.83
522207,Rasandik Engineering Industries India Ltd,Active,X,10.0,INE682D01011,,RASANDIK,Equity,https://www.bseindia.com/stock-share-price/rasandik-engineering-industries-india-ltd/rasandik/522207/,Rasandik Engg. Industries India Ltd,38.66
522209,Yogi Sungwon (India) Ltd,Active,X,10.0,INE429B01011,,YOGISUNG,Equity,https://www.bseindia.com/stock-share-price/yogi-sungwon-(india)-ltd/yogisung/522209/,Yogi Sung-won (India) Ltd.,11.32
522215,HLE Glascoat Ltd,Active,B,2.0,INE461D01028,,HLEGLAS,Equity,https://www.bseindia.com/stock-share-price/hle-glascoat-ltd/hleglas/522215/,HLE GLASCOAT LIMITED,3160.19
522217,Gujarat Apollo Industries Ltd,Active,B,10.0,INE826C01016,,GUJAPOLLO,Equity,https://www.bseindia.com/stock-share-price/gujarat-apollo-industries-ltd/gujapollo/522217/,Gujarat Apollo Industries Ltd.,476.45
522229,Taneja Aerospace & Aviation Ltd,Active,X,5.0,INE692C01020,,TANAA,Equity,https://www.bseindia.com/stock-share-price/taneja-aerospace--aviation-ltd/tanaa/522229/,Taneja Aerospace & Aviation Ltd.,823.92
522231,Conart Engineers Ltd,Active,X,5.0,INE714D01020,,CONART,Equity,https://www.bseindia.com/stock-share-price/conart-engineers-ltd/conart/522231/,Conart Engineers Ltd.,58.83
522235,Minal Industries Ltd,Active,X,2.0,INE097E01028,,MINALIND,Equity,https://www.bseindia.com/stock-share-price/minal-industries-ltd/minalind/522235/,Minal Industries Limited,39.53
522237,Shivagrico Implements Ltd,Active,X,10.0,INE092H01014,,SHIVAGR,Equity,https://www.bseindia.com/stock-share-price/shivagrico-implements-ltd/shivagr/522237/,Shivagrico Implements Ltd.,12.39
522241,MM Forgings Ltd,Active,B,10.0,INE227C01017,,MMFL,Equity,https://www.bseindia.com/stock-share-price/mm-forgings-ltd/mmfl/522241/,M.M.Forgings Ltd.,2915.73
522249,Mayur Uniquoters Ltd,Active,B,5.0,INE040D01038,,MAYURUNIQ,Equity,https://www.bseindia.com/stock-share-price/mayur-uniquoters-ltd/mayuruniq/522249/,Mayur Uniquoters ltd.,3367.14
522251,Cenlub Industries Ltd,Active,X,10.0,INE627F01011,,CENLUB,Equity,https://www.bseindia.com/stock-share-price/cenlub-industries-ltd/cenlub/522251/,Cenlub Industries Ltd.,90.76
522257,Rajoo Engineers Ltd,Active,T,1.0,INE535F01024,,RAJOOENG,Equity,https://www.bseindia.com/stock-share-price/rajoo-engineers-ltd/rajooeng/522257/,Rajoo Engineers Ltd.,924.29
522261,Dolphin Offshore Enterprises (India) Ltd,Active,B,1.0,INE920A01037,,DOLPHIN,Equity,https://www.bseindia.com/stock-share-price/dolphin-offshore-enterprises-(india)-ltd/dolphin/522261/,Dolphin Offshore Enterprises (India) ltd.,1626.19
522267,Veejay Lakshmi Engineering Works Ltd,Active,X,10.0,INE466D01019,,VJLAXMIE,Equity,https://www.bseindia.com/stock-share-price/veejay-lakshmi-engineering-works-ltd/vjlaxmie/522267/,Veejay Lakshmi Engineering Works Lt,20.29
522273,Ahmedabad Steelcraft Ltd,Active,X,10.0,INE868C01018,,AHMDSTE,Equity,https://www.bseindia.com/stock-share-price/ahmedabad-steelcraft-ltd/ahmdste/522273/,Ahmedabad Steelcraft Ltd.,245.55
522275,GE Vernova T&D India Ltd,Active,A,2.0,INE200A01026,,GVT&D,Equity,https://www.bseindia.com/stock-share-price/ge-vernova-td-india-ltd/gvtd/522275/,GE Vernova T&D India Limited,113881.82
522281,Ram Ratna Wires Ltd,Active,B,5.0,INE207E01023,,RAMRAT,Equity,https://www.bseindia.com/stock-share-price/ram-ratna-wires-ltd/ramrat/522281/,Ram Ratna Wires Ltd.,4368.27
522285,Jayaswal Neco Industries Ltd,Active,A,10.0,INE854B01010,,JAYNECOIND,Equity,https://www.bseindia.com/stock-share-price/jayaswal-neco-industries-ltd/jaynecoind/522285/,Jayaswal Neco Industries Ltd,8997.27
522287,Kalpataru Projects International Ltd,Active,A,2.0,INE220B01022,,KPIL,Equity,https://www.bseindia.com/stock-share-price/kalpataru-projects-international-ltd/kpil/522287/,KALPATARU PROJECTS INTERNATIONAL LIMITED,22097.11
522289,NMS Global Ltd,Active,X,10.0,INE169F01014,,NMSGLOBAL,Equity,https://www.bseindia.com/stock-share-price/nms-global-ltd/nmsglobal/522289/,NMS GLOBAL LIMITED,16.57
522292,Candour Techtex Ltd,Active,X,10.0,INE713D01055,,CANDOUR,Equity,https://www.bseindia.com/stock-share-price/candour-techtex-ltd/candour/522292/,CANDOUR TECHTEX LIMITED,188.51
522294,T & I Global Ltd,Active,X,10.0,INE811B01010,,TIGLOB,Equity,https://www.bseindia.com/stock-share-price/t--i-global-ltd/tiglob/522294/,T & I Global Ltd.,88.18
522295,Control Print Ltd,Active,B,10.0,INE663B01015,,CONTROLPR,Equity,https://www.bseindia.com/stock-share-price/control-print-ltd/controlpr/522295/,CONTROL PRINT LIMITED,901.11
522650,Bemco Hydraulics Ltd,Active,X,1.0,INE142E01022,,BEMHY,Equity,https://www.bseindia.com/stock-share-price/bemco-hydraulics-ltd-/bemhy/522650/,Bemco Hydraulics Ltd.,502.07
523007,Ansal Buildwell Ltd,Active,X,10.0,INE030C01015,,ANSALBU,Equity,https://www.bseindia.com/stock-share-price/ansal-buildwell-ltd/ansalbu/523007/,Ansal Buildwell Ltd.,53.36
523011,Weizmann Ltd,Active,B,10.0,INE080A01014,,WEIZMANIND,Equity,https://www.bseindia.com/stock-share-price/weizmann-ltd/weizmanind/523011/,Weizmann Limited.,119.33
523019,BN Rathi Securities Ltd,Active,X,5.0,INE710D01028,,BNRSEC,Equity,https://www.bseindia.com/stock-share-price/bn-rathi-securities-ltd/bnrsec/523019/,B.N.Rathi Securities Ltd.,86.09
523021,Rishi Techtex Ltd,Active,X,10.0,INE989D01010,,RISHITECH,Equity,https://www.bseindia.com/stock-share-price/rishi-techtex-ltd/rishitech/523021/,Rishi Techtex Limited,30.75
523023,Sinclairs Hotels Ltd,Active,B,2.0,INE985A01022,,SINCLAIR,Equity,https://www.bseindia.com/stock-share-price/sinclairs-hotels-ltd/sinclair/523023/,SINCLAIRS HOTELS LIMITED,392.86
523025,Safari Industries India Ltd,Active,A,2.0,INE429E01023,,SAFARI,Equity,https://www.bseindia.com/stock-share-price/safari-industries-india-ltd/safari/523025/,Safari Industries (India) Ltd.,7305.97
523031,A D S Diagnostics Ltd,Active,Y,10.0,,,ADSDIAG,Equity,https://www.bseindia.com/stock-share-price/a-d-s-diagnostics-ltd/adsdiag/523031/,A.D.S. Diagnostics Ltd.,2.55
523054,Binayak Tex Processors Ltd,Active,XT,10.0,INE626H01019,,ZBINTXPP,Equity,https://www.bseindia.com/stock-share-price/binayak-tex-processors-ltd/zbintxpp/523054/,Binayak Tex Processors  Ltd.,113.81
523062,JJ Finance Corporation Ltd,Active,XT,10.0,INE584C01011,,JJFINCOR,Equity,https://www.bseindia.com/stock-share-price/jj-finance-corporation-ltd/jjfincor/523062/,J.J. Finance Corporation Ltd.,14.97
523100,Cosmo Ferrites Ltd,Active,XT,10.0,INE124B01018,,COSMOFE,Equity,https://www.bseindia.com/stock-share-price/cosmo-ferrites-ltd/cosmofe/523100/,Cosmo Ferrites Ltd.,255.04
523105,Cropster Agro Ltd,Active,T,1.0,INE293E01031,,CROPSTER,Equity,https://www.bseindia.com/stock-share-price/cropster-agro-ltd/cropster/523105/,CROPSTER AGRO LIMITED,406.56
523113,Futuristic Securities Ltd,Active,X,10.0,INE425D01015,,FUTURSEC,Equity,https://www.bseindia.com/stock-share-price/futuristic-securities-ltd/futursec/523113/,Futuristic Securities Ltd,4.29
523116,Sanco Trans Ltd,Active,X,10.0,INE391G01012,,SANCTRN,Equity,https://www.bseindia.com/stock-share-price/sanco-trans-ltd/sanctrn/523116/,Sanco Trans Ltd.,124.74
523120,Thrive Future Habitats Ltd,Active,X,10.0,INE628D01014,,THRIVE,Equity,https://www.bseindia.com/stock-share-price/thrive-future-habitats-ltd/thrive/523120/,THRIVE FUTURE HABITATS LIMITED,96.22
523127,EIH Associated Hotels Ltd,Active,B,10.0,INE276C01014,,EIHAHOTELS,Equity,https://www.bseindia.com/stock-share-price/eih-associated-hotels-ltd/eihahotels/523127/,EIH Associated Hotels Ltd.,1900.60
523144,Medi Caps Ltd,Active,X,10.0,INE442D01010,,MEDICAPQ,Equity,https://www.bseindia.com/stock-share-price/medi-caps-ltd/medicapq/523144/,Medi-Caps Ltd.,33.79
523151,OTCO International Ltd,Active,XT,2.0,INE910B01028,,OTCO,Equity,https://www.bseindia.com/stock-share-price/otco-international-ltd/otco/523151/,Otco International Ltd,13.42
523160,Foseco Crucible (India) Ltd,Active,X,5.0,INE599F01020,,FOSECOC,Equity,https://www.bseindia.com/stock-share-price/foseco-crucible-(india)-ltd/fosecoc/523160/,FOSECO CRUCIBLE INDIA LIMITED,884.63
523186,B&A Packaging India Ltd,Active,X,10.0,INE00FM01013,,BAPACK,Equity,https://www.bseindia.com/stock-share-price/ba-packaging-india-ltd/bapack/523186/,B&A Packaging India Limited,43.89
523204,Aban Offshore Ltd,Active,T,2.0,INE421A01028,,ABAN,Equity,https://www.bseindia.com/stock-share-price/aban-offshore-ltd/aban/523204/,Aban  Offshore Ltd.,111.36
523207,Kokuyo Camlin Ltd,Active,B,1.0,INE760A01029,,KOKUYOCMLN,Equity,https://www.bseindia.com/stock-share-price/kokuyo-camlin-ltd/kokuyocmln/523207/,Kokuyo Camlin Ltd,901.53
523222,SRM Energy Ltd,Active,XT,10.0,INE173J01018,,SRMENERGY,Equity,https://www.bseindia.com/stock-share-price/srm-energy-ltd/srmenergy/523222/,SRM Energy Limited,20.91
523229,Bharat Seats Ltd,Active,B,2.0,INE415D01024,,BHARATSE,Equity,https://www.bseindia.com/stock-share-price/bharat-seats-ltd/bharatse/523229/,Bharat Seats Ltd,1405.78
523232,Continental Petroleums Ltd,Active,X,5.0,INE369D01023,,CONTPTR,Equity,https://www.bseindia.com/stock-share-price/continental-petroleums-ltd/contptr/523232/,Continental Petroleums Ltd.,70.58
523242,NB Footwear Ltd,Active,P,10.0,INE006F01018,,NBFOOT,Equity,https://www.bseindia.com/stock-share-price/nb-footwear-ltd/nbfoot/523242/,N.B. Footwear Ltd.,9.03
523248,Machino Plastics Ltd,Active,X,10.0,INE082B01018,,MACPLASQ,Equity,https://www.bseindia.com/stock-share-price/machino-plastics-ltd/macplasq/523248/,Machino Plastics Ltd,164.44
523260,PEARL Polymers Ltd,Active,T,10.0,INE844A01013,,PEARLPOLY,Equity,https://www.bseindia.com/stock-share-price/pearl-polymers-ltd/pearlpoly/523260/,Pearl Polymers Ltd.,27.14
523261,Venkys (India) Ltd,Active,B,10.0,INE398A01010,,VENKEYS,Equity,https://www.bseindia.com/stock-share-price/venkys-(india)-ltd/venkeys/523261/,Venky's (India) ltd.,2200.93
523269,Advani Hotels & Resorts (India) Ltd,Active,B,2.0,INE199C01026,,ADVANIHOTR,Equity,https://www.bseindia.com/stock-share-price/advani-hotels--resorts-(india)-ltd/advanihotr/523269/,Advani Hotels & Resorts (India) Ltd.,470.42
523277,GV Films Ltd,Active,X,1.0,INE395B01048,,GVFILM,Equity,https://www.bseindia.com/stock-share-price/gv-films-ltd/gvfilm/523277/,G.V. Films  Ltd.,54.07
523283,Superhouse Ltd,Active,B,10.0,INE712B01010,,SUPERHOUSE,Equity,https://www.bseindia.com/stock-share-price/superhouse-ltd/superhouse/523283/,Superhouse limited,173.48
523289,Rama Vision Ltd,Active,X,10.0,INE763B01013,,RAMAVISION,Equity,https://www.bseindia.com/stock-share-price/rama-vision-ltd/ramavision/523289/,Rama Vision Ltd,139.92
523301,TCPL Packaging Ltd,Active,B,10.0,INE822C01015,,TCPLPACK,Equity,https://www.bseindia.com/stock-share-price/tcpl-packaging-ltd/tcplpack/523301/,TCPL Packaging Limited,2827.96
523309,Shri Gang Industries & Allied Products Ltd,Active,X,10.0,INE241V01018,,SHRIGANG,Equity,https://www.bseindia.com/stock-share-price/shri-gang-industries--allied-products-ltd/shrigang/523309/,Shri Gang Industries & Allied Products Limited,144.06
523315,Purity Flexpack Ltd,Active,X,10.0,INE898O01010,,PURITY,Equity,https://www.bseindia.com/stock-share-price/purity-flexpack-ltd/purity/523315/,Purity Flex Pack Ltd,0.25
523319,Balmer Lawrie & Company Ltd,Active,B,10.0,INE164A01016,,BALMLAWRIE,Equity,https://www.bseindia.com/stock-share-price/balmer-lawrie--company-ltd/balmlawrie/523319/,BALMER LAWRIE AND COMPANY LIMITED,3021.64
523323,Kovai Medical Center & Hospital Ltd,Active,B,10.0,INE177F01017,,KOVAI,Equity,https://www.bseindia.com/stock-share-price/kovai-medical-center--hospital-ltd/kovai/523323/,Kovai Medical Center & Hospital Ltd,6437.93
523329,Eldeco Housing & Industries Ltd,Active,B,2.0,INE668G01021,,ELDEHSG,Equity,https://www.bseindia.com/stock-share-price/eldeco-housing--industries-ltd/eldehsg/523329/,Eldeco Housing & Ind. Ltd.,714.37
523343,Microse India Ltd,Active,XT,10.0,INE809F01015,,MICROSE,Equity,https://www.bseindia.com/stock-share-price/microse-india-ltd/microse/523343/,Microse India Limited,
523367,DCM Shriram Ltd,Active,A,2.0,INE499A01024,,DCMSHRIRAM,Equity,https://www.bseindia.com/stock-share-price/dcm-shriram-ltd/dcmshriram/523367/,DCM Shriram Limited,15731.46
523369,DCM Shriram Industries Ltd,Active,B,2.0,INE843D01027,,DCMSRIND,Equity,https://www.bseindia.com/stock-share-price/dcm-shriram-industries-ltd/dcmsrind/523369/,DCM Shriram Industries Ltd.,370.59
523371,Mawana Sugars Ltd,Active,T,10.0,INE636A01039,,MAWANASUG,Equity,https://www.bseindia.com/stock-share-price/mawana-sugars-ltd/mawanasug/523371/,Mawana Sugars Ltd,443.00
523373,Mini Diamonds India Ltd,Active,X,2.0,INE281E01028,,MINID,Equity,https://www.bseindia.com/stock-share-price/mini-diamonds-india-ltd/minid/523373/,Mini Diamonds (India) Ltd.,123.27
523384,Maha Rashtra Apex Corporation Ltd,Active,B,10.0,INE843B01013,,MAHAPEXLTD,Equity,https://www.bseindia.com/stock-share-price/maha-rashtra-apex-corporation-ltd/mahapexltd/523384/,Maha Rashtra Apex Corporation Ltd,126.83
523385,Nilkamal Ltd,Active,B,10.0,INE310A01015,,NILKAMAL,Equity,https://www.bseindia.com/stock-share-price/nilkamal-ltd/nilkamal/523385/,Nilkamal Limited,2651.36
523387,HOMRE Ltd,Active,XT,1.0,INE982C01033,,HOM,Equity,https://www.bseindia.com/stock-share-price/homre-ltd/hom/523387/,HOMRE LIMITED,39.38
523391,Nahar Polyfilms Ltd,Active,B,5.0,INE308A01027,,NAHARPOLY,Equity,https://www.bseindia.com/stock-share-price/nahar-polyfilms-ltd/naharpoly/523391/,Nahar Polyfilms Ltd.,590.60
523395,3M India Ltd,Active,A,10.0,INE470A01017,,3MINDIA,Equity,https://www.bseindia.com/stock-share-price/3m-india-ltd/3mindia/523395/,3M India Ltd.,40661.44
523398,Bosch Home Comfort India Ltd,Active,B,10.0,INE782A01015,,BOSCH-HCIL,Equity,https://www.bseindia.com/stock-share-price/bosch-home-comfort-india-ltd/bosch-hcil/523398/,BOSCH HOME COMFORT INDIA LIMITED,4472.08
523405,JM Financial Ltd,Active,A,1.0,INE780C01023,,JMFINANCIL,Equity,https://www.bseindia.com/stock-share-price/jm-financial-ltd/jmfinancil/523405/,JM Financial Limited,12411.77
523411,ADC India Communications Ltd,Active,XT,10.0,INE833A01016,,ADCINDIA,Equity,https://www.bseindia.com/stock-share-price/adc-india-communications-ltd/adcindia/523411/,ADC India Communications Limited,970.44
523419,Tamilnadu Telecommunications Ltd,Active,B,10.0,INE141D01018,,TNTELE,Equity,https://www.bseindia.com/stock-share-price/tamilnadu-telecommunications-ltd/tntele/523419/,Tamilnadu Telecommunications Ltd.,40.56
523425,Sunraj Diamond Exports Ltd,Active,XT,10.0,INE459D01014,,SUNRAJDI,Equity,https://www.bseindia.com/stock-share-price/sunraj-diamond-exports-ltd/sunrajdi/523425/,Sunraj Diamond Exports Ltd.,7.05
523445,Reliance Industrial Infrastructure Ltd,Active,B,10.0,INE046A01015,,RIIL,Equity,https://www.bseindia.com/stock-share-price/reliance-industrial-infrastructure-ltd/riil/523445/,Reliance Industrial Infrastructure,1150.32
523457,Linde India Ltd,Active,A,10.0,INE473A01011,,LINDEINDIA,Equity,https://www.bseindia.com/stock-share-price/linde-india-ltd/lindeindia/523457/,Linde India Limited,60888.67
523465,Ind Bank Housing Ltd,Active,B,10.0,INE969D01012,,INDBNK,Equity,https://www.bseindia.com/stock-share-price/ind-bank-housing-ltd/indbnk/523465/,Ind Bank Housing Ltd,52.28
523467,Jai Mata Glass Ltd,Active,XT,1.0,INE250C01027,,JAIMATAG,Equity,https://www.bseindia.com/stock-share-price/jai-mata-glass-ltd/jaimatag/523467/,Jai Mata Glass Ltd.,34.70
523475,Lotus Chocolate Company Ltd,Active,B,10.0,INE026D01011,,LOTUSCHO,Equity,https://www.bseindia.com/stock-share-price/lotus-chocolate-company-ltd/lotuscho/523475/,Lotus Chocolate Co. Ltd.,831.65
523483,Pacific Industries Ltd,Active,X,10.0,INE883C01025,,PACIFICI,Equity,https://www.bseindia.com/stock-share-price/pacific-industries-ltd/pacifici/523483/,Pacific Industries ltd.,93.74
523489,Chennai Meenakshi Multispeciality Hospital Ltd,Active,X,10.0,INE889F01017,,CMMHOSP,Equity,https://www.bseindia.com/stock-share-price/chennai-meenakshi-multispeciality-hospital-ltd/cmmhosp/523489/,Chennai Meenakshi Multispeciality Hospital Ltd.,27.84
523519,Universal Office Automation Ltd,Active,XT,10.0,INE951C01012,,UNIOFFICE,Equity,https://www.bseindia.com/stock-share-price/universal-office-automation-ltd/unioffice/523519/,Universal Office Automation Limited,8.16
523537,APM Industries Ltd,Active,X,2.0,INE170D01025,,APMIN,Equity,https://www.bseindia.com/stock-share-price/apm-industries-ltd/apmin/523537/,APM Industries Ltd.,110.41
523539,Precision Wires India Ltd,Active,B,1.0,INE372C01037,,PRECWIRE,Equity,https://www.bseindia.com/stock-share-price/precision-wires-india-ltd/precwire/523539/,Precision Wires India ltd.,7669.71
523550,Krypton Industries Ltd,Active,X,10.0,INE951B01014,,KRYPTONQ,Equity,https://www.bseindia.com/stock-share-price/krypton-industries-ltd/kryptonq/523550/,Krypton Industries Ltd,53.69
523558,Swiss Military Consumer Goods Ltd,Active,X,2.0,INE010C01025,,SWISSMLTRY,Equity,https://www.bseindia.com/stock-share-price/swiss-military-consumer-goods-ltd/swissmltry/523558/,SWISS MILITARY CONSUMER GOODS LIMITED,346.41
523566,Martin Burn Ltd,Active,X,10.0,INE199D01016,,MARBU,Equity,https://www.bseindia.com/stock-share-price/martin-burn-ltd/marbu/523566/,Martin Burn Ltd,21.79
523574,Future Enterprises Ltd,Active,Z,2.0,INE623B01027,,FEL,Equity,https://www.bseindia.com/stock-share-price/future-enterprises-ltd/fel/523574/,Future Enterprises Limited,22.29
523586,Indian Toners & Developers Ltd,Active,X,2.0,INE826B01026,,INDTONER,Equity,https://www.bseindia.com/stock-share-price/indian-toners--developers-ltd/indtoner/523586/,Indian Toners & Developers Ltd.,249.35
523594,Kunststoffe Industries Ltd,Active,X,10.0,INE638D01021,,KUNSTOFF,Equity,https://www.bseindia.com/stock-share-price/kunststoffe-industries-ltd/kunstoff/523594/,Kunststoffe Industries Ltd.,15.25
523598,Shipping Corporation of India Ltd,Active,A,10.0,INE109A01011,,SCI,Equity,https://www.bseindia.com/stock-share-price/shipping-corporation-of-india-ltd/sci/523598/,Shipping Corporation Of India Ltd,14367.57
523606,Sika Interplant Systems Ltd,Active,B,2.0,INE438E01032,,SIKA,Equity,https://www.bseindia.com/stock-share-price/sika-interplant-systems-ltd/sika/523606/,Sika Interplant Systems Ltd.,2359.13
523610,ITI Ltd,Active,B,10.0,INE248A01017,,ITI,Equity,https://www.bseindia.com/stock-share-price/iti-ltd/iti/523610/,ITI Limited (Indian Teleph.Ind.Ltd),27582.26
523618,Dredging Corporation of India Ltd,Active,B,10.0,INE506A01018,,DREDGECORP,Equity,https://www.bseindia.com/stock-share-price/dredging-corporation-of-india-ltd/dredgecorp/523618/,Dredging Corporation of India Ltd.,3077.76
523620,Phaarmasia Ltd,Active,X,10.0,INE486I01016,,PHRMASI,Equity,https://www.bseindia.com/stock-share-price/phaarmasia-ltd/phrmasi/523620/,Phaarmasia Limited.,58.02
523630,National Fertilizers Ltd,Active,B,10.0,INE870D01012,,NFL,Equity,https://www.bseindia.com/stock-share-price/national-fertilizers-ltd/nfl/523630/,National Fertilizers Ltd.,3552.28
523638,IP Rings Ltd,Active,X,10.0,INE558A01019,,IPRINGLTD,Equity,https://www.bseindia.com/stock-share-price/ip-rings-ltd/ipringltd/523638/,IP Rings Ltd.,158.45
523642,PI Industries Ltd,Active,A,1.0,INE603J01030,,PIIND,Equity,https://www.bseindia.com/stock-share-price/pi-industries-ltd/piind/523642/,PI Industries Limited,42420.39
523648,Plastiblends India Ltd,Active,B,5.0,INE083C01022,,PLASTIBLEN,Equity,https://www.bseindia.com/stock-share-price/plastiblends-india-ltd/plastiblen/523648/,Plastiblends India Ltd.,513.03
523650,Yash Innoventures Ltd,Active,X,10.0,INE823D01011,,YASHINNO,Equity,https://www.bseindia.com/stock-share-price/yash-innoventures-ltd/yashinno/523650/,YASH INNOVENTURES LIMITED,61.46
523660,Waterbase Ltd,Active,X,10.0,INE054C01015,,WATERBASE,Equity,https://www.bseindia.com/stock-share-price/waterbase-ltd/waterbase/523660/,Waterbase Limited,176.31
523672,Flex Foods Ltd,Active,X,10.0,INE954B01018,,FLEXFO,Equity,https://www.bseindia.com/stock-share-price/flex-foods-ltd/flexfo/523672/,Flex Foods Ltd.,54.03
523676,Golkunda Diamonds & Jewellery Ltd,Active,X,10.0,INE798D01015,,GOLKUNDIA,Equity,https://www.bseindia.com/stock-share-price/golkunda-diamonds--jewellery-ltd/golkundia/523676/,Golkunda Diamonds & Jewellery Ltd.,190.19
523694,Apcotex Industries Ltd,Active,B,2.0,INE116A01032,,APCOTEXIND,Equity,https://www.bseindia.com/stock-share-price/apcotex-industries-ltd/apcotexind/523694/,Apcotex Industries Limited,3215.17
523696,Fortis Malar Hospitals Ltd,Active,X,10.0,INE842B01015,,FORTISMLR,Equity,https://www.bseindia.com/stock-share-price/fortis-malar-hospitals-ltd/fortismlr/523696/,Fortis Malar Hospitals Limited,93.56
523704,Mastek Ltd,Active,A,5.0,INE759A01021,,MASTEK,Equity,https://www.bseindia.com/stock-share-price/mastek-ltd/mastek/523704/,Mastek Limited,5642.75
523708,Eimco Elecon (India) Ltd,Active,B,10.0,INE158B01016,,EIMCOELECO,Equity,https://www.bseindia.com/stock-share-price/eimco-elecon-(india)-ltd/eimcoeleco/523708/,EIMCO Elecon India Ltd.,1043.24
523710,Sayaji Hotels Ltd,Active,B,10.0,INE318C01014,,SAYAJIHOTL,Equity,https://www.bseindia.com/stock-share-price/sayaji-hotels-ltd/sayajihotl/523710/,SAYAJI HOTELS LIMITED,551.82
523716,Ashiana Housing Ltd,Active,B,2.0,INE365D01021,,ASHIANA,Equity,https://www.bseindia.com/stock-share-price/ashiana-housing-ltd/ashiana/523716/,Ashiana Housing Limited,3829.49
523722,Svam Software Ltd,Active,X,10.0,INE119B01018,,SVAMSOF,Equity,https://www.bseindia.com/stock-share-price/svam-software-ltd/svamsof/523722/,Svam Software Ltd,8.90
523732,Ecoboard Industries Ltd,Active,X,10.0,INE866A01016,,ECOBOAR,Equity,https://www.bseindia.com/stock-share-price/ecoboard-industries-ltd/ecoboar/523732/,Ecoboard Industries Ltd,148.91
523736,Dhunseri Ventures Ltd,Active,B,10.0,INE477B01010,,DVL,Equity,https://www.bseindia.com/stock-share-price/dhunseri-ventures-ltd/dvl/523736/,Dhunseri Ventures Limited,955.48
523752,Trans India House Impex Ltd,Active,XT,10.0,INE502D01011,,TIHIL,Equity,https://www.bseindia.com/stock-share-price/trans-india-house-impex-ltd/tihil/523752/,TRANS INDIA HOUSE IMPEX LIMITED,26.36
523754,Mahindra EPC Irrigation Ltd,Active,B,10.0,INE215D01010,,MAHEPC,Equity,https://www.bseindia.com/stock-share-price/mahindra-epc-irrigation-ltd/mahepc/523754/,MAHINDRA EPC IRRIGATION LIMITED,301.31
523782,Mitshi India Ltd,Active,X,10.0,INE844D01017,,MITSHI,Equity,https://www.bseindia.com/stock-share-price/mitshi-india-ltd/mitshi/523782/,Mitshi India Limited,11.08
523790,Shukra Jewellery Ltd,Active,P,10.0,INE344E01016,,SHUKJEW,Equity,https://www.bseindia.com/stock-share-price/shukra-jewellery-ltd/shukjew/523790/,Shukra Jewellers Limited,12.22
523792,Mazda Ltd,Active,T,2.0,INE885E01042,,MAZDA,Equity,https://www.bseindia.com/stock-share-price/mazda-ltd/mazda/523792/,Mazda Ltd.,463.78
523796,Viceroy Hotels Ltd,Active,T,10.0,INE048C01025,,VHLTD,Equity,https://www.bseindia.com/stock-share-price/viceroy-hotels-ltd/vhltd/523796/,Viceroy Hotels Ltd.,864.00
523826,Sovereign Diamonds Ltd,Active,X,10.0,INE959D01013,,SOVERDIA,Equity,https://www.bseindia.com/stock-share-price/sovereign-diamonds-ltd/soverdia/523826/,Sovereign Diamonds Ltd,15.71
523828,Menon Bearings Ltd,Active,T,1.0,INE071D01033,,MENONBE,Equity,https://www.bseindia.com/stock-share-price/menon-bearings-ltd/menonbe/523828/,Menon Bearings Ltd,1287.80
523832,Mukat Pipes Ltd,Active,XT,5.0,INE862C01029,,MUKATPIP,Equity,https://www.bseindia.com/stock-share-price/mukat-pipes-ltd/mukatpip/523832/,Mukat Pipes Limited,20.09
523836,Gujarat Raffia Industries Ltd,Active,B,10.0,INE610B01024,,GUJRAFFIA,Equity,https://www.bseindia.com/stock-share-price/gujarat-raffia-industries-ltd/gujraffia/523836/,Gujarat Raffia Ind. Ltd.,22.48
523838,Simplex Infrastructures Ltd,Active,B,2.0,INE059B01024,,SIMPLEXINF,Equity,https://www.bseindia.com/stock-share-price/simplex-infrastructures-ltd/simplexinf/523838/,Simplex Infrastructures Limited,1880.49
523840,Innovative Tech Pack Ltd,Active,X,1.0,INE965C01038,,INNOVTEC,Equity,https://www.bseindia.com/stock-share-price/innovative-tech-pack-ltd/innovtec/523840/,Innovative Tech Pack Ltd,30.89
523842,Super Tannery Ltd,Active,X,1.0,INE460D01038,,SUPTANERY,Equity,https://www.bseindia.com/stock-share-price/super-tannery-ltd/suptanery/523842/,Super Tannery Limited,75.15
523844,Constronics Infra Ltd,Active,X,10.0,INE537B01011,,CONSTRONIC,Equity,https://www.bseindia.com/stock-share-price/constronics-infra-ltd/constronic/523844/,CONSTRONICS INFRA LIMITED,62.62
523850,Axtel Industries Ltd,Active,X,10.0,INE767C01012,,AXTEL,Equity,https://www.bseindia.com/stock-share-price/axtel-industries-ltd/axtel/523850/,Axtel Industries Ltd.,698.37
523862,Grand Oak Canyons Distillery Ltd,Active,B,10.0,INE926B01016,,GRANDOAK,Equity,https://www.bseindia.com/stock-share-price/grand-oak-canyons-distillery-ltd/grandoak/523862/,GRAND OAK CANYONS DISTILLERY LIMITED,2163.74
523874,East India Drums and Barrels Manufacturing Ltd,Active,XT,10.0,INE191C01023,,EASTINDIA,Equity,https://www.bseindia.com/stock-share-price/east-india-drums-and-barrels-manufacturing-ltd/eastindia/523874/,East India Drums and Barrels Manufacturing Limited,155.13
523888,Megamont Ltd,Active,XT,10.0,INE317D01014,,MEGAMONT,Equity,https://www.bseindia.com/stock-share-price/megamont-ltd/megamont/523888/,MEGAMONT LIMITED,443.62
523890,DS Kulkarni Developers Ltd,Active,T,10.0,INE891A01022,,DSKULKARNI,Equity,https://www.bseindia.com/stock-share-price/ds-kulkarni-developers-ltd/dskulkarni/523890/,D.S.Kulkarni Developers Ltd,13.60
524000,Poonawalla Fincorp Ltd,Active,A,2.0,INE511C01022,,POONAWALLA,Equity,https://www.bseindia.com/stock-share-price/poonawalla-fincorp-ltd/poonawalla/524000/,POONAWALLA FINCORP LIMITED,43193.53
524019,Kingfa Science & Technology (India) Ltd,Active,B,10.0,INE473D01015,,KINGFA,Equity,https://www.bseindia.com/stock-share-price/kingfa-science--technology-(india)-ltd/kingfa/524019/,Kingfa Science & Technology (India) Ltd,7233.93
524031,Patidar Buildcon Ltd,Active,X,10.0,INE637N01014,,PATIDAR,Equity,https://www.bseindia.com/stock-share-price/patidar-buildcon-ltd/patidar/524031/,Patidar Buildcon Limited,2.98
524037,Rama Phosphates Ltd,Active,B,5.0,INE809A01032,,RAMAPHO,Equity,https://www.bseindia.com/stock-share-price/rama-phosphates-ltd/ramapho/524037/,Rama Phosphates Ltd.,441.28
524038,Venlon Enterprises Ltd,Active,X,5.0,INE204D01022,,VENLONENT,Equity,https://www.bseindia.com/stock-share-price/venlon-enterprises-ltd/venlonent/524038/,Venlon Enterprises Ltd.,20.11
524046,Pet Plastics Ltd,Active,XT,10.0,INE704F01018,,PETPLST,Equity,https://www.bseindia.com/stock-share-price/pet-plastics-ltd/petplst/524046/,Pet Plastics Ltd.,6.18
524051,Polyplex Corporation Ltd,Active,B,10.0,INE633B01018,,POLYPLEX,Equity,https://www.bseindia.com/stock-share-price/polyplex-corporation-ltd/polyplex/524051/,Polyplex Corporation Ltd.,3486.60
524055,Panther Industrial Products Ltd,Active,XT,10.0,INE181D01014,,PANIDPR,Equity,https://www.bseindia.com/stock-share-price/panther-industrial-products-ltd/panidpr/524055/,Panther Industrial Products Ltd.,12.74
524075,Albert David Ltd,Active,B,10.0,INE155C01010,,ALBERTDAVD,Equity,https://www.bseindia.com/stock-share-price/albert-david-ltd/albertdavd/524075/,Albert David Ltd.,413.11
524080,Haryana Leather Chemicals Ltd,Active,X,10.0,INE681F01018,,HARLETH,Equity,https://www.bseindia.com/stock-share-price/haryana-leather-chemicals-ltd/harleth/524080/,Haryana Leather Chemicals Ltd.,31.26
524091,Carysil Ltd,Active,B,2.0,INE482D01024,,CARYSIL,Equity,https://www.bseindia.com/stock-share-price/carysil-ltd/carysil/524091/,CARYSIL LIMITED,3460.19
524109,Kabra Extrusiontechnik Ltd,Active,B,5.0,INE900B01029,,KABRAEXTRU,Equity,https://www.bseindia.com/stock-share-price/kabra-extrusiontechnik-ltd/kabraextru/524109/,Kabra Extrusion Technik Ltd,1668.55
524129,Vinyl Chemicals (India) Ltd,Active,B,1.0,INE250B01029,,VINYLINDIA,Equity,https://www.bseindia.com/stock-share-price/vinyl-chemicals-(india)-ltd/vinylindia/524129/,Vinyl Chemicals (India) Ltd.,450.27
524136,Pee Cee Cosma Sope Ltd,Active,X,10.0,INE417E01010,,PCCOSMA,Equity,https://www.bseindia.com/stock-share-price/pee-cee-cosma-sope-ltd/pccosma/524136/,Pee Cee Cosma Sope Ltd.,98.43
524156,TCM Ltd,Active,X,10.0,INE034F01010,,TCMLMTD,Equity,https://www.bseindia.com/stock-share-price/tcm-ltd/tcmlmtd/524156/,TCM Ltd.,34.40
524164,IOL Chemicals & Pharmaceuticals Ltd,Active,B,2.0,INE485C01029,,IOLCP,Equity,https://www.bseindia.com/stock-share-price/iol-chemicals--pharmaceuticals-ltd/iolcp/524164/,IOL Chemicals & Pharmaceuticals Ltd,4788.90
524174,Kesar Petroproducts Ltd,Active,X,1.0,INE133C01033,,KESARPE,Equity,https://www.bseindia.com/stock-share-price/kesar-petroproducts-ltd/kesarpe/524174/,Kesar Petroproducts Ltd,163.57
524200,Vinati Organics Ltd,Active,A,1.0,INE410B01037,,VINATIORGA,Equity,https://www.bseindia.com/stock-share-price/vinati-organics-ltd/vinatiorga/524200/,Vinati Organics Ltd.,13987.09
524202,Lactose India Ltd,Active,X,10.0,INE058I01013,,LACTOSE,Equity,https://www.bseindia.com/stock-share-price/lactose-india-ltd/lactose/524202/,Lactose (India) Ltd.,129.41
524204,Teesta Agro Industries Ltd,Active,X,10.0,INE757D01011,,TEEAI,Equity,https://www.bseindia.com/stock-share-price/teesta-agro-industries-ltd/teeai/524204/,Teesta Agro Industries Ltd,65.52
524208,Aarti Industries Ltd,Active,A,5.0,INE769A01020,,AARTIIND,Equity,https://www.bseindia.com/stock-share-price/aarti-industries-ltd/aartiind/524208/,Aarti Industries Ltd,18139.96
524210,Pentokey Organy India Ltd,Active,X,10.0,INE702E01015,,PNTKYOR,Equity,https://www.bseindia.com/stock-share-price/pentokey-organy-india-ltd/pntkyor/524210/,Pentokey Organy (India) Ltd.,23.59
524212,Wanbury Ltd,Active,B,10.0,INE107F01022,,WANBURY,Equity,https://www.bseindia.com/stock-share-price/wanbury-ltd/wanbury/524212/,Wanbury Limited,957.16
524218,Resonance Specialties Ltd,Active,XT,10.0,INE486D01017,,RESONANCE,Equity,https://www.bseindia.com/stock-share-price/resonance-specialties-ltd/resonance/524218/,Resonance Specialties Limited,196.42
524226,Gujarat Ambuja Exports Ltd,Active,B,1.0,INE036B01030,,GAEL,Equity,https://www.bseindia.com/stock-share-price/gujarat-ambuja-exports-ltd/gael/524226/,Gujarat Ambuja Exports Ltd.,8145.99
524230,Rashtriya Chemicals and Fertilizers Ltd,Active,A,10.0,INE027A01015,,RCF,Equity,https://www.bseindia.com/stock-share-price/rashtriya-chemicals-and-fertilizers-ltd/rcf/524230/,Rashtriya Chemicals & Fertilizers Limited,7061.61
524238,Gujarat Inject Kerala Ltd,Active,X,1.0,INE659F01022,,GUJINJEC,Equity,https://www.bseindia.com/stock-share-price/gujarat-inject-kerala-ltd/gujinjec/524238/,Gujarat Inject (Kerala) Ltd.,146.49
524280,Kopran Ltd,Active,T,10.0,INE082A01010,,KOPRAN,Equity,https://www.bseindia.com/stock-share-price/kopran-ltd/kopran/524280/,Kopran Ltd.,919.36
524288,Aimco Pesticides Ltd,Active,X,10.0,INE008B01013,,AIMCOPEST,Equity,https://www.bseindia.com/stock-share-price/aimco-pesticides-ltd/aimcopest/524288/,Aimco Pesticides Ltd.,48.71
524314,Gujarat Terce Laboratories Ltd,Active,X,10.0,INE499G01013,,GUJTERC,Equity,https://www.bseindia.com/stock-share-price/gujarat-terce-laboratories-ltd/gujterc/524314/,Gujarat Terce Laboratories Ltd,31.98
524322,Kabra Drugs Ltd,Active,X,10.0,INE323K01017,,KABRADG,Equity,https://www.bseindia.com/stock-share-price/kabra-drugs-ltd/kabradg/524322/,Kabra Drugs Ltd,55.83
524324,Seya Industries Ltd,Active,T,10.0,INE573R01012,,SEYAIND,Equity,https://www.bseindia.com/stock-share-price/seya-industries-ltd/seyaind/524324/,Seya Industries Ltd,33.21
524330,Jayant Agro Organics Ltd,Active,B,5.0,INE785A01026,,JAYAGROGN,Equity,https://www.bseindia.com/stock-share-price/jayant-agro-organics-ltd/jayagrogn/524330/,Jayant Agro-Organics Limited.,666.00
524332,BCL Industries Ltd,Active,B,1.0,INE412G01024,,BCLIND,Equity,https://www.bseindia.com/stock-share-price/bcl-industries-ltd/bclind/524332/,BCL INDUSTRIES LIMITED,1083.84
524336,Shree Hari Chemicals Export Ltd,Active,X,10.0,INE065E01017,,SHHARICH,Equity,https://www.bseindia.com/stock-share-price/shree-hari-chemicals-export-ltd/shharich/524336/,Shree Hari Chemicals Export Ltd.,108.52
524342,Indo Borax & Chemicals Ltd,Active,B,1.0,INE803D01021,,INDOBORAX,Equity,https://www.bseindia.com/stock-share-price/indo-borax--chemicals-ltd/indoborax/524342/,Indo Borax & Chemicals Ltd.,1314.57
524348,Aarti Drugs Ltd,Active,B,10.0,INE767A01016,,AARTIDRUGS,Equity,https://www.bseindia.com/stock-share-price/aarti-drugs-ltd/aartidrugs/524348/,Aarti Drugs Limited,3750.74
524370,Bodal Chemicals Ltd,Active,T,2.0,INE338D01028,,BODALCHEM,Equity,https://www.bseindia.com/stock-share-price/bodal-chemicals-ltd/bodalchem/524370/,Bodal Chemicals Ltd,898.86
524372,Orchid Pharma Ltd,Active,B,10.0,INE191A01027,,ORCHPHARMA,Equity,https://www.bseindia.com/stock-share-price/orchid-pharma-ltd/orchpharma/524372/,Orchid Pharma Limited,5065.32
524394,Vimta Labs Ltd,Active,B,2.0,INE579C01029,,VIMTALABS,Equity,https://www.bseindia.com/stock-share-price/vimta-labs-ltd/vimtalabs/524394/,Vimta Labs Ltd.,2870.24
524396,Biofil Chemicals & Pharmaceuticals Ltd,Active,B,10.0,INE829A01014,,BIOFILCHEM,Equity,https://www.bseindia.com/stock-share-price/biofil-chemicals--pharmaceuticals-ltd/biofilchem/524396/,Biofil Chemicals & Pharmaceuticals,52.97
524400,Ishita Drugs & Industries Ltd,Active,X,10.0,INE806D01016,,ISHITADR,Equity,https://www.bseindia.com/stock-share-price/ishita-drugs--industries-ltd/ishitadr/524400/,Ishita Drugs & Industries Ltd.,23.03
524404,Marksans Pharma Ltd,Active,A,1.0,INE750C01026,,MARKSANS,Equity,https://www.bseindia.com/stock-share-price/marksans-pharma-ltd/marksans/524404/,Marksans Pharma Ltd.,12192.37
524408,Universal Starch Chem Allied Ltd,Active,XT,10.0,INE113E01015,,UNIVSTAR,Equity,https://www.bseindia.com/stock-share-price/universal-starch-chem-allied-ltd/univstar/524408/,Universal Starch-Chem Allied Ltd.,81.94
524412,Aarey Drugs & Pharmaceuticals Ltd,Active,T,10.0,INE198H01019,,AAREYDRUGS,Equity,https://www.bseindia.com/stock-share-price/aarey-drugs--pharmaceuticals-ltd/aareydrugs/524412/,Aarey Drugs & Pharmaceuticals Ltd,241.01
524414,Norris Medicines Ltd,Active,X,10.0,INE744C01029,,NORRIS,Equity,https://www.bseindia.com/stock-share-price/norris-medicines-ltd/norris/524414/,Norris Medicines Ltd.,14.71
524434,Asian Petroproducts & Exports Ltd,Active,X,10.0,INE810M01019,,ASINPET,Equity,https://www.bseindia.com/stock-share-price/asian-petroproducts--exports-ltd/asinpet/524434/,Asian Petroproducts & Exports Ltd.,23.31
524440,Camex Ltd,Active,X,10.0,INE198C01010,,CAMEXLTD,Equity,https://www.bseindia.com/stock-share-price/camex-ltd/camexltd/524440/,Camex  Ltd.,41.24
524444,Evexia Lifecare Ltd,Active,XT,1.0,INE313M01030,,EVEXIA,Equity,https://www.bseindia.com/stock-share-price/evexia-lifecare-ltd/evexia/524444/,EVEXIA LIFECARE LIMITED,268.46
524458,Indo Euro Indchem Ltd,Active,X,10.0,INE319N01019,,INDOEURO,Equity,https://www.bseindia.com/stock-share-price/indo-euro-indchem-ltd/indoeuro/524458/,Indo Euro Indchem Limited,7.26
524470,Syncom Formulations India Ltd,Active,B,1.0,INE312C01025,,SYNCOMF,Equity,https://www.bseindia.com/stock-share-price/syncom-formulations-india-ltd/syncomf/524470/,Syncom Formulations (India) Ltd.,1239.86
524480,Riddhi Siddhi Gluco Biols Ltd,Active,XT,10.0,INE249D01019,,RIDDHI,Equity,https://www.bseindia.com/stock-share-price/riddhi-siddhi-gluco-biols-ltd/riddhi/524480/,Riddhi Siddhi Gluco Biols Ltd,739.31
524488,SVC INDUSTRIES Ltd,Active,X,10.0,INE038B01010,,SVCIND,Equity,https://www.bseindia.com/stock-share-price/svc-industries-ltd/svcind/524488/,SVC INDUSTRIES LIMITED,38.82
524494,Ipca Laboratories Ltd,Active,A,1.0,INE571A01038,,IPCALAB,Equity,https://www.bseindia.com/stock-share-price/ipca-laboratories-ltd/ipcalab/524494/,Ipca Laboratories Ltd.,43970.56
524500,Kilitch Drugs India Ltd,Active,T,10.0,INE729D01010,,KILITCH,Equity,https://www.bseindia.com/stock-share-price/kilitch-drugs-india-ltd/kilitch/524500/,Kilitch Drugs (I) Ltd.,644.52
524502,Raaj Medisafe India Ltd,Active,P,10.0,INE548H01015,,RAAJMEDI,Equity,https://www.bseindia.com/stock-share-price/raaj-medisafe-india-ltd/raajmedi/524502/,Raaj Medisafe India Limited,116.57
524504,Revati Media Ltd,Active,XT,10.0,INE270D01015,,REVAMEDIA,Equity,https://www.bseindia.com/stock-share-price/revati-media-ltd/revamedia/524504/,REVATI MEDIA LIMITED,3.49
524506,Coral Laboratories Ltd,Active,XT,10.0,INE683E01017,,CORALAB,Equity,https://www.bseindia.com/stock-share-price/coral-laboratories-ltd/coralab/524506/,Coral Laboratories Ltd.,199.35
524514,Tulasee Bio Ethanol Ltd,Active,ZP,10.0,INE276N01011,,TULASEEBIOE,Equity,https://www.bseindia.com/stock-share-price/tulasee-bio-ethanol-ltd/tulaseebioe/524514/,Tulasee Bio-Ethanol Ltd.,24.27
524516,Bacil Pharma Ltd,Active,X,10.0,INE711D01018,,BACPHAR,Equity,https://www.bseindia.com/stock-share-price/bacil-pharma-ltd/bacphar/524516/,Bacil Pharma Ltd.,25.58
524518,Krebs Biochemicals & Industries Ltd,Active,B,10.0,INE268B01013,,KREBSBIO,Equity,https://www.bseindia.com/stock-share-price/krebs-biochemicals--industries-ltd/krebsbio/524518/,Krebs Biochemicals & Industries Ltd.,115.33
524520,KMC Speciality Hospitals (India) Ltd,Active,B,1.0,INE879K01018,,KMCSHIL,Equity,https://www.bseindia.com/stock-share-price/kmc-speciality-hospitals-(india)-ltd/kmcshil/524520/,KMC Speciality Hospitals India Limited,1992.08
524522,Laffans Petrochemicals Ltd,Active,X,10.0,INE919B01011,,LAFFANSQ,Equity,https://www.bseindia.com/stock-share-price/laffans-petrochemicals-ltd/laffansq/524522/,Laffans Petrochemicals Ltd.,21.78
524534,Bhaskar Agrochemicals Ltd,Active,X,10.0,INE972C01018,,BHASKAGR,Equity,https://www.bseindia.com/stock-share-price/bhaskar-agrochemicals-ltd/bhaskagr/524534/,Bhaskar Agrochemicals Ltd.,59.89
524542,Sukhjit Starch & Chemicals Ltd,Active,B,5.0,INE450E01029,,SUKHJITS,Equity,https://www.bseindia.com/stock-share-price/sukhjit-starch--chemicals-ltd/sukhjits/524542/,Sukhjit Starch & Chemicals Ltd.,503.34
524548,Sharma East India Hospitals & Medical Research Ltd,Active,X,10.0,INE465H01012,,SHARMEH,Equity,https://www.bseindia.com/stock-share-price/sharma-east-india-hospitals--medical-research-ltd/sharmeh/524548/,Sharma East India Hospitals And Res,38.48
524558,Neuland Laboratories Ltd,Active,A,10.0,INE794A01010,,NEULANDLAB,Equity,https://www.bseindia.com/stock-share-price/neuland-laboratories-ltd/neulandlab/524558/,Neuland Laboratories Limited.,27584.20
524564,Gayatri BioOrganics Ltd,Active,X,10.0,INE052E01015,,GAYATRIBI,Equity,https://www.bseindia.com/stock-share-price/gayatri-bioorganics-ltd/gayatribi/524564/,Gayatri BioOrganics Ltd,57.75
524570,Poddar Pigments Ltd,Active,B,10.0,INE371C01013,,PODDARMENT,Equity,https://www.bseindia.com/stock-share-price/poddar-pigments-ltd/poddarment/524570/,Poddar Pigments Ltd.,266.63
524572,Pharmaids Pharmaceuticals Ltd,Active,X,10.0,INE117D01018,,PHARMAID,Equity,https://www.bseindia.com/stock-share-price/pharmaids-pharmaceuticals-ltd/pharmaid/524572/,Pharmaids Pharmaceuticals Ltd.,125.20
524576,Vivid Global Industries Ltd,Active,X,5.0,INE737C01023,,VIVIDIND,Equity,https://www.bseindia.com/stock-share-price/vivid-global-industries-ltd/vividind/524576/,Vivid Global Industries Limited,16.56
524580,Priya Ltd,Active,X,10.0,INE686C01014,,PRIYALT,Equity,https://www.bseindia.com/stock-share-price/priya-ltd/priyalt/524580/,Priya Limited.,6.61
524582,Tirupati Starch & Chemicals Ltd,Active,X,10.0,INE314D01011,,TIRUSTA,Equity,https://www.bseindia.com/stock-share-price/tirupati-starch--chemicals-ltd/tirusta/524582/,Tirupati Starch & Chemicals Ltd.,147.67
524592,Jaysynth Orgochem Ltd,Active,X,1.0,INE263B01022,,JAYSYNTH,Equity,https://www.bseindia.com/stock-share-price/jaysynth-orgochem-ltd/jaysynth/524592/,JAYSYNTH ORGOCHEM LIMITED,179.42
524594,Aeonx Digital Technology Ltd,Active,X,10.0,INE994D01010,,AEONXDIGI,Equity,https://www.bseindia.com/stock-share-price/aeonx-digital-technology-ltd/aeonxdigi/524594/,Aeonx Digital Technology Limited,54.49
524598,AksharChem India Ltd,Active,T,10.0,INE542B01011,,AKSHARCHEM,Equity,https://www.bseindia.com/stock-share-price/aksharchem-india-ltd/aksharchem/524598/,AksharChem (India) Ltd.,220.27
524602,Bandaram Pharma Packtech Ltd,Active,X,10.0,INE875N01036,,BANDARAM,Equity,https://www.bseindia.com/stock-share-price/bandaram-pharma-packtech-ltd/bandaram/524602/,BANDARAM PHARMA PACKTECH LIMITED,35.06
524604,Adline Chem Lab Ltd,Active,P,10.0,INE276T01018,,ADLINE,Equity,https://www.bseindia.com/stock-share-price/adline-chem-lab-ltd/adline/524604/,ADLINE CHEM LAB LIMITED,8.41
524606,Beryl Drugs Ltd,Active,X,10.0,INE415H01017,,BERLDRG,Equity,https://www.bseindia.com/stock-share-price/beryl-drugs-ltd/berldrg/524606/,Beryl Drugs Ltd.,11.30
524614,IEL Ltd,Active,X,1.0,INE056E01024,,INDXTRA,Equity,https://www.bseindia.com/stock-share-price/iel-ltd/indxtra/524614/,IEL LIMITED,76.93
524622,iStreet Network Ltd,Active,X,4.0,INE532B01020,,ISTRNETWK,Equity,https://www.bseindia.com/stock-share-price/istreet-network-ltd/istrnetwk/524622/,iStreet Network Limited,309.11
524624,Gagan Gases Ltd,Active,XT,10.0,INE076D01016,,GAGAN,Equity,https://www.bseindia.com/stock-share-price/gagan-gases-ltd/gagan/524624/,Gagan Gases Ltd.,8.42
524628,Parker Agrochem Exports Ltd,Active,X,10.0,INE750B01010,,PARKERAC,Equity,https://www.bseindia.com/stock-share-price/parker-agrochem-exports-ltd/parkerac/524628/,Parker Agro Chem Export Ltd.,7.16
524632,Shukra Pharmaceuticals Ltd,Active,B,1.0,INE551C01044,,SHUKRAPHAR,Equity,https://www.bseindia.com/stock-share-price/shukra-pharmaceuticals-ltd/shukraphar/524632/,Shukra Pharmaceuticals Limited,1599.76
524634,Alufluoride Ltd,Active,X,10.0,INE058F01019,,ALUFLUOR,Equity,https://www.bseindia.com/stock-share-price/alufluoride-ltd/alufluor/524634/,Alufluoride  Ltd.,341.48
524636,Oxygenta Pharmaceutical Ltd,Active,X,10.0,INE102E01018,,OXYGENTAPH,Equity,https://www.bseindia.com/stock-share-price/oxygenta-pharmaceutical-ltd/oxygentaph/524636/,OXYGENTA PHARMACEUTICAL LIMITED,191.61
524640,Archit Organosys Ltd,Active,XT,10.0,INE078I01011,,ARCHITORG,Equity,https://www.bseindia.com/stock-share-price/archit-organosys-ltd/architorg/524640/,Archit Organosys Limited,125.07
524648,Indo Amines Ltd,Active,T,5.0,INE760F01028,,INDOAMIN,Equity,https://www.bseindia.com/stock-share-price/indo-amines-ltd/indoamin/524648/,Indo Amines Ltd.,971.58
524654,Natural Capsules Ltd,Active,B,10.0,INE936B01015,,NATCAPSUQ,Equity,https://www.bseindia.com/stock-share-price/natural-capsules-ltd/natcapsuq/524654/,Natural Capsules Ltd.,156.84
524661,Welcure Drugs & Pharmaceuticals Ltd,Active,X,1.0,INE331C01025,,WELCURE,Equity,https://www.bseindia.com/stock-share-price/welcure-drugs--pharmaceuticals-ltd/welcure/524661/,Welcure Drugs & Pharmaceuticals ltd,29.66
524663,Bharat Immunologicals & Biologicals Corporation Ltd,Active,B,10.0,INE994B01014,,BIBCL,Equity,https://www.bseindia.com/stock-share-price/bharat-immunologicals--biologicals-corporation-ltd/bibcl/524663/,Bharat Immunologicals & Biologicals,68.74
524667,Savita Oil Technologies Ltd,Active,B,2.0,INE035D01020,,SOTL,Equity,https://www.bseindia.com/stock-share-price/savita-oil-technologies-ltd/sotl/524667/,Savita Oil Technologies Limited,5373.77
524669,Hester Biosciences Ltd,Active,B,10.0,INE782E01017,,HESTERBIO,Equity,https://www.bseindia.com/stock-share-price/hester-biosciences-ltd/hesterbio/524669/,Hester Biosciences Ltd,2084.65
524675,Kabsons Industries Ltd,Active,X,10.0,INE645C01010,,KABSON,Equity,https://www.bseindia.com/stock-share-price/kabsons-industries-ltd/kabson/524675/,Kabsons Industries Ltd.,39.10
524687,Basant Agro Tech India Ltd,Active,X,1.0,INE473E01021,,BASANTGL,Equity,https://www.bseindia.com/stock-share-price/basant-agro-tech-india-ltd/basantgl/524687/,Basant Agro-Tech (India) Ltd.,106.67
524703,Sandu Pharmaceuticals Ltd,Active,X,10.0,INE751D01014,,SANDUPHQ,Equity,https://www.bseindia.com/stock-share-price/sandu-pharmaceuticals-ltd/sanduphq/524703/,Sandu Pharmaceuticals Ltd.,37.18
524709,NACL Industries Ltd,Active,B,1.0,INE295D01020,,NACLIND,Equity,https://www.bseindia.com/stock-share-price/nacl-industries-ltd/naclind/524709/,NACL Industries Limited,4176.56
524711,Vista Pharmaceuticals Ltd,Active,X,2.0,INE427C01021,,VISTAPH,Equity,https://www.bseindia.com/stock-share-price/vista-pharmaceuticals-ltd/vistaph/524711/,Vista Pharmaceuticals Ltd.,42.41
524715,Sun Pharmaceutical Industries Ltd,Active,A,1.0,INE044A01036,,SUNPHARMA,Equity,https://www.bseindia.com/stock-share-price/sun-pharmaceutical-industries-ltd/sunpharma/524715/,Sun Pharmaceutical Industries Ltd.,466419.73
524717,Titan Biotech Ltd,Active,XT,2.0,INE150C01029,,TITANBIO,Equity,https://www.bseindia.com/stock-share-price/titan-biotech-ltd/titanbio/524717/,Titan Bio-Tech Ltd.,1663.90
524723,Arvaya Healthcare Ltd,Active,XT,10.0,INE491D01017,,ARVAYA,Equity,https://www.bseindia.com/stock-share-price/arvaya-healthcare-ltd/arvaya/524723/,Arvaya Healthcare Limited,583.23
524727,Span Divergent Ltd,Active,X,10.0,INE004E01016,,SDL,Equity,https://www.bseindia.com/stock-share-price/span-divergent-ltd/sdl/524727/,Span Divergent Limited,22.98
524731,Jenburkt Pharmaceuticals Ltd,Active,X,10.0,INE354A01013,,JENBURPH,Equity,https://www.bseindia.com/stock-share-price/jenburkt-pharmaceuticals-ltd/jenburph/524731/,Jenburkt Pharmaceuticals Ltd.,501.20
524735,Hikal Ltd,Active,B,2.0,INE475B01022,,HIKAL,Equity,https://www.bseindia.com/stock-share-price/hikal-ltd/hikal/524735/,Hikal Ltd.,2741.59
524742,Caplin Point Laboratories Ltd,Active,A,2.0,INE475E01026,,CAPLIPOINT,Equity,https://www.bseindia.com/stock-share-price/caplin-point-laboratories-ltd/caplipoint/524742/,Caplin Point Laboratories Ltd.,19645.60
524743,Fischer Medical Ventures Ltd,Active,B,1.0,INE771F01041,,FISCHER,Equity,https://www.bseindia.com/stock-share-price/fischer-medical-ventures-ltd/fischer/524743/,FISCHER MEDICAL VENTURES LIMITED,2435.18
524748,Link Pharma Chem Ltd,Active,X,10.0,INE302F01011,,LINKPH,Equity,https://www.bseindia.com/stock-share-price/link-pharma-chem-ltd/linkph/524748/,Link Pharma Chem Ltd.,12.87
524752,Decipher Labs Ltd,Active,X,10.0,INE643N01012,,DECIPHER,Equity,https://www.bseindia.com/stock-share-price/decipher-labs-ltd/decipher/524752/,DECIPHER LABS LIMITED,6.16
524768,Emmessar Biotech & Nutrition Ltd,Active,X,10.0,INE634B01016,,EMMESSA,Equity,https://www.bseindia.com/stock-share-price/emmessar-biotech--nutrition-ltd/emmessa/524768/,Emmessar Biotech & Nutrition Ltd.,12.69
524774,NGL Fine Chem Ltd,Active,B,5.0,INE887E01022,,NGLFINE,Equity,https://www.bseindia.com/stock-share-price/ngl-fine-chem-ltd/nglfine/524774/,NGL Fine Chem Ltd.,2122.27
524790,Everest Organics Ltd,Active,X,10.0,INE334C01029,,EVERESTO,Equity,https://www.bseindia.com/stock-share-price/everest-organics-ltd/everesto/524790/,Everest Organics Ltd.,298.26
524804,Aurobindo Pharma Ltd,Active,A,1.0,INE406A01037,,AUROPHARMA,Equity,https://www.bseindia.com/stock-share-price/aurobindo-pharma-ltd/auropharma/524804/,Aurobindo Pharma Ltd.,91456.32
524808,Phyto Chem India Ltd,Active,X,10.0,INE037C01010,,PHYTO,Equity,https://www.bseindia.com/stock-share-price/phyto-chem-india-ltd/phyto/524808/,Phyto Chem (India) Ltd.,8.54
524816,Natco Pharma Ltd,Active,A,2.0,INE987B01026,,NATCOPHARM,Equity,https://www.bseindia.com/stock-share-price/natco-pharma-ltd/natcopharm/524816/,Natco Pharma Ltd.,16341.09
524818,Dynamic Industries Ltd,Active,X,10.0,INE457C01010,,DYNAMIND,Equity,https://www.bseindia.com/stock-share-price/dynamic-industries-ltd/dynamind/524818/,Dynamic Industries Ltd.,32.16
524820,Panama Petrochem Ltd,Active,B,2.0,INE305C01029,,PANAMAPET,Equity,https://www.bseindia.com/stock-share-price/panama-petrochem-ltd/panamapet/524820/,Panama Petrochem Ltd.,2998.06
524824,Bal Pharma Ltd,Active,B,10.0,INE083D01012,,BALPHARMA,Equity,https://www.bseindia.com/stock-share-price/bal-pharma-ltd/balpharma/524824/,Bal Pharma Ltd.,138.51
524828,BDH Industries Ltd,Active,X,10.0,INE278D01018,,BDH,Equity,https://www.bseindia.com/stock-share-price/bdh-industries-ltd/bdh/524828/,BDH Industries Ltd.,326.90
526001,Jauss Polymers Ltd,Active,X,10.0,INE593O01017,,JAUSPOL,Equity,https://www.bseindia.com/stock-share-price/jauss-polymers-ltd/jauspol/526001/,Jauss Polymers Ltd,10.64
526025,Globus Constructors & Developers Ltd,Active,X,10.0,INE064L01015,,GLOBUSCON,Equity,https://www.bseindia.com/stock-share-price/globus-constructors--developers-ltd/globuscon/526025/,Globus Constructors & Developers Limited,126.75
526027,Cubex Tubings Ltd,Active,B,10.0,INE144D01012,,CUBEXTUB,Equity,https://www.bseindia.com/stock-share-price/cubex-tubings-ltd/cubextub/526027/,Cubex Tubings Ltd,114.19
526043,Polymechplast Machines Ltd,Active,X,10.0,INE809B01014,,POLYCHMP,Equity,https://www.bseindia.com/stock-share-price/polymechplast-machines-ltd/polychmp/526043/,Polymechplast Machines Ltd.,27.00
526071,Stellant Securities (India) Ltd,Active,XT,10.0,INE395F01023,,STELLANT,Equity,https://www.bseindia.com/stock-share-price/stellant-securities-(india)-ltd/stellant/526071/,STELLANT SECURITIES (INDIA) LIMITED,535.72
526073,Galaxy Bearings Ltd,Active,XT,10.0,INE020S01012,,GALXBRG,Equity,https://www.bseindia.com/stock-share-price/galaxy-bearings-ltd/galxbrg/526073/,Galaxy Bearings Ltd.,297.41
526075,Rekvina Laboratories Ltd,Active,X,5.0,INE092O01028,,VINRKLB,Equity,https://www.bseindia.com/stock-share-price/rekvina-laboratories-ltd/vinrklb/526075/,Rekvina Laboratories Ltd,16.78
526081,SC Agrotech Ltd,Active,XT,10.0,INE895E01017,,SCAGRO,Equity,https://www.bseindia.com/stock-share-price/sc-agrotech-ltd/scagro/526081/,SC Agrotech Limited,267.81
526095,Ravileela Granites Ltd,Active,XT,10.0,INE427E01027,,RALEGRA,Equity,https://www.bseindia.com/stock-share-price/ravileela-granites-ltd/ralegra/526095/,Ravileela Granites Limited,68.81
526113,Uniroyal Marine Exports Ltd,Active,X,10.0,INE602H01010,,UNRYLMA,Equity,https://www.bseindia.com/stock-share-price/uniroyal-marine-exports-ltd/unrylma/526113/,Uniroyal Marine Exports Ltd.,11.02
526115,Karan Woo Sin Ltd,Active,X,10.0,INE327D01013,,KARANWO,Equity,https://www.bseindia.com/stock-share-price/karan-woo-sin-ltd/karanwo/526115/,Karan Woo-sin ltd.,6.18
526117,Shervani Industrial Syndicate Ltd,Active,X,10.0,INE011D01013,,SHERVANI,Equity,https://www.bseindia.com/stock-share-price/shervani-industrial-syndicate-ltd/shervani/526117/,Shervani Industrial syndicate Ltd,75.90
526125,BN Agrochem Ltd,Active,T,10.0,INE00HZ01011,,BNAGROCHEM,Equity,https://www.bseindia.com/stock-share-price/bn-agrochem-ltd/bnagrochem/526125/,BN AGROCHEM LIMITED,2666.76
526133,Supertex Industries Ltd,Active,X,10.0,INE881B01054,,SUPERTEX,Equity,https://www.bseindia.com/stock-share-price/supertex-industries-ltd/supertex/526133/,Supertex Industries Ltd,5.90
526137,Shetron Ltd,Active,X,10.0,INE278C01010,,SHETR,Equity,https://www.bseindia.com/stock-share-price/shetron-ltd/shetr/526137/,Shetron Ltd.,85.77
526139,Transgene Biotek Ltd,Active,X,10.0,INE773D01018,,TRABI,Equity,https://www.bseindia.com/stock-share-price/transgene-biotek-ltd/trabi/526139/,Transgene Biotek Ltd.,19.14
526143,Mpl Plastics Ltd,Active,X,10.0,INE343A01016,,MPL,Equity,https://www.bseindia.com/stock-share-price/mpl-plastics-ltd/mpl/526143/,MPL Plastics Limited,6.98
526159,Nikhil Adhesives Ltd,Active,X,1.0,INE926C01022,,NIKHILAD,Equity,https://www.bseindia.com/stock-share-price/nikhil-adhesives-ltd/nikhilad/526159/,Nikhil Adhesives Ltd.,335.15
526161,Spenta International Ltd,Active,XT,10.0,INE175C01018,,SPENTA,Equity,https://www.bseindia.com/stock-share-price/spenta-international-ltd/spenta/526161/,Spenta International Ltd.,33.78
526169,Multibase India Ltd,Active,X,10.0,INE678F01014,,MULTIBASE,Equity,https://www.bseindia.com/stock-share-price/multibase-india-ltd/multibase/526169/,Multibase India Ltd,226.97
526173,Andrew Yule & Company Ltd,Active,B,2.0,INE449C01025,,ANDREWYU,Equity,https://www.bseindia.com/stock-share-price/andrew-yule--company-ltd/andrewyu/526173/,Andrew Yule & Company Ltd,1352.44
526179,Ludlow Jute & Specialities Ltd,Active,XT,10.0,INE983C01015,,LUDLOWJUT,Equity,https://www.bseindia.com/stock-share-price/ludlow-jute--specialities-ltd/ludlowjut/526179/,Ludlow Jute & Specialities Ltd,412.61
526187,Ashram Online.Com Ltd,Active,X,10.0,INE293C01019,,ASHRAM,Equity,https://www.bseindia.com/stock-share-price/ashram-onlinecom-ltd/ashram/526187/,Ashram Online.com Ltd,5.76
526193,Royal Cushion Vinyl Products Ltd,Active,X,10.0,INE618A01011,,ROYALCU,Equity,https://www.bseindia.com/stock-share-price/royal-cushion-vinyl-products-ltd/royalcu/526193/,Royal Cushion Vinyl Products Ltd.,58.21
526211,Suraj Industries Ltd,Active,XT,10.0,INE170U01011,,SURJIND,Equity,https://www.bseindia.com/stock-share-price/suraj-industries-ltd/surjind/526211/,Suraj Industries Limited.,264.54
526217,Hitech Corporation Ltd,Active,T,10.0,INE120D01012,,HITECHCORP,Equity,https://www.bseindia.com/stock-share-price/hitech-corporation-ltd/hitechcorp/526217/,Hitech Corporation Limited,547.90
526227,Filatex India Ltd,Active,B,1.0,INE816B01035,,FILATEX,Equity,https://www.bseindia.com/stock-share-price/filatex-india-ltd/filatex/526227/,Filatex India Ltd.,3624.40
526231,Standard Surfactants Ltd,Active,X,10.0,INE307D01015,,STDSFAC,Equity,https://www.bseindia.com/stock-share-price/standard-surfactants-ltd/stdsfac/526231/,Standard Surfactants Ltd.,41.61
526237,Morgan Ventures Ltd,Active,X,10.0,INE902C01015,,MORGAN,Equity,https://www.bseindia.com/stock-share-price/morgan-ventures-ltd/morgan/526237/,Morgan Ventures Ltd.,45.81
526241,Amrapali Industries Ltd,Active,XT,5.0,INE762C01021,,AMRAPLIN,Equity,https://www.bseindia.com/stock-share-price/amrapali-industries-ltd/amraplin/526241/,Amrapali Industries Ltd,186.05
526247,Premier Explosives Ltd,Active,A,2.0,INE863B01029,,PREMEXPLN,Equity,https://www.bseindia.com/stock-share-price/premier-explosives-ltd/premexpln/526247/,Premier Explosives Ltd.,3575.12
526251,Mid East Portfolio Management Ltd,Active,XT,10.0,INE033E01015,,MIDEASTP,Equity,https://www.bseindia.com/stock-share-price/mid-east-portfolio-management-ltd/mideastp/526251/,Mid East Portfolio Management Ltd.,19.42
526263,Mold-Tek Technologies Ltd,Active,B,2.0,INE835B01035,,MOLDTECH,Equity,https://www.bseindia.com/stock-share-price/mold-tek-technologies-ltd/moldtech/526263/,Mold-Tek Technologies Ltd,570.49
526269,Crestchem Ltd,Active,XT,10.0,INE293N01016,,CRSTCHM,Equity,https://www.bseindia.com/stock-share-price/crestchem-ltd/crstchm/526269/,Crestchem Ltd.,38.33
526299,Mphasis Ltd,Active,A,10.0,INE356A01018,,MPHASIS,Equity,https://www.bseindia.com/stock-share-price/mphasis-ltd/mphasis/526299/,Mphasis Limited,46220.63
526315,Divyashakti Ltd,Active,X,10.0,INE410G01010,,DIVSHKT,Equity,https://www.bseindia.com/stock-share-price/divyashakti-ltd/divshkt/526315/,DIVYASHAKTI LIMITED,52.27
526325,Orient Press Ltd,Active,T,10.0,INE609C01024,,ORIENTLTD,Equity,https://www.bseindia.com/stock-share-price/orient-press-ltd/orientltd/526325/,Orient Press ltd.,78.50
526331,Advance Multitech Ltd,Active,XT,10.0,INE875S01019,,ADVMULT,Equity,https://www.bseindia.com/stock-share-price/advance-multitech-ltd/advmult/526331/,Advance Multitech Ltd.,1.66
526335,Shreyas Intermediates Ltd,Active,X,10.0,INE115F01017,,SHREYASI,Equity,https://www.bseindia.com/stock-share-price/shreyas-intermediates-ltd/shreyasi/526335/,Shreyas Intermediates Ltd.,41.38
526345,Panjon Ltd,Active,X,10.0,INE744D01019,,PANJON,Equity,https://www.bseindia.com/stock-share-price/panjon-ltd/panjon/526345/,Panjon Ltd.,33.37
526349,Craftroot Retail Ltd,Active,Z,10.0,INE218T01010,,CRAFTROOT,Equity,https://www.bseindia.com/stock-share-price/craftroot-retail-ltd/craftroot/526349/,CRAFTROOT RETAIL LIMITED,0.34
526355,Duro Pack Ltd,Active,X,10.0,INE138B01018,,DUROPACK,Equity,https://www.bseindia.com/stock-share-price/duro-pack-ltd/duropack/526355/,Duropack Ltd,29.94
526365,Swarnsarita Jewels India Ltd,Active,X,10.0,INE967A01012,,SWARNSAR,Equity,https://www.bseindia.com/stock-share-price/swarnsarita-jewels-india-ltd/swarnsar/526365/,SWARNSARITA JEWELS INDIA LIMITED,65.47
526367,Ganesh Housing Ltd,Active,B,10.0,INE460C01014,,GANESHHOU,Equity,https://www.bseindia.com/stock-share-price/ganesh-housing-ltd/ganeshhou/526367/,GANESH HOUSING LIMITED,6356.60
526371,NMDC Ltd,Active,A,1.0,INE584A01023,,NMDC,Equity,https://www.bseindia.com/stock-share-price/nmdc-ltd/nmdc/526371/,NMDC Ltd,75389.84
526373,Cindrella Hotels Ltd,Active,X,10.0,INE908C01012,,CINDHO,Equity,https://www.bseindia.com/stock-share-price/cindrella-hotels-ltd/cindho/526373/,Cindrella Hotels Ltd.,19.38
526381,Patel Integrated Logistics Ltd,Active,T,10.0,INE529D01014,,PATINTLOG,Equity,https://www.bseindia.com/stock-share-price/patel-integrated-logistics-ltd/patintlog/526381/,Patel Integrated Logistics Ltd,102.29
526397,Alphageo (India) Ltd,Active,B,10.0,INE137C01018,,ALPHAGEO,Equity,https://www.bseindia.com/stock-share-price/alphageo-(india)-ltd/alphageo/526397/,Alphageo (India)Ltd.,149.67
526407,Hampton Sky Realty Ltd,Active,X,1.0,INE299D01022,,HAMPTON,Equity,https://www.bseindia.com/stock-share-price/hampton-sky-realty-ltd/hampton/526407/,HAMPTON SKY REALTY LIMITED,228.42
526409,Kkalpana Industries (India) Ltd,Active,X,2.0,INE301C01028,,KKALPANAIND,Equity,https://www.bseindia.com/stock-share-price/kkalpana-industries-(india)-ltd/kkalpanaind/526409/,Kkalpana Industries (India) Ltd,65.95
526415,OK Play India Ltd,Active,XT,1.0,INE870B01024,,OKPLA,Equity,https://www.bseindia.com/stock-share-price/ok-play-india-ltd/okpla/526415/,OK Play India Ltd.,139.73
526423,Kriti Industries India Ltd,Active,T,1.0,INE479D01038,,KRITI,Equity,https://www.bseindia.com/stock-share-price/kriti-industries-india-ltd/kriti/526423/,Kriti Industries (India) Ltd.,368.71
526433,ASM Technologies Ltd,Active,B,10.0,INE867C01010,,ASMTEC,Equity,https://www.bseindia.com/stock-share-price/asm-technologies-ltd/asmtec/526433/,ASM Technologies Ltd.,7236.88
526435,Perfectpac Ltd,Active,X,2.0,INE759I01024,,PERFEPA,Equity,https://www.bseindia.com/stock-share-price/perfectpac-ltd/perfepa/526435/,Perfectpac Limited,54.27
526439,Ambitious Plastomac Company Ltd,Active,X,10.0,INE267C01013,,AMBIT,Equity,https://www.bseindia.com/stock-share-price/ambitious-plastomac-company-ltd/ambit/526439/,Ambitious Plastomac Ltd.,6.27
526441,Vision Cinemas Ltd,Active,XT,1.0,INE515B01025,,VISIONCINE,Equity,https://www.bseindia.com/stock-share-price/vision-cinemas-ltd/visioncine/526441/,Vision Cinemas Limited,7.64
526443,Artificial Electronics Intelligent Material Ltd,Active,X,10.0,INE072B01027,,AEIM,Equity,https://www.bseindia.com/stock-share-price/artificial-electronics-intelligent-material-ltd/aeim/526443/,Artificial Electronics Intelligent Material Limited,245.43
526445,Indrayani Biotech Ltd,Active,X,10.0,INE007C01021,,INDRANIB,Equity,https://www.bseindia.com/stock-share-price/indrayani-biotech-ltd/indranib/526445/,Indrayani Biotech Ltd.,64.25
526468,Euro Leder Fashion Ltd,Active,X,10.0,INE940E01011,,EUROLED,Equity,https://www.bseindia.com/stock-share-price/euro-leder-fashion-ltd/euroled/526468/,Euro Leder Fashion Ltd.,10.10
526471,Winsome Breweries Ltd,Active,X,10.0,INE391C01011,,WINSOMBR,Equity,https://www.bseindia.com/stock-share-price/winsome-breweries-ltd/winsombr/526471/,Winsome Breweries Ltd.,57.16
526473,Elegant Floriculture & Agrotech India Ltd,Active,X,10.0,INE152E01013,,ELEFLOR,Equity,https://www.bseindia.com/stock-share-price/elegant-floriculture--agrotech-india-ltd/eleflor/526473/,Elegant Floriculture & Agrotech (In,9.86
526477,South Asian Enterprises Ltd,Active,XT,10.0,INE118B01010,,SAENTER,Equity,https://www.bseindia.com/stock-share-price/south-asian-enterprises-ltd/saenter/526477/,South Asian Enteprises Ltd.,16.59
526479,Sky Industries Ltd,Active,X,10.0,INE765B01018,,SKYIND,Equity,https://www.bseindia.com/stock-share-price/sky-industries-ltd/skyind/526479/,Sky Industries Ltd,75.73
526481,Phoenix International Ltd,Active,X,10.0,INE245B01011,,PHOENXINTL,Equity,https://www.bseindia.com/stock-share-price/phoenix-international-ltd/phoenxintl/526481/,Phoenix International Ltd.,50.59
526488,Bhudevi Infra Projects Ltd,Active,XT,10.0,INE432N01010,,BHUDEVI,Equity,https://www.bseindia.com/stock-share-price/bhudevi-infra-projects-ltd/bhudevi/526488/,BHUDEVI INFRA PROJECTS LIMITED,75.10
526490,Pratik Panels Ltd,Active,X,1.0,INE206C01029,,PRATIK,Equity,https://www.bseindia.com/stock-share-price/pratik-panels-ltd/pratik/526490/,Pratik Panels Ltd.,28.82
526492,Rishiroop Ltd,Active,X,10.0,INE582D01013,,RISHIROOP,Equity,https://www.bseindia.com/stock-share-price/rishiroop-ltd/rishiroop/526492/,Rishiroop Limited,89.02
526494,Promact Plastics Ltd,Active,X,10.0,INE818D01011,,PROMACT,Equity,https://www.bseindia.com/stock-share-price/promact-plastics-ltd/promact/526494/,Promact Plastics Limited,5.86
526500,Sterling Green Woods Ltd,Active,X,10.0,INE398F01019,,STRGRENWO,Equity,https://www.bseindia.com/stock-share-price/sterling-green-woods-ltd/strgrenwo/526500/,Sterling Green  Woods  Limited,9.23
526506,Systematix Corporate Services Ltd,Active,T,1.0,INE356B01024,,SYSTMTXC,Equity,https://www.bseindia.com/stock-share-price/systematix-corporate-services-ltd/systmtxc/526506/,Systematix Corporate Services Ltd.,799.29
526508,Shahi Shipping Ltd,Active,X,10.0,INE825D01016,,SHAHISHIP,Equity,https://www.bseindia.com/stock-share-price/shahi-shipping-ltd/shahiship/526508/,Shahi Shipping Limited,17.87
526519,Alpine Housing Development Corporation Ltd,Active,XT,10.0,INE840D01015,,ALPINEHOU,Equity,https://www.bseindia.com/stock-share-price/alpine-housing-development-corporation-ltd/alpinehou/526519/,Alpine Housing Development Corporat,245.80
526525,Worldwide Aluminium Ltd,Active,X,10.0,INE550D01010,,WWALUM,Equity,https://www.bseindia.com/stock-share-price/worldwide-aluminium-ltd/wwalum/526525/,WORLDWIDE ALUMINIUM LIMITED,6.93
526530,IIRM Holdings India Ltd,Active,XT,5.0,INE670C01026,,IIRM,Equity,https://www.bseindia.com/stock-share-price/iirm-holdings-india-ltd/iirm/526530/,IIRM HOLDINGS INDIA LIMITED,942.43
526532,Square Four Projects India Ltd,Active,X,5.0,INE716K01020,,SFPIL,Equity,https://www.bseindia.com/stock-share-price/square-four-projects-india-ltd/sfpil/526532/,Square Four Projects India Limited,17.26
526544,SGL Resources Ltd,Active,XT,2.0,INE967B01028,,SGLRES,Equity,https://www.bseindia.com/stock-share-price/sgl-resources-ltd/sglres/526544/,SGL RESOURCES LIMITED,68.88
526546,Choksi Laboratories Ltd,Active,XT,10.0,INE493D01013,,CHOKSILA,Equity,https://www.bseindia.com/stock-share-price/choksi-laboratories-ltd/choksila/526546/,Choksi Laboratories Ltd.,82.33
526550,Country Club Hospitality & Holidays Ltd,Active,B,2.0,INE652F01027,,CCHHL,Equity,https://www.bseindia.com/stock-share-price/country-club-hospitality--holidays-ltd/cchhl/526550/,Country Club Hospitality & Holidays Ltd,208.74
526554,Salguti Industries Ltd,Active,X,10.0,INE159C01012,,SALGUTI,Equity,https://www.bseindia.com/stock-share-price/salguti-industries-ltd/salguti/526554/,Salguti Industries Ltd.,26.55
526570,Midwest Energy Ltd,Active,B,10.0,INE519N01014,,REMAGNET,Equity,https://www.bseindia.com/stock-share-price/midwest-energy-ltd/remagnet/526570/,MIDWEST ENERGY LIMITED,3933.17
526574,Enterprise International Ltd,Active,X,10.0,INE439G01019,,ENTRINT,Equity,https://www.bseindia.com/stock-share-price/enterprise-international-ltd/entrint/526574/,Enterprise International Limited,5.66
526582,TPL Plastech Ltd,Active,B,2.0,INE413G01022,,TPLPLASTEH,Equity,https://www.bseindia.com/stock-share-price/tpl-plastech-ltd/tplplasteh/526582/,TPL Plastech Limited,621.37
526588,Photoquip India Ltd,Active,X,10.0,INE813B01016,,PHOTOQUP,Equity,https://www.bseindia.com/stock-share-price/photoquip-india-ltd/photoqup/526588/,Photoquip India Ltd.,8.70
526596,Liberty Shoes Ltd,Active,B,10.0,INE557B01019,,LIBERTSHOE,Equity,https://www.bseindia.com/stock-share-price/liberty-shoes-ltd/libertshoe/526596/,Liberty Shoes Ltd.,451.56
526604,Lippi Systems Ltd,Active,XT,10.0,INE845B01018,,LIPPISYS,Equity,https://www.bseindia.com/stock-share-price/lippi-systems-ltd/lippisys/526604/,Lippi Systems Ltd.,181.69
526608,Electrotherm (India) Ltd,Active,B,10.0,INE822G01016,,ELECTHERM,Equity,https://www.bseindia.com/stock-share-price/electrotherm-(india)-ltd/electherm/526608/,Electrotherm (India) Ltd,1272.56
526612,Blue Dart Express Ltd,Active,A,10.0,INE233B01017,,BLUEDART,Equity,https://www.bseindia.com/stock-share-price/blue-dart-express-ltd/bluedart/526612/,Blue Dart Express Ltd.,12115.60
526614,Expo Engineering And Projects Ltd,Active,X,4.0,INE561D01025,,EXPOEAPL,Equity,https://www.bseindia.com/stock-share-price/expo-engineering-and-projects-ltd/expoeapl/526614/,EXPO ENGINEERING AND PROJECTS LIMITED,180.62
526616,National Plastic Industries Ltd,Active,X,10.0,INE233D01013,,NATPLAS,Equity,https://www.bseindia.com/stock-share-price/national-plastic-industries-ltd/natplas/526616/,National Plastic Industries Ltd.,38.14
526622,MFL India Ltd,Active,X,1.0,INE244C01020,,MFLINDIA,Equity,https://www.bseindia.com/stock-share-price/mfl-india-ltd/mflindia/526622/,MFL India Ltd,14.41
526628,Ajwa Fun World & Resort Ltd,Active,P,10.0,INE863E01015,,AJWAFUN,Equity,https://www.bseindia.com/stock-share-price/ajwa-fun-world--resort-ltd/ajwafun/526628/,Ajwa Fun World & Resorts Ltd,27.20
526638,Texel Industries Ltd,Active,X,10.0,INE594V01028,,TEXELIN,Equity,https://www.bseindia.com/stock-share-price/texel-industries-ltd/texelin/526638/,Texel Industries Ltd.,96.01
526640,Royale Manor Hotels & Industries Ltd,Active,X,10.0,INE008C01011,,RAYALEMA,Equity,https://www.bseindia.com/stock-share-price/royale-manor-hotels--industries-ltd/rayalema/526640/,Royale Manor Hotels & Industries Lt,57.32
526642,Mirza International Ltd,Active,B,2.0,INE771A01026,,MIRZAINT,Equity,https://www.bseindia.com/stock-share-price/mirza-international-ltd/mirzaint/526642/,Mirza International  Limited,461.87
526650,Tourism Finance Corporation of India Ltd,Active,A,2.0,INE305A01023,,TFCILTD,Equity,https://www.bseindia.com/stock-share-price/tourism-finance-corporation-of-india-ltd/tfciltd/526650/,Tourism Finance Corpn. Of India Ltd,5134.42
526654,Thakkers Developers Ltd,Active,B,10.0,INE403F01017,,THAKDEV,Equity,https://www.bseindia.com/stock-share-price/thakkers-developers-ltd/thakdev/526654/,Thakker's Developers Ltd.,139.95
526662,Rajdarshan Industries Ltd,Active,B,10.0,INE610C01014,,ARENTERP,Equity,https://www.bseindia.com/stock-share-price/rajdarshan-industries-ltd/arenterp/526662/,Rajdarshan Industries Ltd.,12.12
526666,Bhartiya International Ltd,Active,B,10.0,INE828A01016,,BIL,Equity,https://www.bseindia.com/stock-share-price/bhartiya-international-ltd/bil/526666/,Bhartiya International Ltd.,1088.79
526668,Kamat Hotels (India) Ltd,Active,B,10.0,INE967C01018,,KAMATHOTEL,Equity,https://www.bseindia.com/stock-share-price/kamat-hotels-(india)-ltd/kamathotel/526668/,Kamat Hotels (India) ltd.,505.58
526675,Tirth Plastic Ltd,Active,X,10.0,INE008N01018,,TIRTPLS,Equity,https://www.bseindia.com/stock-share-price/tirth-plastic-ltd/tirtpls/526675/,Tirth Plastic Ltd.,11.67
526677,DSJ keep Learning Ltd,Active,B,1.0,INE055C01020,,KEEPLEARN,Equity,https://www.bseindia.com/stock-share-price/dsj-keep-learning-ltd/keeplearn/526677/,DSJ KEEP LEARNING LIMITED,31.14
526703,Ecoplast Ltd,Active,X,10.0,INE423D01010,,ECOPLAST,Equity,https://www.bseindia.com/stock-share-price/ecoplast-ltd/ecoplast/526703/,Ecoplast Ltd.,168.10
526705,Elegant Marbles & Grani Industries Ltd,Active,X,10.0,INE095B01010,,ELEMARB,Equity,https://www.bseindia.com/stock-share-price/elegant-marbles--grani-industries-ltd/elemarb/526705/,Elegant Marbles & Grani Industries,50.71
526709,Bits Ltd,Active,X,2.0,INE839A01021,,BITS,Equity,https://www.bseindia.com/stock-share-price/bits-ltd/bits/526709/,BITS Ltd,81.78
526711,Adarsh Plant Protect Ltd,Active,X,10.0,INE627D01016,,ADARSHPL,Equity,https://www.bseindia.com/stock-share-price/adarsh-plant-protect-ltd/adarshpl/526711/,Adarsh Plant Project Ltd.,29.72
526717,HCP Plastene Bulkpack Ltd,Active,X,10.0,INE136C01044,,HPBL,Equity,https://www.bseindia.com/stock-share-price/hcp-plastene-bulkpack-ltd/hpbl/526717/,HCP PLASTENE BULKPACK LIMITED,191.67
526721,Nicco Parks & Resorts Ltd,Active,X,1.0,INE653C01022,,NICCOPAR,Equity,https://www.bseindia.com/stock-share-price/nicco-parks--resorts-ltd/niccopar/526721/,Nicco Parks And Resorts Ltd.,331.44
526723,NTC Industries Ltd,Active,X,10.0,INE920C01017,,NTCIND,Equity,https://www.bseindia.com/stock-share-price/ntc-industries-ltd/ntcind/526723/,NTC INDUSTRIES LIMITED,213.65
526725,Sandesh Ltd,Active,B,10.0,INE583B01015,,SANDESH,Equity,https://www.bseindia.com/stock-share-price/sandesh-ltd/sandesh/526725/,Sandesh Ltd.,903.79
526727,Garnet Construction Ltd,Active,X,10.0,INE797D01017,,GARNET,Equity,https://www.bseindia.com/stock-share-price/garnet-construction-ltd/garnet/526727/,Garnet Construction Ltd.,91.30
526729,Goldiam International Ltd,Active,A,2.0,INE025B01025,,GOLDIAM,Equity,https://www.bseindia.com/stock-share-price/goldiam-international-ltd/goldiam/526729/,Goldiam International Ltd.,5660.20
526731,Bright Brothers Ltd,Active,X,10.0,INE630D01010,,BRIGHTBR,Equity,https://www.bseindia.com/stock-share-price/bright-brothers-ltd/brightbr/526731/,Bright Brothers Ltd.,138.85
526739,Narmada Gelatines Ltd,Active,X,10.0,INE869A01010,,SHAWGELTIN,Equity,https://www.bseindia.com/stock-share-price/narmada-gelatines-ltd/shawgeltin/526739/,Narmada Gelatines Ltd.,305.96
526747,PG Foils Ltd,Active,X,10.0,INE078D01012,,PGFOILQ,Equity,https://www.bseindia.com/stock-share-price/pg-foils-ltd/pgfoilq/526747/,P.G.Foils Ltd.,253.00
526751,Gratex Industries Ltd,Active,X,10.0,INE915E01013,,GRATEXI,Equity,https://www.bseindia.com/stock-share-price/gratex-industries-ltd/gratexi/526751/,Gratex Industries Ltd.,7.47
526755,Velan Hotels Ltd,Active,X,10.0,INE548D01014,,VELHO,Equity,https://www.bseindia.com/stock-share-price/velan-hotels-ltd/velho/526755/,Velan Hotels Ltd.,20.62
526761,Howard Hotels Ltd,Active,X,10.0,INE931B01016,,HOWARHO,Equity,https://www.bseindia.com/stock-share-price/howard-hotels-ltd/howarho/526761/,Howard Hotels Limited,18.66
526775,Valiant Communications Ltd,Active,X,10.0,INE760B01019,,VALIANT,Equity,https://www.bseindia.com/stock-share-price/valiant-communications-ltd/valiant/526775/,Valiant Communications Ltd.,1338.51
526783,Dr Agarwals Eye Hospital Ltd,Active,B,10.0,INE934C01018,,DRAGARWQ,Equity,https://www.bseindia.com/stock-share-price/dr-agarwals-eye-hospital-ltd/dragarwq/526783/,Dr.Agarwals Eye Hospital Ltd.,2537.31
526795,Mahasagar Travels Ltd,Active,ZP,10.0,INE007G01014,,MHSGRMS,Equity,https://www.bseindia.com/stock-share-price/mahasagar-travels-ltd/mhsgrms/526795/,Mahasagar Travels Ltd.,4.62
526797,Greenply Industries Ltd,Active,B,1.0,INE461C01038,,GREENPLY,Equity,https://www.bseindia.com/stock-share-price/greenply-industries-ltd/greenply/526797/,Greenply Industries Ltd,3587.19
526807,Seamec Ltd,Active,B,10.0,INE497B01018,,SEAMECLTD,Equity,https://www.bseindia.com/stock-share-price/seamec-ltd/seamecltd/526807/,Seamec Ltd,3816.04
526813,Raghunath International Ltd,Active,X,10.0,INE753B01014,,RAGHUNAT,Equity,https://www.bseindia.com/stock-share-price/raghunath-international-ltd/raghunat/526813/,Raghunath International Ltd.,5.08
526817,Cheviot Company Ltd,Active,B,10.0,INE974B01016,,CHEVIOT,Equity,https://www.bseindia.com/stock-share-price/cheviot-company-ltd/cheviot/526817/,Cheviot Co.Ltd.,684.29
526821,Dai-Ichi Karkaria Ltd,Active,T,10.0,INE928C01010,,DAICHI,Equity,https://www.bseindia.com/stock-share-price/dai-ichi-karkaria-ltd/daichi/526821/,Dai-Ichi Karkaria Ltd.,242.80
526823,Rajeswari Infrastructure Ltd,Active,Z,10.0,INE016C01014,,RAJINFRA,Equity,https://www.bseindia.com/stock-share-price/rajeswari-infrastructure-ltd/rajinfra/526823/,Rajeswari Infrastructure Limited,2.11
526827,Spice Islands Industries Ltd,Active,XT,10.0,INE882D01017,,SPICEISLIN,Equity,https://www.bseindia.com/stock-share-price/spice-islands-industries-ltd/spiceislin/526827/,SPICE ISLANDS INDUSTRIES LIMITED,305.25
526829,Confidence Petroleum India Ltd,Active,B,1.0,INE552D01024,,CONFIPET,Equity,https://www.bseindia.com/stock-share-price/confidence-petroleum-india-ltd/confipet/526829/,Confidence Petroleum India Limited,2631.02
526839,Shelter Infra Projects Ltd,Active,X,10.0,INE413C01013,,SIPL,Equity,https://www.bseindia.com/stock-share-price/shelter-infra-projects-ltd/sipl/526839/,Shelter Infra Projects Limited,5.89
526841,Shakti Press Ltd,Active,XT,10.0,INE794C01016,,SHAKTIPR,Equity,https://www.bseindia.com/stock-share-price/shakti-press-ltd/shaktipr/526841/,Shakti Press Ltd.,37.82
526847,Ashirwad Steels & Industries Ltd,Active,X,10.0,INE338C01012,,ASHSI,Equity,https://www.bseindia.com/stock-share-price/ashirwad-steels--industries-ltd/ashsi/526847/,Ashirwad Steels & Industries  Ltd.,28.68
526849,Banaras Beads Ltd,Active,B,10.0,INE655B01011,,BANARBEADS,Equity,https://www.bseindia.com/stock-share-price/banaras-beads-ltd/banarbeads/526849/,Banaras Beads Ltd.,77.41
526851,Arex Industries Ltd,Active,X,10.0,INE480H01011,,AREXMIS,Equity,https://www.bseindia.com/stock-share-price/arex-industries-ltd/arexmis/526851/,Arex Industries Ltd.,50.60
526853,Bilcare Ltd,Active,B,10.0,INE986A01012,,BI,Equity,https://www.bseindia.com/stock-share-price/bilcare-ltd/bi/526853/,Bilcare Ltd.,145.98
526859,ISF Ltd,Active,X,1.0,INE973B01026,,ISFL,Equity,https://www.bseindia.com/stock-share-price/isf-ltd/isfl/526859/,ISF LIMITED,6.46
526861,Rishi Laser Ltd,Active,X,10.0,INE988D01012,,RISHILASE,Equity,https://www.bseindia.com/stock-share-price/rishi-laser-ltd/rishilase/526861/,Rishi Laser  Ltd.,129.40
526865,Jainco Projects India Ltd,Active,X,10.0,INE966C01010,,JAINCO,Equity,https://www.bseindia.com/stock-share-price/jainco-projects-india-ltd/jainco/526865/,Jainco Projects (India) Ltd.,4.62
526869,Kumbhat Financial Services Ltd,Active,X,10.0,INE795E01019,,KUMPFIN,Equity,https://www.bseindia.com/stock-share-price/kumbhat-financial-services-ltd/kumpfin/526869/,Kumbhat Financial Services Ltd.,12.25
526871,Intec Capital Ltd,Active,XT,10.0,INE017E01018,,INTECCAP,Equity,https://www.bseindia.com/stock-share-price/intec-capital-ltd/inteccap/526871/,Intec Capital Limited,29.02
526873,Rajasthan Securities Ltd,Active,X,3.0,INE184D01026,,RAJSEC,Equity,https://www.bseindia.com/stock-share-price/rajasthan-securities-ltd/rajsec/526873/,RAJASTHAN SECURITIES LIMITED,414.35
526877,Siddheswari Garments Ltd,Active,X,10.0,INE797C01019,,SIDDHEGA,Equity,https://www.bseindia.com/stock-share-price/siddheswari-garments-ltd/siddhega/526877/,Siddheswari Garments Ltd.,6.21
526881,63 Moons Technologies Ltd,Active,A,2.0,INE111B01023,,63MOONS,Equity,https://www.bseindia.com/stock-share-price/63-moons-technologies-ltd/63moons/526881/,63 Moons Technologies Limited,3950.77
526885,Sarla Performance Fibers Ltd,Active,B,1.0,INE453D01025,,SARLAPOLY,Equity,https://www.bseindia.com/stock-share-price/sarla-performance-fibers-ltd/sarlapoly/526885/,Sarla Performance Fibers Ltd,812.28
526887,Indo Credit Capital Ltd,Active,XT,10.0,INE147D01015,,INDOCRED,Equity,https://www.bseindia.com/stock-share-price/indo-credit-capital-ltd/indocred/526887/,Indo Credit Capital Ltd.,7.41
526891,Market Creators Ltd,Active,X,10.0,INE944C01017,,MKTCREAT,Equity,https://www.bseindia.com/stock-share-price/market-creators-ltd/mktcreat/526891/,Market Creators Ltd.,7.88
526899,Himalaya Food International Ltd,Active,X,10.0,INE552B01010,,HFIL,Equity,https://www.bseindia.com/stock-share-price/himalaya-food-international-ltd/hfil/526899/,HIMALAYA FOOD INTERNATIONAL LIMITED,75.13
526901,Sonal Adhesives Ltd,Active,X,10.0,INE344I01017,,SONALAD,Equity,https://www.bseindia.com/stock-share-price/sonal-adhesives-ltd/sonalad/526901/,Sonal Adhesives Ltd.,27.27
526905,Padmanabh Industries Ltd,Active,X,10.0,INE743D01011,,PADMAIND,Equity,https://www.bseindia.com/stock-share-price/padmanabh-industries-ltd/padmaind/526905/,Padmanabh Industries Limited,5.16
526921,Twentyfirst Century Management Services Ltd,Active,B,10.0,INE253B01015,,21STCENMGM,Equity,https://www.bseindia.com/stock-share-price/twentyfirst-century-management-services-ltd/21stcenmgm/526921/,Twentyfirst Century Management Serv,43.74
526931,Hariyana Ship Breakers Ltd,Active,X,10.0,INE400G01011,,HRYNSHP,Equity,https://www.bseindia.com/stock-share-price/hariyana-ship-breakers-ltd/hrynshp/526931/,Hariyana Ship Breakers Ltd.,62.65
526935,Kalind Ltd,Active,XT,2.0,INE377D01026,,KALIND,Equity,https://www.bseindia.com/stock-share-price/kalind-ltd/kalind/526935/,Kalind Limited,737.74
526941,Vaishno Cement Company Ltd,Active,P,10.0,INE116E01018,,VAICC,Equity,https://www.bseindia.com/stock-share-price/vaishno-cement-company-ltd/vaicc/526941/,Vaishno Cement Co. Ltd.,2.46
526945,Tyroon Tea Company Ltd,Active,X,10.0,INE945B01016,,TYROON,Equity,https://www.bseindia.com/stock-share-price/tyroon-tea-company-ltd/tyroon/526945/,Tyroon Tea Co. Ltd.,28.93
526947,La Opala RG Ltd,Active,B,2.0,INE059D01020,,LAOPALA,Equity,https://www.bseindia.com/stock-share-price/la-opala-rg-ltd/laopala/526947/,La Opala RG Ltd.,2150.07
526951,Stylam Industries Ltd,Active,B,5.0,INE239C01020,,STYLAMIND,Equity,https://www.bseindia.com/stock-share-price/stylam-industries-ltd/stylamind/526951/,Stylam Industries Limited,6090.88
526953,Venus Remedies Ltd,Active,T,10.0,INE411B01019,,VENUSREM,Equity,https://www.bseindia.com/stock-share-price/venus-remedies-ltd/venusrem/526953/,Venus Remedies Ltd.,2088.46
526961,Last Mile Enterprises Ltd,Active,XT,1.0,INE404B01022,,LASTMILE,Equity,https://www.bseindia.com/stock-share-price/last-mile-enterprises-ltd/lastmile/526961/,LAST MILE ENTERPRISES LIMITED,206.35
526965,Gujarat Craft Industries Ltd,Active,X,10.0,INE372D01019,,GUJCRAFT,Equity,https://www.bseindia.com/stock-share-price/gujarat-craft-industries-ltd/gujcraft/526965/,Gujarat Craft Industries Ltd.,47.18
526967,Heera Ispat Ltd,Active,X,10.0,INE025D01013,,HEERAISP,Equity,https://www.bseindia.com/stock-share-price/heera-ispat-ltd/heeraisp/526967/,Heera Ispat Ltd.,3.53
526971,Dhoot Industrial Finance Ltd,Active,X,10.0,INE313G01016,,DHOOTIN,Equity,https://www.bseindia.com/stock-share-price/dhoot-industrial-finance-ltd/dhootin/526971/,Dhoot Industrial Finance Ltd.,169.32
526977,Crimson Metal Engineering Company Ltd,Active,P,10.0,INE318P01016,,CRIMSON,Equity,https://www.bseindia.com/stock-share-price/crimson-metal-engineering-company-ltd/crimson/526977/,Crimson Metal Engineering Company Ltd,19.30
526981,Shri Bajrang Alliance Ltd,Active,B,10.0,INE402H01015,,SHBAJRG,Equity,https://www.bseindia.com/stock-share-price/shri-bajrang-alliance-ltd/shbajrg/526981/,SHRI BAJRANG ALLIANCE LIMITED,160.52
526987,Urja Global Ltd,Active,B,1.0,INE550C01020,,URJA,Equity,https://www.bseindia.com/stock-share-price/urja-global-ltd/urja/526987/,Urja Global Limited,512.84
527001,Ashapura Minechem Ltd,Active,A,2.0,INE348A01023,,ASHAPURMIN,Equity,https://www.bseindia.com/stock-share-price/ashapura-minechem-ltd/ashapurmin/527001/,Ashapura Minechem Ltd,6962.90
527005,Shree Pacetronix Ltd,Active,X,10.0,INE847D01010,,SHREEPAC,Equity,https://www.bseindia.com/stock-share-price/shree-pacetronix-ltd/shreepac/527005/,Shree Pacetronix Ltd,57.28
530001,Gujarat Alkalies and Chemicals Ltd,Active,B,10.0,INE186A01019,,GUJALKALI,Equity,https://www.bseindia.com/stock-share-price/gujarat-alkalies-and-chemicals-ltd/gujalkali/530001/,Gujarat Alkalis & Chemicals Ltd.,5003.63
530005,India Cements Ltd,Active,A,10.0,INE383A01012,,INDIACEM,Equity,https://www.bseindia.com/stock-share-price/india-cements-ltd/indiacem/530005/,India Cements Ltd.,12180.51
530007,JK Tyre & Industries Ltd,Active,A,2.0,INE573A01042,,JKTYRE,Equity,https://www.bseindia.com/stock-share-price/jk-tyre--industries-ltd/jktyre/530007/,JK Tyre & Industries Ltd.,11913.56
530017,Standard Industries Ltd,Active,B,5.0,INE173A01025,,SIL,Equity,https://www.bseindia.com/stock-share-price/standard-industries-ltd/sil/530017/,Standard Industries Ltd.,109.36
530019,Jubilant Pharmova Ltd,Active,A,1.0,INE700A01033,,JUBLPHARMA,Equity,https://www.bseindia.com/stock-share-price/jubilant-pharmova-ltd/jublpharma/530019/,JUBILANT PHARMOVA LIMITED,14733.51
530023,The Investment Trust Of India Ltd,Active,B,10.0,INE924D01017,,THEINVEST,Equity,https://www.bseindia.com/stock-share-price/the-investment-trust-of-india-ltd/theinvest/530023/,THE INVESTMENT TRUST OF INDIA LIMITED,534.18
530025,Samyak International Ltd,Active,X,10.0,INE607G01011,,SAMYAKINT,Equity,https://www.bseindia.com/stock-share-price/samyak-international-ltd/samyakint/530025/,Samyak International Limited,13.99
530027,Aadi Industries Ltd,Active,X,10.0,INE563D01013,,AADIIND,Equity,https://www.bseindia.com/stock-share-price/aadi-industries-ltd/aadiind/530027/,Aadi Industries Ltd,8.40
530037,Sparkle Gold Rock Ltd,Active,X,10.0,INE618F01010,,SPARKLEGR,Equity,https://www.bseindia.com/stock-share-price/sparkle-gold-rock-ltd/sparklegr/530037/,SPARKLE GOLD ROCK LIMITED,31.11
530043,Acknit Industries Ltd,Active,X,10.0,INE326C01017,,ACKNIT,Equity,https://www.bseindia.com/stock-share-price/acknit-industries-ltd/acknit/530043/,Acknit Industries Ltd,95.36
530045,Titan Securities Ltd,Active,X,10.0,INE090D01017,,TITANSEC,Equity,https://www.bseindia.com/stock-share-price/titan-securities-ltd/titansec/530045/,Titan Securities Ltd.,105.82
530053,Real Eco-Energy Ltd,Active,X,2.0,INE055E01034,,REALECO,Equity,https://www.bseindia.com/stock-share-price/real-eco-energy-ltd/realeco/530053/,REAL ECO-ENERGY LIMITED,44.00
530057,Vivanza Biosciences Ltd,Active,X,1.0,INE984E01035,,VIVANZA,Equity,https://www.bseindia.com/stock-share-price/vivanza-biosciences-ltd/vivanza/530057/,Vivanza Biosciences Limited,7.56
530063,Yashraj Containeurs Ltd,Active,XT,10.0,INE095C01018,,YASHRAJC,Equity,https://www.bseindia.com/stock-share-price/yashraj-containeurs-ltd/yashrajc/530063/,Yashraj Containeurs Ltd.,8.57
530065,Lords Ishwar Hotels Ltd,Active,X,10.0,INE689J01013,,LORDSHOTL,Equity,https://www.bseindia.com/stock-share-price/lords-ishwar-hotels-ltd/lordshotl/530065/,Lords Ishwar Hotels Limited,11.02
530067,CSL Finance Ltd,Active,B,10.0,INE718F01018,,CSLFINANCE,Equity,https://www.bseindia.com/stock-share-price/csl-finance-ltd/cslfinance/530067/,CSL Finance Limited,485.50
530073,Sanghvi Movers Ltd,Active,B,1.0,INE989A01032,,SANGHVIMOV,Equity,https://www.bseindia.com/stock-share-price/sanghvi-movers-ltd/sanghvimov/530073/,Sanghvi Movers Ltd.,4162.14
530075,Antelopus Selan Energy Ltd,Active,B,10.0,INE818A01017,,ANTELOPUS,Equity,https://www.bseindia.com/stock-share-price/antelopus-selan-energy-ltd/antelopus/530075/,Antelopus Selan Energy Limited,3020.97
530077,Puretrop Fruits  Ltd,Active,X,10.0,INE795D01011,,PURETROP,Equity,https://www.bseindia.com/stock-share-price/puretrop-fruits--ltd/puretrop/530077/,PURETROP FRUITS LIMITED,107.62
530079,Faze Three Ltd,Active,B,10.0,INE963C01033,,FAZE3Q,Equity,https://www.bseindia.com/stock-share-price/faze-three-ltd/faze3q/530079/,Faze Three Ltd.,1308.61
530109,Anupam Finserv Ltd,Active,X,1.0,INE069B01023,,ANUPAM,Equity,https://www.bseindia.com/stock-share-price/anupam-finserv-ltd/anupam/530109/,ANUPAM FINSERV LIMITED,36.81
530111,Raj Packaging Industries Ltd,Active,X,10.0,INE639C01013,,RAJPACK,Equity,https://www.bseindia.com/stock-share-price/raj-packaging-industries-ltd/rajpack/530111/,Raj Packaging Industries Ltd.,13.71
530117,Privi Speciality Chemicals Ltd,Active,A,10.0,INE959A01019,,PRIVISCL,Equity,https://www.bseindia.com/stock-share-price/privi-speciality-chemicals-ltd/priviscl/530117/,PRIVI SPECIALITY CHEMICALS LIMITED,14290.70
530119,Natraj Proteins Ltd,Active,X,10.0,INE444D01016,,NATRAJPR,Equity,https://www.bseindia.com/stock-share-price/natraj-proteins-ltd/natrajpr/530119/,Natraj Proteins Ltd.,13.50
530125,Samrat Pharmachem Ltd,Active,XT,10.0,INE103E01016,,SAMRATPH,Equity,https://www.bseindia.com/stock-share-price/samrat-pharmachem-ltd/samratph/530125/,Samrat Pharmachem Ltd.,74.74
530127,NPR Finance Ltd,Active,X,10.0,INE446D01011,,NPRFIN,Equity,https://www.bseindia.com/stock-share-price/npr-finance-ltd/nprfin/530127/,NPR Finance Ltd.,12.75
530129,Nile Ltd,Active,B,10.0,INE445D01013,,NILE,Equity,https://www.bseindia.com/stock-share-price/nile-ltd/nile/530129/,Nile Ltd.,480.26
530133,Amco India Ltd,Active,X,10.0,INE924B01011,,AMCOIND,Equity,https://www.bseindia.com/stock-share-price/amco-india-ltd/amcoind/530133/,Amco India Ltd.,28.36
530135,Optiemus Infracom Ltd,Active,B,10.0,INE350C01017,,OPTIEMUS,Equity,https://www.bseindia.com/stock-share-price/optiemus-infracom-ltd/optiemus/530135/,Optiemus Infracom Limited,5164.35
530139,Kreon Finnancial Services Ltd,Active,XT,10.0,INE302C01018,,KREONFIN,Equity,https://www.bseindia.com/stock-share-price/kreon-finnancial-services-ltd/kreonfin/530139/,Kreon Finnancial Services Limited,186.02
530141,Gyan Developers & Builders Ltd,Active,XT,10.0,INE487G01018,,GYANDEV,Equity,https://www.bseindia.com/stock-share-price/gyan-developers--builders-ltd/gyandev/530141/,Gyan Developers & Builders Ltd.,16.55
530145,Kisan Mouldings Ltd,Active,XT,10.0,INE017C01012,,KISAN,Equity,https://www.bseindia.com/stock-share-price/kisan-mouldings-ltd/kisan/530145/,Kisan Mouldings Ltd.,263.30
530163,Kerala Ayurveda Ltd,Active,X,10.0,INE817B01025,,KERALAYUR,Equity,https://www.bseindia.com/stock-share-price/kerala-ayurveda-ltd/keralayur/530163/,Kerala Ayurveda Limited,202.72
530167,Moongipa Capital Finance Ltd,Active,X,10.0,INE153K01018,,MONGIPA,Equity,https://www.bseindia.com/stock-share-price/moongipa-capital-finance-ltd/mongipa/530167/,Moongipa Capital Finance Ltd.,14.66
530169,Mohit Paper Mills Ltd,Active,X,10.0,INE388C01017,,MOHITPPR,Equity,https://www.bseindia.com/stock-share-price/mohit-paper-mills-ltd/mohitppr/530169/,Mohit Paper Mills Ltd.,39.89
530171,Daulat Securities Ltd,Active,X,10.0,INE108C01019,,DAULAT,Equity,https://www.bseindia.com/stock-share-price/daulat-securities-ltd/daulat/530171/,Daulat Securities Ltd.,13.65
530175,Odyssey Technologies Ltd,Active,X,10.0,INE213B01019,,ODYSSEY,Equity,https://www.bseindia.com/stock-share-price/odyssey-technologies-ltd/odyssey/530175/,Odyssey Technologies Ltd.,59.72
530179,RSC International Ltd,Active,XT,10.0,INE015F01019,,RSCINT,Equity,https://www.bseindia.com/stock-share-price/rsc-international-ltd/rscint/530179/,RSC International Limited,30.37
530185,Surat Trade and Mercantile Ltd,Active,X,1.0,INE936A01025,,SURATRAML,Equity,https://www.bseindia.com/stock-share-price/surat-trade-and-mercantile-ltd/suratraml/530185/,Surat Trade and Mercantile Limited,107.92
530187,Atharv Enterprises Ltd,Active,X,10.0,INE354E01031,,ATHARVENT,Equity,https://www.bseindia.com/stock-share-price/atharv-enterprises-ltd/atharvent/530187/,Atharv Enterprises Limited,6.61
530197,Fundviser Capital (India) Ltd,Active,XT,10.0,INE365H01014,,FUNDVISER,Equity,https://www.bseindia.com/stock-share-price/fundviser-capital-(india)-ltd/fundviser/530197/,FUNDVISER CAPITAL (INDIA) LIMITED,298.11
530199,Themis Medicare Ltd,Active,B,1.0,INE083B01024,,THEMISMED,Equity,https://www.bseindia.com/stock-share-price/themis-medicare-ltd/themismed/530199/,Themis Medicare Ltd.,1037.51
530201,Kallam Textiles Ltd,Active,XT,2.0,INE629F01025,,KALLAM,Equity,https://www.bseindia.com/stock-share-price/kallam-textiles-ltd/kallam/530201/,KALLAM TEXTILES LTD,12.15
530207,Brawn Biotech Ltd,Active,X,10.0,INE899B01015,,BRAWN,Equity,https://www.bseindia.com/stock-share-price/brawn-biotech-ltd/brawn/530207/,Brawn Biotech Limited,6.00
530213,Fortune International Ltd,Active,X,10.0,INE501D01013,,FORINTL,Equity,https://www.bseindia.com/stock-share-price/fortune-international-ltd/forintl/530213/,Fortune International Ltd.,55.62
530215,Kings Infra Ventures Ltd,Active,X,10.0,INE050N01010,,KINGSINFR,Equity,https://www.bseindia.com/stock-share-price/kings-infra-ventures-ltd/kingsinfr/530215/,Kings Infra Ventures Limited,269.31
530217,Swojas Foods Ltd,Active,XT,10.0,INE295B01016,,SWOJAS,Equity,https://www.bseindia.com/stock-share-price/swojas-foods-ltd/swojas/530217/,SWOJAS FOODS LIMITED,38.38
530219,Nutricircle Ltd,Active,XT,10.0,INE536C01029,,NUTRICIRCLE,Equity,https://www.bseindia.com/stock-share-price/nutricircle-ltd/nutricircle/530219/,Nutricircle Limited,300.75
530231,Subhash Silk Mills Ltd,Active,XT,10.0,INE690D01014,,SUBSM,Equity,https://www.bseindia.com/stock-share-price/subhash-silk-mills-ltd/subsm/530231/,Subhash Silk Mills Ltd.,31.38
530233,Auro Laboratories Ltd,Active,X,10.0,INE292C01011,,AUROLAB,Equity,https://www.bseindia.com/stock-share-price/auro-laboratories-ltd/aurolab/530233/,Auro Laboratories Ltd.,144.63
530235,KJMC Financial Services Ltd,Active,X,10.0,INE533C01018,,KJMCFIN,Equity,https://www.bseindia.com/stock-share-price/kjmc-financial-services-ltd/kjmcfin/530235/,KJMC Financial Services Ltd.,27.73
530239,Suven Life Sciences Ltd,Active,B,1.0,INE495B01038,,SUVEN,Equity,https://www.bseindia.com/stock-share-price/suven-life-sciences-ltd/suven/530239/,Suven Life Sciences Ltd.,8416.08
530245,Aryaman Financial Services Ltd,Active,X,10.0,INE032E01017,,ARYAMAN,Equity,https://www.bseindia.com/stock-share-price/aryaman-financial-services-ltd/aryaman/530245/,Aryaman Financial Services Ltd.,699.00
530249,Bridge Securities Ltd,Active,X,1.0,INE958C01025,,BRIDGESE,Equity,https://www.bseindia.com/stock-share-price/bridge-securities-ltd/bridgese/530249/,Bridge Securities Ltd.,46.50
530251,Risa International Ltd,Active,X,2.0,INE001O01029,,RISAINTL,Equity,https://www.bseindia.com/stock-share-price/risa-international-ltd/risaintl/530251/,Risa International Limited,6.54
530253,Rajasthan Tube Manufacturing Company Ltd,Active,XT,1.0,INE497E01020,,RAJTUBE,Equity,https://www.bseindia.com/stock-share-price/rajasthan-tube-manufacturing-company-ltd/rajtube/530253/,Rajasthan Tube Mfg. Co,49.59
530255,Kay Power and Paper Ltd,Active,X,10.0,INE961B01013,,KAYPOWR,Equity,https://www.bseindia.com/stock-share-price/kay-power-and-paper-ltd/kaypowr/530255/,Kay Power And Paper Ltd,30.85
530259,Inter State Oil Carrier Ltd,Active,X,10.0,INE003B01014,,INTSTOIL,Equity,https://www.bseindia.com/stock-share-price/inter-state-oil-carrier-ltd/intstoil/530259/,Inter State Oil Carrier Ltd,19.46
530263,Global Capital Markets Ltd,Active,X,1.0,INE062C01042,,GLOBALCA,Equity,https://www.bseindia.com/stock-share-price/global-capital-markets-ltd/globalca/530263/,Global Capital Markets Ltd.,19.52
530265,Sainik Finance & Industries Ltd,Active,X,10.0,INE584B01013,,SAINIK,Equity,https://www.bseindia.com/stock-share-price/sainik-finance--industries-ltd/sainik/530265/,Sainik Finance and Industries Ltd,40.77
530267,Arigato Universe Ltd,Active,XT,10.0,INE021N01011,,ARIGATO,Equity,https://www.bseindia.com/stock-share-price/arigato-universe-ltd/arigato/530267/,ARIGATO UNIVERSE LIMITED,31.59
530271,Rich Universe Network Ltd,Active,XT,10.0,INE652D01014,,RICHUNV,Equity,https://www.bseindia.com/stock-share-price/rich-universe-network-ltd/richunv/530271/,Rich Universe Network Ltd,6.89
530281,Quantum Digital Vision India Ltd,Active,XT,10.0,INE373C01019,,QUANTDIA,Equity,https://www.bseindia.com/stock-share-price/quantum-digital-vision-india-ltd/quantdia/530281/,Quantum Digital Vision (India) Ltd.,10.12
530289,SP Capital Financing Ltd,Active,X,10.0,INE102F01015,,SPCAPIT,Equity,https://www.bseindia.com/stock-share-price/sp-capital-financing-ltd/spcapit/530289/,S.P.Capital Financing Ltd.,31.22
530291,Paos Industries Ltd,Active,XT,10.0,INE791C01012,,PAOS,Equity,https://www.bseindia.com/stock-share-price/paos-industries-ltd/paos/530291/,PAOS INDUSTRIES LIMITED,28.99
530295,Shree Rajiv Lochan Oil Extraction Ltd,Active,X,10.0,INE418K01015,,SHRAJOI,Equity,https://www.bseindia.com/stock-share-price/shree-rajiv-lochan-oil-extraction-ltd/shrajoi/530295/,Shri Rajivlochan Oil Extraction Ltd,9.21
530299,Kothari Products Ltd,Active,B,10.0,INE823A01017,,KOTHARIPRO,Equity,https://www.bseindia.com/stock-share-price/kothari-products-ltd/kotharipro/530299/,Kothari Products Ltd.,409.82
530305,Piccadily Agro Industries Ltd,Active,B,10.0,INE546C01010,,PICCADIL,Equity,https://www.bseindia.com/stock-share-price/piccadily-agro-industries-ltd/piccadil/530305/,Piccadily Agro Industries ltd.,7354.47
530307,Chaman Lal Setia Exports Ltd,Active,B,2.0,INE419D01026,,CLSEL,Equity,https://www.bseindia.com/stock-share-price/chaman-lal-setia-exports-ltd/clsel/530307/,CHAMAN LAL SETIA EXPORTS LIMITED,1461.93
530309,Chandra Prabhu International Ltd,Active,X,2.0,INE368D01025,,CHANDRAP,Equity,https://www.bseindia.com/stock-share-price/chandra-prabhu-international-ltd/chandrap/530309/,Chandra Prabhu International Ltd.,31.20
530313,Kimia Biosciences Ltd,Active,X,1.0,INE285U01025,,KIMIABL,Equity,https://www.bseindia.com/stock-share-price/kimia-biosciences-ltd/kimiabl/530313/,KIMIA BIOSCIENCES LIMITED,143.64
530315,Hindustan Tin Works Ltd,Active,X,10.0,INE428D01019,,HINDTIN,Equity,https://www.bseindia.com/stock-share-price/hindustan-tin-works-ltd/hindtin/530315/,Hindustan Tin Works Ltd.,105.09
530317,Godavari Drugs Ltd,Active,XT,10.0,INE362C01012,,GODAVARI,Equity,https://www.bseindia.com/stock-share-price/godavari-drugs-ltd/godavari/530317/,Godavari Drugs Ltd.,108.36
530331,Premco Global Ltd,Active,B,10.0,INE001E01012,,PREMCO,Equity,https://www.bseindia.com/stock-share-price/premco-global-ltd/premco/530331/,Premco Global Ltd.,126.44
530341,Mukesh Babu Financial Services Ltd,Active,X,10.0,INE596B01017,,MUKESHB,Equity,https://www.bseindia.com/stock-share-price/mukesh-babu-financial-services-ltd/mukeshb/530341/,Mukesh Babu Financial Services Ltd.,101.78
530343,Genus Power Infrastructures Ltd,Active,A,1.0,INE955D01029,,GENUSPOWER,Equity,https://www.bseindia.com/stock-share-price/genus-power-infrastructures-ltd/genuspower/530343/,Genus Power Infrastructures Ltd,9413.27
530355,Asian Energy Services Ltd,Active,B,10.0,INE276G01015,,ASIANENE,Equity,https://www.bseindia.com/stock-share-price/asian-energy-services-ltd/asianene/530355/,ASIAN ENERGY SERVICES LTD,1901.13
530357,KBS India Ltd,Active,X,1.0,INE883D01023,,KBSINDIA,Equity,https://www.bseindia.com/stock-share-price/kbs-india-ltd/kbsindia/530357/,KBS INDIA LIMITED,15.26
530361,Prabhhans Industries Ltd,Active,XT,10.0,INE428P01013,,PRABHHANS,Equity,https://www.bseindia.com/stock-share-price/prabhhans-industries-ltd/prabhhans/530361/,PRABHHANS INDUSTRIES LIMITED,24.99
530363,Ugar Sugar Works Ltd,Active,B,1.0,INE071E01023,,UGARSUGAR,Equity,https://www.bseindia.com/stock-share-price/ugar-sugar-works-ltd/ugarsugar/530363/,Ugar Sugar Works Ltd.,513.23
530365,Orient Bell Ltd,Active,B,10.0,INE607D01018,,ORIENTBELL,Equity,https://www.bseindia.com/stock-share-price/orient-bell-ltd/orientbell/530365/,Orient Bell Limited,461.91
530367,NRB Bearings Ltd,Active,B,2.0,INE349A01021,,NRBBEARING,Equity,https://www.bseindia.com/stock-share-price/nrb-bearings-ltd/nrbbearing/530367/,NRB Bearings Ltd.,4327.11
530369,Vamshi Rubber Ltd,Active,X,10.0,INE380C01014,,VAMSHIRU,Equity,https://www.bseindia.com/stock-share-price/vamshi-rubber-ltd/vamshiru/530369/,Vamshi Rubber Ltd.,17.25
530377,Nila Infrastructures Ltd,Active,B,1.0,INE937C01029,,NILAINFRA,Equity,https://www.bseindia.com/stock-share-price/nila-infrastructures-ltd/nilainfra/530377/,Nila Infrastructures Ltd,302.51
530393,DB International Stock Brokers Ltd,Active,T,2.0,INE921B01025,,DBSTOCKBRO,Equity,https://www.bseindia.com/stock-share-price/db-international-stock-brokers-ltd/dbstockbro/530393/,DB(INTERNATIONAL)Stock Brokers Ltd,112.60
530401,Vinyoflex Ltd,Active,X,10.0,INE526H01011,,VINYOFL,Equity,https://www.bseindia.com/stock-share-price/vinyoflex-ltd/vinyofl/530401/,Vinyoflex Ltd.,22.92
530405,Jindal Capital Ltd,Active,X,10.0,INE356F01017,,JINDCAP,Equity,https://www.bseindia.com/stock-share-price/jindal-capital-ltd/jindcap/530405/,Jindal Capital Ltd.,21.98
530407,EPIC Energy Ltd,Active,X,10.0,INE932F01015,,EPIC,Equity,https://www.bseindia.com/stock-share-price/epic-energy-ltd/epic/530407/,EPIC Energy Ltd.,24.32
530419,Sumedha Fiscal Services Ltd,Active,X,10.0,INE886B01012,,SUMEDHA,Equity,https://www.bseindia.com/stock-share-price/sumedha-fiscal-services-ltd/sumedha/530419/,Sumedha Fiscal Services Ltd.,32.06
530421,Kuwer Industries Ltd,Active,X,10.0,INE430F01010,,KUWERIN,Equity,https://www.bseindia.com/stock-share-price/kuwer-industries-ltd/kuwerin/530421/,Kuwer Industries Ltd.,9.33
530427,Choksi Asia Ltd,Active,X,10.0,INE865B01016,,CHOKSI,Equity,https://www.bseindia.com/stock-share-price/choksi-asia-ltd/choksi/530427/,CHOKSI ASIA LIMITED,138.11
530429,Ashish Polyplast Ltd,Active,X,10.0,INE831C01016,,ASHISHPO,Equity,https://www.bseindia.com/stock-share-price/ashish-polyplast-ltd/ashishpo/530429/,Ashish Polyplast Ltd.,10.53
530433,Shiva Global Agro Industries Ltd,Active,X,10.0,INE960E01019,,SHIVAAGRO,Equity,https://www.bseindia.com/stock-share-price/shiva-global-agro-industries-ltd/shivaagro/530433/,Shiva Global Agro Industries Limited,37.93
530439,Siddha Ventures Ltd,Active,X,10.0,INE140C01012,,SIDDHA,Equity,https://www.bseindia.com/stock-share-price/siddha-ventures-ltd/siddha/530439/,Siddha Ventures Limited,4.00
530443,Kiran Syntex Ltd,Active,X,10.0,INE293D01017,,KIRANSY-B,Equity,https://www.bseindia.com/stock-share-price/kiran-syntex-ltd/kiransy-b/530443/,Kiran Syntex Ltd.,5.62
530445,Sumeru Industries Ltd,Active,X,1.0,INE764B01029,,SUMERUIND,Equity,https://www.bseindia.com/stock-share-price/sumeru-industries-ltd/sumeruind/530445/,Sumeru Industries Ltd.,11.02
530449,Rungta Irrigation Ltd,Active,X,10.0,INE347C01013,,RUNGTAIR,Equity,https://www.bseindia.com/stock-share-price/rungta-irrigation-ltd/rungtair/530449/,Rungta Irrigation Ltd.,99.35
530457,GTT Data Solutions Ltd,Active,X,10.0,INE959B01017,,GTTDATA,Equity,https://www.bseindia.com/stock-share-price/gtt-data-solutions-ltd/gttdata/530457/,GTT DATA SOLUTIONS LIMITED,191.92
530459,Valson Industries Ltd,Active,X,10.0,INE808A01018,,VALSONQ,Equity,https://www.bseindia.com/stock-share-price/valson-industries-ltd/valsonq/530459/,Valson Industries Ltd.,26.43
530461,Saboo Sodium Chloro Ltd,Active,X,10.0,INE440C01016,,SABOOSOD,Equity,https://www.bseindia.com/stock-share-price/saboo-sodium-chloro-ltd/saboosod/530461/,Saboo Sodium Chloro Ltd.,53.64
530469,GSL Securities Ltd,Active,XT,10.0,INE721D01017,,GSLSEC,Equity,https://www.bseindia.com/stock-share-price/gsl-securities-ltd/gslsec/530469/,GSL Securities Ltd.,16.84
530475,Tinna Rubber and Infrastructure Ltd,Active,B,10.0,INE015C01016,,TINNARUBR,Equity,https://www.bseindia.com/stock-share-price/tinna-rubber-and-infrastructure-ltd/tinnarubr/530475/,Tinna Rubber and Infrastructure Limited,1978.13
530477,Vikram Thermo India Ltd,Active,XT,10.0,INE337E01010,,VIKRAMTH,Equity,https://www.bseindia.com/stock-share-price/vikram-thermo-india-ltd/vikramth/530477/,Vikram Thermo (India) Ltd.,784.10
530495,Stratmont Industries Ltd,Active,XT,10.0,INE473C01025,,STRATMONT,Equity,https://www.bseindia.com/stock-share-price/stratmont-industries-ltd/stratmont/530495/,STRATMONT INDUSTRIES LIMITED,165.89
530499,AK Capital Services Ltd,Active,B,10.0,INE701G01012,,AKCAPIT,Equity,https://www.bseindia.com/stock-share-price/ak-capital-services-ltd/akcapit/530499/,A.K.Capital Services Ltd.,1123.58
530517,Relaxo Footwears Ltd,Active,A,1.0,INE131B01039,,RELAXO,Equity,https://www.bseindia.com/stock-share-price/relaxo-footwears-ltd/relaxo/530517/,Relaxo Footwears Ltd.,10592.34
530521,Virat Industries Ltd,Active,X,10.0,INE467D01017,,VIRAT,Equity,https://www.bseindia.com/stock-share-price/virat-industries-ltd/virat/530521/,Virat Industries Ltd.,519.57
530525,Rajnish Retail Ltd,Active,X,1.0,INE786J01033,,RRETAIL,Equity,https://www.bseindia.com/stock-share-price/rajnish-retail-ltd/rretail/530525/,RAJNISH RETAIL LIMITED,37.15
530533,Terai Tea Company Ltd,Active,X,10.0,INE390D01011,,TERAI,Equity,https://www.bseindia.com/stock-share-price/terai-tea-company-ltd/terai/530533/,Terai Tea Co. Ltd.,80.69
530537,Manraj Housing Finance Ltd,Active,X,10.0,INE948I01015,,MANRAJH,Equity,https://www.bseindia.com/stock-share-price/manraj-housing-finance-ltd/manrajh/530537/,Manraj Housing Finance Ltd.,18.77
530545,Cosco India Ltd,Active,X,10.0,INE949B01018,,COSCO,Equity,https://www.bseindia.com/stock-share-price/cosco-india-ltd/cosco/530545/,Cosco (India) ltd.,80.72
530547,Ken Financial Services Ltd,Active,XT,10.0,INE395E01018,,KENFIN,Equity,https://www.bseindia.com/stock-share-price/ken-financial-services-ltd/kenfin/530547/,Ken Financial Services Ltd.,3.77
530549,Shilpa Medicare Ltd,Active,A,1.0,INE790G01031,,SHILPAMED,Equity,https://www.bseindia.com/stock-share-price/shilpa-medicare-ltd/shilpamed/530549/,Shilpa Medicare Ltd.,14474.03
530555,Paramount Communications Ltd,Active,B,2.0,INE074B01023,,PARACABLES,Equity,https://www.bseindia.com/stock-share-price/paramount-communications-ltd/paracables/530555/,Paramount Communications Ltd.,2166.00
530557,NCL Research & Financial Services Ltd,Active,XT,1.0,INE132F01038,,NCLRESE,Equity,https://www.bseindia.com/stock-share-price/ncl-research--financial-services-ltd/nclrese/530557/,NCL Research And Financial Services,66.36
530571,Explicit Finance Ltd,Active,X,10.0,INE335G01019,,EXPLICITFIN,Equity,https://www.bseindia.com/stock-share-price/explicit-finance-ltd/explicitfin/530571/,Explicit Finance Limited,7.36
530577,Ladderup Finance Ltd,Active,X,10.0,INE519D01015,,LADDERUP,Equity,https://www.bseindia.com/stock-share-price/ladderup-finance-ltd/ladderup/530577/,Ladderup Finance Ltd.,56.19
530579,U. Y. Fincorp Ltd,Active,B,5.0,INE152C01025,,UYFINCORP,Equity,https://www.bseindia.com/stock-share-price/u-y-fincorp-ltd/uyfincorp/530579/,U. Y. FINCORP LIMITED,363.93
530581,Ekam Leasing & Finance Company Ltd,Active,XT,5.0,INE906L01025,,EKAMLEA,Equity,https://www.bseindia.com/stock-share-price/ekam-leasing--finance-company-ltd/ekamlea/530581/,Ekam Leasing & Finance Co. Ltd.,4.51
530585,Swastika Investmart Ltd,Active,XT,2.0,INE691C01022,,SWASTIKA,Equity,https://www.bseindia.com/stock-share-price/swastika-investmart-ltd/swastika/530585/,SWASTIKA INVESTMART LIMITED,266.81
530589,Prima Plastics Ltd,Active,XT,10.0,INE573B01016,,PRIMAPLA,Equity,https://www.bseindia.com/stock-share-price/prima-plastics-ltd/primapla/530589/,Prima Plastics Ltd.,134.97
530595,TeleCanor Global Ltd,Active,X,10.0,INE381G01013,,TELECANOR,Equity,https://www.bseindia.com/stock-share-price/telecanor-global-ltd/telecanor/530595/,TeleCanor Global Limited,24.11
530601,Jagsonpal Services Ltd,Active,X,10.0,INE582C01015,,JAGSONSER,Equity,https://www.bseindia.com/stock-share-price/jagsonpal-services-ltd/jagsonser/530601/,JAGSONPAL SERVICES LIMITED,104.32
530615,Garg Furnace Ltd,Active,X,10.0,INE194E01015,,GARGFUR,Equity,https://www.bseindia.com/stock-share-price/garg-furnace-ltd/gargfur/530615/,Garg Furnace Ltd.,65.36
530617,Sampre Nutritions Ltd,Active,X,5.0,INE375C01022,,SAMPRE,Equity,https://www.bseindia.com/stock-share-price/sampre-nutritions-ltd/sampre/530617/,Sampre Nutritions Ltd.,49.12
530621,Akar Auto Industries Ltd,Active,X,5.0,INE864E01021,,AAIL,Equity,https://www.bseindia.com/stock-share-price/akar-auto-industries-ltd/aail/530621/,Akar Auto Industries Limited,127.73
530627,Vipul Organics Ltd,Active,X,10.0,INE834D01018,,VIPULORG,Equity,https://www.bseindia.com/stock-share-price/vipul-organics-ltd/vipulorg/530627/,Vipul Organics Limited,470.36
530643,Eco Recycling Ltd,Active,XT,10.0,INE316A01038,,ECORECO,Equity,https://www.bseindia.com/stock-share-price/eco-recycling-ltd/ecoreco/530643/,Eco Recycling Limited,946.70
530655,Goodluck India Ltd,Active,B,2.0,INE127I01024,,GOODLUCK,Equity,https://www.bseindia.com/stock-share-price/goodluck-india-ltd/goodluck/530655/,Goodluck India Limited,5094.80
530663,Goyal Associates Ltd,Active,X,1.0,INE912B01032,,GOYALASS,Equity,https://www.bseindia.com/stock-share-price/goyal-associates-ltd/goyalass/530663/,Goyal Associates Ltd.,5.82
530665,Zenith Healthcare Ltd,Active,X,1.0,INE812B01026,,ZENITHHE,Equity,https://www.bseindia.com/stock-share-price/zenith-healthcare-ltd/zenithhe/530665/,Zenith Health Care Ltd.,17.47
530675,York Exports Ltd,Active,X,10.0,INE057Q01018,,YORKEXP,Equity,https://www.bseindia.com/stock-share-price/york-exports-ltd/yorkexp/530675/,York Exports Ltd.,21.11
530677,Supreme Holdings & Hospitality (India) Ltd,Active,B,10.0,INE822E01011,,SUPREME,Equity,https://www.bseindia.com/stock-share-price/supreme-holdings--hospitality-(india)-ltd/supreme/530677/,Supreme Holdings & Hospitality (India) Ltd,175.42
530689,Lykis Ltd,Active,X,10.0,INE624M01014,,LYKISLTD,Equity,https://www.bseindia.com/stock-share-price/lykis-ltd/lykisltd/530689/,Lykis Limited,90.21
530695,Prime Property Development Corporation Ltd,Active,XT,5.0,INE233C01023,,PRIMEPRO,Equity,https://www.bseindia.com/stock-share-price/prime-property-development-corporation-ltd/primepro/530695/,Prime Property Development Corporation Ltd.,50.05
530697,Zenlabs Ethica Ltd,Active,XT,10.0,INE546F01013,,ZENLABS,Equity,https://www.bseindia.com/stock-share-price/zenlabs-ethica-ltd/zenlabs/530697/,Zenlabs Ethica Limited,19.20
530699,Raj Rayon Industries Ltd,Active,T,1.0,INE533D01032,,RAJRILTD,Equity,https://www.bseindia.com/stock-share-price/raj-rayon-industries-ltd/rajriltd/530699/,Raj Rayon Industries Limited,1204.47
530705,Anirit Ventures Ltd,Active,XT,10.0,INE161F01011,,ANIRIT,Equity,https://www.bseindia.com/stock-share-price/anirit-ventures-ltd/anirit/530705/,ANIRIT VENTURES LIMITED,79.92
530709,Gowra Leasing & Finance Ltd,Active,XT,10.0,INE225G01012,,GOWRALE,Equity,https://www.bseindia.com/stock-share-price/gowra-leasing--finance-ltd/gowrale/530709/,Gowra Leasing & Finance Ltd.,74.14
530711,Jagan Lamps Ltd,Active,X,10.0,INE144C01014,,JAGANLAM,Equity,https://www.bseindia.com/stock-share-price/jagan-lamps-ltd/jaganlam/530711/,Jagan Lamps Ltd.,34.01
530723,Asit C Mehta Financial Services Ltd,Active,X,10.0,INE041B01014,,ASITCFIN,Equity,https://www.bseindia.com/stock-share-price/asit-c-mehta-financial-services-ltd/asitcfin/530723/,Asit C Mehta Financial Services Limited,91.57
530733,Encode Packaging India Ltd,Active,X,10.0,INE900O01014,,ENCODE,Equity,https://www.bseindia.com/stock-share-price/encode-packaging-india-ltd/encode/530733/,ENCODE PACKAGING INDIA LIMITED,3.59
530735,Super Bakers India Ltd,Active,X,10.0,INE897A01011,,SUPERBAK,Equity,https://www.bseindia.com/stock-share-price/super-bakers-india-ltd/superbak/530735/,Super Bakers (India) Ltd.,9.22
530741,Ovobel Foods Ltd,Active,XT,10.0,INE812S01012,,OVOBELE,Equity,https://www.bseindia.com/stock-share-price/ovobel-foods-ltd/ovobele/530741/,Ovobel Foods Ltd.,161.42
530745,ACS Technologies Ltd,Active,B,10.0,INE366C01021,,ACSTECH,Equity,https://www.bseindia.com/stock-share-price/acs-technologies-ltd/acstech/530745/,ACS TECHNOLOGIES LIMITED,321.42
530747,Challani Capital Ltd,Active,X,10.0,INE807A01010,,CHALLANI,Equity,https://www.bseindia.com/stock-share-price/challani-capital-ltd/challani/530747/,CHALLANI CAPITAL LIMITED,28.49
530755,Coral Newsprints Ltd,Active,X,10.0,INE715D01019,,CORNE,Equity,https://www.bseindia.com/stock-share-price/coral-newsprints-ltd/corne/530755/,Coral Newsprints Ltd.,4.95
530757,Shentracon Chemicals Ltd,Active,XT,10.0,INE0OUS01011,,SHENTRA,Equity,https://www.bseindia.com/stock-share-price/shentracon-chemicals-ltd/shentra/530757/,Shentracon Chemicals Ltd.,59.27
530759,Sterling Tools Ltd,Active,T,2.0,INE334A01023,,STERTOOLS,Equity,https://www.bseindia.com/stock-share-price/sterling-tools-ltd/stertools/530759/,Sterling Tools Ltd.,896.44
530765,Agarwal Fortune India Ltd,Active,X,10.0,INE510B01018,,AGARWAL,Equity,https://www.bseindia.com/stock-share-price/agarwal-fortune-india-ltd/agarwal/530765/,AGARWAL FORTUNE INDIA LIMITED,7.34
530779,Dynamic Portfolio Management & Services Ltd,Active,X,10.0,INE118C01018,,DYNAMICP,Equity,https://www.bseindia.com/stock-share-price/dynamic-portfolio-management--services-ltd/dynamicp/530779/,Dynamic Protfolio Management & Serv,19.10
530787,Inland Printers Ltd,Active,XT,10.0,INE055O01033,,INLANPR,Equity,https://www.bseindia.com/stock-share-price/inland-printers-ltd/inlanpr/530787/,Inland Printers Ltd.,33.19
530789,Ceejay Finance Ltd,Active,X,10.0,INE358C01010,,CEEJAY,Equity,https://www.bseindia.com/stock-share-price/ceejay-finance-ltd/ceejay/530789/,Ceejay Finance Limited,60.63
530795,Suncity Synthetics Ltd,Active,X,10.0,INE584D01019,,SUNCITYSY,Equity,https://www.bseindia.com/stock-share-price/suncity-synthetics-ltd/suncitysy/530795/,Suncity Synthetics Ltd.,3.54
530797,Shree Ganesh Elastoplast Ltd,Active,X,10.0,INE400N01017,,SHGANEL,Equity,https://www.bseindia.com/stock-share-price/shree-ganesh-elastoplast-ltd/shganel/530797/,Shree Ganesh Elastoplast Ltd,10.02
530799,Anna Infrastructures Ltd,Active,X,10.0,INE336D01014,,ANNAINFRA,Equity,https://www.bseindia.com/stock-share-price/anna-infrastructures-ltd/annainfra/530799/,Anna Infrastructures Ltd,10.07
530803,Bhageria Industries Ltd,Active,T,5.0,INE354C01027,,BHAGERIA,Equity,https://www.bseindia.com/stock-share-price/bhageria-industries-ltd/bhageria/530803/,Bhageria Industries Limited,914.35
530805,Onesource Industries And Ventures Ltd,Active,X,1.0,INE125F01032,,OIVL,Equity,https://www.bseindia.com/stock-share-price/onesource-industries-and-ventures-ltd/oivl/530805/,ONESOURCE INDUSTRIES AND VENTURES LIMITED,17.50
530809,BNR Udyog Ltd,Active,X,10.0,INE355C01016,,BNRUDY,Equity,https://www.bseindia.com/stock-share-price/bnr-udyog-ltd/bnrudy/530809/,BNR Udyog Ltd.,11.12
530813,KRBL Ltd,Active,A,1.0,INE001B01026,,KRBL,Equity,https://www.bseindia.com/stock-share-price/krbl-ltd/krbl/530813/,KRBL Ltd.,8559.34
530821,SSPDL Ltd,Active,X,10.0,INE838C01011,,SSPDL,Equity,https://www.bseindia.com/stock-share-price/sspdl-ltd/sspdl/530821/,SSPDL Limited,20.09
530825,Daikaffil Chemicals India Ltd,Active,XT,10.0,INE789B01018,,DAIKAFFI,Equity,https://www.bseindia.com/stock-share-price/daikaffil-chemicals-india-ltd/daikaffi/530825/,Daikaffil Chemicals India Ltd.,28.32
530829,Cil Securities Ltd,Active,X,10.0,INE830A01012,,CILSEC,Equity,https://www.bseindia.com/stock-share-price/cil-securities-ltd/cilsec/530829/,CIL SECURITIES LIMITED,18.95
530839,Clio Infotech Ltd,Active,XT,10.0,INE011B01017,,CLIOINFO,Equity,https://www.bseindia.com/stock-share-price/clio-infotech-ltd/clioinfo/530839/,Clio Infotech Ltd.,15.91
530843,Cupid Ltd,Active,A,1.0,INE509F01029,,CUPID,Equity,https://www.bseindia.com/stock-share-price/cupid-ltd/cupid/530843/,Cupid Limited,35304.07
530845,Sunshield Chemicals Ltd,Active,X,10.0,INE199E01014,,SUNSHIEL,Equity,https://www.bseindia.com/stock-share-price/sunshield-chemicals-ltd/sunshiel/530845/,Sunshield Chemicals Ltd.,1017.08
530853,Hipolin Ltd,Active,XT,10.0,INE963A01011,,HIPOLIN,Equity,https://www.bseindia.com/stock-share-price/hipolin-ltd/hipolin/530853/,Hipolin Ltd.,36.46
530855,GDL Leasing & Finance Ltd,Active,XT,10.0,INE545E01018,,GDLLEAS,Equity,https://www.bseindia.com/stock-share-price/gdl-leasing--finance-ltd/gdlleas/530855/,GDL Leasing & Finance ltd.,32.69
530871,Chembond Material Technologies Ltd,Active,T,5.0,INE995D01025,,CHEMBOND,Equity,https://www.bseindia.com/stock-share-price/chembond-material-technologies-ltd/chembond/530871/,Chembond Material Technologies Limited,239.38
530879,Capital India Finance Ltd,Active,B,2.0,INE345H01024,,CIFL,Equity,https://www.bseindia.com/stock-share-price/capital-india-finance-ltd/cifl/530879/,CAPITAL INDIA FINANCE LIMITED,836.86
530881,Arunjyoti Bio Ventures Ltd,Active,X,1.0,INE485K01022,,ABVL,Equity,https://www.bseindia.com/stock-share-price/arunjyoti-bio-ventures-ltd/abvl/530881/,Arunjyoti Bio Ventures Limited,96.55
530883,Super Crop Safe Ltd,Active,X,2.0,INE366G01022,,SUCROSA,Equity,https://www.bseindia.com/stock-share-price/super-crop-safe-ltd/sucrosa/530883/,Super Crop Safe Ltd.,58.43
530897,NG Industries Ltd,Active,X,10.0,INE825C01018,,NGIND,Equity,https://www.bseindia.com/stock-share-price/ng-industries-ltd/ngind/530897/,N.G.Industries Ltd.,38.87
530899,Asia Pack Ltd,Active,X,10.0,INE784M01016,,ASIAPAK,Equity,https://www.bseindia.com/stock-share-price/asia-pack-ltd/asiapak/530899/,Asia Pack Ltd.,14.51
530907,SI Capital & Financial Services Ltd,Active,XT,10.0,INE417F01017,,SICAPIT,Equity,https://www.bseindia.com/stock-share-price/si-capital--financial-services-ltd/sicapit/530907/,S.I.Capital And Financial Services,20.14
530909,ERP Soft Systems Ltd,Active,X,10.0,INE308B01017,,ERPSOFT,Equity,https://www.bseindia.com/stock-share-price/erp-soft-systems-ltd/erpsoft/530909/,ERP Soft Systems Ltd.,27.22
530917,RR Securities Ltd,Active,P,10.0,INE474H01014,,RRSECUR,Equity,https://www.bseindia.com/stock-share-price/rr-securities-ltd/rrsecur/530917/,R.R.Securities Ltd.,4.75
530919,Remsons Industries Ltd,Active,B,2.0,INE474C01023,,REMSONSIND,Equity,https://www.bseindia.com/stock-share-price/remsons-industries-ltd/remsonsind/530919/,Remsons Industries Ltd.,310.21
530921,Integrated Thermoplastics Ltd,Active,P,10.0,INE038N01015,,INTETHR,Equity,https://www.bseindia.com/stock-share-price/integrated-thermoplastics-ltd/intethr/530921/,Integrated Thermoplastics Ltd.,5.33
530925,Ramsons Projects Ltd,Active,X,10.0,INE609D01014,,RAMSONS,Equity,https://www.bseindia.com/stock-share-price/ramsons-projects-ltd/ramsons/530925/,Ramsons Projects Ltd.,24.30
530927,Haryana Financial Corporation Ltd,Active,ZP,10.0,INE737G01016,,HARAFIN,Equity,https://www.bseindia.com/stock-share-price/haryana-financial-corporation-ltd/harafin/530927/,Haryana Financial Corporation ltd.,1209.62
530931,Stanpacks India Ltd,Active,X,10.0,INE457D01018,,STANPACK,Equity,https://www.bseindia.com/stock-share-price/stanpacks-india-ltd/stanpack/530931/,Stanpacks (India) Ltd.,5.91
530943,Aqylon Nexus Ltd,Active,B,1.0,INE416A01051,,AQYLON,Equity,https://www.bseindia.com/stock-share-price/aqylon-nexus-ltd/aqylon/530943/,Aqylon Nexus Limited,710.45
530951,Raminfo Ltd,Active,X,10.0,INE357B01022,,RAMINFO,Equity,https://www.bseindia.com/stock-share-price/raminfo-ltd/raminfo/530951/,RAMINFO LIMITED,36.02
530953,Sunil Agro Foods Ltd,Active,X,10.0,INE224D01012,,SUNILAGR,Equity,https://www.bseindia.com/stock-share-price/sunil-agro-foods-ltd/sunilagr/530953/,Sunil Agro Foods ltd.,26.40
530959,Diana Tea Company Ltd,Active,X,5.0,INE012E01035,,DIANATEA,Equity,https://www.bseindia.com/stock-share-price/diana-tea-company-ltd/dianatea/530959/,Diana Tea Co.Ltd.,37.57
530961,Vikas EcoTech Ltd,Active,B,1.0,INE806A01020,,VIKASECO,Equity,https://www.bseindia.com/stock-share-price/vikas-ecotech-ltd/vikaseco/530961/,Vikas EcoTech Limited,196.33
530965,Indian Oil Corporation Ltd,Active,A,10.0,INE242A01010,,IOC,Equity,https://www.bseindia.com/stock-share-price/indian-oil-corporation-ltd/ioc/530965/,Indian Oil Corporation Ltd.,201933.71
530973,Alfa Ica India Ltd,Active,X,10.0,INE042C01010,,ALFAICA,Equity,https://www.bseindia.com/stock-share-price/alfa-ica-india-ltd/alfaica/530973/,Alfa Ica (India) Ltd,32.08
530977,Shri Keshav Cements And Infra Ltd,Active,X,10.0,INE260E01014,,SKCIL,Equity,https://www.bseindia.com/stock-share-price/shri-keshav-cements-and-infra-ltd/skcil/530977/,Shri Keshav Cements and Infra Limited,200.52
530979,India Home Loan Ltd,Active,X,10.0,INE274E01015,,INDIAHOME,Equity,https://www.bseindia.com/stock-share-price/india-home-loan-ltd/indiahome/530979/,India Home Loan Limited,42.15
530991,Roopa Industries Ltd,Active,X,10.0,INE443C01010,,ROOPAIND,Equity,https://www.bseindia.com/stock-share-price/roopa-industries-ltd/roopaind/530991/,Roopa Industries Ltd.,37.83
530993,Sarthak Global Ltd,Active,XT,10.0,INE075H01019,,SARTHAKGL,Equity,https://www.bseindia.com/stock-share-price/sarthak-global-ltd/sarthakgl/530993/,Sarthak Global Ltd.,11.70
530997,Unique Organics Ltd,Active,X,10.0,INE333E01019,,UNIQUEO,Equity,https://www.bseindia.com/stock-share-price/unique-organics-ltd/uniqueo/530997/,Unique Organics Ltd.,55.80
530999,Balaji Amines Ltd,Active,B,2.0,INE050E01027,,BALAMINES,Equity,https://www.bseindia.com/stock-share-price/balaji-amines-ltd/balamines/530999/,Balaji Amines Ltd.,6806.32
531003,Swarna Securities Ltd,Active,X,10.0,INE595G01018,,SWRNASE,Equity,https://www.bseindia.com/stock-share-price/swarna-securities-ltd/swrnase/531003/,Swarna Securities Ltd.,29.85
531015,Venmax Drugs and Pharmaceuticals Ltd,Active,X,10.0,INE154G01022,,VENMAX,Equity,https://www.bseindia.com/stock-share-price/venmax-drugs-and-pharmaceuticals-ltd/venmax/531015/,Venmax Drugs And Pharmaceuticals Ltd,20.11
531017,Arihants Securities Ltd,Active,X,10.0,INE190D01015,,ARISE,Equity,https://www.bseindia.com/stock-share-price/arihants-securities-ltd/arise/531017/,Arihants Securities ltd.,9.98
531025,Visagar Financial Services Ltd,Active,X,1.0,INE309H01038,,VISAGAR,Equity,https://www.bseindia.com/stock-share-price/visagar-financial-services-ltd/visagar/531025/,Visagar Financial Services Ltd,19.27
531027,Libord Securities Ltd,Active,X,10.0,INE267E01019,,LIBORD,Equity,https://www.bseindia.com/stock-share-price/libord-securities-ltd/libord/531027/,Libord Securities Ltd.,9.85
531033,Regal Entertainment & Consultants Ltd,Active,X,10.0,INE101E01010,,REGAL,Equity,https://www.bseindia.com/stock-share-price/regal-entertainment--consultants-ltd/regal/531033/,Regal Entertainment & Consultants Ltd.,13.56
531035,EBIX Ltd,Active,XT,1.0,INE432F01032,,EBIX,Equity,https://www.bseindia.com/stock-share-price/ebix-ltd/ebix/531035/,EBIX LIMITED,418.09
531039,Swadha Nature Ltd,Active,XT,10.0,INE0P4R01017,,SWADHATURE,Equity,https://www.bseindia.com/stock-share-price/swadha-nature-ltd/swadhature/531039/,Swadha Nature Limited,3.27
531041,Competent Automobiles Company Ltd,Active,X,10.0,INE823B01015,,COMPEAU,Equity,https://www.bseindia.com/stock-share-price/competent-automobiles-company-ltd/compeau/531041/,Competent Automobiles Co. Ltd.,225.74
531043,Dhanvantri Jeevan Rekha Ltd,Active,X,10.0,INE239F01015,,ZDHJERK,Equity,https://www.bseindia.com/stock-share-price/dhanvantri-jeevan-rekha-ltd/zdhjerk/531043/,Dhanvantri Jeevan Rekha Ltd.,10.08
531049,Neelkanth Rockminerals Ltd,Active,Z,10.0,INE741D01015,,NEELKAN,Equity,https://www.bseindia.com/stock-share-price/neelkanth-rockminerals-ltd/neelkan/531049/,Neelkanth Rockminerals ltd.,27.47
531051,Vintage Securities Ltd,Active,X,10.0,INE153C01015,,VINTAGES,Equity,https://www.bseindia.com/stock-share-price/vintage-securities-ltd/vintages/531051/,Vintage Securities Ltd.,5.36
531067,Contil India Ltd,Active,X,2.0,INE080G01029,,CONTILI,Equity,https://www.bseindia.com/stock-share-price/contil-india-ltd/contili/531067/,Contil India Limited,31.78
531069,Vijay Solvex Ltd,Active,XT,10.0,INE362D01010,,VIJSOLX,Equity,https://www.bseindia.com/stock-share-price/vijay-solvex-ltd/vijsolx/531069/,Vijay Solvex Ltd.,222.38
531080,Shri Krishna Devcon Ltd,Active,B,10.0,INE997I01012,,SHRIKRISH,Equity,https://www.bseindia.com/stock-share-price/shri-krishna-devcon-ltd/shrikrish/531080/,Shri Krishna Devcon Limited,119.00
531082,Alankit Ltd,Active,B,1.0,INE914E01040,,ALANKIT,Equity,https://www.bseindia.com/stock-share-price/alankit-ltd/alankit/531082/,Alankit Limited,219.37
531083,Nihar Info Global Ltd,Active,X,10.0,INE876E01033,,NIHARINF,Equity,https://www.bseindia.com/stock-share-price/nihar-info-global-ltd/niharinf/531083/,Nihar Info Global Ltd.,6.12
531091,United Credit Ltd,Active,X,10.0,INE858C01027,,UNITDCR,Equity,https://www.bseindia.com/stock-share-price/united-credit-ltd/unitdcr/531091/,United Credit ltd.,13.99
531092,OM Infra Ltd,Active,B,1.0,INE239D01028,,OMINFRAL,Equity,https://www.bseindia.com/stock-share-price/om-infra-ltd/ominfral/531092/,OM INFRA LIMITED,864.90
531099,Centuple Global Ltd,Active,X,10.0,INE396H01019,,CENTUPLE,Equity,https://www.bseindia.com/stock-share-price/centuple-global-ltd/centuple/531099/,CENTUPLE GLOBAL LIMITED,22.33
531109,Ishan Dyes and Chemicals Ltd,Active,B,10.0,INE561M01018,,ISHANCH,Equity,https://www.bseindia.com/stock-share-price/ishan-dyes-and-chemicals-ltd/ishanch/531109/,Ishan Dyes and Chemicals Limited,133.22
531111,Gothi Plascon India Ltd,Active,P,10.0,INE538G01018,,GOTHIPL,Equity,https://www.bseindia.com/stock-share-price/gothi-plascon-india-ltd/gothipl/531111/,Gothi Plascon (India) Ltd.,39.78
531112,Balu Forge Industries Ltd,Active,A,10.0,INE011E01029,,BALUFORGE,Equity,https://www.bseindia.com/stock-share-price/balu-forge-industries-ltd/baluforge/531112/,BALU FORGE INDUSTRIES LIMITED,5571.89
531119,Ceenik Exports India Ltd,Active,XT,10.0,INE418D01010,,CEENIK,Equity,https://www.bseindia.com/stock-share-price/ceenik-exports-india-ltd/ceenik/531119/,Ceenik Exports (india) Ltd.,102.83
531120,Patel Engineering Ltd,Active,A,1.0,INE244B01030,,PATELENG,Equity,https://www.bseindia.com/stock-share-price/patel-engineering-ltd/pateleng/531120/,Patel Engineering Ltd,2857.37
531126,Kati Patang Lifestyle Ltd,Active,X,10.0,INE237C01016,,KATIPATANG,Equity,https://www.bseindia.com/stock-share-price/kati-patang-lifestyle-ltd/katipatang/531126/,KATI PATANG LIFESTYLE LIMITED,85.01
531127,Mena Mani Industries Ltd,Active,XT,1.0,INE148B01033,,MENAMANI,Equity,https://www.bseindia.com/stock-share-price/mena-mani-industries-ltd/menamani/531127/,MENA MANI INDUSTRIES LIMITED,139.91
531129,Inani Marbles & Industries Ltd,Active,X,2.0,INE635D01027,,INANI,Equity,https://www.bseindia.com/stock-share-price/inani-marbles--industries-ltd/inani/531129/,Inani Marbles & Industries Ltd.,17.28
531137,Gemstone Investments Ltd,Active,X,1.0,INE503D01027,,GEMSI,Equity,https://www.bseindia.com/stock-share-price/gemstone-investments-ltd/gemsi/531137/,Gemstone Investments Ltd.,11.36
531144,El Forge Ltd,Active,X,10.0,INE158F01017,,ELFORGE,Equity,https://www.bseindia.com/stock-share-price/el-forge-ltd/elforge/531144/,El Forge Ltd.,37.09
531146,Medicamen Biotech Ltd,Active,B,10.0,INE646B01010,,MEDICAMEQ,Equity,https://www.bseindia.com/stock-share-price/medicamen-biotech-ltd/medicameq/531146/,Medicamen Biotech Ltd.,324.02
531147,Alicon Castalloy Ltd,Active,B,5.0,INE062D01024,,ALICON,Equity,https://www.bseindia.com/stock-share-price/alicon-castalloy-ltd/alicon/531147/,Alicon Castalloy Limited,1214.15
531153,Diligent Industries Ltd,Active,X,1.0,INE650C01036,,DILIGENT,Equity,https://www.bseindia.com/stock-share-price/diligent-industries-ltd/diligent/531153/,Diligent Industries Limited,53.41
531155,Epsom Properties Ltd,Active,XT,10.0,INE601F01016,,EPSOMPRO,Equity,https://www.bseindia.com/stock-share-price/epsom-properties-ltd/epsompro/531155/,Epsom Properties Limited,6.04
531156,Alfavision Overseas India Ltd,Active,X,1.0,INE883B01027,,ALFAVIO,Equity,https://www.bseindia.com/stock-share-price/alfavision-overseas-india-ltd/alfavio/531156/,Alfavision Overseas (India) Ltd.,41.39
531157,Organic Coatings Ltd,Active,X,10.0,INE412E01011,,ORGCOAT,Equity,https://www.bseindia.com/stock-share-price/organic-coatings-ltd/orgcoat/531157/,Organic Coatings Ltd.,17.87
531158,Catvision Ltd,Active,X,10.0,INE660B01011,,CATVISION,Equity,https://www.bseindia.com/stock-share-price/catvision-ltd/catvision/531158/,Catvision Limited,11.05
531161,ABM Knowledgeware Ltd,Active,B,5.0,INE850B01026,,ABMKNO,Equity,https://www.bseindia.com/stock-share-price/abm-knowledgeware-ltd/abmkno/531161/,ABM Knowledgeware Ltd.,380.04
531162,Emami Ltd,Active,A,1.0,INE548C01032,,EMAMILTD,Equity,https://www.bseindia.com/stock-share-price/emami-ltd/emamiltd/531162/,Emami Ltd,17962.77
531163,Kemistar Corporation Ltd,Active,X,10.0,INE971L01029,,KEMISTAR,Equity,https://www.bseindia.com/stock-share-price/kemistar-corporation-ltd/kemistar/531163/,Kemistar Corporation Limited,52.29
531168,Associated Ceramics Ltd,Active,X,10.0,INE771E01010,,ASSOCER,Equity,https://www.bseindia.com/stock-share-price/associated-ceramics-ltd/assocer/531168/,Associated Ceramics Ltd.,51.14
531169,SKP Securities Ltd,Active,X,10.0,INE709B01016,,SKPSEC,Equity,https://www.bseindia.com/stock-share-price/skp-securities-ltd/skpsec/531169/,SKP Securities Ltd.,72.75
531173,Syschem India Ltd,Active,X,10.0,INE121D01036,,SYSCHEM,Equity,https://www.bseindia.com/stock-share-price/syschem-india-ltd/syschem/531173/,Syschem (India) Ltd.,164.54
531176,Mefcom Capital Markets Ltd,Active,X,2.0,INE186C01023,,MEFCOMCAP,Equity,https://www.bseindia.com/stock-share-price/mefcom-capital-markets-ltd/mefcomcap/531176/,Mefcom Capital Markets Ltd.,45.29
531178,Hemang Resources Ltd,Active,X,10.0,INE930A01010,,HEMANG,Equity,https://www.bseindia.com/stock-share-price/hemang-resources-ltd/hemang/531178/,Hemang Resources Limited,18.12
531179,Arman Financial Services Ltd,Active,B,10.0,INE109C01017,,ARMANFIN,Equity,https://www.bseindia.com/stock-share-price/arman-financial-services-ltd/armanfin/531179/,Arman Financial Services Limited,2129.03
531190,Eforu Entertainment Ltd,Active,X,10.0,INE355H01015,,EFORU,Equity,https://www.bseindia.com/stock-share-price/eforu-entertainment-ltd/eforu/531190/,EFORU ENTERTAINMENT LIMITED,56.72
531191,Filtron Engineers Ltd,Active,XT,10.0,INE589N01017,,FILTRON,Equity,https://www.bseindia.com/stock-share-price/filtron-engineers-ltd/filtron/531191/,Filtron Engineers Ltd.,465.26
531199,Glance Finance Ltd,Active,X,10.0,INE580D01017,,GLANCE,Equity,https://www.bseindia.com/stock-share-price/glance-finance-ltd/glance/531199/,Glance Finance Ltd.,34.38
531201,Shilchar Technologies Ltd,Active,B,10.0,INE024F01011,,SHILCTECH,Equity,https://www.bseindia.com/stock-share-price/shilchar-technologies-ltd/shilctech/531201/,Shilchar Technologies Ltd.,5175.72
531203,Tradewell Holdings Ltd,Active,X,10.0,INE819G01012,,TRADEWELL,Equity,https://www.bseindia.com/stock-share-price/tradewell-holdings-ltd/tradewell/531203/,TRADEWELL HOLDINGS LIMITED,12.92
531205,Spright Agro Ltd,Active,X,1.0,INE179O01031,,SPRIGHT,Equity,https://www.bseindia.com/stock-share-price/spright-agro-ltd/spright/531205/,SPRIGHT AGRO LIMITED,47.15
531209,Nucleus Software Exports Ltd,Active,B,10.0,INE096B01018,,NUCLEUS,Equity,https://www.bseindia.com/stock-share-price/nucleus-software-exports-ltd/nucleus/531209/,Nucleus Software Exports Ltd,1833.43
531210,Colinz Laboratories Ltd,Active,XT,10.0,INE923C01011,,COLINZ,Equity,https://www.bseindia.com/stock-share-price/colinz-laboratories-ltd/colinz/531210/,Colinz Laboratories ltd.,20.64
531212,Nalin Lease Finance Ltd,Active,X,10.0,INE606C01012,,NLFL,Equity,https://www.bseindia.com/stock-share-price/nalin-lease-finance-ltd/nlfl/531212/,Nalin Lease Finance Ltd.,25.56
531213,Manappuram Finance Ltd,Active,A,2.0,INE522D01027,,MANAPPURAM,Equity,https://www.bseindia.com/stock-share-price/manappuram-finance-ltd/manappuram/531213/,Manappuram Finance Limited,34003.97
531215,RTS Power Corporation Ltd,Active,X,10.0,INE005C01017,,RTSPOWR,Equity,https://www.bseindia.com/stock-share-price/rts-power-corporation-ltd/rtspowr/531215/,RTS Power Corporation Ltd.,92.92
531216,Comfort Intech Ltd,Active,B,1.0,INE819A01049,,COMFINTE,Equity,https://www.bseindia.com/stock-share-price/comfort-intech-ltd/comfinte/531216/,Comfort Intech Ltd,211.48
531219,Shyama Computronics and Services Ltd,Active,P,10.0,INE861E01019,,SHYAMACOMP,Equity,https://www.bseindia.com/stock-share-price/shyama-computronics-and-services-ltd/shyamacomp/531219/,Shyama Computronics and Services Limited,3.49
531221,Mayur Floorings Ltd,Active,XT,10.0,INE262W01012,,MAYURFL,Equity,https://www.bseindia.com/stock-share-price/mayur-floorings-ltd/mayurfl/531221/,Mayur Floorings Ltd.,8.22
531223,Anjani Synthetics Ltd,Active,X,10.0,INE364D01032,,ANJANI,Equity,https://www.bseindia.com/stock-share-price/anjani-synthetics-ltd/anjani/531223/,Anjani Synthetics Limited,36.95
531225,Xtglobal Infotech Ltd,Active,B,1.0,INE547B01028,,XTGLOBAL,Equity,https://www.bseindia.com/stock-share-price/xtglobal-infotech-ltd/xtglobal/531225/,XTGLOBAL INFOTECH LIMITED,429.87
531227,Deco Mica Ltd,Active,X,10.0,INE907E01010,,DECOMIC,Equity,https://www.bseindia.com/stock-share-price/deco-mica-ltd/decomic/531227/,Deco-Mica Ltd.,26.67
531228,Rander Corporation Ltd,Active,XT,10.0,INE821D01031,,RANDER,Equity,https://www.bseindia.com/stock-share-price/rander-corporation-ltd/rander/531228/,Rander Corporation Ltd.,14.27
531233,Rasi Electrodes Ltd,Active,X,2.0,INE822D01021,,RASIELEC,Equity,https://www.bseindia.com/stock-share-price/rasi-electrodes-ltd/rasielec/531233/,Rasi Electrodes Ltd.,37.85
531234,Scoobee Day Garments (India) Ltd,Active,X,10.0,INE962E01015,,SCOOBEEDAY,Equity,https://www.bseindia.com/stock-share-price/scoobee-day-garments-(india)-ltd/scoobeeday/531234/,SCOOBEE DAY GARMENTS (INDIA) LIMITED,113.80
531235,Citi Port Financial Services Ltd,Active,X,10.0,INE494D01011,,CITIPOR,Equity,https://www.bseindia.com/stock-share-price/citi-port-financial-services-ltd/citipor/531235/,Citiport Financial Services Ltd.,13.49
531237,Dhruva Capital Services Ltd,Active,X,10.0,INE972E01014,,DHRUVCA,Equity,https://www.bseindia.com/stock-share-price/dhruva-capital-services-ltd/dhruvca/531237/,Dhruva Capital Services Ltd.,75.82
531241,Linc Ltd,Active,B,5.0,INE802B01027,,LINC,Equity,https://www.bseindia.com/stock-share-price/linc-ltd/linc/531241/,LINC LIMITED,601.44
531246,Prima Industries Ltd,Active,X,10.0,INE723N01012,,PRIMAIN,Equity,https://www.bseindia.com/stock-share-price/prima-industries-ltd/primain/531246/,Prima Industries Ltd.,18.56
531253,India Gelatine & Chemicals Ltd,Active,X,10.0,INE342D01012,,INDGELA,Equity,https://www.bseindia.com/stock-share-price/india-gelatine--chemicals-ltd/indgela/531253/,India Gelatine & Chemicals Ltd.,270.82
531254,Optimus Finance Ltd,Active,X,1.0,INE031G01022,,OPTIFIN,Equity,https://www.bseindia.com/stock-share-price/optimus-finance-ltd/optifin/531254/,Optimus Finance Limited,90.12
531255,Paragon Finance Ltd,Active,X,10.0,INE015E01012,,PARAGONF,Equity,https://www.bseindia.com/stock-share-price/paragon-finance-ltd/paragonf/531255/,Paragon Finance Ltd.,18.95
531257,Vellora Impact Ltd,Active,X,10.0,INE530D01012,,VELLORA,Equity,https://www.bseindia.com/stock-share-price/vellora-impact-ltd/vellora/531257/,VELLORA IMPACT LIMITED,7.99
531259,Esha Media Research Ltd,Active,XT,10.0,INE328F01016,,ESHAMEDIA,Equity,https://www.bseindia.com/stock-share-price/esha-media-research-ltd/eshamedia/531259/,Esha Media Research Limited,39.82
531262,Equilateral Enterprises Ltd,Active,X,10.0,INE060N01019,,EQUILATERA,Equity,https://www.bseindia.com/stock-share-price/equilateral-enterprises-ltd/equilatera/531262/,EQUILATERAL ENTERPRISES LIMITED,20.47
531266,VST Tillers Tractors Ltd,Active,B,10.0,INE764D01017,,VSTTILLERS,Equity,https://www.bseindia.com/stock-share-price/vst-tillers-tractors-ltd/vsttillers/531266/,V.S.T.Tillers Tractors Ltd.,3945.57
531268,B2B Software Technologies Ltd,Active,X,10.0,INE151B01011,,B2BSOFT,Equity,https://www.bseindia.com/stock-share-price/b2b-software-technologies-ltd/b2bsoft/531268/,B2B Software Technologies Ltd.,42.00
531272,Nikki Global Finance Ltd,Active,X,10.0,INE526C01012,,NIKKIGL,Equity,https://www.bseindia.com/stock-share-price/nikki-global-finance-ltd/nikkigl/531272/,Nikki Global Finance Ltd.,6.51
531273,Radhe Developers India Ltd,Active,X,1.0,INE986B01044,,RADHEDE,Equity,https://www.bseindia.com/stock-share-price/radhe-developers-india-ltd/radhede/531273/,Radhe Developers (India) ltd.,83.43
531274,Kinetic Trust Ltd,Active,XT,10.0,INE674M01019,,KINETRU,Equity,https://www.bseindia.com/stock-share-price/kinetic-trust-ltd/kinetru/531274/,Kinetic Trust Ltd.,14.01
531278,Elixir Capital Ltd,Active,X,10.0,INE785D01012,,ELIXIR,Equity,https://www.bseindia.com/stock-share-price/elixir-capital-ltd/elixir/531278/,Elixir Capital Limited,62.34
531279,Trishakti Industries Ltd,Active,XT,2.0,INE238C01022,,TRISHAKT,Equity,https://www.bseindia.com/stock-share-price/trishakti-industries-ltd/trishakt/531279/,Trishakti Industries Limited,361.17
531280,Pankaj Polymers Ltd,Active,X,10.0,INE698B01011,,PANKAJPO,Equity,https://www.bseindia.com/stock-share-price/pankaj-polymers-ltd/pankajpo/531280/,Pankaj Polymers Ltd.,46.87
531281,Marble City India Ltd,Active,X,5.0,INE807H01023,,MARBLE,Equity,https://www.bseindia.com/stock-share-price/marble-city-india-ltd/marble/531281/,MARBLE CITY INDIA LIMITED,305.05
531283,Cindrella Financial Services Ltd,Active,X,10.0,INE897D01015,,CINDRELL,Equity,https://www.bseindia.com/stock-share-price/cindrella-financial-services-ltd/cindrell/531283/,Cindrella Financial Services Ltd.,4.37
531286,Adhata Global Ltd,Active,X,10.0,INE586D01014,,ADHHATA,Equity,https://www.bseindia.com/stock-share-price/adhata-global-ltd/adhhata/531286/,ADHATA GLOBAL LIMITED,10.89
531287,National Plastic Technologies Ltd,Active,X,10.0,INE896D01017,,NATPLASTI,Equity,https://www.bseindia.com/stock-share-price/national-plastic-technologies-ltd/natplasti/531287/,National Plastic Technologies Ltd,147.37
531288,Lead Financial Services Ltd,Active,X,10.0,INE531D01010,,LEADFIN,Equity,https://www.bseindia.com/stock-share-price/lead-financial-services-ltd/leadfin/531288/,Lead Financial Services  Ltd,5.61
531289,National Fittings Ltd,Active,X,10.0,INE643C01015,,NATFIT,Equity,https://www.bseindia.com/stock-share-price/national-fittings-ltd/natfit/531289/,National Fittings Limited,148.19
531297,Artefact Projects Ltd,Active,X,10.0,INE885B01014,,ARTEFACT,Equity,https://www.bseindia.com/stock-share-price/artefact-projects-ltd/artefact/531297/,Artefact Projects Ltd,38.56
531301,Tusaldah Ltd,Active,XT,10.0,INE319M01011,,TUSALDAH,Equity,https://www.bseindia.com/stock-share-price/tusaldah-ltd/tusaldah/531301/,TUSALDAH LIMITED,36.05
531304,Nutech Global Ltd,Active,X,10.0,INE960H01012,,NUTECGLOB,Equity,https://www.bseindia.com/stock-share-price/nutech-global-ltd/nutecglob/531304/,Nutech Global Ltd.,7.66
531306,DHP India Ltd,Active,X,10.0,INE590D01016,,DHPIND,Equity,https://www.bseindia.com/stock-share-price/dhp-india-ltd/dhpind/531306/,DHP India Ltd.,153.95
531307,RRIL Ltd,Active,B,5.0,INE951M01037,,RRIL,Equity,https://www.bseindia.com/stock-share-price/rril-ltd/rril/531307/,RRIL LIMITED,212.25
531310,Available Finance Ltd,Active,B,10.0,INE325G01010,,AVAILFC,Equity,https://www.bseindia.com/stock-share-price/available-finance-ltd/availfc/531310/,Available Finance Ltd.,140.81
531314,Integra Capital  Ltd,Active,X,10.0,INE366H01012,,INTCAPL,Equity,https://www.bseindia.com/stock-share-price/integra-capital--ltd/intcapl/531314/,INTEGRA CAPITAL LIMITED,6.02
531319,Maruti Global Industries Ltd,Active,XT,10.0,INE368C01019,,MGIL,Equity,https://www.bseindia.com/stock-share-price/maruti-global-industries-ltd/mgil/531319/,MARUTI GLOBAL INDUSTRIES LIMITED,19.34
531322,Sri Havisha Hospitality And Infrastructure Ltd,Active,B,2.0,INE293B01029,,HAVISHA,Equity,https://www.bseindia.com/stock-share-price/sri-havisha-hospitality-and-infrastructure-ltd/havisha/531322/,SRI HAVISHA HOSPITALITY AND INFRASTRUCTURE LIMITED,23.49
531323,Jayatma Industries Ltd,Active,X,10.0,INE250D01017,,JAYIND,Equity,https://www.bseindia.com/stock-share-price/jayatma-industries-ltd/jayind/531323/,JAYATMA INDUSTRIES LIMITED,8.02
531324,Roselabs Finance Ltd,Active,X,10.0,INE475C01012,,ROSELABS,Equity,https://www.bseindia.com/stock-share-price/roselabs-finance-ltd/roselabs/531324/,Roselabs Finance Ltd.,21.90
531328,Kretto Syscon Ltd,Active,X,1.0,INE128R01023,,KRETTOSYS,Equity,https://www.bseindia.com/stock-share-price/kretto-syscon-ltd/krettosys/531328/,KRETTO SYSCON LIMITED,33.19
531334,Vikalp Securities Ltd,Active,X,10.0,INE186E01011,,VIKALPS,Equity,https://www.bseindia.com/stock-share-price/vikalp-securities-ltd/vikalps/531334/,Vikalp Securities Ltd.,5.51
531335,Zydus Wellness Ltd,Active,A,2.0,INE768C01028,,ZYDUSWELL,Equity,https://www.bseindia.com/stock-share-price/zydus-wellness-ltd/zyduswell/531335/,Zydus Wellness Limited,16884.79
531338,Milestone Global Ltd,Active,X,10.0,INE151H01018,,MILESTONE,Equity,https://www.bseindia.com/stock-share-price/milestone-global-ltd/milestone/531338/,Milestone Global Limited,8.03
531340,Bervin Investment & Leasing Ltd,Active,X,10.0,INE348I01018,,BERVINL,Equity,https://www.bseindia.com/stock-share-price/bervin-investment--leasing-ltd/bervinl/531340/,Bervin Investments And Leasing Ltd.,23.10
531341,Gujarat Investa Ltd,Active,X,10.0,INE373D01017,,GUJINV,Equity,https://www.bseindia.com/stock-share-price/gujarat-investa-ltd/gujinv/531341/,Gujarat Investa Ltd.,14.83
531344,Container Corporation of India Ltd,Active,A,5.0,INE111A01025,,CONCOR,Equity,https://www.bseindia.com/stock-share-price/container-corporation-of-india-ltd/concor/531344/,Container Corporation Of India Ltd.,38766.35
531346,Eastern Treads Ltd,Active,X,10.0,INE500D01015,,EASTRED,Equity,https://www.bseindia.com/stock-share-price/eastern-treads-ltd/eastred/531346/,Eastern Treads Ltd.,15.67
531349,Panacea Biotec Ltd,Active,B,1.0,INE922B01023,,PANACEABIO,Equity,https://www.bseindia.com/stock-share-price/panacea-biotec-ltd/panaceabio/531349/,Panacea Biotec Ltd.,2557.83
531352,Peeti Securities Ltd,Active,X,10.0,INE328D01011,,PEETISEC,Equity,https://www.bseindia.com/stock-share-price/peeti-securities-ltd/peetisec/531352/,Peeti Securities Ltd.,7.44
531357,Mercury Ev-Tech Ltd,Active,B,1.0,INE763M01028,,MERCURYEV,Equity,https://www.bseindia.com/stock-share-price/mercury-ev-tech-ltd/mercuryev/531357/,MERCURY EV-TECH LIMITED,670.79
531358,Choice International Ltd,Active,A,10.0,INE102B01014,,CHOICEIN,Equity,https://www.bseindia.com/stock-share-price/choice-international-ltd/choicein/531358/,Choice International Ltd,18552.83
531359,Shriram Asset Management Company Ltd,Active,X,10.0,INE777G01012,,SRAMSET,Equity,https://www.bseindia.com/stock-share-price/shriram-asset-management-company-ltd/sramset/531359/,Shriram Asset Management Co.Ltd.,500.85
531360,Golechha Global Finance Ltd,Active,XT,10.0,INE427D01011,,GOLECHA,Equity,https://www.bseindia.com/stock-share-price/golechha-global-finance-ltd/golecha/531360/,Golechha Global Finance Ltd.,17.22
531364,Ekansh Concepts Ltd,Active,X,10.0,INE005E01013,,EKANSH,Equity,https://www.bseindia.com/stock-share-price/ekansh-concepts-ltd/ekansh/531364/,Ekansh Concepts Limited,351.34
531370,Sparc Electrex Ltd,Active,X,10.0,INE960B01015,,SPAR,Equity,https://www.bseindia.com/stock-share-price/sparc-electrex-ltd/spar/531370/,SPARC ELECTREX LIMITED,5.22
531373,The Byke Hospitality Ltd,Active,T,10.0,INE319B01014,,BYKE,Equity,https://www.bseindia.com/stock-share-price/the-byke-hospitality-ltd/byke/531373/,The Byke Hospitality    Ltd,178.27
531380,Centenial Surgical Suture Ltd,Active,X,10.0,INE405H01018,,CSURGSU,Equity,https://www.bseindia.com/stock-share-price/centenial-surgical-suture-ltd/csurgsu/531380/,Centenial Surgical Suture Ltd.,29.78
531381,Arihant Foundations & Housing Ltd,Active,B,10.0,INE413D01011,,ARIHANT,Equity,https://www.bseindia.com/stock-share-price/arihant-foundations--housing-ltd/arihant/531381/,Arihant Foundations & Housing Ltd.,1125.42
531387,Hasti Finance Ltd,Active,X,10.0,INE671D01014,,HASTIFIN,Equity,https://www.bseindia.com/stock-share-price/hasti-finance-ltd/hastifin/531387/,Hasti Finance Ltd.,5.66
531390,Upsurge Investment & Finance Ltd,Active,X,10.0,INE890B01014,,UPSURGE,Equity,https://www.bseindia.com/stock-share-price/upsurge-investment--finance-ltd/upsurge/531390/,Upsurge Investment And Finance Ltd.,177.98
531395,Padam Cotton Yarns Ltd,Active,X,1.0,INE448D01025,,PADAMCO,Equity,https://www.bseindia.com/stock-share-price/padam-cotton-yarns-ltd/padamco/531395/,Padam Cotton Yarns Ltd.,21.29
531396,Women Networks Ltd,Active,X,10.0,INE905B01010,,WOMENNET,Equity,https://www.bseindia.com/stock-share-price/women-networks-ltd/womennet/531396/,Women Networks Ltd.,3.40
531397,Polycon International Ltd,Active,X,10.0,INE262C01014,,POLYCON,Equity,https://www.bseindia.com/stock-share-price/polycon-international-ltd/polycon/531397/,Polycon International Ltd.,10.27
531398,Source Natural Foods and Herbal Supplements Ltd,Active,X,10.0,INE679C01027,,SOURCENTRL,Equity,https://www.bseindia.com/stock-share-price/source-natural-foods-and-herbal-supplements-ltd/sourcentrl/531398/,Source Natural Foods & Herbal Suppl Ltd,70.00
531399,GG Automotive Gears Ltd,Active,X,10.0,INE493B01017,,GGAUTO,Equity,https://www.bseindia.com/stock-share-price/gg-automotive-gears-ltd/ggauto/531399/,G.G.Automotive Gears Ltd.,161.69
531400,Almondz Global Securities Ltd,Active,B,1.0,INE326B01035,,ALMONDZ,Equity,https://www.bseindia.com/stock-share-price/almondz-global-securities-ltd/almondz/531400/,Almondz Global Securities Limited,250.63
531402,LWS Knitwear Ltd,Active,X,10.0,INE281M01013,,LWSKNIT,Equity,https://www.bseindia.com/stock-share-price/lws-knitwear-ltd/lwsknit/531402/,LWS Knitwear Ltd,23.07
531406,ANS Industries Ltd,Active,X,10.0,INE234J01018,,ANSINDUS,Equity,https://www.bseindia.com/stock-share-price/ans-industries-ltd/ansindus/531406/,ANS Limited,10.55
531411,Tuni Textile Mills Ltd,Active,X,1.0,INE560D01027,,TUNITEX,Equity,https://www.bseindia.com/stock-share-price/tuni-textile-mills-ltd/tunitex/531411/,Tuni Textile Mills Ltd.,12.93
531412,Radix Industries (India) Ltd,Active,XT,10.0,INE576N01014,,RADIXIND,Equity,https://www.bseindia.com/stock-share-price/radix-industries-(india)-ltd/radixind/531412/,Radix Industries (India) Limited,219.70
531416,Narendra Properties Ltd,Active,X,10.0,INE603F01012,,NARPROP,Equity,https://www.bseindia.com/stock-share-price/narendra-properties-ltd/narprop/531416/,Narendra Properties Ltd.,26.59
531417,Mega Corporation Ltd,Active,XT,1.0,INE804B01023,,MEGACOR,Equity,https://www.bseindia.com/stock-share-price/mega-corporation-ltd/megacor/531417/,Mega Corporation Ltd,57.20
531420,BMB Music & Magnetics Ltd,Active,XT,10.0,INE644K01016,,BMBMUMG,Equity,https://www.bseindia.com/stock-share-price/bmb-music--magnetics-ltd/bmbmumg/531420/,BMB Music & Magnetics Ltd.,4.30
531426,Tamil Nadu Newsprint & Papers Ltd,Active,B,10.0,INE107A01015,,TNPL,Equity,https://www.bseindia.com/stock-share-price/tamil-nadu-newsprint--papers-ltd/tnpl/531426/,Tamil Nadu Newsprint And Papers Ltd,1086.61
531431,Shakti Pumps India Ltd,Active,A,10.0,INE908D01010,,SHAKTIPUMP,Equity,https://www.bseindia.com/stock-share-price/shakti-pumps-india-ltd/shaktipump/531431/,Shakti Pumps (India) Ltd.,6385.23
531432,Systematix Securities Ltd,Active,XT,10.0,INE07P301011,,SYTIXSE,Equity,https://www.bseindia.com/stock-share-price/systematix-securities-ltd/sytixse/531432/,Systematix Securities Ltd.,6.83
531433,Sungold Capital Ltd,Active,X,10.0,INE271D01013,,SUNGOLD,Equity,https://www.bseindia.com/stock-share-price/sungold-capital-ltd/sungold/531433/,Sungold Capital Ltd.,4.88
531436,Saffron Industries Ltd,Active,X,10.0,INE474D01013,,SAFFRON,Equity,https://www.bseindia.com/stock-share-price/saffron-industries-ltd/saffron/531436/,Saffron Industries Limited,19.04
531437,Prakash Woollen & Synthetic Mills Ltd,Active,X,10.0,INE523I01016,,PWASML,Equity,https://www.bseindia.com/stock-share-price/prakash-woollen--synthetic-mills-ltd/pwasml/531437/,Prakash Woollen & Synthetic Mills Ltd,23.60
531439,Aion-Tech Solutions Ltd,Active,T,10.0,INE805A01014,,GOLDTECH,Equity,https://www.bseindia.com/stock-share-price/aion-tech-solutions-ltd/goldtech/531439/,AION TECH SOLUTIONS LIMITED,282.21
531441,Lyons Corporate Market Ltd,Active,X,10.0,INE100F01019,,LYONSCO,Equity,https://www.bseindia.com/stock-share-price/lyons-corporate-market-ltd/lyonsco/531441/,Lyons Corporate Market Ltd.,10.95
531449,GRM Overseas Ltd,Active,B,2.0,INE192H01020,,GRMOVER,Equity,https://www.bseindia.com/stock-share-price/grm-overseas-ltd/grmover/531449/,GRM Overseas Ltd.,1882.09
531453,Mohit Industries Ltd,Active,B,10.0,INE954E01012,,MOHITIND,Equity,https://www.bseindia.com/stock-share-price/mohit-industries-ltd/mohitind/531453/,Mohit Industries Limited,36.10
531454,Polylink Polymers India Ltd,Active,X,5.0,INE323D01020,,POLYLINK,Equity,https://www.bseindia.com/stock-share-price/polylink-polymers-india-ltd/polylink/531454/,Polylink Polymers (india) Ltd.,50.66
531456,Minaxi Textiles Ltd,Active,X,1.0,INE952C01028,,MINAXI,Equity,https://www.bseindia.com/stock-share-price/minaxi-textiles-ltd/minaxi/531456/,Minaxi Textiles Ltd.,6.77
531458,Boston Commerce Ltd,Active,X,10.0,INE109B01019,,BOSTON,Equity,https://www.bseindia.com/stock-share-price/boston-commerce-ltd/boston/531458/,BOSTON COMMERCE LIMITED,3.43
531460,Continental Controls Ltd,Active,X,10.0,INE545B01022,,CONTICON,Equity,https://www.bseindia.com/stock-share-price/continental-controls-ltd/conticon/531460/,Continental Controls Ltd.,7.38
531463,Global Infratech & Finance Ltd,Active,XT,10.0,INE377M01043,,GBLINFRA,Equity,https://www.bseindia.com/stock-share-price/global-infratech--finance-ltd/gblinfra/531463/,Global Infratech & Finance limited,8.47
531465,Nouveau Global Ventures Ltd,Active,X,1.0,INE317B01042,,NOUVEAU,Equity,https://www.bseindia.com/stock-share-price/nouveau-global-ventures-ltd/nouveau/531465/,Nouveau Global Ventures Limited,4.64
531471,Duke Offshore Ltd,Active,XT,10.0,INE397G01019,,DUKEOFS,Equity,https://www.bseindia.com/stock-share-price/duke-offshore-ltd/dukeofs/531471/,Duke Offshore Ltd.,40.77
531472,Cybele Industries Ltd,Active,X,10.0,INE183D01010,,CYBELEIND,Equity,https://www.bseindia.com/stock-share-price/cybele-industries-ltd/cybeleind/531472/,Cybele  Industries Limited,46.59
531486,Filmcity Media Ltd,Active,XT,1.0,INE600B01033,,FILME,Equity,https://www.bseindia.com/stock-share-price/filmcity-media-ltd/filme/531486/,Filmcity Media Ltd.,4.22
531489,CG Vak Software & Exports Ltd,Active,X,10.0,INE084D01010,,CGVAK,Equity,https://www.bseindia.com/stock-share-price/cg-vak-software--exports-ltd/cgvak/531489/,Cg-Vak Software & Exports Ltd.,81.51
531494,Navkar Urbanstructure Ltd,Active,T,1.0,INE268H01044,,NAVKARURB,Equity,https://www.bseindia.com/stock-share-price/navkar-urbanstructure-ltd/navkarurb/531494/,NAVKAR URBANSTRUCTURE LIMITED,114.45
531495,Blue Coast Hotels Ltd,Active,T,10.0,INE472B01011,,BLUECOAST,Equity,https://www.bseindia.com/stock-share-price/blue-coast-hotels-ltd/bluecoast/531495/,Blue Coast Hotels Ltd,51.17
531497,Madhucon Projects Ltd,Active,T,1.0,INE378D01032,,MADHUCON,Equity,https://www.bseindia.com/stock-share-price/madhucon-projects-ltd/madhucon/531497/,Madhucon Projects Ltd.,38.82
531500,Rajesh Exports Ltd,Active,Z,1.0,INE343B01030,,RAJESHEXPO,Equity,https://www.bseindia.com/stock-share-price/rajesh-exports-ltd/rajeshexpo/531500/,Rajesh Exports Ltd.,2495.83
531502,Esaar India Ltd,Active,X,10.0,INE404L01039,,ESARIND,Equity,https://www.bseindia.com/stock-share-price/esaar-india-ltd/esarind/531502/,Esaar (India) Ltd.,22.36
531503,Maris Spinners Ltd,Active,X,10.0,INE866D01010,,MARIS,Equity,https://www.bseindia.com/stock-share-price/maris-spinners-ltd/maris/531503/,Maris Spinners Ltd.,24.03
531505,Indergiri Finance Ltd,Active,XT,10.0,INE628F01019,,INDERGR,Equity,https://www.bseindia.com/stock-share-price/indergiri-finance-ltd/indergr/531505/,Indergiri Finance ltd.,14.90
531506,Shukra Bullions Ltd,Active,X,10.0,INE561E01015,,SKRABUL,Equity,https://www.bseindia.com/stock-share-price/shukra-bullions-ltd/skrabul/531506/,Shukra Bullions Limited,13.43
531508,Eveready Industries India Ltd,Active,B,5.0,INE128A01029,,EVEREADY,Equity,https://www.bseindia.com/stock-share-price/eveready-industries-india-ltd/eveready/531508/,Eveready Industries India Ltd.,2598.21
531509,Step Two Corporation Ltd,Active,X,10.0,INE623D01015,,STEP2COR,Equity,https://www.bseindia.com/stock-share-price/step-two-corporation-ltd/step2cor/531509/,Step Two Corporation Ltd.,15.57
531512,Orient Tradelink Ltd,Active,X,10.0,INE681D01039,,ORIENTTR,Equity,https://www.bseindia.com/stock-share-price/orient-tradelink-ltd/orienttr/531512/,Orient Tradelink Ltd.,19.81
531518,Vikas Proppant & Granite Ltd,Active,Z,1.0,INE767B01022,,VIKASPROP,Equity,https://www.bseindia.com/stock-share-price/vikas-proppant--granite-ltd/vikasprop/531518/,VIKAS PROPPANT & GRANITE LTD.,13.38
531521,Desh Rakshak Aushdhalaya Ltd,Active,P,10.0,INE971E01016,,DESHRAK,Equity,https://www.bseindia.com/stock-share-price/desh-rakshak-aushdhalaya-ltd/deshrak/531521/,Desh Rakshak Aushdhalaya Ltd.,15.24
531525,ACE Software Exports Ltd,Active,X,10.0,INE849B01010,,ACESOFT,Equity,https://www.bseindia.com/stock-share-price/ace-software-exports-ltd/acesoft/531525/,Ace Software Exports ltd.,210.12
531529,Softrak Venture Investment Ltd,Active,XT,1.0,INE562E01021,,SOFTRAKV,Equity,https://www.bseindia.com/stock-share-price/softrak-venture-investment-ltd/softrakv/531529/,Softrak Venture Investments Ltd.,67.17
531531,Hatsun Agro Product Ltd,Active,A,1.0,INE473B01035,,HATSUN,Equity,https://www.bseindia.com/stock-share-price/hatsun-agro-product-ltd/hatsun/531531/,Hatsun Agro Products Ltd.,20630.94
531533,Accedere Ltd,Active,XT,10.0,INE578B01015,,ACCEDERE,Equity,https://www.bseindia.com/stock-share-price/accedere-ltd/accedere/531533/,ACCEDERE LIMITED,36.40
531537,Mizzen Ventures Ltd,Active,X,10.0,INE681K01026,,MIZVEN,Equity,https://www.bseindia.com/stock-share-price/mizzen-ventures-ltd/mizven/531537/,MIZZEN VENTURES LIMITED,95.63
531539,Rishabh Digha Steel & Allied Products Ltd,Active,X,10.0,INE864D01015,,RISHDIGA,Equity,https://www.bseindia.com/stock-share-price/rishabh-digha-steel--allied-products-ltd/rishdiga/531539/,Rishabh Digha Steel And Allied Prod,19.22
531540,Maruti Infrastructure Ltd,Active,XT,2.0,INE392G01028,,MAINFRA,Equity,https://www.bseindia.com/stock-share-price/maruti-infrastructure-ltd/mainfra/531540/,Maruti Infrastructure Ltd.,97.41
531541,Kobo Biotech Ltd,Active,Z,10.0,INE881A01015,,KOBO,Equity,https://www.bseindia.com/stock-share-price/kobo-biotech-ltd/kobo/531541/,KOBO BIOTECH LIMITED,16.56
531543,Jindal Worldwide Ltd,Active,B,1.0,INE247D01039,,JINDWORLD,Equity,https://www.bseindia.com/stock-share-price/jindal-worldwide-ltd/jindworld/531543/,Jindal Worldwide Ltd.,3864.03
531548,Somany Ceramics Ltd,Active,B,2.0,INE355A01028,,SOMANYCERA,Equity,https://www.bseindia.com/stock-share-price/somany-ceramics-ltd/somanycera/531548/,Somany Ceramics Limited,2068.69
531550,Jhaveri Credits & Capital Ltd,Active,X,10.0,INE865D01012,,JHACC,Equity,https://www.bseindia.com/stock-share-price/jhaveri-credits--capital-ltd/jhacc/531550/,Jhaveri Credits & Capital Ltd.,174.87
531552,Raghunath Tobacco Company Ltd,Active,X,10.0,INE754B01012,,RAGHUTOB,Equity,https://www.bseindia.com/stock-share-price/raghunath-tobacco-company-ltd/raghutob/531552/,Raghunath Tobacco Co. Ltd.,16.24
531553,Disha Resources Ltd,Active,XT,10.0,INE193D01019,,DRL,Equity,https://www.bseindia.com/stock-share-price/disha-resources-ltd/drl/531553/,DISHA RESOURCES LIMITED,19.04
531556,Coral India Finance & Housing Ltd,Active,B,2.0,INE558D01021,,CORALFINAC,Equity,https://www.bseindia.com/stock-share-price/coral-india-finance--housing-ltd/coralfinac/531556/,Coral India Finance And Housing Ltd,136.14
531557,Amit Securities Ltd,Active,X,10.0,INE137E01014,,AMITSEC,Equity,https://www.bseindia.com/stock-share-price/amit-securities-ltd/amitsec/531557/,Amit Securities Ltd.,31.28
531562,Pushpsons Industries Ltd,Active,Y,10.0,NA,,PUSHPIN,Equity,https://www.bseindia.com/stock-share-price/pushpsons-industries-ltd/pushpin/531562/,Pushpsons Industries Ltd.,
531568,Ashutosh Paper Mills Ltd,Active,X,10.0,INE723K01018,,ASHUTPM,Equity,https://www.bseindia.com/stock-share-price/ashutosh-paper-mills-ltd/ashutpm/531568/,Ashutosh Paper Mills Ltd.,3.92
531569,Sanjivani Paranteral Ltd,Active,X,10.0,INE860D01013,,SANJIVIN,Equity,https://www.bseindia.com/stock-share-price/sanjivani-paranteral-ltd/sanjivin/531569/,Sanjivani Paranteral Ltd.,248.88
531572,Ranjit Securities Ltd,Active,XT,10.0,INE863D01017,,RANJITSE,Equity,https://www.bseindia.com/stock-share-price/ranjit-securities-ltd/ranjitse/531572/,Ranjit Securities Ltd.,15.61
531574,Vas Infrastructure Ltd,Active,XT,10.0,INE192C01013,,VASINFRA,Equity,https://www.bseindia.com/stock-share-price/vas-infrastructure-ltd/vasinfra/531574/,Vas Infrastructure  Ltd.,13.69
531578,KMF Builders & Developers Ltd,Active,X,5.0,INE580H01026,,KMFBLDR,Equity,https://www.bseindia.com/stock-share-price/kmf-builders--developers-ltd/kmfbldr/531578/,KMF Builders & Developers Ltd.,8.45
531582,Beryl Securities Ltd,Active,XT,10.0,INE508J01015,,BERYLSE,Equity,https://www.bseindia.com/stock-share-price/beryl-securities-ltd/berylse/531582/,Beryl Securities Ltd,17.84
531583,Rap Corp Ltd,Active,X,10.0,INE483D01014,,RAP,Equity,https://www.bseindia.com/stock-share-price/rap-corp-ltd/rap/531583/,RAP CORP LIMITED,23.37
531585,Devine Impex Ltd,Active,X,10.0,INE455C01014,,DEVINE,Equity,https://www.bseindia.com/stock-share-price/devine-impex-ltd/devine/531585/,Devine Impex Limited,8.58
531591,Bampsl Securities Ltd,Active,X,10.0,INE802A01037,,BAMPSL,Equity,https://www.bseindia.com/stock-share-price/bampsl-securities-ltd/bampsl/531591/,Bampsl Securities Ltd.,61.77
531592,Genpharmasec Ltd,Active,X,1.0,INE861N01036,,GENPHARMA,Equity,https://www.bseindia.com/stock-share-price/genpharmasec-ltd/genpharma/531592/,GENPHARMASEC LIMITED,58.14
531594,Incon Engineers Ltd,Active,XT,10.0,INE507D01010,,INCON,Equity,https://www.bseindia.com/stock-share-price/incon-engineers-ltd/incon/531594/,Incon Engineers Ltd.,10.96
531595,Capri Global Capital Ltd,Active,A,1.0,INE180C01042,,CGCL,Equity,https://www.bseindia.com/stock-share-price/capri-global-capital-ltd/cgcl/531595/,Capri Global Capital Limited,23091.70
531597,Midland Polymers Ltd,Active,XT,10.0,INE046M01036,,MIDPOLY,Equity,https://www.bseindia.com/stock-share-price/midland-polymers-ltd/midpoly/531597/,Midland Polymers Ltd.,1.60
531599,FDC Ltd,Active,B,1.0,INE258B01022,,FDC,Equity,https://www.bseindia.com/stock-share-price/fdc-ltd/fdc/531599/,FDC Ltd.,6027.23
531600,Gogia Capital Growth Ltd,Active,X,10.0,INE832C01014,,GOGIACAPGL,Equity,https://www.bseindia.com/stock-share-price/gogia-capital-growth-ltd/gogiacapgl/531600/,GOGIA CAPITAL GROWTH LIMITED,30.16
531608,Gorani Industries Ltd,Active,XT,10.0,INE792J01015,,GORANIN,Equity,https://www.bseindia.com/stock-share-price/gorani-industries-ltd/goranin/531608/,Gorani Industries Ltd.,25.77
531609,KG Petrochem Ltd,Active,X,10.0,INE902G01016,,KGPETRO,Equity,https://www.bseindia.com/stock-share-price/kg-petrochem-ltd/kgpetro/531609/,KG Petrochem Ltd.,101.50
531610,UFM Industries Ltd,Active,XT,10.0,INE832E01010,,UFMINDL,Equity,https://www.bseindia.com/stock-share-price/ufm-industries-ltd/ufmindl/531610/,UFM Industries Ltd,
531613,Meyer Apparel Ltd,Active,XT,3.0,INE100C01024,,MAL,Equity,https://www.bseindia.com/stock-share-price/meyer-apparel-ltd/mal/531613/,Meyer Apparel Limited,11.83
531624,Country Condos Ltd,Active,B,1.0,INE695B01025,,COUNCODOS,Equity,https://www.bseindia.com/stock-share-price/country-condos-ltd/councodos/531624/,Country Condo's Ltd,48.65
531626,Orosil Smiths India Ltd,Active,XT,1.0,INE628B01034,,OROSMITHS,Equity,https://www.bseindia.com/stock-share-price/orosil-smiths-india-ltd/orosmiths/531626/,Orosil Smiths India Limited,26.57
531628,Tejassvi Aaharam Ltd,Active,XT,10.0,INE173E01019,,TEJASSVI,Equity,https://www.bseindia.com/stock-share-price/tejassvi-aaharam-ltd/tejassvi/531628/,TEJASSVI AAHARAM LIMITED,49.78
531633,Lincoln Pharmaceuticals Ltd,Active,B,10.0,INE405C01035,,LINCOLN,Equity,https://www.bseindia.com/stock-share-price/lincoln-pharmaceuticals-ltd/lincoln/531633/,Lincoln Pharmaceuticals ltd.,1220.81
531635,Silver Oak India Ltd,Active,X,10.0,INE870J01019,,SILVOAK,Equity,https://www.bseindia.com/stock-share-price/silver-oak-india-ltd/silvoak/531635/,Silver Oak (India) Ltd.,29.47
531637,Praveg Ltd,Active,B,10.0,INE722B01019,,PRAVEG,Equity,https://www.bseindia.com/stock-share-price/praveg-ltd/praveg/531637/,PRAVEG LIMITED,749.58
531638,Suraj Ltd,Active,B,10.0,INE713C01016,,SURAJLTD,Equity,https://www.bseindia.com/stock-share-price/suraj-ltd/surajltd/531638/,Suraj Ltd.,407.13
531640,Suvidha Infraestate Corporation Ltd,Active,P,10.0,INE936N01010,,SICL,Equity,https://www.bseindia.com/stock-share-price/suvidha-infraestate-corporation-ltd/sicl/531640/,Suvidha Infraestate Corporation Limited,11.77
531642,Marico Ltd,Active,A,1.0,INE196A01026,,MARICO,Equity,https://www.bseindia.com/stock-share-price/marico-ltd/marico/531642/,Marico Limited,112167.60
531644,Tokyo Finance Ltd,Active,X,10.0,INE546D01018,,TOKYOFIN,Equity,https://www.bseindia.com/stock-share-price/tokyo-finance-ltd/tokyofin/531644/,Tokyo Finance Ltd.,13.19
531651,National General Industries Ltd,Active,X,10.0,INE654H01011,,NATGENI,Equity,https://www.bseindia.com/stock-share-price/national-general-industries-ltd/natgeni/531651/,National General Industries Ltd.,25.85
531652,UVS Hospitality And Services Ltd,Active,X,10.0,INE528C01018,,UVS,Equity,https://www.bseindia.com/stock-share-price/uvs-hospitality-and-services-ltd/uvs/531652/,UVS HOSPITALITY AND SERVICES LIMITED,360.05
531658,Abate As Industries Ltd,Active,X,10.0,INE454E01013,,ABATEAS,Equity,https://www.bseindia.com/stock-share-price/abate-as-industries-ltd/abateas/531658/,ABATE AS INDUSTRIES LIMITED,151.93
531661,Hittco Tools Ltd,Active,XT,10.0,INE863C01019,,HITTCO,Equity,https://www.bseindia.com/stock-share-price/hittco-tools-ltd/hittco/531661/,Hittco Tools Ltd.,7.75
531663,Yuvraaj Hygiene Products Ltd,Active,X,1.0,INE139D01020,,YUVRAAJHPL,Equity,https://www.bseindia.com/stock-share-price/yuvraaj-hygiene-products-ltd/yuvraajhpl/531663/,YUVRAAJ HYGIENE PRODUCTS LTD,68.08
531667,RR MetalMakers India Ltd,Active,XT,10.0,INE117K01013,,RRMETAL,Equity,https://www.bseindia.com/stock-share-price/rr-metalmakers-india-ltd/rrmetal/531667/,RR METALMAKERS INDIA LIMITED,67.56
531668,Vision Corporation Ltd,Active,X,10.0,INE661D01015,,VISIONCO,Equity,https://www.bseindia.com/stock-share-price/vision-corporation-ltd/visionco/531668/,Vision Corporation Ltd.,4.07
531671,Karnawati Innovation Ltd,Active,X,1.0,INE214D01021,,KARNAWATI,Equity,https://www.bseindia.com/stock-share-price/karnawati-innovation-ltd/karnawati/531671/,Karnawati Innovation Limited,65.38
531672,Inani Securities Ltd,Active,XT,10.0,INE224C01014,,INANISEC,Equity,https://www.bseindia.com/stock-share-price/inani-securities-ltd/inanisec/531672/,Inani Securities Ltd.,9.75
531673,Anka India Ltd,Active,X,10.0,INE067C01025,,ANKIN,Equity,https://www.bseindia.com/stock-share-price/anka-india-ltd/ankin/531673/,Anka India Ltd.,105.66
531676,Emrock Corporation Ltd,Active,XT,10.0,INE554H01021,,EMROCK,Equity,https://www.bseindia.com/stock-share-price/emrock-corporation-ltd/emrock/531676/,EMROCK CORPORATION LIMITED,422.31
531680,Mayur Leather Products Ltd,Active,X,10.0,INE799E01011,,MAYUR,Equity,https://www.bseindia.com/stock-share-price/mayur-leather-products-ltd/mayur/531680/,Mayur Leather Products Ltd.,10.97
531681,Amerise Biosciences Ltd,Active,X,1.0,INE673C01020,,AMERISE,Equity,https://www.bseindia.com/stock-share-price/amerise-biosciences-ltd/amerise/531681/,AMERISE BIOSCIENCES LIMITED,5.95
531685,Frontline Financial Services Ltd,Active,XT,10.0,INE776R01011,,FRONTFN,Equity,https://www.bseindia.com/stock-share-price/frontline-financial-services-ltd/frontfn/531685/,Frontline Financial Services Ltd.,13.89
531688,Prithvi Exchange (India) Ltd,Active,X,10.0,INE621B01021,,PRITHVIEXCH,Equity,https://www.bseindia.com/stock-share-price/prithvi-exchange-(india)-ltd/prithviexch/531688/,Prithvi Exchange (India) Limited,86.27
531692,Khyati Multimedia Entertainment Ltd,Active,XT,10.0,INE593B01030,,KHYATI,Equity,https://www.bseindia.com/stock-share-price/khyati-multimedia-entertainment-ltd/khyati/531692/,Khyati Multimedia-Entertainment Ltd,2.87
531694,Rainbow Foundations Ltd,Active,X,10.0,INE230F01014,,RAINBOWF,Equity,https://www.bseindia.com/stock-share-price/rainbow-foundations-ltd/rainbowf/531694/,Rainbow Foundations Ltd,199.96
531696,VSD Confin Ltd,Active,XT,10.0,INE489F01016,,VSDCONF,Equity,https://www.bseindia.com/stock-share-price/vsd-confin-ltd/vsdconf/531696/,VSD Confin ltd.,
531716,Tricom Fruit Products Ltd,Active,XT,10.0,INE843F01014,,TRICOMFRU,Equity,https://www.bseindia.com/stock-share-price/tricom-fruit-products-ltd/tricomfru/531716/,Tricom Fruit Products Limited,2.87
531717,Vidhi Specialty Food Ingredients Ltd,Active,B,1.0,INE632C01026,,VIDHIING,Equity,https://www.bseindia.com/stock-share-price/vidhi-specialty-food-ingredients-ltd/vidhiing/531717/,Vidhi Specialty Food Ingredients Limited,1598.24
531719,Bhagiradha Chemicals & Industries Ltd,Active,B,1.0,INE414D01027,,BHAGCHEM,Equity,https://www.bseindia.com/stock-share-price/bhagiradha-chemicals--industries-ltd/bhagchem/531719/,Bhagiradha Chemicals and Industries,3573.03
531723,GACM Technologies Ltd,Active,T,1.0,INE224E01028,,GATECH,Equity,https://www.bseindia.com/stock-share-price/gacm-technologies-ltd/gatech/531723/,GACM Technologies Limited,71.68
531726,Panchsheel Organics Ltd,Active,X,10.0,INE316G01019,,PANCHSHEEL,Equity,https://www.bseindia.com/stock-share-price/panchsheel-organics-ltd/panchsheel/531726/,Panchsheel Organic Ltd.,149.24
531727,Menon Pistons Ltd,Active,B,1.0,INE650G01029,,MENNPIS,Equity,https://www.bseindia.com/stock-share-price/menon-pistons-ltd/mennpis/531727/,Menon Pistons Ltd.,382.86
531735,Prism Finance Ltd,Active,P,10.0,INE429Q01019,,PRISMFN,Equity,https://www.bseindia.com/stock-share-price/prism-finance-ltd/prismfn/531735/,Prism Finance Ltd.,17.55
531737,Greencrest Financial Services Ltd,Active,X,1.0,INE414C01045,,GREENCREST,Equity,https://www.bseindia.com/stock-share-price/greencrest-financial-services-ltd/greencrest/531737/,Greencrest Financial Services Limited,19.37
531739,Gennex Laboratories Ltd,Active,X,1.0,INE509C01026,,GENNEX,Equity,https://www.bseindia.com/stock-share-price/gennex-laboratories-ltd/gennex/531739/,Gennex Laboratories Ltd,205.39
531743,Hira Automobiles Ltd,Active,P,10.0,INE258Z01013,,HIRAUTO,Equity,https://www.bseindia.com/stock-share-price/hira-automobiles-ltd/hirauto/531743/,Hira Automobiles Ltd.,53.14
531744,Gini Silk Mills Ltd,Active,X,10.0,INE548B01018,,GINISILK,Equity,https://www.bseindia.com/stock-share-price/gini-silk-mills-ltd/ginisilk/531744/,Gini Silk Mills Ltd.,30.85
531746,Prajay Engineers Syndicate Ltd,Active,B,10.0,INE505C01016,,PRAENG,Equity,https://www.bseindia.com/stock-share-price/prajay-engineers-syndicate-ltd/praeng/531746/,Prajay Engineers Syndicate Ltd.,145.96
531752,Biogen Pharmachem Industries Ltd,Active,X,1.0,INE703D01023,,BIOGEN,Equity,https://www.bseindia.com/stock-share-price/biogen-pharmachem-industries-ltd/biogen/531752/,BIOGEN PHARMACHEM INDUSTRIES LIMITED,30.54
531758,GK Consultants Ltd,Active,X,10.0,INE131D01019,,GKCONS,Equity,https://www.bseindia.com/stock-share-price/gk-consultants-ltd/gkcons/531758/,G.k.Consultants Ltd.,13.17
531761,Apollo Pipes Ltd,Active,B,10.0,INE126J01016,,APOLLOPIPE,Equity,https://www.bseindia.com/stock-share-price/apollo-pipes-ltd/apollopipe/531761/,APOLLO PIPES LIMITED,2320.46
531762,Unjha Formulations Ltd,Active,X,10.0,INE576D01015,,UNJHAFOR,Equity,https://www.bseindia.com/stock-share-price/unjha-formulations-ltd/unjhafor/531762/,Unjha Formulations Ltd.,10.69
531768,Poly Medicure Ltd,Active,A,5.0,INE205C01021,,POLYMED,Equity,https://www.bseindia.com/stock-share-price/poly-medicure-ltd/polymed/531768/,Poly Medicure Ltd,17320.82
531769,PFL Infotech Ltd,Active,X,10.0,INE600F01018,,PFLINFOTC,Equity,https://www.bseindia.com/stock-share-price/pfl-infotech-ltd/pflinfotc/531769/,PFL Infotech Ltd.,3.05
531771,Shraddha Prime Projects Ltd,Active,X,10.0,INE311M01018,,SHRADDHA,Equity,https://www.bseindia.com/stock-share-price/shraddha-prime-projects-ltd/shraddha/531771/,SHRADDHA PRIME PROJECTS LTD,612.28
531778,Kachchh Minerals Ltd,Active,XT,10.0,INE059E01010,,KACHCHH,Equity,https://www.bseindia.com/stock-share-price/kachchh-minerals-ltd/kachchh/531778/,Kachchh Minerals Ltd.,12.75
531779,Padmanabh Alloys & Polymers Ltd,Active,X,10.0,INE630U01014,,PADALPO,Equity,https://www.bseindia.com/stock-share-price/padmanabh-alloys--polymers-ltd/padalpo/531779/,Padmanabh Alloys & Polymers Ltd.,6.87
531780,Kaiser Corporation Ltd,Active,XT,1.0,INE229G01022,,KACL,Equity,https://www.bseindia.com/stock-share-price/kaiser-corporation-ltd/kacl/531780/,Kaiser Corporation Limited,32.84
531784,KCL Infra Projects Ltd,Active,X,2.0,INE469F01026,,KCLINFRA,Equity,https://www.bseindia.com/stock-share-price/kcl-infra-projects-ltd/kclinfra/531784/,KCL Infra Projects Limited,19.42
531795,Atul Auto Ltd,Active,B,5.0,INE951D01028,,ATULAUTO,Equity,https://www.bseindia.com/stock-share-price/atul-auto-ltd/atulauto/531795/,Atul Auto Limited,1608.05
531797,Scan Projects Ltd,Active,X,10.0,INE393D01015,,SCANPRO,Equity,https://www.bseindia.com/stock-share-price/scan-projects-ltd/scanpro/531797/,Scan Projects Ltd,30.33
531802,Prerna Infrabuild Ltd,Active,X,10.0,INE426H01014,,PRERINFRA,Equity,https://www.bseindia.com/stock-share-price/prerna-infrabuild-ltd/prerinfra/531802/,Prerna Infrabuild Limited,97.36
531810,Metal Coatings India Ltd,Active,X,10.0,INE161E01014,,METALCO,Equity,https://www.bseindia.com/stock-share-price/metal-coatings-india-ltd/metalco/531810/,Metal Coatings (India) Ltd.,39.06
531812,SGN Telecoms Ltd,Active,X,1.0,INE266C01023,,SGNTE,Equity,https://www.bseindia.com/stock-share-price/sgn-telecoms-ltd/sgnte/531812/,SGN Telecoms Ltd.,4.28
531813,Ganga Papers India Ltd,Active,X,10.0,INE278O01015,,GANGAPA,Equity,https://www.bseindia.com/stock-share-price/ganga-papers-india-ltd/gangapa/531813/,Ganga Papers India Ltd,100.91
531814,Tirupati Sarjan Ltd,Active,X,5.0,INE297J01023,,TIRSARJ,Equity,https://www.bseindia.com/stock-share-price/tirupati-sarjan-ltd/tirsarj/531814/,Tirupati Sarjan Ltd.,28.81
531821,Munoth Financial Services Ltd,Active,XT,10.0,INE348D01019,,MUNOTHFI,Equity,https://www.bseindia.com/stock-share-price/munoth-financial-services-ltd/munothfi/531821/,Munoth Financial Services Ltd.,22.53
531822,Rodium Realty Ltd,Active,X,10.0,INE513E01024,,RODIUM,Equity,https://www.bseindia.com/stock-share-price/rodium-realty-ltd/rodium/531822/,Rodium Realty Limited,52.16
531832,Nagarjuna Agri Tech Ltd,Active,XT,10.0,INE793H01017,,NAGTECH,Equity,https://www.bseindia.com/stock-share-price/nagarjuna-agri-tech-ltd/nagtech/531832/,Nagarjuna Agritech Ltd.,127.92
531834,Natura Hue Chem Ltd,Active,XT,10.0,INE487B01019,,NATHUEC,Equity,https://www.bseindia.com/stock-share-price/natura-hue-chem-ltd/nathuec/531834/,Natura Hue Chem Ltd.,15.20
531840,IEC Education Ltd,Active,X,10.0,INE172B01017,,IECEDU,Equity,https://www.bseindia.com/stock-share-price/iec-education-ltd/iecedu/531840/,IEC Education Limited,33.54
531841,Indus Finance Ltd,Active,XT,10.0,INE935D01013,,INDUSFINL,Equity,https://www.bseindia.com/stock-share-price/indus-finance-ltd/indusfinl/531841/,Indus Finance Limited,167.07
531842,Lahoti Overseas Ltd,Active,B,2.0,INE515C01023,,LAHOTIOV,Equity,https://www.bseindia.com/stock-share-price/lahoti-overseas-ltd/lahotiov/531842/,Lahoti Overseas Ltd.,123.13
531845,Zenith Steel Pipes & Industries Ltd,Active,B,10.0,INE318D01020,,ZENITHSTL,Equity,https://www.bseindia.com/stock-share-price/zenith-steel-pipes--industries-ltd/zenithstl/531845/,ZENITH STEEL PIPES AND  INDUSTRIES LIMITED,79.82
531846,Trinity League India Ltd,Active,X,10.0,INE884X01011,,TRINITYLEA,Equity,https://www.bseindia.com/stock-share-price/trinity-league-india-ltd/trinitylea/531846/,Trinity League India Limited,8.79
531847,Asian Star Company Ltd,Active,B,10.0,INE194D01017,,ASTAR,Equity,https://www.bseindia.com/stock-share-price/asian-star-company-ltd/astar/531847/,Asian Star Co. Ltd.,925.51
531859,Oriental Rail Infrastructure Ltd,Active,X,1.0,INE457G01029,,ORIRAIL,Equity,https://www.bseindia.com/stock-share-price/oriental-rail-infrastructure-ltd/orirail/531859/,ORIENTAL RAIL INFRASTRUCTURE LIMITED,761.79
531861,Joindre Capital Services Ltd,Active,X,10.0,INE024B01010,,JOINDRE,Equity,https://www.bseindia.com/stock-share-price/joindre-capital-services-ltd/joindre/531861/,Joindre Capital Services Ltd.,67.63
531862,Bharat Agri Fert & Realty Ltd,Active,X,1.0,INE842D01029,,BHARATAGRI,Equity,https://www.bseindia.com/stock-share-price/bharat-agri-fert--realty-ltd/bharatagri/531862/,Bharat Agri Fert and Realty Ltd,121.67
531867,Unitech International Ltd,Active,Z,10.0,INE929K01011,,UNITINT,Equity,https://www.bseindia.com/stock-share-price/unitech-international-ltd/unitint/531867/,Unitech International Ltd,3.18
531869,Sacheta Metals Ltd,Active,X,2.0,INE433G01020,,SACHEMT,Equity,https://www.bseindia.com/stock-share-price/sacheta-metals-ltd/sachemt/531869/,Sacheta Metals Ltd.,48.13
531870,Popular Estate Management Ltd,Active,X,10.0,INE370C01015,,POPULARES,Equity,https://www.bseindia.com/stock-share-price/popular-estate-management-ltd/populares/531870/,Popular Estate Management Ltd,25.20
531878,Anjani Finance Ltd,Active,X,10.0,INE283D01018,,ANJANIFIN,Equity,https://www.bseindia.com/stock-share-price/anjani-finance-ltd/anjanifin/531878/,Anjani Finance Ltd,9.61
531885,SVA India Ltd,Active,P,10.0,INE763K01014,,SVAINDIA,Equity,https://www.bseindia.com/stock-share-price/sva-india-ltd/svaindia/531885/,SVA India Ltd,2.69
531888,Rexnord Electronics & Controls Ltd,Active,XT,10.0,INE687C01012,,REXNORD,Equity,https://www.bseindia.com/stock-share-price/rexnord-electronics--controls-ltd/rexnord/531888/,Rexnord Electronics & Controls Ltd.,106.32
531889,Nurture Well Industries Ltd,Active,X,1.0,INE882B01037,,NWIL,Equity,https://www.bseindia.com/stock-share-price/nurture-well-industries-ltd/nwil/531889/,NURTURE WELL INDUSTRIES LIMITED,561.14
531892,Khandwala Securities Ltd,Active,B,10.0,INE060B01014,,KHANDSE,Equity,https://www.bseindia.com/stock-share-price/khandwala-securities-ltd/khandse/531892/,Khandwala Securities Ltd.,25.93
531893,Sawaca Enterprises Ltd,Active,X,1.0,INE248B01023,,SAWACA,Equity,https://www.bseindia.com/stock-share-price/sawaca-enterprises-ltd/sawaca/531893/,SAWACA ENTERPRISES LIMITED,16.59
531900,CCL International Ltd,Active,X,10.0,INE778E01031,,CCLINTER,Equity,https://www.bseindia.com/stock-share-price/ccl-international-ltd/cclinter/531900/,CCL International Ltd,42.68
531902,Gallops Enterprise Ltd,Active,XT,10.0,INE755J01012,,GALLOPENT,Equity,https://www.bseindia.com/stock-share-price/gallops-enterprise-ltd/gallopent/531902/,Gallops Enterprise  Limited,18.96
531909,Croissance Ltd,Active,X,1.0,INE587J01027,,CROISSANCE,Equity,https://www.bseindia.com/stock-share-price/croissance-ltd/croissance/531909/,CROISSANCE LIMITED,8.43
531910,JOJO Ltd,Active,X,10.0,INE312M01016,,JOJO,Equity,https://www.bseindia.com/stock-share-price/jojo-ltd/jojo/531910/,JOJO LIMITED,787.99
531911,Galaxy Agrico Exports Ltd,Active,X,10.0,INE803L01016,,GALAGEX,Equity,https://www.bseindia.com/stock-share-price/galaxy-agrico-exports-ltd/galagex/531911/,Galaxy Agrico Exports Ltd.,104.05
531918,Hindustan Appliances Ltd,Active,XT,10.0,INE02XD01011,,HINDAPL,Equity,https://www.bseindia.com/stock-share-price/hindustan-appliances-ltd/hindapl/531918/,Hindustan Appliances Ltd,110.28
531921,Agarwal Industrial Corporation Ltd,Active,B,10.0,INE204E01012,,AGARIND,Equity,https://www.bseindia.com/stock-share-price/agarwal-industrial-corporation-ltd/agarind/531921/,Agarwal Industrial Corporation Limited,784.39
531923,Dhampure Specialty Sugars Ltd,Active,X,10.0,INE956B01013,,DHAMPURE,Equity,https://www.bseindia.com/stock-share-price/dhampure-specialty-sugars-ltd/dhampure/531923/,Dhampure Speciality Sugars Ltd.,114.38
531925,Shantanu Sheorey Aquakult Ltd,Active,X,10.0,INE545N01019,,SHAQUAK,Equity,https://www.bseindia.com/stock-share-price/shantanu-sheorey-aquakult-ltd/shaquak/531925/,Shantanu Sheorey Aquakult ltd.,3.66
531928,Golden Carpets Ltd,Active,XT,10.0,INE595D01015,,GOLCA,Equity,https://www.bseindia.com/stock-share-price/golden-carpets-ltd/golca/531928/,Golden Carpets Limited.,8.04
531930,Sarthak Industries Ltd,Active,X,10.0,INE074H01012,,SARTHAKIND,Equity,https://www.bseindia.com/stock-share-price/sarthak-industries-ltd/sarthakind/531930/,Sarthak Industries Ltd.,24.62
531931,Sai Capital Ltd,Active,X,10.0,INE531X01018,,SAICAPI,Equity,https://www.bseindia.com/stock-share-price/sai-capital-ltd/saicapi/531931/,Sai Capital Ltd.,42.44
531936,Blue Chip India Ltd,Active,T,2.0,INE657B01025,,BLUECHIP,Equity,https://www.bseindia.com/stock-share-price/blue-chip-india-ltd/bluechip/531936/,Blue Chip India Ltd,12.50
531944,Lexoraa Industries Ltd,Active,XT,10.0,INE185D01015,,LEXORAA,Equity,https://www.bseindia.com/stock-share-price/lexoraa-industries-ltd/lexoraa/531944/,LEXORAA INDUSTRIES LIMITED,6.72
531946,Chadha Papers Ltd,Active,X,10.0,INE669W01018,,CHADPAP,Equity,https://www.bseindia.com/stock-share-price/chadha-papers-ltd/chadpap/531946/,Chadha Papers Ltd.,8.93
531950,Vertex Securities Ltd,Active,XT,2.0,INE316D01024,,VERTEX,Equity,https://www.bseindia.com/stock-share-price/vertex-securities-ltd/vertex/531950/,Vertex Securities Ltd.,23.83
531952,Riba Textiles Ltd,Active,XT,10.0,INE811H01017,,RIBATEX,Equity,https://www.bseindia.com/stock-share-price/riba-textiles-ltd/ribatex/531952/,Riba Textiles Ltd.,77.27
531959,Newtime Infrastructure Ltd,Active,X,1.0,INE997D01021,,NEWINFRA,Equity,https://www.bseindia.com/stock-share-price/newtime-infrastructure-ltd/newinfra/531959/,Newtime Infrastructure Limited,105.49
531962,Shree Metalloys Ltd,Active,X,10.0,INE914B01012,,SHREMETAL,Equity,https://www.bseindia.com/stock-share-price/shree-metalloys-ltd/shremetal/531962/,Shree Metalloys Limited,20.34
531968,IITL Projects Ltd,Active,XT,10.0,INE786E01018,,IITLPROJ,Equity,https://www.bseindia.com/stock-share-price/iitl-projects-ltd/iitlproj/531968/,IITL PROJECTS LIMITED,24.88
531977,Chartered Logistics Ltd,Active,X,1.0,INE558F01026,,CHLOGIST,Equity,https://www.bseindia.com/stock-share-price/chartered-logistics-ltd/chlogist/531977/,Chartered Logistics Ltd,106.16
531978,Ambika Cotton Mills Ltd,Active,B,10.0,INE540G01014,,AMBIKCO,Equity,https://www.bseindia.com/stock-share-price/ambika-cotton-mills-ltd/ambikco/531978/,Ambika Cotton Mills Ltd.,1047.33
531979,Hind Aluminium Industries Ltd,Active,X,10.0,INE227B01019,,HINDALUMI,Equity,https://www.bseindia.com/stock-share-price/hind-aluminium-industries-ltd/hindalumi/531979/,HIND ALUMINIUM INDUSTRIES LTD.,61.63
531982,Spectrum Foods Ltd,Active,XT,10.0,INE547C01018,,SPECFOOD,Equity,https://www.bseindia.com/stock-share-price/spectrum-foods-ltd/specfood/531982/,Spectrum Foods Limited,45.20
531989,Deccan Polypacks Ltd,Active,X,10.0,INE132E01015,,DECPO,Equity,https://www.bseindia.com/stock-share-price/deccan-polypacks-ltd/decpo/531989/,Deccan Polypacks Ltd,6.13
531991,Amraworld Agrico Ltd,Active,X,1.0,INE735C01027,,AMRAAGRI,Equity,https://www.bseindia.com/stock-share-price/amraworld-agrico-ltd/amraagri/531991/,Amraworld Agrico Ltd.,6.26
531994,Auto Pins (India) Ltd,Active,XT,10.0,INE706C01028,,AUTOPINS,Equity,https://www.bseindia.com/stock-share-price/auto-pins-(india)-ltd/autopins/531994/,Auto Pins (India) Ltd.,65.17
531996,Odyssey Corporation Ltd,Active,X,5.0,INE839E01023,,ODYCORP,Equity,https://www.bseindia.com/stock-share-price/odyssey-corporation-ltd/odycorp/531996/,Odyssey Corporation Ltd.,55.13
531997,Ikoma Technologies Ltd,Active,XT,10.0,INE164D01010,,IKOMA,Equity,https://www.bseindia.com/stock-share-price/ikoma-technologies-ltd/ikoma/531997/,IKOMA TECHNOLOGIES LIMITED,152.62
532001,Inducto Steel Ltd,Active,X,10.0,INE146H01018,,INDCTST,Equity,https://www.bseindia.com/stock-share-price/inducto-steel-ltd/indctst/532001/,Inducto Steels ltd.,22.09
532005,Sam Industries Ltd,Active,X,10.0,INE653D01012,,SAMINDUS,Equity,https://www.bseindia.com/stock-share-price/sam-industries-ltd/samindus/532005/,Sam Industries Ltd.,43.41
532007,Shree Vatsaa Finance & leasing Ltd,Active,X,10.0,INE981C01019,,SHVFL,Equity,https://www.bseindia.com/stock-share-price/shree-vatsaa-finance--leasing-ltd/shvfl/532007/,Shree Vatsaa Finance & Leasing Ltd.,23.74
532011,Vashu Bhagnani Industries Ltd,Active,X,10.0,INE147C01017,,POOJAENT,Equity,https://www.bseindia.com/stock-share-price/vashu-bhagnani-industries-ltd/poojaent/532011/,VASHU BHAGNANI INDUSTRIES LIMITED,461.17
532015,Gravity India Ltd,Active,XT,10.0,INE995A01013,,GRAVITY,Equity,https://www.bseindia.com/stock-share-price/gravity-india-ltd/gravity/532015/,Gravity (India) Ltd.,85.66
532016,Espire Hospitality Limited,Active,X,10.0,INE176O01011,,ESPIRE,Equity,https://www.bseindia.com/stock-share-price/espire-hospitality-limited/espire/532016/,ESPIRE HOSPITALITY LIMITED,243.16
532019,LCC Infotech Ltd,Active,B,2.0,INE938A01021,,LCCINFOTEC,Equity,https://www.bseindia.com/stock-share-price/lcc-infotech-ltd/lccinfotec/532019/,LCC Infotech Ltd.,65.58
532022,Filatex Fashions Ltd,Active,T,1.0,INE185E01021,,FILATFASH,Equity,https://www.bseindia.com/stock-share-price/filatex-fashions-ltd/filatfash/532022/,Filatex Fashions Ltd,158.35
532024,Aarcon Facilities Ltd,Active,P,10.0,INE056J01015,,AARCON,Equity,https://www.bseindia.com/stock-share-price/aarcon-facilities-ltd/aarcon/532024/,AARCON FACILITIES LIMITED,8.99
532029,Sindhu Trade Links Ltd,Active,B,1.0,INE325D01025,,SINDHUTRAD,Equity,https://www.bseindia.com/stock-share-price/sindhu-trade-links-ltd/sindhutrad/532029/,Sindhu Trade Links Limited,3733.01
532039,Zenotech Laboratories Ltd,Active,X,10.0,INE486F01012,,ZENOTECH,Equity,https://www.bseindia.com/stock-share-price/zenotech-laboratories-ltd/zenotech/532039/,Zenotech Laboratories Limited,270.24
532041,Hindustan Bio Sciences Ltd,Active,X,2.0,INE597C01021,,HINDBIO,Equity,https://www.bseindia.com/stock-share-price/hindustan-bio-sciences-ltd/hindbio/532041/,Hindustan Bio Sciences Ltd.,7.20
532042,Frontline Corporation Ltd,Active,X,10.0,INE092D01013,,FRONTCORP,Equity,https://www.bseindia.com/stock-share-price/frontline-corporation-ltd/frontcorp/532042/,Frontline Corporation Limited,17.25
532051,Swelect Energy Systems Ltd,Active,B,10.0,INE409B01013,,SWELECTES,Equity,https://www.bseindia.com/stock-share-price/swelect-energy-systems-ltd/swelectes/532051/,Swelect Energy Systems Limited,1007.60
532053,Wallfort Financial Services Ltd,Active,X,10.0,INE121B01014,,WALLFORT,Equity,https://www.bseindia.com/stock-share-price/wallfort-financial-services-ltd/wallfort/532053/,Wallfort Financial Services Ltd.,74.79
532054,KDDL Ltd,Active,B,10.0,INE291D01011,,KDDL,Equity,https://www.bseindia.com/stock-share-price/kddl-ltd/kddl/532054/,KDDL Ltd,4547.60
532056,Trustedge Capital Ltd,Active,X,10.0,INE398H01015,,TRUSTEDGE,Equity,https://www.bseindia.com/stock-share-price/trustedge-capital-ltd/trustedge/532056/,Trustedge Capital Limited,123.56
532057,Abhinav Capital Services Ltd,Active,X,10.0,INE516F01016,,ABHICAP,Equity,https://www.bseindia.com/stock-share-price/abhinav-capital-services-ltd/abhicap/532057/,Abhinav Capital Services Limited,75.10
532067,3B BlackBio Dx Ltd,Active,B,10.0,INE994E01018,,3BBLACKBIO,Equity,https://www.bseindia.com/stock-share-price/3b-blackbio-dx-ltd/3bblackbio/532067/,3B BlackBio Dx Limited,1033.35
532070,Gujjubhai Industries Ltd,Active,X,10.0,INE311N01016,,GUJJUBHAI,Equity,https://www.bseindia.com/stock-share-price/gujjubhai-industries-ltd/gujjubhai/532070/,GUJJUBHAI INDUSTRIES LIMITED,306.39
532078,Monind Ltd,Active,XT,10.0,INE407E01029,,MONIND,Equity,https://www.bseindia.com/stock-share-price/monind-ltd/monind/532078/,MONIND LIMITED,9.30
532083,Shri Kalyan Holdings Ltd,Active,XT,10.0,INE079N01019,,SHKALYN,Equity,https://www.bseindia.com/stock-share-price/shri-kalyan-holdings-ltd/shkalyn/532083/,Shri Kalyan Holdings Ltd.,3.27
532090,Atvo Enterprises Ltd,Active,XT,1.0,INE219M01021,,ATVOENT,Equity,https://www.bseindia.com/stock-share-price/atvo-enterprises-ltd/atvoent/532090/,Atvo Enterprises Limited,347.70
532092,Epuja Spiritech Ltd,Active,X,1.0,INE807D01030,,EPUJA,Equity,https://www.bseindia.com/stock-share-price/epuja-spiritech-ltd/epuja/532092/,EPUJA SPIRITECH LIMITED,15.38
532100,Indo City Infotech Ltd,Active,XT,10.0,INE456B01014,,INDOCITY,Equity,https://www.bseindia.com/stock-share-price/indo-city-infotech-ltd/indocity/532100/,Indo-City Infotech Ltd.,12.81
532102,SBEC Sugar Ltd,Active,XT,10.0,INE948G01019,,SBECSUG,Equity,https://www.bseindia.com/stock-share-price/sbec-sugar-ltd/sbecsug/532102/,SBEC Sugar Ltd.,309.32
532113,Brijlaxmi Leasing & Finance Ltd,Active,X,10.0,INE957E01031,,BRIJLEAS,Equity,https://www.bseindia.com/stock-share-price/brijlaxmi-leasing--finance-ltd/brijleas/532113/,Brijlaxmi Leasing & Finance ltd.,6.00
532123,BSEL Algo Ltd,Active,X,10.0,INE395A01016,,BSELALGO,Equity,https://www.bseindia.com/stock-share-price/bsel-algo-ltd/bselalgo/532123/,BSEL ALGO LIMITED,34.65
532124,Reliable Ventures India Ltd,Active,XT,10.0,INE419H01019,,RELIABVEN,Equity,https://www.bseindia.com/stock-share-price/reliable-ventures-india-ltd/reliabven/532124/,Reliable Ventures India Ltd,27.81
532131,Triumph International Finance India Ltd,Active,X,10.0,INE382B01012,,TRIUMPIN,Equity,https://www.bseindia.com/stock-share-price/triumph-international-finance-india-ltd/triumpin/532131/,Triumph International Finance India,14.85
532134,Bank of Baroda,Active,A,2.0,INE028A01039,,BANKBARODA,Equity,https://www.bseindia.com/stock-share-price/bank-of-baroda/bankbaroda/532134/,Bank Of Baroda,129284.05
532138,SMC Credits Ltd,Active,XT,10.0,INE440E01012,,SMCREDT,Equity,https://www.bseindia.com/stock-share-price/smc-credits-ltd/smcredt/532138/,SMC Credits ltd.,
532140,Mohite Industries Ltd,Active,X,1.0,INE154B01023,,MOHITE,Equity,https://www.bseindia.com/stock-share-price/mohite-industries-ltd/mohite/532140/,Mohite Industries Limited,55.07
532141,Andhra Cements Ltd,Active,B,10.0,INE666E01020,,ACL,Equity,https://www.bseindia.com/stock-share-price/andhra-cements-ltd/acl/532141/,Andhra Cement Ltd.,438.56
532143,SKM Egg Products Export (India) Ltd,Active,B,5.0,INE411D01023,,SKMEGGPROD,Equity,https://www.bseindia.com/stock-share-price/skm-egg-products-export-(india)-ltd/skmeggprod/532143/,SKM Egg Products Exports (India) Lt,1250.15
532144,Welspun Corp Ltd,Active,A,5.0,INE191B01025,,WELCORP,Equity,https://www.bseindia.com/stock-share-price/welspun-corp-ltd/welcorp/532144/,Welspun Corp Limited,47939.99
532145,H S India Ltd,Active,X,10.0,INE731B01010,,HOTLSILV,Equity,https://www.bseindia.com/stock-share-price/h-s-india-ltd/hotlsilv/532145/,H.S.India Ltd.,18.02
532149,Bank of India,Active,A,10.0,INE084A01016,,BANKINDIA,Equity,https://www.bseindia.com/stock-share-price/bank-of-india/bankindia/532149/,Bank of India,64875.52
532150,Indraprastha Medical Corporation Ltd,Active,A,10.0,INE681B01017,,INDRAMEDCO,Equity,https://www.bseindia.com/stock-share-price/indraprastha-medical-corporation-ltd/indramedco/532150/,Indraprastha Medical Corporation Lt,3322.69
532154,Johnson Pharmacare Ltd,Active,X,1.0,INE560F01022,,JOHNPHARMA,Equity,https://www.bseindia.com/stock-share-price/johnson-pharmacare-ltd/johnpharma/532154/,JOHNSON PHARMACARE LIMITED,25.85
532155,Gail (India) Ltd,Active,A,10.0,INE129A01019,,GAIL,Equity,https://www.bseindia.com/stock-share-price/gail-(india)-ltd/gail/532155/,Gail (India) Ltd.,115721.75
532156,Vaibhav Global Ltd,Active,B,2.0,INE884A01027,,VAIBHAVGBL,Equity,https://www.bseindia.com/stock-share-price/vaibhav-global-ltd/vaibhavgbl/532156/,Vaibhav Global Ltd,4057.45
532159,Trescon Ltd,Active,X,10.0,INE088D01011,,TRESCON,Equity,https://www.bseindia.com/stock-share-price/trescon-ltd/trescon/532159/,TRESCON LIMITED,53.68
532160,Gujarat State Financial Corporation,Active,B,10.0,INE944A01011,,GUJSTATFIN,Equity,https://www.bseindia.com/stock-share-price/gujarat-state-financial-corporation/gujstatfin/532160/,Gujarat State Financial corporation,92.77
532162,JK Paper Ltd,Active,A,10.0,INE789E01012,,JKPAPER,Equity,https://www.bseindia.com/stock-share-price/jk-paper-ltd/jkpaper/532162/,JK Paper Ltd.,7080.50
532163,Saregama India Ltd,Active,A,1.0,INE979A01025,,SAREGAMA,Equity,https://www.bseindia.com/stock-share-price/saregama-india-ltd/saregama/532163/,Saregama India Ltd.,10183.23
532164,Minolta Finance Ltd,Active,XT,1.0,INE514C01026,,MINOLTAF,Equity,https://www.bseindia.com/stock-share-price/minolta-finance-ltd/minoltaf/532164/,Minolta Finance Ltd.,62.50
532167,Omkar Pharmachem Ltd,Active,X,10.0,INE501C01015,,OMKARPH,Equity,https://www.bseindia.com/stock-share-price/omkar-pharmachem-ltd/omkarph/532167/,Omkar Pharmachem Ltd.,16.01
532172,Adroit Infotech Ltd,Active,B,10.0,INE737B01033,,ADROITINFO,Equity,https://www.bseindia.com/stock-share-price/adroit-infotech-ltd/adroitinfo/532172/,Adroit Infotech Limited,54.90
532173,CyberTech Systems and Software Ltd,Active,T,10.0,INE214A01019,,CYBERTECH,Equity,https://www.bseindia.com/stock-share-price/cybertech-systems-and-software-ltd/cybertech/532173/,Cybertech Systems and Software Ltd.,420.32
532174,ICICI Bank Ltd,Active,A,2.0,INE090A01021,,ICICIBANK,Equity,https://www.bseindia.com/stock-share-price/icici-bank-ltd/icicibank/532174/,ICICI Bank Ltd.,1059800.56
532175,Cyient Ltd,Active,A,5.0,INE136B01020,,CYIENT,Equity,https://www.bseindia.com/stock-share-price/cyient-ltd/cyient/532175/,Cyient Limited,9495.96
532178,Engineers India Ltd,Active,A,5.0,INE510A01028,,ENGINERSIN,Equity,https://www.bseindia.com/stock-share-price/engineers-india-ltd/enginersin/532178/,Engineers India Ltd.,13618.29
532180,Dhanlaxmi Bank Ltd,Active,B,10.0,INE680A01011,,DHANBANK,Equity,https://www.bseindia.com/stock-share-price/dhanlaxmi-bank-ltd/dhanbank/532180/,Dhanlaxmi Bank Limited,1290.67
532181,Gujarat Mineral Development Corporation Ltd,Active,A,2.0,INE131A01031,,GMDCLTD,Equity,https://www.bseindia.com/stock-share-price/gujarat-mineral-development-corporation-ltd/gmdcltd/532181/,Gujarat Mineral Development Corpora,18979.83
532183,Gayatri Sugars Ltd,Active,X,10.0,INE622E01023,,GAYATRI,Equity,https://www.bseindia.com/stock-share-price/gayatri-sugars-ltd/gayatri/532183/,Gayatri Sugars Ltd.,61.60
532187,Indusind Bank Ltd,Active,A,10.0,INE095A01012,,INDUSINDBK,Equity,https://www.bseindia.com/stock-share-price/indusind-bank-ltd/indusindbk/532187/,IndusInd Bank Ltd.,78380.75
532189,India Tourism Development Corporation Ltd,Active,B,10.0,INE353K01014,,ITDC,Equity,https://www.bseindia.com/stock-share-price/india-tourism-development-corporation-ltd/itdc/532189/,India Tourism Development Corporati,6082.34
532209,Jammu & Kashmir Bank Ltd,Active,A,1.0,INE168A01041,,J&KBANK,Equity,https://www.bseindia.com/stock-share-price/jammu--kashmir-bank-ltd/jkbank/532209/,Jammu and Kashmir Bank Ltd.,17629.93
532210,City Union Bank Ltd,Active,A,1.0,INE491A01021,,CUB,Equity,https://www.bseindia.com/stock-share-price/city-union-bank-ltd/cub/532210/,CITY UNION BANK LIMITED,20652.96
532212,Archies Ltd,Active,B,2.0,INE731A01020,,ARCHIES,Equity,https://www.bseindia.com/stock-share-price/archies-ltd/archies/532212/,Archies Ltd.,48.61
532215,AXIS Bank Ltd,Active,A,2.0,INE238A01034,,AXISBANK,Equity,https://www.bseindia.com/stock-share-price/axis-bank-ltd/axisbank/532215/,AXIS Bank Ltd.,389853.96
532216,HB Stockholdings Ltd,Active,B,10.0,INE550B01022,,HBSL,Equity,https://www.bseindia.com/stock-share-price/hb-stockholdings-ltd/hbsl/532216/,HB Stockholdings Ltd.,41.40
532217,CMX Holdings Ltd,Active,X,10.0,INE027F01014,,CMXLTD,Equity,https://www.bseindia.com/stock-share-price/cmx-holdings-ltd/cmxltd/532217/,CMX HOLDINGS LIMITED,20.57
532218,South Indian Bank Ltd,Active,A,1.0,INE683A01023,,SOUTHBANK,Equity,https://www.bseindia.com/stock-share-price/south-indian-bank-ltd/southbank/532218/,South Indian Bank Ltd.,12423.29
532219,Energy Development Company Ltd,Active,B,10.0,INE306C01019,,ENERGYDEV,Equity,https://www.bseindia.com/stock-share-price/energy-development-company-ltd/energydev/532219/,Energy Development Company Ltd.,80.28
532221,Sonata Software Ltd,Active,A,1.0,INE269A01021,,SONATSOFTW,Equity,https://www.bseindia.com/stock-share-price/sonata-software-ltd/sonatsoftw/532221/,Sonata Software Ltd.,9347.96
532230,Bengal Tea & Fabrics Ltd,Active,X,10.0,INE665D01016,,BENGALT,Equity,https://www.bseindia.com/stock-share-price/bengal-tea--fabrics-ltd/bengalt/532230/,Bengal Tea & fabrics Ltd.,126.98
532234,National Aluminium Company Ltd,Active,A,5.0,INE139A01034,,NATIONALUM,Equity,https://www.bseindia.com/stock-share-price/national-aluminium-company-ltd/nationalum/532234/,National Aluminium Co. Ltd.,69975.67
532240,India Nippon Electricals Ltd,Active,B,5.0,INE092B01025,,INDNIPPON,Equity,https://www.bseindia.com/stock-share-price/india-nippon-electricals-ltd/indnippon/532240/,India Nippon Electricals Ltd,2607.23
532256,Nalwa Sons Investments Ltd,Active,B,10.0,INE023A01030,,NSIL,Equity,https://www.bseindia.com/stock-share-price/nalwa-sons-investments-ltd/nsil/532256/,Nalwa Sons Investment Ltd,2930.57
532259,Apar Industries Ltd,Active,A,10.0,INE372A01015,,APARINDS,Equity,https://www.bseindia.com/stock-share-price/apar-industries-ltd/aparinds/532259/,Apar Industries Ltd,64766.69
532262,TCI Industries Ltd,Active,X,10.0,INE920B01019,,TCIIND,Equity,https://www.bseindia.com/stock-share-price/tci-industries-ltd/tciind/532262/,TCI Industries Ltd.,114.88
532268,Accelya Solutions India Ltd,Active,B,10.0,INE793A01012,,ACCELYA,Equity,https://www.bseindia.com/stock-share-price/accelya-solutions-india-ltd/accelya/532268/,ACCELYA SOLUTIONS INDIA LIMITED,1702.34
532271,Orchasp Ltd,Active,B,2.0,INE215B01022,,ORCHASP,Equity,https://www.bseindia.com/stock-share-price/orchasp-ltd/orchasp/532271/,ORCHASP LIMITED,55.77
532275,Landmarc Leisure Corporation Ltd,Active,X,1.0,INE394C01023,,LANDMARC,Equity,https://www.bseindia.com/stock-share-price/landmarc-leisure-corporation-ltd/landmarc/532275/,Landmarc Leisure Corporation Ltd.,188.16
532281,HCL Technologies Ltd,Active,A,2.0,INE860A01027,,HCLTECH,Equity,https://www.bseindia.com/stock-share-price/hcl-technologies-ltd/hcltech/532281/,HCL Technologies Ltd,363902.49
532284,TCFC Finance Ltd,Active,X,10.0,INE389D01013,,TCFCFINQ,Equity,https://www.bseindia.com/stock-share-price/tcfc-finance-ltd/tcfcfinq/532284/,TCFC Finance Ltd,27.14
532285,Geojit Financial Services Ltd,Active,B,1.0,INE007B01023,,GEOJITFSL,Equity,https://www.bseindia.com/stock-share-price/geojit-financial-services-ltd/geojitfsl/532285/,Geojit Financial Services Limited,2186.64
532286,Jindal Steel Ltd,Active,A,1.0,INE749A01030,,JINDALSTEL,Equity,https://www.bseindia.com/stock-share-price/jindal-steel-ltd/jindalstel/532286/,JINDAL STEEL LIMITED,112209.69
532290,BLB Ltd,Active,B,1.0,INE791A01024,,BLBLIMITED,Equity,https://www.bseindia.com/stock-share-price/blb-ltd/blblimited/532290/,BLB Limited,84.74
532296,Glenmark Pharmaceuticals Ltd,Active,A,1.0,INE935A01035,,GLENMARK,Equity,https://www.bseindia.com/stock-share-price/glenmark-pharmaceuticals-ltd/glenmark/532296/,Glenmark Pharmaceuticals ltd,64877.97
532300,Wockhardt Ltd,Active,A,5.0,INE049B01025,,WOCKPHARMA,Equity,https://www.bseindia.com/stock-share-price/wockhardt-ltd/wockpharma/532300/,Wockhardt Ltd,32058.40
532303,Integrated Hitech Ltd,Active,X,10.0,INE934A01012,,INTEGHIT,Equity,https://www.bseindia.com/stock-share-price/integrated-hitech-ltd/integhit/532303/,Integrated Hi-tech ltd.,4.00
532304,KJMC Corporate Advisors (India) Ltd,Active,X,10.0,INE602C01011,,KJMCCORP,Equity,https://www.bseindia.com/stock-share-price/kjmc-corporate-advisors-(india)-ltd/kjmccorp/532304/,KJMC Corporate Advisors (India) Ltd.,21.16
532305,Ind-Swift Laboratories Ltd,Active,B,10.0,INE915B01019,,INDSWFTLAB,Equity,https://www.bseindia.com/stock-share-price/ind-swift-laboratories-ltd/indswftlab/532305/,Ind-Swift Laboratories Ltd.,1967.51
532309,GE Power India Ltd,Active,B,10.0,INE878A01011,,GVPIL,Equity,https://www.bseindia.com/stock-share-price/ge-power-india-ltd/gvpil/532309/,GE Power India Limited,4888.78
532310,Shree Rama Multi-Tech Ltd,Active,B,5.0,INE879A01019,,SHREERAMA,Equity,https://www.bseindia.com/stock-share-price/shree-rama-multi-tech-ltd/shreerama/532310/,Shree Rama Multi-tech Ltd.,508.25
532313,Mahindra Lifespace Developers Ltd,Active,A,10.0,INE813A01018,,MAHLIFE,Equity,https://www.bseindia.com/stock-share-price/mahindra-lifespace-developers-ltd/mahlife/532313/,Mahindra Lifespace Developers Ltd.,8252.23
532315,Groarc Industries India Ltd,Active,X,10.0,INE042B01012,,GROARC,Equity,https://www.bseindia.com/stock-share-price/groarc-industries-india-ltd/groarc/532315/,GROARC INDUSTRIES INDIA LIMITED,12.05
532320,Vaarad Ventures Ltd,Active,X,1.0,INE418B01048,,VAARAD,Equity,https://www.bseindia.com/stock-share-price/vaarad-ventures-ltd/vaarad/532320/,Vaarad Ventures Ltd,217.67
532321,Zydus Lifesciences Ltd,Active,A,1.0,INE010B01027,,ZYDUSLIFE,Equity,https://www.bseindia.com/stock-share-price/zydus-lifesciences-ltd/zyduslife/532321/,Zydus Lifesciences Limited,110348.86
532323,Shiva Cement Ltd,Active,X,2.0,INE555C01029,,SHIVACEM,Equity,https://www.bseindia.com/stock-share-price/shiva-cement-ltd/shivacem/532323/,Shiva Cement Ltd.,502.39
532324,Cinevista Ltd,Active,B,2.0,INE039B01026,,CINEVISTA,Equity,https://www.bseindia.com/stock-share-price/cinevista-ltd/cinevista/532324/,Cinevista Limited,84.32
532326,Intense Technologies Ltd,Active,B,2.0,INE781A01025,,INTENTECH,Equity,https://www.bseindia.com/stock-share-price/intense-technologies-ltd/intentech/532326/,Intense Technologies,197.59
532329,Danlaw Technologies India Ltd,Active,XT,10.0,INE310B01013,,DANLAW,Equity,https://www.bseindia.com/stock-share-price/danlaw-technologies-india-ltd/danlaw/532329/,Danlaw Technologies India Ltd.,555.86
532331,Ajanta Pharma Ltd,Active,A,2.0,INE031B01049,,AJANTPHARM,Equity,https://www.bseindia.com/stock-share-price/ajanta-pharma-ltd/ajantpharm/532331/,Ajanta Pharma Ltd.,43385.77
532332,Cura Technologies Ltd,Active,B,10.0,INE117B01020,,CURAA,Equity,https://www.bseindia.com/stock-share-price/cura-technologies-ltd/curaa/532332/,Cura Technologies Limited,74.25
532333,HB Portfolio Ltd,Active,X,10.0,INE638B01025,,HBPOR,Equity,https://www.bseindia.com/stock-share-price/hb-portfolio-ltd/hbpor/532333/,HB Portfolio Ltd.,60.18
532334,HB Estate Developers Ltd,Active,B,10.0,INE640B01021,,HBESD,Equity,https://www.bseindia.com/stock-share-price/hb-estate-developers-ltd/hbesd/532334/,HB Estate Developers Ltd.,175.18
532335,Ambica Agarbathies & Aroma Industries Ltd,Active,B,10.0,INE792B01012,,AMBICAAGAR,Equity,https://www.bseindia.com/stock-share-price/ambica-agarbathies--aroma-industries-ltd/ambicaagar/532335/,Ambica Agarbathies & Aroma Ind. Ltd.,43.54
532339,Compucom Software Ltd,Active,B,2.0,INE453B01029,,COMPUSOFT,Equity,https://www.bseindia.com/stock-share-price/compucom-software-ltd/compusoft/532339/,Compucom Software Lt.,102.86
532340,Omni AXs Software Ltd,Active,X,10.0,INE369B01019,,OMNIAX,Equity,https://www.bseindia.com/stock-share-price/omni-axs-software-ltd/omniax/532340/,Omni Axs Software Ltd.,3.08
532341,IZMO Ltd,Active,B,10.0,INE848A01014,,IZMO,Equity,https://www.bseindia.com/stock-share-price/izmo-ltd/izmo/532341/,IZMO Limited,1537.48
532343,TVS Motor Company Ltd,Active,A,1.0,INE494B01023,,TVSMOTOR,Equity,https://www.bseindia.com/stock-share-price/tvs-motor-company-ltd/tvsmotor/532343/,TVS Motor Company Ltd.,208943.31
532344,Madala Holdings Ltd,Active,X,10.0,INE002B01016,,MADALA,Equity,https://www.bseindia.com/stock-share-price/madala-holdings-ltd/madala/532344/,MADALA HOLDINGS LIMITED,286.93
532348,Subex Ltd,Active,T,5.0,INE754A01055,,SUBEXLTD,Equity,https://www.bseindia.com/stock-share-price/subex-ltd/subexltd/532348/,Subex  Ltd,792.99
532349,Transport Corporation of India Ltd,Active,B,2.0,INE688A01022,,TCI,Equity,https://www.bseindia.com/stock-share-price/transport-corporation-of-india-ltd/tci/532349/,Transport Corporation of India Ltd,7136.84
532350,Padmalaya Telefilms Ltd,Active,Z,10.0,INE243B01016,,PADMALAYAT,Equity,https://www.bseindia.com/stock-share-price/padmalaya-telefilms-ltd/padmalayat/532350/,Padmalaya Telefilms Ltd.,6.77
532351,Aksh Optifibre Ltd,Active,T,5.0,INE523B01011,,AKSHOPTFBR,Equity,https://www.bseindia.com/stock-share-price/aksh-optifibre-ltd/akshoptfbr/532351/,Aksh Optifibre Ltd.,107.38
532354,Virgo Global Ltd,Active,XT,4.0,INE400B01020,,VIRGOGLOB,Equity,https://www.bseindia.com/stock-share-price/virgo-global-ltd/virgoglob/532354/,Virgo Global Limited,2.86
532355,Picturehouse Media Ltd,Active,X,10.0,INE448B01029,,PICTUREHS,Equity,https://www.bseindia.com/stock-share-price/picturehouse-media-ltd/picturehs/532355/,Picturehouse Media Limited,43.11
532356,Triveni Engineering & Industries Ltd,Active,A,1.0,INE256C01024,,TRIVENI,Equity,https://www.bseindia.com/stock-share-price/triveni-engineering--industries-ltd/triveni/532356/,Triveni Engineering & Industries Ltd,5085.98
532357,Mukta Arts Ltd,Active,T,5.0,INE374B01019,,MUKTAARTS,Equity,https://www.bseindia.com/stock-share-price/mukta-arts-ltd/muktaarts/532357/,Mukta Arts Ltd.,123.95
532359,Hit Kit Global Solutions Ltd,Active,X,2.0,INE309B01023,,HITKITGLO,Equity,https://www.bseindia.com/stock-share-price/hit-kit-global-solutions-ltd/hitkitglo/532359/,Hit Kit Global Solutions Ltd,14.77
532362,Nagpur Power & Industries Ltd,Active,X,10.0,INE099E01016,,NAGPI,Equity,https://www.bseindia.com/stock-share-price/nagpur-power--industries-ltd/nagpi/532362/,Nagpur Power & Industries Ltd,217.19
532365,Dynacons Systems & Solutions Ltd,Active,B,10.0,INE417B01040,,DSSL,Equity,https://www.bseindia.com/stock-share-price/dynacons-systems--solutions-ltd/dssl/532365/,Dynacons Systems & Solutions Ltd.,1578.95
532366,PNB Gilts Ltd,Active,B,10.0,INE859A01011,,PNBGILTS,Equity,https://www.bseindia.com/stock-share-price/pnb-gilts-ltd/pnbgilts/532366/,PNB Gilts Ltd,1479.86
532368,Brightcom Group Ltd,Active,B,2.0,INE425B01027,,BCG,Equity,https://www.bseindia.com/stock-share-price/brightcom-group-ltd/bcg/532368/,BRIGHTCOM GROUP LIMITED,1864.56
532369,Ramco Industries Ltd,Active,B,1.0,INE614A01028,,RAMCOIND,Equity,https://www.bseindia.com/stock-share-price/ramco-industries-ltd/ramcoind/532369/,Ramco Industries Ltd,2895.73
532370,Ramco Systems Ltd,Active,B,10.0,INE246B01019,,RAMCOSYS,Equity,https://www.bseindia.com/stock-share-price/ramco-systems-ltd/ramcosys/532370/,Ramco Systems Ltd,2350.73
532371,Tata Teleservices (Maharashtra) Ltd,Active,A,10.0,INE517B01013,,TTML,Equity,https://www.bseindia.com/stock-share-price/tata-teleservices-(maharashtra)-ltd/ttml/532371/,Tata Teleservices (Maharashtra) Ltd.,7737.60
532372,Virinchi Ltd,Active,B,10.0,INE539B01017,,VIRINCHI,Equity,https://www.bseindia.com/stock-share-price/virinchi-ltd/virinchi/532372/,Virinchi Limited,170.70
532373,WEP Solutions Ltd,Active,X,10.0,INE434B01029,,WEPSOLN,Equity,https://www.bseindia.com/stock-share-price/wep-solutions-ltd/wepsoln/532373/,WEP Solutions Ltd,116.42
532374,Sterlite Technologies Ltd,Active,T,2.0,INE089C01029,,STLTECH,Equity,https://www.bseindia.com/stock-share-price/sterlite-technologies-ltd/stltech/532374/,Sterlite Technologies Limited.,32589.68
532375,Tips Music Ltd,Active,A,1.0,INE716B01029,,TIPSMUSIC,Equity,https://www.bseindia.com/stock-share-price/tips-music-ltd/tipsmusic/532375/,TIPS MUSIC LIMITED,8362.74
532376,Umiya Buildcon Ltd,Active,B,5.0,INE398B01018,,UMIYA-MRO,Equity,https://www.bseindia.com/stock-share-price/umiya-buildcon-ltd/umiya-mro/532376/,UMIYA BUILDCON LIMITED,170.87
532378,Universal Arts Ltd,Active,X,10.0,INE464B01018,,UNIVARTS,Equity,https://www.bseindia.com/stock-share-price/universal-arts-ltd/univarts/532378/,Universal Arts Ltd,4.58
532379,First Fintec Ltd,Active,XT,10.0,INE683B01047,,FIRSTFIN,Equity,https://www.bseindia.com/stock-share-price/first-fintec-ltd/firstfin/532379/,FIRST FINTEC LIMITED,6.96
532380,Baba Arts Ltd,Active,X,1.0,INE893A01036,,BABA,Equity,https://www.bseindia.com/stock-share-price/baba-arts-ltd/baba/532380/,Baba Arts Ltd,78.70
532382,Balaji Telefilms Ltd,Active,B,2.0,INE794B01026,,BALAJITELE,Equity,https://www.bseindia.com/stock-share-price/balaji-telefilms-ltd/balajitele/532382/,Balaji Telefilms Ltd.,1045.19
532384,Tyche Industries Ltd,Active,X,10.0,INE443B01012,,TYCHE,Equity,https://www.bseindia.com/stock-share-price/tyche-industries-ltd/tyche/532384/,Tyche Industries Ltd.,129.15
532386,California Software Company Ltd,Active,T,10.0,INE526B01014,,CALSOFT,Equity,https://www.bseindia.com/stock-share-price/california-software-company-ltd/calsoft/532386/,California Software Co. Ltd.,76.03
532387,Pritish Nandy Communications Ltd,Active,B,10.0,INE392B01011,,PNC,Equity,https://www.bseindia.com/stock-share-price/pritish-nandy-communications-ltd/pnc/532387/,Pritish Nandy Communications Ltd,28.63
532388,Indian Overseas Bank,Active,A,10.0,INE565A01014,,IOB,Equity,https://www.bseindia.com/stock-share-price/indian-overseas-bank/iob/532388/,Indian Overseas Bank,67051.45
532390,Taj Gvk Hotels & Resorts Ltd,Active,B,2.0,INE586B01026,,TAJGVK,Equity,https://www.bseindia.com/stock-share-price/taj-gvk-hotels--resorts-ltd/tajgvk/532390/,Taj GVK Hotels & Resorts Ltd.,2311.18
532392,Creative Eye Ltd,Active,B,5.0,INE230B01021,,CREATIVEYE,Equity,https://www.bseindia.com/stock-share-price/creative-eye-ltd/creativeye/532392/,Creative Eye Ltd.,12.86
532395,Axiscades Technologies Ltd,Active,B,5.0,INE555B01013,,AXISCADES,Equity,https://www.bseindia.com/stock-share-price/axiscades-technologies-ltd/axiscades/532395/,AXISCADES TECHNOLOGIES LIMITED,6940.84
532397,Konndor Industries Ltd,Active,XT,10.0,INE971A01014,,KONNDOR,Equity,https://www.bseindia.com/stock-share-price/konndor-industries-ltd/konndor/532397/,KONNDOR INDUSTRIES LIMITED,8.44
532398,Usha Martin Education & Solutions Ltd,Active,B,1.0,INE240C01028,,UMESLTD,Equity,https://www.bseindia.com/stock-share-price/usha-martin-education--solutions-ltd/umesltd/532398/,Usha Martin Education & Solutions Limited,14.40
532400,Birlasoft Ltd,Active,A,2.0,INE836A01035,,BSOFT,Equity,https://www.bseindia.com/stock-share-price/birlasoft-ltd/bsoft/532400/,BIRLASOFT LIMITED,8896.86
532402,USG Tech Solutions Ltd,Active,XT,10.0,INE718B01017,,USGTECH,Equity,https://www.bseindia.com/stock-share-price/usg-tech-solutions-ltd/usgtech/532402/,USG Tech Solutions Ltd,38.90
532403,Fourth Generation Information Systems Ltd,Active,XT,10.0,INE739B01039,,4THGEN,Equity,https://www.bseindia.com/stock-share-price/fourth-generation-information-systems-ltd/4thgen/532403/,Fourth Generation Information Systems Ltd,1.88
532404,Saven Technologies Ltd,Active,X,1.0,INE856B01023,,7TEC,Equity,https://www.bseindia.com/stock-share-price/saven-technologies-ltd/7tec/532404/,Saven Technologies Ltd.,34.71
532406,Avantel Ltd,Active,A,2.0,INE005B01027,,AVANTEL,Equity,https://www.bseindia.com/stock-share-price/avantel-ltd/avantel/532406/,Avantel Limited,4369.61
532407,Moschip Technologies Ltd,Active,A,2.0,INE935B01025,,MOSCHIP,Equity,https://www.bseindia.com/stock-share-price/moschip-technologies-ltd/moschip/532407/,MOSCHIP TECHNOLOGIES LIMITED,4070.46
532408,Sigma Advanced Systems Ltd,Active,T,10.0,INE933B01012,,SIGMAADV,Equity,https://www.bseindia.com/stock-share-price/sigma-advanced-systems-ltd/sigmaadv/532408/,SIGMA ADVANCED SYSTEMS LIMITED,12231.04
532410,Transcorp International Ltd,Active,X,2.0,INE330E01023,,TRANSCOR,Equity,https://www.bseindia.com/stock-share-price/transcorp-international-ltd/transcor/532410/,Transcorp International Ltd.,81.28
532413,Cerebra Integrated Technologies Ltd,Active,Z,10.0,INE345B01019,,CEREBRAINT,Equity,https://www.bseindia.com/stock-share-price/cerebra-integrated-technologies-ltd/cerebraint/532413/,Cerebra Integrated Technologies Ltd.,34.30
532416,Next Mediaworks Ltd,Active,B,10.0,INE747B01016,,NEXTMEDIA,Equity,https://www.bseindia.com/stock-share-price/next-mediaworks-ltd/nextmedia/532416/,Next Mediaworks Ltd,26.42
532419,Smartlink Holdings Ltd,Active,T,2.0,INE178C01020,,SMARTLINK,Equity,https://www.bseindia.com/stock-share-price/smartlink-holdings-ltd/smartlink/532419/,Smartlink Holdings Limited,227.43
532424,Godrej Consumer Products Ltd,Active,A,1.0,INE102D01028,,GODREJCP,Equity,https://www.bseindia.com/stock-share-price/godrej-consumer-products-ltd/godrejcp/532424/,Godrej Consumer Products Ltd.,110568.10
532425,Genus Prime Infra Ltd,Active,X,2.0,INE256D01014,,GENUSPRIME,Equity,https://www.bseindia.com/stock-share-price/genus-prime-infra-ltd/genusprime/532425/,GENUS PRIME INFRA LIMITED,54.33
532430,BF Utilities Ltd,Active,B,5.0,INE243D01012,,BFUTILITIE,Equity,https://www.bseindia.com/stock-share-price/bf-utilities-ltd/bfutilitie/532430/,BF Utilities Ltd.,2110.52
532432,United Spirits Ltd,Active,A,2.0,INE854D01024,,UNITDSPR,Equity,https://www.bseindia.com/stock-share-price/united-spirits-ltd/unitdspr/532432/,United Spirits Limited,110266.39
532435,Sanmit Infra Ltd,Active,XT,10.0,INE799C01049,,SANINFRA,Equity,https://www.bseindia.com/stock-share-price/sanmit-infra-ltd/saninfra/532435/,Sanmit Infra Limited,79.59
532439,Olectra Greentech Ltd,Active,A,4.0,INE260D01016,,OLECTRA,Equity,https://www.bseindia.com/stock-share-price/olectra-greentech-ltd/olectra/532439/,OLECTRA GREENTECH LIMITED,11503.20
532440,MPS Ltd,Active,B,10.0,INE943D01017,,MPSLTD,Equity,https://www.bseindia.com/stock-share-price/mps-ltd/mpsltd/532440/,MPS Limited,4741.13
532443,Cera Sanitaryware Ltd,Active,A,5.0,INE739E01017,,CERA,Equity,https://www.bseindia.com/stock-share-price/cera-sanitaryware-ltd/cera/532443/,Cera Sanitaryware Ltd.,8126.29
532444,T Spiritual World Ltd,Active,XT,10.0,INE541C01037,,TSPIRITUAL,Equity,https://www.bseindia.com/stock-share-price/t-spiritual-world-ltd/tspiritual/532444/,T. Spiritual World Ltd.,3.64
532454,Bharti Airtel Ltd,Active,A,5.0,INE397D01024,,BHARTIARTL,Equity,https://www.bseindia.com/stock-share-price/bharti-airtel-ltd/bhartiartl/532454/,Bharti Airtel  Ltd.,1225544.00
532455,Shalimar Wires Industries Ltd,Active,X,2.0,INE655D01025,,SHALIWIR,Equity,https://www.bseindia.com/stock-share-price/shalimar-wires-industries-ltd/shaliwir/532455/,Shalimar Wires Industries Ltd.,83.80
532456,Compuage Infocom Ltd,Active,Z,2.0,INE070C01037,,COMPINFO,Equity,https://www.bseindia.com/stock-share-price/compuage-infocom-ltd/compinfo/532456/,Compuage Infocom Ltd,9.86
532457,Gulshan Polyols Ltd,Active,B,1.0,INE255D01024,,GULPOLY,Equity,https://www.bseindia.com/stock-share-price/gulshan-polyols-ltd/gulpoly/532457/,Gulshan Polyols Ltd.,1292.63
532460,Ponni Sugars (Erode) Ltd,Active,B,10.0,INE838E01017,,PONNIERODE,Equity,https://www.bseindia.com/stock-share-price/ponni-sugars-(erode)-ltd/ponnierode/532460/,Ponni Sugars (Erode) Ltd.,276.27
532461,Punjab National Bank,Active,A,2.0,INE160A01022,,PNB,Equity,https://www.bseindia.com/stock-share-price/punjab-national-bank/pnb/532461/,Punjab National Bank,131019.55
532466,Oracle Financial Services Software Ltd,Active,A,5.0,INE881D01027,,OFSS,Equity,https://www.bseindia.com/stock-share-price/oracle-financial-services-software-ltd/ofss/532466/,Oracle Financial Services Software Limited,102061.21
532467,Hazoor Multi Projects Ltd,Active,B,1.0,INE550F01049,,HAZOOR,Equity,https://www.bseindia.com/stock-share-price/hazoor-multi-projects-ltd/hazoor/532467/,Hazoor Multi Projects Limited,646.30
532468,Kama Holdings Ltd,Active,B,10.0,INE411F01010,,KAMAHOLD,Equity,https://www.bseindia.com/stock-share-price/kama-holdings-ltd/kamahold/532468/,Kama Holdings Limited,8089.39
532470,MPF Systems Ltd,Active,XT,10.0,INE095E01022,,MPFSL,Equity,https://www.bseindia.com/stock-share-price/mpf-systems-ltd/mpfsl/532470/,MPF Systems Limited,0.82
532475,Aptech Ltd,Active,T,10.0,INE266F01018,,APTECHT,Equity,https://www.bseindia.com/stock-share-price/aptech-ltd/aptecht/532475/,Aptech Ltd.,563.09
532477,Union Bank of India,Active,A,10.0,INE692A01016,,UNIONBANK,Equity,https://www.bseindia.com/stock-share-price/union-bank-of-india/unionbank/532477/,Union Bank of India,138855.29
532478,United Breweries Ltd,Active,A,1.0,INE686F01025,,UBL,Equity,https://www.bseindia.com/stock-share-price/united-breweries-ltd/ubl/532478/,United Breweries Ltd.,37393.50
532481,Noida Toll Bridge Company Ltd,Active,T,10.0,INE781B01015,,NOIDATOLL,Equity,https://www.bseindia.com/stock-share-price/noida-toll-bridge-company-ltd/noidatoll/532481/,Noida Toll Bridge Company Ltd,81.93
532482,Granules India Ltd,Active,A,1.0,INE101D01020,,GRANULES,Equity,https://www.bseindia.com/stock-share-price/granules-india-ltd/granules/532482/,Granules India Ltd.,20770.34
532483,Canara Bank,Active,A,2.0,INE476A01022,,CANBK,Equity,https://www.bseindia.com/stock-share-price/canara-bank/canbk/532483/,Canara Bank,119415.12
532485,Balmer Lawrie Investments Ltd,Active,B,1.0,INE525F01025,,BLIL,Equity,https://www.bseindia.com/stock-share-price/balmer-lawrie-investments-ltd/blil/532485/,Balmer Lawrie Investments Ltd.,1577.56
532486,Pokarna Ltd,Active,B,2.0,INE637C01025,,POKARNA,Equity,https://www.bseindia.com/stock-share-price/pokarna-ltd/pokarna/532486/,Pokarna Ltd.,2998.71
532488,Divis Laboratories Ltd,Active,A,2.0,INE361B01024,,DIVISLAB,Equity,https://www.bseindia.com/stock-share-price/divis-laboratories-ltd/divislab/532488/,Divi's Laboratories Ltd.,220114.60
532493,Astra Microwave Products Ltd,Active,A,2.0,INE386C01029,,ASTRAMICRO,Equity,https://www.bseindia.com/stock-share-price/astra-microwave-products-ltd/astramicro/532493/,Astra Microwave Products Ltd.,17105.77
532497,Radico Khaitan Ltd,Active,A,2.0,INE944F01028,,RADICO,Equity,https://www.bseindia.com/stock-share-price/radico-khaitan-ltd/radico/532497/,Radico Khaitan Ltd.,59890.13
532500,Maruti Suzuki India Ltd,Active,A,5.0,INE585B01010,,MARUTI,Equity,https://www.bseindia.com/stock-share-price/maruti-suzuki-india-ltd/maruti/532500/,Maruti Suzuki India  Ltd.,440069.28
532503,Rajapalayam Mills Ltd,Active,B,10.0,INE296E01026,,RAJPALAYAM,Equity,https://www.bseindia.com/stock-share-price/rajapalayam-mills-ltd/rajpalayam/532503/,Rajapalayam Mills Limited,764.49
532504,Navin Fluorine International Ltd,Active,A,2.0,INE048G01026,,NAVINFLUOR,Equity,https://www.bseindia.com/stock-share-price/navin-fluorine-international-ltd/navinfluor/532504/,Navin Fluorine International Limited,44347.56
532505,UCO Bank,Active,A,10.0,INE691A01018,,UCOBANK,Equity,https://www.bseindia.com/stock-share-price/uco-bank/ucobank/532505/,UCO Bank,33392.85
532507,B.A.G. Films and Media Ltd,Active,B,2.0,INE116D01028,,BAGFILMS,Equity,https://www.bseindia.com/stock-share-price/bag-films-and-media-ltd/bagfilms/532507/,B.A.G. Films & Media Ltd,89.94
532508,Jindal Stainless Ltd,Active,A,2.0,INE220G01021,,JSL,Equity,https://www.bseindia.com/stock-share-price/jindal-stainless-ltd/jsl/532508/,Jindal Stainless Limited,60355.76
532509,Suprajit Engineering Ltd,Active,A,1.0,INE399C01030,,SUPRAJIT,Equity,https://www.bseindia.com/stock-share-price/suprajit-engineering-ltd/suprajit/532509/,Suprajit Engineering Ltd.,7228.67
532513,TVS Electronics Ltd,Active,B,10.0,INE236G01019,,TVSELECT,Equity,https://www.bseindia.com/stock-share-price/tvs-electronics-ltd/tvselect/532513/,TVS Electronics Ltd.,946.41
532514,Indraprastha Gas Ltd,Active,A,2.0,INE203G01027,,IGL,Equity,https://www.bseindia.com/stock-share-price/indraprastha-gas-ltd/igl/532514/,Indraprashtha Gas Ltd.,21609.02
532515,TV Today Network Ltd,Active,B,5.0,INE038F01029,,TVTODAY,Equity,https://www.bseindia.com/stock-share-price/tv-today-network-ltd/tvtoday/532515/,T.V.Today Network Limited,685.00
532521,Palred Technologies Ltd,Active,T,10.0,INE218G01033,,PALREDTEC,Equity,https://www.bseindia.com/stock-share-price/palred-technologies-ltd/palredtec/532521/,Palred Technologies Limited,58.36
532522,Petronet LNG Ltd,Active,A,10.0,INE347G01014,,PETRONET,Equity,https://www.bseindia.com/stock-share-price/petronet-lng-ltd/petronet/532522/,PETRONET LNG LTD.,41835.00
532523,Biocon Ltd,Active,A,5.0,INE376G01013,,BIOCON,Equity,https://www.bseindia.com/stock-share-price/biocon-ltd/biocon/532523/,Biocon Ltd.,71299.12
532524,PTC India Ltd,Active,A,10.0,INE877F01012,,PTC,Equity,https://www.bseindia.com/stock-share-price/ptc-india-ltd/ptc/532524/,PTC India Ltd,5923.13
532525,Bank of Maharashtra,Active,A,10.0,INE457A01014,,MAHABANK,Equity,https://www.bseindia.com/stock-share-price/bank-of-maharashtra/mahabank/532525/,Bank of maharashtra,60124.89
532527,Ramkrishna Forgings Ltd,Active,A,2.0,INE399G01023,,RKFORGE,Equity,https://www.bseindia.com/stock-share-price/ramkrishna-forgings-ltd/rkforge/532527/,ramkrishna forgings Ltd.,12708.45
532528,Datamatics Global Services Ltd,Active,A,5.0,INE365B01017,,DATAMATICS,Equity,https://www.bseindia.com/stock-share-price/datamatics-global-services-ltd/datamatics/532528/,Datamatics Global Services Limited,5038.82
532529,New Delhi Television Ltd,Active,B,4.0,INE155G01029,,NDTV,Equity,https://www.bseindia.com/stock-share-price/new-delhi-television-ltd/ndtv/532529/,New Delhi Television Limited,873.83
532531,Strides Pharma Science Ltd,Active,A,10.0,INE939A01011,,STAR,Equity,https://www.bseindia.com/stock-share-price/strides-pharma-science-ltd/star/532531/,STRIDES PHARMA SCIENCE LIMITED,9176.72
532538,UltraTech Cement Ltd,Active,A,10.0,INE481G01011,,ULTRACEMCO,Equity,https://www.bseindia.com/stock-share-price/ultratech-cement-ltd/ultracemco/532538/,UltraTech Cement Ltd,355442.02
532539,UNO Minda Ltd,Active,A,2.0,INE405E01023,,UNOMINDA,Equity,https://www.bseindia.com/stock-share-price/uno-minda-ltd/unominda/532539/,UNO Minda Limited,72991.78
532540,Tata Consultancy Services Ltd,Active,A,1.0,INE467B01029,,TCS,Equity,https://www.bseindia.com/stock-share-price/tata-consultancy-services-ltd/tcs/532540/,Tata Consultancy Services Ltd.,857486.74
532541,Coforge Ltd,Active,A,2.0,INE591G01025,,COFORGE,Equity,https://www.bseindia.com/stock-share-price/coforge-ltd/coforge/532541/,COFORGE LIMITED,78790.11
532543,GP Petroleums Ltd,Active,T,5.0,INE586G01017,,GULFPETRO,Equity,https://www.bseindia.com/stock-share-price/gp-petroleums-ltd/gulfpetro/532543/,GP Petroleums Limited,279.24
532548,Century Plyboards (India) Ltd,Active,A,1.0,INE348B01021,,CENTURYPLY,Equity,https://www.bseindia.com/stock-share-price/century-plyboards-(india)-ltd/centuryply/532548/,Century Plyboards (India) Ltd.,17396.15
532553,Welspun Enterprises Ltd,Active,A,10.0,INE625G01013,,WELENT,Equity,https://www.bseindia.com/stock-share-price/welspun-enterprises-ltd/welent/532553/,Welspun Enterprises Limited,7865.36
532555,NTPC Ltd,Active,A,10.0,INE733E01010,,NTPC,Equity,https://www.bseindia.com/stock-share-price/ntpc-ltd/ntpc/532555/,NTPC Limited,333565.32
532604,S.A.L. Steel Ltd,Active,B,10.0,INE658G01014,,SALSTEEL,Equity,https://www.bseindia.com/stock-share-price/sal-steel-ltd/salsteel/532604/,S.A.L. Steel Ltd.,690.29
532605,JBM Auto Ltd,Active,A,1.0,INE927D01051,,JBMA,Equity,https://www.bseindia.com/stock-share-price/jbm-auto-ltd/jbma/532605/,JBM Auto Limited,15558.96
532610,Dwarikesh Sugar Industries Ltd,Active,B,1.0,INE366A01041,,DWARKESH,Equity,https://www.bseindia.com/stock-share-price/dwarikesh-sugar-industries-ltd/dwarkesh/532610/,Dwarikesh Sugar Industries Ltd.,748.43
532612,Indoco Remedies Ltd,Active,B,2.0,INE873D01024,,INDOCO,Equity,https://www.bseindia.com/stock-share-price/indoco-remedies-ltd/indoco/532612/,Indoco Remedies Ltd.,2047.76
532613,VIP Clothing Ltd,Active,T,2.0,INE450G01024,,VIPCLOTHNG,Equity,https://www.bseindia.com/stock-share-price/vip-clothing-ltd/vipclothng/532613/,VIP Clothing Limited,189.54
532614,Impex Ferro Tech Ltd,Active,Z,10.0,INE691G01015,,IMPEXFERRO,Equity,https://www.bseindia.com/stock-share-price/impex-ferro-tech-ltd/impexferro/532614/,Impex Ferro tech Ltd.,27.26
532616,Xchanging Solutions Ltd,Active,B,10.0,INE692G01013,,XCHANGING,Equity,https://www.bseindia.com/stock-share-price/xchanging-solutions-ltd/xchanging/532616/,Xchanging Solutions Limited,761.67
532624,Jindal Photo Ltd,Active,B,10.0,INE796G01012,,JINDALPHOT,Equity,https://www.bseindia.com/stock-share-price/jindal-photo-ltd/jindalphot/532624/,Jindal Photo Limited,1093.90
532626,Pondy Oxides & Chemicals Ltd,Active,A,2.0,INE063E01061,,POCL,Equity,https://www.bseindia.com/stock-share-price/pondy-oxides--chemicals-ltd/pocl/532626/,Pondy Oxides & Chemicals Limited,3712.08
532627,Jaiprakash Power Ventures Ltd,Active,A,10.0,INE351F01018,,JPPOWER,Equity,https://www.bseindia.com/stock-share-price/jaiprakash-power-ventures-ltd/jppower/532627/,Jaiprakash Power Ventures Limited,12404.76
532628,3i Infotech Ltd,Active,B,10.0,INE748C01038,,3IINFOLTD,Equity,https://www.bseindia.com/stock-share-price/3i-infotech-ltd/3iinfoltd/532628/,3i Infotech limited,528.88
532630,Gokaldas Exports Ltd,Active,A,5.0,INE887G01027,,GOKEX,Equity,https://www.bseindia.com/stock-share-price/gokaldas-exports-ltd/gokex/532630/,Gokaldas Exports Ltd,5834.05
532633,Alldigi Tech Ltd,Active,B,10.0,INE835G01018,,ALLDIGI,Equity,https://www.bseindia.com/stock-share-price/alldigi-tech-ltd/alldigi/532633/,Alldigi Tech Limited,1231.56
532636,IIFL Finance Ltd,Active,A,2.0,INE530B01024,,IIFL,Equity,https://www.bseindia.com/stock-share-price/iifl-finance-ltd/iifl/532636/,IIFL FINANCE LIMITED,25905.71
532637,Mangalam Drugs & Organics Ltd,Active,B,10.0,INE584F01014,,MANGALAM,Equity,https://www.bseindia.com/stock-share-price/mangalam-drugs--organics-ltd/mangalam/532637/,Mangalam Drugs and Organics Ltd.,42.51
532638,Shoppers Stop Ltd,Active,B,5.0,INE498B01024,,SHOPERSTOP,Equity,https://www.bseindia.com/stock-share-price/shoppers-stop-ltd/shoperstop/532638/,Shoppers Stop Ltd,4619.27
532640,Cyber Media India Ltd,Active,T,10.0,INE278G01037,,CYBERMEDIA,Equity,https://www.bseindia.com/stock-share-price/cyber-media-india-ltd/cybermedia/532640/,Cyber Media (India) Ltd.,33.65
532641,Nandan Denim Ltd,Active,B,1.0,INE875G01048,,NDL,Equity,https://www.bseindia.com/stock-share-price/nandan-denim-ltd/ndl/532641/,Nandan Denim Limited,334.42
532642,JSW Holdings Ltd,Active,A,10.0,INE824G01012,,JSWHL,Equity,https://www.bseindia.com/stock-share-price/jsw-holdings-ltd/jswhl/532642/,JSW Holdings Limited,13376.27
532644,JK Cement Ltd,Active,A,10.0,INE823G01014,,JKCEMENT,Equity,https://www.bseindia.com/stock-share-price/jk-cement-ltd/jkcement/532644/,J.K. CEMENT LTD,41834.36
532645,Beeyu Overseas Ltd,Active,X,10.0,INE052B01011,,BEEYU,Equity,https://www.bseindia.com/stock-share-price/beeyu-overseas-ltd/beeyu/532645/,Beeyu Overseas Ltd.,3.68
532648,Yes Bank Ltd,Active,A,2.0,INE528G01035,,YESBANK,Equity,https://www.bseindia.com/stock-share-price/yes-bank-ltd/yesbank/532648/,Yes Bank Ltd.,71563.10
532649,Nectar Lifesciences Ltd,Active,T,1.0,INE023H01027,,NECLIFE,Equity,https://www.bseindia.com/stock-share-price/nectar-lifesciences-ltd/neclife/532649/,Nectar Lifesciences Limited,201.84
532650,MSP Steel & Power Ltd,Active,B,10.0,INE752G01015,,MSPL,Equity,https://www.bseindia.com/stock-share-price/msp-steel--power-ltd/mspl/532650/,MSP STEEL & POWER LTD.,2132.29
532651,SPL Industries Ltd,Active,B,10.0,INE978G01016,,SPLIL,Equity,https://www.bseindia.com/stock-share-price/spl-industries-ltd/splil/532651/,SPL INDUSTRIES LIMITED,91.12
532652,Karnataka Bank Ltd,Active,A,10.0,INE614B01018,,KTKBANK,Equity,https://www.bseindia.com/stock-share-price/karnataka-bank-ltd/ktkbank/532652/,Karnataka Bank Ltd.,11596.75
532654,Mcleod Russel India Ltd,Active,T,5.0,INE942G01012,,MCLEODRUSS,Equity,https://www.bseindia.com/stock-share-price/mcleod-russel-india-ltd/mcleodruss/532654/,McLeod Russel India Limited,488.33
532656,Facor Alloys Ltd,Active,XT,1.0,INE828G01013,,FACORALL,Equity,https://www.bseindia.com/stock-share-price/facor-alloys-ltd/facorall/532656/,FACOR Alloys Limited,68.83
532660,Vivimed Labs Ltd,Active,T,2.0,INE526G01021,,VIVIMEDLAB,Equity,https://www.bseindia.com/stock-share-price/vivimed-labs-ltd/vivimedlab/532660/,Vivimed Labs Ltd.,41.79
532661,Rane (Madras) Ltd,Active,B,10.0,INE050H01012,,RML,Equity,https://www.bseindia.com/stock-share-price/rane-(madras)-ltd/rml/532661/,Rane (Madras)  Ltd.,2881.45
532662,HT Media Ltd,Active,B,2.0,INE501G01024,,HTMEDIA,Equity,https://www.bseindia.com/stock-share-price/ht-media-ltd/htmedia/532662/,HT MEDIA LIMITED,626.16
532663,Sasken Technologies Ltd,Active,B,10.0,INE231F01020,,SASKEN,Equity,https://www.bseindia.com/stock-share-price/sasken-technologies-ltd/sasken/532663/,Sasken Technologies Limited,2909.88
532666,FCS Software Solutions Ltd,Active,B,1.0,INE512B01022,,FCSSOFT,Equity,https://www.bseindia.com/stock-share-price/fcs-software-solutions-ltd/fcssoft/532666/,FCS Software Solutions Ltd.,251.30
532667,Suzlon Energy Ltd,Active,A,2.0,INE040H01021,,SUZLON,Equity,https://www.bseindia.com/stock-share-price/suzlon-energy-ltd/suzlon/532667/,SUZLON ENERGY LTD.,66272.43
532668,Aurionpro Solutions Ltd,Active,A,10.0,INE132H01018,,AURIONPRO,Equity,https://www.bseindia.com/stock-share-price/aurionpro-solutions-ltd/aurionpro/532668/,Aurionpro Solutions Ltd.,4026.92
532670,Shree Renuka Sugars Ltd,Active,A,1.0,INE087H01022,,RENUKA,Equity,https://www.bseindia.com/stock-share-price/shree-renuka-sugars-ltd/renuka/532670/,Shree Renuka Sugars Ltd.,4708.22
532673,K M Sugar Mills Ltd,Active,B,2.0,INE157H01023,,KMSUGAR,Equity,https://www.bseindia.com/stock-share-price/k-m-sugar-mills-ltd/kmsugar/532673/,K. M. Sugar Mills Ltd.,261.74
532674,Bannari Amman Spinning Mills Ltd,Active,T,5.0,INE186H01022,,BASML,Equity,https://www.bseindia.com/stock-share-price/bannari-amman-spinning-mills-ltd/basml/532674/,Bannari Amman Spinning Mills Ltd,214.83
532676,PBA Infrastructure Ltd,Active,XT,10.0,INE160H01019,,PBAINFRA,Equity,https://www.bseindia.com/stock-share-price/pba-infrastructure-ltd/pbainfra/532676/,PBA INFRASTRUCTURE LTD.,14.86
532683,AIA Engineering Ltd,Active,A,2.0,INE212H01026,,AIAENG,Equity,https://www.bseindia.com/stock-share-price/aia-engineering-ltd/aiaeng/532683/,AIA Engineering Ltd.,44749.45
532684,Everest Kanto Cylinder Ltd,Active,B,2.0,INE184H01027,,EKC,Equity,https://www.bseindia.com/stock-share-price/everest-kanto-cylinder-ltd/ekc/532684/,Everest Kanto Cylinders Ltd.,1254.48
532686,Kernex Microsystems India Ltd,Active,B,10.0,INE202H01019,,KERNEX,Equity,https://www.bseindia.com/stock-share-price/kernex-microsystems-india-ltd/kernex/532686/,Kernex Microsystems (India) Ltd.,4101.76
532687,Repro India Ltd,Active,B,10.0,INE461B01014,,REPRO,Equity,https://www.bseindia.com/stock-share-price/repro-india-ltd/repro/532687/,Repro India Ltd.,547.20
532689,PVR Inox Ltd,Active,A,10.0,INE191H01014,,PVRINOX,Equity,https://www.bseindia.com/stock-share-price/pvr-inox-ltd/pvrinox/532689/,PVR INOX LIMITED,11218.36
532694,Avio Smart Market Stack Ltd,Active,T,1.0,INE855F01042,,ASMS,Equity,https://www.bseindia.com/stock-share-price/avio-smart-market-stack-ltd/asms/532694/,Avio Smart Market Stack Limited,221.43
532695,Celebrity Fashions Ltd,Active,B,10.0,INE185H01016,,CELEBRITY,Equity,https://www.bseindia.com/stock-share-price/celebrity-fashions-ltd/celebrity/532695/,Celebrity Fashions Ltd.,45.38
532698,Nitin Spinners Ltd,Active,B,10.0,INE229H01012,,NITINSPIN,Equity,https://www.bseindia.com/stock-share-price/nitin-spinners-ltd/nitinspin/532698/,Nitin Spinners Ltd.,3213.25
532699,Royal Orchid Hotels Ltd,Active,B,10.0,INE283H01019,,ROHLTD,Equity,https://www.bseindia.com/stock-share-price/royal-orchid-hotels-ltd/rohltd/532699/,Royal Orchid Hotels Ltd,857.45
532700,Entertainment Network (India) Ltd,Active,B,10.0,INE265F01028,,ENIL,Equity,https://www.bseindia.com/stock-share-price/entertainment-network-(india)-ltd/enil/532700/,Entertainment Network (India) Ltd,509.60
532701,Cella Space Ltd,Active,Z,10.0,INE266H01014,,CELLA,Equity,https://www.bseindia.com/stock-share-price/cella-space-ltd/cella/532701/,CELLA SPACE LIMITED,50.18
532705,Jagran Prakashan Ltd,Active,B,2.0,INE199G01027,,JAGRAN,Equity,https://www.bseindia.com/stock-share-price/jagran-prakashan-ltd/jagran/532705/,Jagran Prakashan Limited,1368.83
532707,Dynemic Products Ltd,Active,B,10.0,INE256H01015,,DYNPRO,Equity,https://www.bseindia.com/stock-share-price/dynemic-products-ltd/dynpro/532707/,Dynemic Products Ltd.,325.31
532708,GVK Power & Infrastructure Ltd,Active,T,1.0,INE251H01024,,GVKPIL,Equity,https://www.bseindia.com/stock-share-price/gvk-power--infrastructure-ltd/gvkpil/532708/,GVK Power & Infrastructure Ltd,379.01
532710,Sadbhav Engineering Ltd,Active,B,1.0,INE226H01026,,SADBHAV,Equity,https://www.bseindia.com/stock-share-price/sadbhav-engineering-ltd/sadbhav/532710/,Sadbhav Engineering Ltd.,153.56
532712,Reliance Communications Ltd,Active,T,5.0,INE330H01018,,RCOM,Equity,https://www.bseindia.com/stock-share-price/reliance-communications-ltd/rcom/532712/,Reliance Communications Limited,232.30
532713,Sakuma Exports Ltd,Active,B,1.0,INE190H01024,,SAKUMA,Equity,https://www.bseindia.com/stock-share-price/sakuma-exports-ltd/sakuma/532713/,Sakuma Exports Ltd.,255.54
532714,KEC International Ltd,Active,A,2.0,INE389H01022,,KEC,Equity,https://www.bseindia.com/stock-share-price/kec-international-ltd/kec/532714/,KEC International Ltd.,12723.03
532716,Gillanders Arbuthnot & Company Ltd,Active,B,10.0,INE047B01011,,GILLANDERS,Equity,https://www.bseindia.com/stock-share-price/gillanders-arbuthnot--company-ltd/gillanders/532716/,Gillanders Arbuthnot & Co. Ltd.,184.85
532717,Indo Tech Transformers Ltd,Active,T,10.0,INE332H01014,,INDOTECH,Equity,https://www.bseindia.com/stock-share-price/indo-tech-transformers-ltd/indotech/532717/,Indo Tech Transformers Limited,4026.10
532719,B. L. Kashyap and Sons Ltd,Active,B,1.0,INE350H01032,,BLKASHYAP,Equity,https://www.bseindia.com/stock-share-price/b-l-kashyap-and-sons-ltd/blkashyap/532719/,B L Kashyap and Sons Ltd,1260.66
532720,Mahindra & Mahindra Financial Services Ltd,Active,A,2.0,INE774D01024,,M&MFIN,Equity,https://www.bseindia.com/stock-share-price/mahindra--mahindra-financial-services-ltd/mmfin/532720/,Mahindra & Mahindra Financial Services Limited,54042.08
532721,VISA Chrome Ltd,Active,T,10.0,INE286H01012,,VISACHROME,Equity,https://www.bseindia.com/stock-share-price/visa-chrome-ltd/visachrome/532721/,VISA Chrome Limited,558.37
532722,Nitco Ltd,Active,B,10.0,INE858F01012,,NITCO,Equity,https://www.bseindia.com/stock-share-price/nitco-ltd/nitco/532722/,Nitco Ltd.,2451.37
532723,MPDL Ltd,Active,X,10.0,INE493H01014,,MPDL,Equity,https://www.bseindia.com/stock-share-price/mpdl-ltd/mpdl/532723/,MPDL LIMITED,20.67
532725,Solar Industries India Ltd,Active,A,2.0,INE343H01029,,SOLARINDS,Equity,https://www.bseindia.com/stock-share-price/solar-industries-india-ltd/solarinds/532725/,Solar Industries India Limited,167949.54
532726,Gallantt Ispat Ltd,Active,A,10.0,INE297H01019,,GALLANTT,Equity,https://www.bseindia.com/stock-share-price/gallantt-ispat-ltd/gallantt/532726/,GALLANTT ISPAT LIMITED,14843.60
532728,Malu Paper Mills Ltd,Active,B,10.0,INE383H01017,,MALUPAPER,Equity,https://www.bseindia.com/stock-share-price/malu-paper-mills-ltd/malupaper/532728/,Malu Paper Mills Limited,56.31
532729,Uttam Sugar Mills Ltd,Active,B,10.0,INE786F01031,,UTTAMSUGAR,Equity,https://www.bseindia.com/stock-share-price/uttam-sugar-mills-ltd/uttamsugar/532729/,Uttam Sugar Mills Ltd,963.94
532730,STL Global Ltd,Active,B,10.0,INE353H01010,,SGL,Equity,https://www.bseindia.com/stock-share-price/stl-global-ltd/sgl/532730/,STL Global Ltd,27.54
532732,Kewal Kiran Clothing Ltd,Active,B,10.0,INE401H01017,,KKCL,Equity,https://www.bseindia.com/stock-share-price/kewal-kiran-clothing-ltd/kkcl/532732/,Kewal Kiran Clothing Ltd.,3211.90
532733,Sun TV Network Ltd,Active,A,5.0,INE424H01027,,SUNTV,Equity,https://www.bseindia.com/stock-share-price/sun-tv-network-ltd/suntv/532733/,SUN TV NETWORK LIMITED,19280.59
532734,Godawari Power and Ispat Ltd,Active,A,1.0,INE177H01039,,GPIL,Equity,https://www.bseindia.com/stock-share-price/godawari-power-and-ispat-ltd/gpil/532734/,GODAWARI POWER AND ISPAT LTD.,16403.38
532735,R Systems International Ltd,Active,B,1.0,INE411H01032,,RSYSTEMS,Equity,https://www.bseindia.com/stock-share-price/r-systems-international-ltd/rsystems/532735/,R Systems International Limited,3039.93
532737,Emkay Global Financial Services Ltd,Active,B,10.0,INE296H01011,,EMKAY,Equity,https://www.bseindia.com/stock-share-price/emkay-global-financial-services-ltd/emkay/532737/,Emkay Global Financial Services Ltd,662.24
532738,Twamev Construction And Infrastructure Ltd,Active,T,1.0,INE388G01026,,TICL,Equity,https://www.bseindia.com/stock-share-price/twamev-construction-and-infrastructure-ltd/ticl/532738/,TWAMEV CONSTRUCTION AND INFRASTRUCTURE LIMITED,158.88
532740,Lokesh Machines Ltd,Active,T,10.0,INE397H01017,,LOKESHMACH,Equity,https://www.bseindia.com/stock-share-price/lokesh-machines-ltd/lokeshmach/532740/,Lokesh Machines Limited,733.25
532741,Kamdhenu Ltd,Active,T,1.0,INE390H01020,,KAMDHENU,Equity,https://www.bseindia.com/stock-share-price/kamdhenu-ltd/kamdhenu/532741/,Kamdhenu Limited,984.62
532742,Paushak Ltd,Active,B,5.0,INE111F01024,,PAUSHAKLTD,Equity,https://www.bseindia.com/stock-share-price/paushak-ltd/paushakltd/532742/,PAUSHAK LIMITED (formerly known as Darshak Limited),1701.33
532744,GTN Textiles Ltd,Active,X,10.0,INE302H01017,,GTNTEX,Equity,https://www.bseindia.com/stock-share-price/gtn-textiles-ltd/gtntex/532744/,GTN Textiles Ltd. (formerly known as GTN Industries Ltd.),9.80
532748,Prime Focus Ltd,Active,B,1.0,INE367G01038,,PFOCUS,Equity,https://www.bseindia.com/stock-share-price/prime-focus-ltd/pfocus/532748/,Prime Focus Limited,22696.82
532749,Allcargo Logistics Ltd,Active,B,2.0,INE418H01029,,ALLCARGO,Equity,https://www.bseindia.com/stock-share-price/allcargo-logistics-ltd/allcargo/532749/,Allcargo Logistics Ltd,1464.83
532754,GMR Airports Ltd,Active,A,1.0,INE776C01039,,GMRAIRPORT,Equity,https://www.bseindia.com/stock-share-price/gmr-airports-ltd/gmrairport/532754/,GMR Airports Limited,111555.58
532755,Tech Mahindra Ltd,Active,A,5.0,INE669C01036,,TECHM,Equity,https://www.bseindia.com/stock-share-price/tech-mahindra-ltd/techm/532755/,Tech Mahindra Limited,160243.87
532756,CIE Automotive India Ltd,Active,A,10.0,INE536H01010,,CIEINDIA,Equity,https://www.bseindia.com/stock-share-price/cie-automotive-india-ltd/cieindia/532756/,CIE Automotive India Limited,15572.83
532757,Voltamp Transformers Ltd,Active,A,10.0,INE540H01012,,VOLTAMP,Equity,https://www.bseindia.com/stock-share-price/voltamp-transformers-ltd/voltamp/532757/,VOLTAMP TRANSFORMERS LIMITED,10057.99
532759,Atlantaa Ltd,Active,B,2.0,INE285H01022,,ATLANTAA,Equity,https://www.bseindia.com/stock-share-price/atlantaa-ltd/atlantaa/532759/,ATLANTAA LIMITED,327.96
532761,HandsOn Global Management (HGM)Ltd,Active,B,10.0,INE596H01014,,HGM,Equity,https://www.bseindia.com/stock-share-price/handson-global-management-(hgm)ltd/hgm/532761/,HANDSON GLOBAL MANAGEMENT (HGM) LIMITED,63.88
532762,Action Construction Equipment Ltd,Active,A,2.0,INE731H01025,,ACE,Equity,https://www.bseindia.com/stock-share-price/action-construction-equipment-ltd/ace/532762/,Action Construction Equipments Ltd.,13255.15
532764,GeeCee Ventures Ltd,Active,T,10.0,INE916G01016,,GEECEE,Equity,https://www.bseindia.com/stock-share-price/geecee-ventures-ltd/geecee/532764/,GeeCee Ventures Limited,754.91
532767,Gayatri Projects Ltd,Active,T,2.0,INE336H01023,,GAYAPROJ,Equity,https://www.bseindia.com/stock-share-price/gayatri-projects-ltd/gayaproj/532767/,Gayatri Projects Limited,917.92
532768,Fiem Industries Ltd,Active,B,10.0,INE737H01014,,FIEMIND,Equity,https://www.bseindia.com/stock-share-price/fiem-industries-ltd/fiemind/532768/,FIEM INDUSTRIES LIMITED,6524.78
532771,JHS Svendgaard Laboratories Ltd,Active,B,10.0,INE544H01014,,JHS,Equity,https://www.bseindia.com/stock-share-price/jhs-svendgaard-laboratories-ltd/jhs/532771/,JHS Svendgaard Laboratories Ltd.,66.60
532772,DCB Bank Ltd,Active,A,10.0,INE503A01015,,DCBBANK,Equity,https://www.bseindia.com/stock-share-price/dcb-bank-ltd/dcbbank/532772/,DCB Bank Limited,6275.46
532773,Global Vectra Helicorp Ltd,Active,B,10.0,INE792H01019,,GLOBALVECT,Equity,https://www.bseindia.com/stock-share-price/global-vectra-helicorp-ltd/globalvect/532773/,Global Vectra Helicorp Ltd.,229.18
532774,Inspirisys Solutions Ltd,Active,T,10.0,INE020G01017,,INSPIRISYS,Equity,https://www.bseindia.com/stock-share-price/inspirisys-solutions-ltd/inspirisys/532774/,Inspirisys Solutions Limited,388.13
532775,GTL Infrastructure Ltd,Active,B,10.0,INE221H01019,,GTLINFRA,Equity,https://www.bseindia.com/stock-share-price/gtl-infrastructure-ltd/gtlinfra/532775/,GTL Infrastructure Limited,1575.75
532776,Shivam Autotech Ltd,Active,T,2.0,INE637H01024,,SHIVAMAUTO,Equity,https://www.bseindia.com/stock-share-price/shivam-autotech-ltd/shivamauto/532776/,SHIVAM AUTOTECH LIMITED,236.43
532777,Info Edge (India) Ltd,Active,A,2.0,INE663F01032,,NAUKRI,Equity,https://www.bseindia.com/stock-share-price/info-edge-(india)-ltd/naukri/532777/,Info Edge(India) Ltd.,79626.05
532779,Torrent Power Ltd,Active,A,10.0,INE813H01021,,TORNTPOWER,Equity,https://www.bseindia.com/stock-share-price/torrent-power-ltd/torntpower/532779/,TORRENT POWER LIMITED,66767.22
532780,Parsvnath Developers Ltd,Active,T,5.0,INE561H01026,,PARSVNATH,Equity,https://www.bseindia.com/stock-share-price/parsvnath-developers-ltd/parsvnath/532780/,Parsvnath Developers Ltd.,72.68
532782,Sutlej Textiles and Industries Ltd,Active,T,1.0,INE645H01027,,SUTLEJTEX,Equity,https://www.bseindia.com/stock-share-price/sutlej-textiles-and-industries-ltd/sutlejtex/532782/,SUTLEJ TEXTILES & INDUSTRIES LIMITED,662.20
532783,LT Foods Ltd,Active,A,1.0,INE818H01020,,LTFOODS,Equity,https://www.bseindia.com/stock-share-price/lt-foods-ltd/ltfoods/532783/,LT Foods Limited,14536.01
532784,Sobha Ltd,Active,A,10.0,INE671H01015,,SOBHA,Equity,https://www.bseindia.com/stock-share-price/sobha-ltd/sobha/532784/,Sobha Limited,14530.56
532785,Ruchira Papers Ltd,Active,B,10.0,INE803H01014,,RUCHIRA,Equity,https://www.bseindia.com/stock-share-price/ruchira-papers-ltd/ruchira/532785/,Ruchira Papers Ltd,332.47
532790,Tanla Platforms Ltd,Active,A,1.0,INE483C01032,,TANLA,Equity,https://www.bseindia.com/stock-share-price/tanla-platforms-ltd/tanla/532790/,TANLA PLATFORMS LIMITED,8079.71
532794,Zee Media Corporation Ltd,Active,B,1.0,INE966H01019,,ZEEMEDIA,Equity,https://www.bseindia.com/stock-share-price/zee-media-corporation-ltd/zeemedia/532794/,Zee Media Corporation Limited,466.01
532795,Siti Networks Ltd,Active,Z,1.0,INE965H01011,,SITINET,Equity,https://www.bseindia.com/stock-share-price/siti-networks-ltd/sitinet/532795/,Siti Networks Limited,42.73
532796,Lumax Auto Technologies Ltd,Active,A,2.0,INE872H01027,,LUMAXTECH,Equity,https://www.bseindia.com/stock-share-price/lumax-auto-technologies-ltd/lumaxtech/532796/,Lumax Auto Technologies Ltd.,11525.13
532797,Autoline Industries Ltd,Active,T,10.0,INE718H01014,,AUTOIND,Equity,https://www.bseindia.com/stock-share-price/autoline-industries-ltd/autoind/532797/,AUTOLINE INDUSTRIES LTD.,427.84
532798,Network 18 Media & Investments Ltd,Active,A,5.0,INE870H01013,,NETWORK18,Equity,https://www.bseindia.com/stock-share-price/network-18-media--investments-ltd/network18/532798/,Network 18 Media & Investments Limited,4612.12
532799,Hubtown Ltd,Active,A,10.0,INE703H01016,,HUBTOWN,Equity,https://www.bseindia.com/stock-share-price/hubtown-ltd/hubtown/532799/,Hubtown Limited,2554.97
532801,Cambridge Technology Enterprises Ltd,Active,B,10.0,INE627H01017,,CTE,Equity,https://www.bseindia.com/stock-share-price/cambridge-technology-enterprises-ltd/cte/532801/,Cambridge Technology Enterprises Ltd.,74.58
532804,Technocraft Industries (India) Ltd,Active,B,10.0,INE545H01011,,TIIL,Equity,https://www.bseindia.com/stock-share-price/technocraft-industries-(india)-ltd/tiil/532804/,Technocraft Industries (India) Ltd.,5954.67
532805,Redington Ltd,Active,A,2.0,INE891D01026,,REDINGTON,Equity,https://www.bseindia.com/stock-share-price/redington-ltd/redington/532805/,Redington Limited,27405.10
532806,AI Champdany Industries Ltd,Active,XT,5.0,INE768E01024,,AICHAMP,Equity,https://www.bseindia.com/stock-share-price/ai-champdany-industries-ltd/aichamp/532806/,AI CHAMPDANY INDUSTRIES LIMITED,117.11
532807,Cineline India Ltd,Active,B,5.0,INE704H01022,,CINELINE,Equity,https://www.bseindia.com/stock-share-price/cineline-india-ltd/cineline/532807/,Cineline India Limited,313.20
532808,Pearl Global Industries Ltd,Active,A,5.0,INE940H01022,,PGIL,Equity,https://www.bseindia.com/stock-share-price/pearl-global-industries-ltd/pgil/532808/,Pearl Global Industries Limited,10228.20
532809,Firstsource Solutions Ltd,Active,A,10.0,INE684F01012,,FSL,Equity,https://www.bseindia.com/stock-share-price/firstsource-solutions-ltd/fsl/532809/,Firstsource Solutions Ltd.,20498.50
532810,Power Finance Corporation Ltd,Active,A,10.0,INE134E01011,,PFC,Equity,https://www.bseindia.com/stock-share-price/power-finance-corporation-ltd/pfc/532810/,Power Finance Corporation Ltd,137449.24
532811,Ahluwalia Contracts (India) Ltd,Active,A,2.0,INE758C01029,,AHLUCONT,Equity,https://www.bseindia.com/stock-share-price/ahluwalia-contracts-(india)-ltd/ahlucont/532811/,Ahluwalia Contracts (India) Ltd,5570.02
532812,Transwarranty Finance Ltd,Active,B,10.0,INE804H01012,,TFL,Equity,https://www.bseindia.com/stock-share-price/transwarranty-finance-ltd/tfl/532812/,Transwarranty Finance Limited,60.46
532814,Indian Bank,Active,A,10.0,INE562A01011,,INDIANB,Equity,https://www.bseindia.com/stock-share-price/indian-bank/indianb/532814/,Indian Bank,117589.96
532815,SMS Pharmaceuticals Ltd,Active,B,1.0,INE812G01025,,SMSPHARMA,Equity,https://www.bseindia.com/stock-share-price/sms-pharmaceuticals-ltd/smspharma/532815/,SMS Pharmaceuticals Ltd,3345.25
532817,Oriental Trimex Ltd,Active,B,10.0,INE998H01012,,ORIENTALTL,Equity,https://www.bseindia.com/stock-share-price/oriental-trimex-ltd/orientaltl/532817/,Oriental Trimex Limited,38.22
532820,E-Land Apparel Ltd,Active,X,10.0,INE311H01018,,ELAND,Equity,https://www.bseindia.com/stock-share-price/e-land-apparel-ltd/eland/532820/,E-Land Apparel Limited,62.39
532822,Vodafone Idea Ltd,Active,A,10.0,INE669E01016,,IDEA,Equity,https://www.bseindia.com/stock-share-price/vodafone-idea-ltd/idea/532822/,VODAFONE IDEA  LIMITED,136945.60
532825,Jagjanani Textiles Ltd,Active,X,10.0,INE702H01018,,JAGJANANI,Equity,https://www.bseindia.com/stock-share-price/jagjanani-textiles-ltd/jagjanani/532825/,JAGJANANI TEXTILES LIMITED,7.14
532826,Raj Television Network Ltd,Active,B,5.0,INE952H01027,,RAJTV,Equity,https://www.bseindia.com/stock-share-price/raj-television-network-ltd/rajtv/532826/,Raj Television Network Ltd,51.65
532827,Page Industries Ltd,Active,A,10.0,INE761H01022,,PAGEIND,Equity,https://www.bseindia.com/stock-share-price/page-industries-ltd/pageind/532827/,Page Industries Ltd.,44438.82
532828,AMD Industries Ltd,Active,B,10.0,INE005I01014,,AMDIND,Equity,https://www.bseindia.com/stock-share-price/amd-industries-ltd/amdind/532828/,AMD Industries Ltd,88.90
532829,Lehar Footwears Ltd,Active,X,10.0,INE976H01018,,LEHAR,Equity,https://www.bseindia.com/stock-share-price/lehar-footwears-ltd/lehar/532829/,LEHAR FOOTWEARS LIMITED,418.02
532830,Astral Ltd,Active,A,1.0,INE006I01046,,ASTRAL,Equity,https://www.bseindia.com/stock-share-price/astral-ltd/astral/532830/,ASTRAL LIMITED,38685.62
532832,Embassy Developments Ltd,Active,A,2.0,INE069I01010,,EMBDL,Equity,https://www.bseindia.com/stock-share-price/embassy-developments-ltd/embdl/532832/,EMBASSY DEVELOPMENTS LIMITED,8438.36
532834,Camlin Fine Sciences Ltd,Active,B,1.0,INE052I01032,,CAMLINFINE,Equity,https://www.bseindia.com/stock-share-price/camlin-fine-sciences-ltd/camlinfine/532834/,Camlin Fine Sciences Ltd,2455.96
532835,ICRA Ltd,Active,B,10.0,INE725G01011,,ICRA,Equity,https://www.bseindia.com/stock-share-price/icra-ltd/icra/532835/,ICRA Limited,4986.69
532839,Dish TV India Ltd,Active,T,1.0,INE836F01026,,DISHTV,Equity,https://www.bseindia.com/stock-share-price/dish-tv-india-ltd/dishtv/532839/,Dish TV India Limited,511.87
532841,Sahyadri Industries Ltd,Active,B,10.0,INE280H01015,,SAHYADRI,Equity,https://www.bseindia.com/stock-share-price/sahyadri-industries-ltd/sahyadri/532841/,SAHYADRI INDUSTRIES LTD.,359.09
532842,Sree Rayalaseema Hi-Strength Hypo Ltd,Active,B,10.0,INE917H01012,,SRHHYPOLTD,Equity,https://www.bseindia.com/stock-share-price/sree-rayalaseema-hi-strength-hypo-ltd/srhhypoltd/532842/,Sree Rayalaseema Hi-Strength Hypo Limited,878.92
532843,Fortis Healthcare Ltd,Active,A,10.0,INE061F01013,,FORTIS,Equity,https://www.bseindia.com/stock-share-price/fortis-healthcare-ltd/fortis/532843/,Fortis Healthcare Ltd,70588.59
532845,TGB Banquets and Hotels Ltd,Active,B,10.0,INE797H01018,,TGBHOTELS,Equity,https://www.bseindia.com/stock-share-price/tgb-banquets-and-hotels-ltd/tgbhotels/532845/,TGB Banquets and Hotels Limited,27.70
532847,Hilton Metal Forging Ltd,Active,T,10.0,INE788H01017,,HILTON,Equity,https://www.bseindia.com/stock-share-price/hilton-metal-forging-ltd/hilton/532847/,HILTON METAL FORGING LIMITED,108.49
532848,Delta Corp Ltd,Active,B,1.0,INE124G01033,,DELTACORP,Equity,https://www.bseindia.com/stock-share-price/delta-corp-ltd/deltacorp/532848/,Delta Corp Limited,1698.20
532850,MIC Electronics Ltd,Active,T,2.0,INE287C01037,,MICEL,Equity,https://www.bseindia.com/stock-share-price/mic-electronics-ltd/micel/532850/,MIC Electronics Limited,901.87
532851,Insecticides (India) Ltd,Active,B,10.0,INE070I01018,,INSECTICID,Equity,https://www.bseindia.com/stock-share-price/insecticides-(india)-ltd/insecticid/532851/,Insecticides India Ltd.,1894.12
532853,Asahi Songwon Colors Ltd,Active,T,10.0,INE228I01012,,ASAHISONG,Equity,https://www.bseindia.com/stock-share-price/asahi-songwon-colors-ltd/asahisong/532853/,Asahi Songwon Colors Ltd.,436.42
532855,Haryana Capfin Ltd,Active,X,10.0,INE928H01019,,HARYNACAP,Equity,https://www.bseindia.com/stock-share-price/haryana-capfin-ltd/harynacap/532855/,Haryana Capfin Ltd.,72.90
532856,Time Technoplast Ltd,Active,A,1.0,INE508G01029,,TIMETECHNO,Equity,https://www.bseindia.com/stock-share-price/time-technoplast-ltd/timetechno/532856/,Time Technoplast Limited,10233.06
532859,Hinduja Global Solutions Ltd,Active,B,10.0,INE170I01016,,HGS,Equity,https://www.bseindia.com/stock-share-price/hinduja-global-solutions-ltd/hgs/532859/,Hinduja Global Solutions Limited,1967.81
532864,Nelcast Ltd,Active,B,2.0,INE189I01024,,NELCAST,Equity,https://www.bseindia.com/stock-share-price/nelcast-ltd/nelcast/532864/,Nelcast Limited,1087.95
532867,V2 Retail Ltd,Active,B,1.0,INE945H01021,,V2RETAIL,Equity,https://www.bseindia.com/stock-share-price/v2-retail-ltd/v2retail/532867/,V2 Retail Limited,7954.57
532868,DLF Ltd,Active,A,2.0,INE271C01023,,DLF,Equity,https://www.bseindia.com/stock-share-price/dlf-ltd/dlf/532868/,DLF LIMITED,159137.79
532869,Tarmat Ltd,Active,B,10.0,INE924H01018,,TARMAT,Equity,https://www.bseindia.com/stock-share-price/tarmat-ltd/tarmat/532869/,Tarmat Limited,123.99
532870,Ankit Metal & Power Ltd,Active,Z,10.0,INE106I01010,,ANKITMETAL,Equity,https://www.bseindia.com/stock-share-price/ankit-metal--power-ltd/ankitmetal/532870/,Ankit Metal  & Power Limited,21.59
532872,Sun Pharma Advanced Research Company Ltd,Active,B,1.0,INE232I01014,,SPARC,Equity,https://www.bseindia.com/stock-share-price/sun-pharma-advanced-research-company-ltd/sparc/532872/,Sun Pharma Advanced Research Company Ltd.,7050.23
532873,Housing Development and Infrastructure Ltd,Active,Z,10.0,INE191I01012,,HDIL,Equity,https://www.bseindia.com/stock-share-price/housing-development-and-infrastructure-ltd/hdil/532873/,Housing Development & Infrastructure  Ltd,76.31
532875,Allied Digital Services Ltd,Active,B,5.0,INE102I01027,,ADSL,Equity,https://www.bseindia.com/stock-share-price/allied-digital-services-ltd/adsl/532875/,Allied Digital Services Limited,663.88
532878,Alpa Laboratories Ltd,Active,B,10.0,INE385I01010,,ALPA,Equity,https://www.bseindia.com/stock-share-price/alpa-laboratories-ltd/alpa/532878/,Alpa Laboratories Limited,146.82
532880,Omaxe Ltd,Active,B,10.0,INE800H01010,,OMAXE,Equity,https://www.bseindia.com/stock-share-price/omaxe-ltd/omaxe/532880/,OMAXE LIMITED,1599.65
532884,Refex Industries Ltd,Active,A,2.0,INE056I01025,,REFEX,Equity,https://www.bseindia.com/stock-share-price/refex-industries-ltd/refex/532884/,Refex Industries Limited,4100.80
532885,Central Bank of India,Active,A,10.0,INE483A01010,,CENTRALBK,Equity,https://www.bseindia.com/stock-share-price/central-bank-of-india/centralbk/532885/,Central Bank of India,28493.81
532886,SEL Manufacturing Company Ltd,Active,B,10.0,INE105I01020,,SELMC,Equity,https://www.bseindia.com/stock-share-price/sel-manufacturing-company-ltd/selmc/532886/,SEL Manufacturing Company Limited,92.45
532888,Asian Granito India Ltd,Active,B,10.0,INE022I01019,,ASIANTILES,Equity,https://www.bseindia.com/stock-share-price/asian-granito-india-ltd/asiantiles/532888/,ASIAN GRANITO INDIA LIMITED,1659.08
532889,K.P.R. Mill Limited,Active,A,1.0,INE930H01031,,KPRMILL,Equity,https://www.bseindia.com/stock-share-price/kpr-mill-limited/kprmill/532889/,K.P.R. Mill Ltd.,37066.31
532890,Take Solutions Ltd,Active,B,1.0,INE142I01023,,TAKE,Equity,https://www.bseindia.com/stock-share-price/take-solutions-ltd/take/532890/,Take Solutions Ltd,329.15
532891,Puravankara Ltd,Active,B,5.0,INE323I01011,,PURVA,Equity,https://www.bseindia.com/stock-share-price/puravankara-ltd/purva/532891/,Puravankara Limited,4967.10
532892,Motilal Oswal Financial Services Ltd,Active,A,1.0,INE338I01027,,MOTILALOFS,Equity,https://www.bseindia.com/stock-share-price/motilal-oswal-financial-services-ltd/motilalofs/532892/,Motilal Oswal Financial Services Limited,52115.80
532893,VTM Ltd,Active,X,1.0,INE222F01029,,VTMLTD,Equity,https://www.bseindia.com/stock-share-price/vtm-ltd/vtmltd/532893/,VTM Ltd,604.92
532894,Indowind Energy Ltd,Active,T,10.0,INE227G01018,,INDOWIND,Equity,https://www.bseindia.com/stock-share-price/indowind-energy-ltd/indowind/532894/,Indowind Energy Ltd.,145.71
532895,Nagreeka Capital & Infrastructure Ltd,Active,B,5.0,INE245I01016,,NAGREEKCAP,Equity,https://www.bseindia.com/stock-share-price/nagreeka-capital--infrastructure-ltd/nagreekcap/532895/,Nagreeka Capital & Infrastructure Limited,28.38
532896,Magnum Ventures Ltd,Active,B,10.0,INE387I01016,,MAGNUM,Equity,https://www.bseindia.com/stock-share-price/magnum-ventures-ltd/magnum/532896/,MAGNUM VENTURES LIMITED,131.97
532898,Power Grid Corporation of India Ltd,Active,A,10.0,INE752E01010,,POWERGRID,Equity,https://www.bseindia.com/stock-share-price/power-grid-corporation-of-india-ltd/powergrid/532898/,POWER GRID CORPORATION OF INDIA LIMITED,251813.85
532899,Kaveri Seed Company Ltd,Active,B,2.0,INE455I01029,,KSCL,Equity,https://www.bseindia.com/stock-share-price/kaveri-seed-company-ltd/kscl/532899/,Kaveri Seed Company Ltd,3964.67
532900,Paisalo Digital Ltd,Active,A,1.0,INE420C01059,,PAISALO,Equity,https://www.bseindia.com/stock-share-price/paisalo-digital-ltd/paisalo/532900/,PAISALO DIGITAL LIMITED,6262.06
532902,Consolidated Construction Consortium Ltd,Active,B,2.0,INE429I01024,,CCCL,Equity,https://www.bseindia.com/stock-share-price/consolidated-construction-consortium-ltd/cccl/532902/,Consolidated Construction Consortium Ltd,696.05
532904,Supreme Infrastructure India Ltd,Active,B,10.0,INE550H01011,,SUPREMEINF,Equity,https://www.bseindia.com/stock-share-price/supreme-infrastructure-india-ltd/supremeinf/532904/,Supreme Infrastructure India Limited,892.19
532906,Maan Aluminium Ltd,Active,B,5.0,INE215I01027,,MAANALU,Equity,https://www.bseindia.com/stock-share-price/maan-aluminium-ltd/maanalu/532906/,MAAN ALUMINIUM LIMITED,766.61
532907,IL&FS Engineering and Construction Company Ltd,Active,Z,10.0,INE369I01014,,IL&FSENGG,Equity,https://www.bseindia.com/stock-share-price/ilfs-engineering-and-construction-company-ltd/ilfsengg/532907/,IL&FS Engineering and Construction Company Ltd,467.84
532911,Parle Industries Ltd,Active,XT,10.0,INE272G01014,,PARLEIND,Equity,https://www.bseindia.com/stock-share-price/parle-industries-ltd/parleind/532911/,PARLE INDUSTRIES LIMITED,37.36
532915,Religare Enterprises Ltd,Active,A,10.0,INE621H01010,,RELIGARE,Equity,https://www.bseindia.com/stock-share-price/religare-enterprises-ltd/religare/532915/,Religare Enterprises Ltd,8551.96
532916,Barak Valley Cements Ltd,Active,B,10.0,INE139I01011,,BVCL,Equity,https://www.bseindia.com/stock-share-price/barak-valley-cements-ltd/bvcl/532916/,BARAK VALLEY CEMENTS LIMITED,94.00
532918,Rathi Bars Ltd,Active,X,10.0,INE575I01016,,RATHIBAR,Equity,https://www.bseindia.com/stock-share-price/rathi-bars-ltd/rathibar/532918/,RATHI BARS LIMITED,31.19
532921,Adani Ports and Special Economic Zone Ltd,Active,A,2.0,INE742F01042,,ADANIPORTS,Equity,https://www.bseindia.com/stock-share-price/adani-ports-and-special-economic-zone-ltd/adaniports/532921/,Adani Ports and Special Economic Zone Ltd,390521.07
532922,Edelweiss Financial Services Ltd,Active,A,1.0,INE532F01054,,EDELWEISS,Equity,https://www.bseindia.com/stock-share-price/edelweiss-financial-services-ltd/edelweiss/532922/,Edelweiss Financial Services Ltd.,11467.23
532923,Renaissance Global Ltd,Active,B,2.0,INE722H01024,,RGL,Equity,https://www.bseindia.com/stock-share-price/renaissance-global-ltd/rgl/532923/,RENAISSANCE GLOBAL LIMITED,1311.85
532924,Kolte-Patil Developers Ltd,Active,B,10.0,INE094I01018,,KOLTEPATIL,Equity,https://www.bseindia.com/stock-share-price/kolte-patil-developers-ltd/koltepatil/532924/,Kolte-Patil Developers Ltd,3813.24
532925,Kaushalya Infrastructure Development Corporation Ltd,Active,T,1000.0,INE234I01028,,KAUSHALYA,Equity,https://www.bseindia.com/stock-share-price/kaushalya-infrastructure-development-corporation-ltd/kaushalya/532925/,Kaushalya Infrastructure Development Corporation Ltd,32.76
532926,Jyothy Labs Ltd,Active,A,1.0,INE668F01031,,JYOTHYLAB,Equity,https://www.bseindia.com/stock-share-price/jyothy-labs-ltd/jyothylab/532926/,JYOTHY LABS LIMITED,7557.27
532927,eClerx Services Ltd,Active,A,10.0,INE738I01010,,ECLERX,Equity,https://www.bseindia.com/stock-share-price/eclerx-services-ltd/eclerx/532927/,eClerx Services Limited,17585.13
532928,Transformers and Rectifiers (India) Ltd,Active,A,1.0,INE763I01026,,TARIL,Equity,https://www.bseindia.com/stock-share-price/transformers-and-rectifiers-(india)-ltd/taril/532928/,Transformers and Rectifiers (India) Limited,8889.41
532929,Brigade Enterprises Ltd,Active,A,10.0,INE791I01019,,BRIGADE,Equity,https://www.bseindia.com/stock-share-price/brigade-enterprises-ltd/brigade/532929/,Brigade Enterprises Limited,18705.41
532930,BGR Energy Systems Ltd,Active,T,10.0,INE661I01014,,BGRENERGY,Equity,https://www.bseindia.com/stock-share-price/bgr-energy-systems-ltd/bgrenergy/532930/,BGR ENERGY SYSTEMS LIMITED,1853.11
532932,Manaksia Ltd,Active,B,2.0,INE015D01022,,MANAKSIA,Equity,https://www.bseindia.com/stock-share-price/manaksia-ltd/manaksia/532932/,MANAKSIA LIMITED,374.20
532933,Porwal Auto Components Ltd,Active,X,10.0,INE386I01018,,PORWAL,Equity,https://www.bseindia.com/stock-share-price/porwal-auto-components-ltd/porwal/532933/,PORWAL AUTO COMPONENTS LIMITED,83.13
532934,PPAP Automotive Ltd,Active,T,10.0,INE095I01015,,PPAP,Equity,https://www.bseindia.com/stock-share-price/ppap-automotive-ltd/ppap/532934/,PPAP Automotive Limited,441.22
532935,Aries Agro Ltd,Active,B,10.0,INE298I01015,,ARIES,Equity,https://www.bseindia.com/stock-share-price/aries-agro-ltd/aries/532935/,Aries Agro Limited,444.88
532937,Kuantum Papers Ltd,Active,B,1.0,INE529I01021,,KUANTUM,Equity,https://www.bseindia.com/stock-share-price/kuantum-papers-ltd/kuantum/532937/,Kuantum Papers Limited,710.76
532939,Reliance Power Ltd,Active,A,10.0,INE614G01033,,RPOWER,Equity,https://www.bseindia.com/stock-share-price/reliance-power-ltd/rpower/532939/,Reliance Power Limited,10029.24
532940,J. Kumar Infraprojects Ltd,Active,B,5.0,INE576I01022,,JKIL,Equity,https://www.bseindia.com/stock-share-price/j-kumar-infraprojects-ltd/jkil/532940/,J. Kumar Infraprojects Limited,3694.37
532941,Cords Cable Industries Ltd,Active,T,10.0,INE792I01017,,CORDSCABLE,Equity,https://www.bseindia.com/stock-share-price/cords-cable-industries-ltd/cordscable/532941/,Cords Cable Industries Limited,288.29
532942,KNR Constructions Ltd,Active,A,2.0,INE634I01029,,KNRCON,Equity,https://www.bseindia.com/stock-share-price/knr-constructions-ltd/knrcon/532942/,KNR Constructions Limited,3942.91
532944,OnMobile Global Ltd,Active,T,10.0,INE809I01019,,ONMOBILE,Equity,https://www.bseindia.com/stock-share-price/onmobile-global-ltd/onmobile/532944/,OnMobile Global Ltd.,757.46
532945,SEPC Ltd,Active,B,10.0,INE964H01014,,SEPC,Equity,https://www.bseindia.com/stock-share-price/sepc-ltd/sepc/532945/,SEPC LIMITED,1061.76
532946,Bang Overseas Ltd,Active,B,10.0,INE863I01016,,BANG,Equity,https://www.bseindia.com/stock-share-price/bang-overseas-ltd/bang/532946/,Bang Overseas Ltd,41.63
532947,IRB Infrastructure Developers Ltd,Active,A,1.0,INE821I01022,,IRB,Equity,https://www.bseindia.com/stock-share-price/irb-infrastructure-developers-ltd/irb/532947/,IRB Infrastructure Developers Limited,24083.53
532951,GSS Infotech Ltd,Active,B,10.0,INE871H01011,,GSS,Equity,https://www.bseindia.com/stock-share-price/gss-infotech-ltd/gss/532951/,GSS Infotech Ltd,35.31
532952,Nahar Capital and Financial Services Ltd,Active,B,5.0,INE049I01012,,NAHARCAP,Equity,https://www.bseindia.com/stock-share-price/nahar-capital-and-financial-services-ltd/naharcap/532952/,Nahar Capital & Financial Services Ltd.,454.99
532953,V-Guard Industries Ltd,Active,A,1.0,INE951I01027,,VGUARD,Equity,https://www.bseindia.com/stock-share-price/v-guard-industries-ltd/vguard/532953/,V-Guard Industries Ltd.,14081.00
532955,REC Ltd,Active,A,10.0,INE020B01018,,RECLTD,Equity,https://www.bseindia.com/stock-share-price/rec-ltd/recltd/532955/,REC LIMITED,95546.53
532957,Gokak Textiles Ltd,Active,X,10.0,INE642I01014,,GOKAKTEX,Equity,https://www.bseindia.com/stock-share-price/gokak-textiles-ltd/gokaktex/532957/,GOKAK TEXTILES LTD.,39.00
532966,Titagarh Rail Systems Ltd,Active,A,2.0,INE615H01020,,TITAGARH,Equity,https://www.bseindia.com/stock-share-price/titagarh-rail-systems-ltd/titagarh/532966/,TITAGARH RAIL SYSTEMS LIMITED,11599.45
532967,Kiri Industries Ltd,Active,A,10.0,INE415I01015,,KIRIINDUS,Equity,https://www.bseindia.com/stock-share-price/kiri-industries-ltd/kiriindus/532967/,KIRI INDUSTRIES LIMITED,2850.12
532974,Aditya Birla Money Ltd,Active,B,1.0,INE865C01022,,BIRLAMONEY,Equity,https://www.bseindia.com/stock-share-price/aditya-birla-money-ltd/birlamoney/532974/,Aditya Birla  Money Ltd,751.57
532975,Telogica Ltd,Active,XT,5.0,INE778I01024,,TELOGICA,Equity,https://www.bseindia.com/stock-share-price/telogica-ltd/telogica/532975/,TELOGICA LIMITED,62.71
532976,Jai Balaji Industries Ltd,Active,T,2.0,INE091G01026,,JAIBALAJI,Equity,https://www.bseindia.com/stock-share-price/jai-balaji-industries-ltd/jaibalaji/532976/,Jai Balaji Industries Limited,5728.94
532977,Bajaj Auto Ltd,Active,A,10.0,INE917I01010,,BAJAJ-AUTO,Equity,https://www.bseindia.com/stock-share-price/bajaj-auto-ltd/bajaj-auto/532977/,Bajaj Auto Limited,323831.79
532978,Bajaj Finserv Ltd,Active,A,1.0,INE918I01026,,BAJAJFINSV,Equity,https://www.bseindia.com/stock-share-price/bajaj-finserv-ltd/bajajfinsv/532978/,Bajaj Finserv Limited,334394.91
532980,Gokul Refoils & Solvent Ltd,Active,B,2.0,INE020J01029,,GOKUL,Equity,https://www.bseindia.com/stock-share-price/gokul-refoils--solvent-ltd/gokul/532980/,Gokul Refoils and Solvent Limited,397.46
532983,RPG Life Sciences Ltd,Active,B,8.0,INE105J01010,,RPGLIFE,Equity,https://www.bseindia.com/stock-share-price/rpg-life-sciences-ltd/rpglife/532983/,RPG Life Sciences Limited,4446.60
532985,Kotak S&P BSE Sensex ETF,Active,A,1.0,INF174KA1JD7,,SENSEX1,Equity,https://www.bseindia.com/stock-share-price/kotak-sp-bse-sensex-etf/sensex1/532985/,Kotak Mahindra Mutual Fund,18.80
532986,Niraj Cement Structurals Ltd,Active,T,10.0,INE368I01016,,NIRAJ,Equity,https://www.bseindia.com/stock-share-price/niraj-cement-structurals-ltd/niraj/532986/,Niraj Cement Structurals Limited,176.04
532989,Bafna Pharmaceuticals Ltd,Active,T,10.0,INE878I01022,,BAFNAPH,Equity,https://www.bseindia.com/stock-share-price/bafna-pharmaceuticals-ltd/bafnaph/532989/,Bafna Pharmaceuticals Limited,673.14
532992,CHL Ltd,Active,X,2.0,INE790D01020,,CHLLTD,Equity,https://www.bseindia.com/stock-share-price/chl-ltd/chlltd/532992/,CHL Limited,158.97
532993,Sejal Glass Ltd,Active,T,10.0,INE955I01044,,SEJALLTD,Equity,https://www.bseindia.com/stock-share-price/sejal-glass-ltd/sejalltd/532993/,SEJAL GLASS LIMITED,820.80
532994,Archidply Industries Ltd,Active,B,10.0,INE877I01016,,ARCHIDPLY,Equity,https://www.bseindia.com/stock-share-price/archidply-industries-ltd/archidply/532994/,Archidply Industries Limited,164.64
532998,Lotus Eye Hospital And Institute Ltd,Active,B,10.0,INE947I01017,,LOTUSEYE,Equity,https://www.bseindia.com/stock-share-price/lotus-eye-hospital-and-institute-ltd/lotuseye/532998/,Lotus Eye Hospital And Institute Limited,245.81
533001,Somi Conveyor Beltings Ltd,Active,B,10.0,INE323J01019,,SOMICONVEY,Equity,https://www.bseindia.com/stock-share-price/somi-conveyor-beltings-ltd/somiconvey/533001/,SOMI CONVEYOR BELTINGS LIMITED,108.64
533007,LGB Forge Ltd,Active,XT,1.0,INE201J01017,,LGBFORGE,Equity,https://www.bseindia.com/stock-share-price/lgb-forge-ltd/lgbforge/533007/,LGB Forge Limited,132.68
533012,Landmark Property Development Company Ltd,Active,B,1.0,INE197J01017,,LPDC,Equity,https://www.bseindia.com/stock-share-price/landmark-property-development-company-ltd/lpdc/533012/,Landmark Property Development Company Ltd.,87.33
533014,Sicagen India Ltd,Active,B,10.0,INE176J01011,,SICAGEN,Equity,https://www.bseindia.com/stock-share-price/sicagen-india-ltd/sicagen/533014/,Sicagen India Limited,244.51
533018,Simplex Mills Company Ltd,Active,X,1000.0,INE457H01027,,SIMPLXMIL,Equity,https://www.bseindia.com/stock-share-price/simplex-mills-company-ltd/simplxmil/533018/,SIMPLEX MILLS COMPANY LIMITED,15.24
533019,Simplex Papers Ltd,Active,X,1000.0,INE456H01029,,SIMPLXPAP,Equity,https://www.bseindia.com/stock-share-price/simplex-papers-ltd/simplxpap/533019/,SIMPLEX PAPERS LTD.,3.94
533022,20 Microns Ltd,Active,B,5.0,INE144J01027,,20MICRONS,Equity,https://www.bseindia.com/stock-share-price/20-microns-ltd/20microns/533022/,20 Microns Limited,676.09
533023,ZF Commercial Vehicle Control Systems India Ltd,Active,A,5.0,INE342J01019,,ZFCVINDIA,Equity,https://www.bseindia.com/stock-share-price/zf-commercial-vehicle-control-systems-india-ltd/zfcvindia/533023/,ZF Commercial Vehicle Control Systems India Limited,29313.45
533029,Alkali Metals Ltd,Active,T,10.0,INE773I01017,,ALKALI,Equity,https://www.bseindia.com/stock-share-price/alkali-metals-ltd/alkali/533029/,Alkali Metals Limited,68.48
533033,ISGEC Heavy Engineering Ltd,Active,B,1.0,INE858B01029,,ISGEC,Equity,https://www.bseindia.com/stock-share-price/isgec-heavy-engineering-ltd/isgec/533033/,ISGEC Heavy Engineering Limited,6040.08
533047,Indian Metals & Ferro Alloys Ltd,Active,A,10.0,INE919H01018,,IMFA,Equity,https://www.bseindia.com/stock-share-price/indian-metals--ferro-alloys-ltd/imfa/533047/,Indian Metals & Ferro Alloys Limited,8139.79
533048,Teamo Productions HQ Ltd,Active,B,1.0,INE065J01024,,TPHQ,Equity,https://www.bseindia.com/stock-share-price/teamo-productions-hq-ltd/tphq/533048/,Teamo Productions HQ Limited,46.04
533056,VEDAVAAG Systems Ltd,Active,X,10.0,INE359B01010,,VEDAVAAG,Equity,https://www.bseindia.com/stock-share-price/vedavaag-systems-ltd/vedavaag/533056/,VEDAVAAG Systems Limited,46.83
533080,Mold-Tek Packaging Ltd,Active,B,5.0,INE893J01029,,MOLDTKPAC,Equity,https://www.bseindia.com/stock-share-price/mold-tek-packaging-ltd/moldtkpac/533080/,Mold-Tek Packaging Limited,2266.21
533088,Mahindra Holidays & Resorts India Ltd,Active,B,10.0,INE998I01010,,MHRIL,Equity,https://www.bseindia.com/stock-share-price/mahindra-holidays--resorts-india-ltd/mhril/533088/,Mahindra Holidays & Resorts India Limited,4658.40
533090,Landsmill Green Ltd,Active,B,1.0,INE688J01023,,LANDSMILL,Equity,https://www.bseindia.com/stock-share-price/landsmill-green-ltd/landsmill/533090/,Landsmill Green Limited,112.86
533093,Raj Oil Mills Ltd,Active,B,10.0,INE294G01026,,ROML,Equity,https://www.bseindia.com/stock-share-price/raj-oil-mills-ltd/roml/533093/,RAJ OIL MILLS LIMITED,66.70
533095,Bengal & Assam Company Ltd,Active,B,10.0,INE083K01017,,BENGALASM,Equity,https://www.bseindia.com/stock-share-price/bengal--assam-company-ltd/bengalasm/533095/,Bengal & Assam Company Limited,7178.75
533096,Adani Power Ltd,Active,A,2.0,INE814H01029,,ADANIPOWER,Equity,https://www.bseindia.com/stock-share-price/adani-power-ltd/adanipower/533096/,Adani Power Limited,402471.58
533098,NHPC Ltd,Active,A,10.0,INE848E01016,,NHPC,Equity,https://www.bseindia.com/stock-share-price/nhpc-ltd/nhpc/533098/,NHPC Limited,78301.05
533100,Premier Energy and Infrastructure Ltd,Active,X,10.0,INE429K01012,,PEIL,Equity,https://www.bseindia.com/stock-share-price/premier-energy-and-infrastructure-ltd/peil/533100/,Premier Energy and Infrastructure  Limited,30.06
533101,Suryaamba Spinning Mills Ltd,Active,X,10.0,INE360J01011,,SURYAAMBA,Equity,https://www.bseindia.com/stock-share-price/suryaamba-spinning-mills-ltd/suryaamba/533101/,Suryaamba Spinning Mills Limited,36.94
533104,Globus Spirits Ltd,Active,B,10.0,INE615I01010,,GLOBUSSPR,Equity,https://www.bseindia.com/stock-share-price/globus-spirits-ltd/globusspr/533104/,Globus Spirits Limited,2629.44
533106,Oil India Ltd,Active,A,10.0,INE274J01014,,OIL,Equity,https://www.bseindia.com/stock-share-price/oil-india-ltd/oil/533106/,Oil India Limited,72611.77
533107,Swan Defence And Heavy Industries Ltd,Active,T,10.0,INE542F01020,,SWANDEF,Equity,https://www.bseindia.com/stock-share-price/swan-defence-and-heavy-industries-ltd/swandef/533107/,SWAN DEFENCE AND HEAVY INDUSTRIES LIMITED,13956.82
533108,Bhilwara Technical Textiles Ltd,Active,T,1.0,INE274K01012,,BTTL,Equity,https://www.bseindia.com/stock-share-price/bhilwara-technical-textiles-ltd/bttl/533108/,Bhilwara Technical Textiles Limited,265.60
533110,Shree Precoated Steels Ltd,Active,X,10.0,INE318K01025,,SPSL,Equity,https://www.bseindia.com/stock-share-price/shree-precoated-steels-ltd/spsl/533110/,Shree Precoated Steels Limited,5.16
533121,Expleo Solutions Ltd,Active,B,10.0,INE201K01015,,EXPLEOSOL,Equity,https://www.bseindia.com/stock-share-price/expleo-solutions-ltd/expleosol/533121/,EXPLEO SOLUTIONS LIMITED,1275.41
533122,RattanIndia Power Ltd,Active,A,10.0,INE399K01017,,RTNPOWER,Equity,https://www.bseindia.com/stock-share-price/rattanindia-power-ltd/rtnpower/533122/,RattanIndia Power Limited,4709.58
533137,Den Networks Ltd,Active,B,10.0,INE947J01015,,DEN,Equity,https://www.bseindia.com/stock-share-price/den-networks-ltd/den/533137/,DEN Networks Limited,1303.30
533138,Astec Lifesciences Ltd,Active,B,10.0,INE563J01010,,ASTEC,Equity,https://www.bseindia.com/stock-share-price/astec-lifesciences-ltd/astec/533138/,ASTEC LIFESCIENCES LIMITED,1381.09
533146,D-Link (India) Ltd,Active,B,2.0,INE250K01012,,DLINKINDIA,Equity,https://www.bseindia.com/stock-share-price/d-link-(india)-ltd/dlinkindia/533146/,D-Link (India) Ltd,1571.98
533148,JSW Energy Ltd,Active,A,10.0,INE121E01018,,JSWENERGY,Equity,https://www.bseindia.com/stock-share-price/jsw-energy-ltd/jswenergy/533148/,JSW Energy Limited,104508.52
533149,Yunik Managing Advisors Ltd,Active,X,10.0,INE143K01019,,YUNIKM,Equity,https://www.bseindia.com/stock-share-price/yunik-managing-advisors-ltd/yunikm/533149/,Yunik Managing Advisors Limited,10.17
533150,Godrej Properties Ltd,Active,A,5.0,INE484J01027,,GODREJPROP,Equity,https://www.bseindia.com/stock-share-price/godrej-properties-ltd/godrejprop/533150/,Godrej Properties Limited,63106.84
533151,D. B. Corp Ltd,Active,B,10.0,INE950I01011,,DBCORP,Equity,https://www.bseindia.com/stock-share-price/d-b-corp-ltd/dbcorp/533151/,D.B.Corp Limited,3759.39
533152,MBL Infrastructure Ltd,Active,T,10.0,INE912H01013,,MBLINFRA,Equity,https://www.bseindia.com/stock-share-price/mbl-infrastructure-ltd/mblinfra/533152/,MBL Infrastructure Ltd,385.90
533155,Jubilant FoodWorks Ltd,Active,A,2.0,INE797F01020,,JUBLFOOD,Equity,https://www.bseindia.com/stock-share-price/jubilant-foodworks-ltd/jublfood/533155/,Jubilant Foodworks Limited,31260.17
533156,Vascon Engineers Ltd,Active,T,10.0,INE893I01013,,VASCONEQ,Equity,https://www.bseindia.com/stock-share-price/vascon-engineers-ltd/vasconeq/533156/,Vascon Engineers Limited,769.23
533158,Thangamayil Jewellery Ltd,Active,A,10.0,INE085J01014,,THANGAMAYL,Equity,https://www.bseindia.com/stock-share-price/thangamayil-jewellery-ltd/thangamayl/533158/,Thangamayil Jewellery Limited,16004.75
533160,Valor Estate Ltd,Active,T,10.0,INE879I01012,,DBREALTY,Equity,https://www.bseindia.com/stock-share-price/valor-estate-ltd/dbrealty/533160/,VALOR ESTATE LIMITED,6007.15
533161,Emmbi Industries Ltd,Active,T,10.0,INE753K01015,,EMMBI,Equity,https://www.bseindia.com/stock-share-price/emmbi-industries-ltd/emmbi/533161/,Emmbi Industries Limited,161.19
533162,Hathway Cable & Datacom Ltd,Active,B,2.0,INE982F01036,,HATHWAY,Equity,https://www.bseindia.com/stock-share-price/hathway-cable--datacom-ltd/hathway/533162/,Hathway Cable & Datacom Limited,1920.56
533164,Texmo Pipes and Products Ltd,Active,B,10.0,INE141K01013,,TEXMOPIPES,Equity,https://www.bseindia.com/stock-share-price/texmo-pipes-and-products-ltd/texmopipes/533164/,Texmo Pipes and Products Limited,125.07
533166,Sundaram Multi Pap Ltd,Active,B,1.0,INE108E01023,,SUNDARAM,Equity,https://www.bseindia.com/stock-share-price/sundaram-multi-pap-ltd/sundaram/533166/,Sundaram Multi Pap Ltd.,58.29
533167,Coromandel Engineering Company Ltd,Active,X,10.0,INE312J01012,,COROENGG,Equity,https://www.bseindia.com/stock-share-price/coromandel-engineering-company-ltd/coroengg/533167/,Coromandel Engineering Company Limited,191.48
533168,Rossell India Ltd,Active,B,2.0,INE847C01020,,ROSSELLIND,Equity,https://www.bseindia.com/stock-share-price/rossell-india-ltd/rossellind/533168/,Rossell India Limited,204.88
533169,Man Infraconstruction Ltd,Active,B,2.0,INE949H01023,,MANINFRA,Equity,https://www.bseindia.com/stock-share-price/man-infraconstruction-ltd/maninfra/533169/,MAN INFRACONSTRUCTION LIMITED,4449.62
533170,Tamboli Industries Ltd,Active,T,10.0,INE864J01012,,TAMBOLIIN,Equity,https://www.bseindia.com/stock-share-price/tamboli-industries-ltd/tamboliin/533170/,TAMBOLI INDUSTRIES LIMITED,216.16
533177,IL&FS Transportation Networks Ltd,Active,Z,10.0,INE975G01012,,IL&FSTRANS,Equity,https://www.bseindia.com/stock-share-price/ilfs-transportation-networks-ltd/ilfstrans/533177/,IL&FS Transportation Networks Limited,69.41
533179,Persistent Systems Ltd,Active,A,5.0,INE262H01021,,PERSISTENT,Equity,https://www.bseindia.com/stock-share-price/persistent-systems-ltd/persistent/533179/,Persistent Systems Limited,87056.70
533181,Intrasoft Technologies Ltd,Active,B,10.0,INE566K01011,,ISFT,Equity,https://www.bseindia.com/stock-share-price/intrasoft-technologies-ltd/isft/533181/,Intrasoft Technologies Limited,128.67
533192,KCP Sugar & Industries Corporation Ltd,Active,B,1.0,INE790B01024,,KCPSUGIND,Equity,https://www.bseindia.com/stock-share-price/kcp-sugar--industries-corporation-ltd/kcpsugind/533192/,K C P SUGAR AND INDUSTRIES CORPORATION LTD.,347.41
533193,Kirloskar Electric Company Ltd,Active,B,10.0,INE134B01017,,KECL,Equity,https://www.bseindia.com/stock-share-price/kirloskar-electric-company-ltd/kecl/533193/,KIRLOSKAR ELECTRIC COMPANY LTD.,983.59
533202,Satchmo Holdings Ltd,Active,XT,10.0,INE639K01016,,SATCH,Equity,https://www.bseindia.com/stock-share-price/satchmo-holdings-ltd/satch/533202/,SATCHMO HOLDINGS LIMITED,68.98
533203,Tarapur Transformers Ltd,Active,B,10.0,INE747K01017,,TARAPUR,Equity,https://www.bseindia.com/stock-share-price/tarapur-transformers-ltd/tarapur/533203/,TARAPUR TRANSFORMERS LIMITED,26.44
533206,SJVN Ltd,Active,A,10.0,INE002L01015,,SJVN,Equity,https://www.bseindia.com/stock-share-price/sjvn-ltd/sjvn/533206/,SJVN LIMITED,26887.66
533208,Emami Paper Mills Ltd,Active,T,2.0,INE830C01026,,EMAMIPAP,Equity,https://www.bseindia.com/stock-share-price/emami-paper-mills-ltd/emamipap/533208/,Emami Paper Mills Ltd.,677.59
533210,Kriti Nutrients Ltd,Active,B,1.0,INE798K01010,,KRITINUT,Equity,https://www.bseindia.com/stock-share-price/kriti-nutrients-ltd/kritinut/533210/,Kriti Nutrients Ltd,475.03
533212,GKB Ophthalmics Ltd,Active,X,10.0,INE265D01015,,GKB,Equity,https://www.bseindia.com/stock-share-price/gkb-ophthalmics-ltd/gkb/533212/,GKB Ophthalmics Ltd.,27.77
533217,Hindustan Media Ventures Ltd,Active,B,10.0,INE871K01015,,HMVL,Equity,https://www.bseindia.com/stock-share-price/hindustan-media-ventures-ltd/hmvl/533217/,Hindustan Media Ventures Limited,764.12
533218,Emami Realty Ltd,Active,T,2.0,INE778K01012,,EMAMIREAL,Equity,https://www.bseindia.com/stock-share-price/emami-realty-ltd/emamireal/533218/,EMAMI REALTY LIMITED,408.21
533221,Asian Hotels (West) Ltd,Active,T,10.0,INE915K01010,,AHLWEST,Equity,https://www.bseindia.com/stock-share-price/asian-hotels-(west)-ltd/ahlwest/533221/,Asian Hotels (West) Ltd,594.10
533227,Asian Hotels (East) Ltd,Active,B,10.0,INE926K01017,,AHLEAST,Equity,https://www.bseindia.com/stock-share-price/asian-hotels-(east)-ltd/ahleast/533227/,Asian Hotels (East) Limited,259.29
533229,Bajaj Consumer Care Ltd,Active,A,1.0,INE933K01021,,BAJAJCON,Equity,https://www.bseindia.com/stock-share-price/bajaj-consumer-care-ltd/bajajcon/533229/,BAJAJ CONSUMER CARE LIMITED,6976.09
533239,Prakash Steelage Ltd,Active,B,1.0,INE696K01024,,PRAKASHSTL,Equity,https://www.bseindia.com/stock-share-price/prakash-steelage-ltd/prakashstl/533239/,Prakash Steelage Limited,69.65
533248,Gujarat Pipavav Port Ltd,Active,A,10.0,INE517F01014,,GPPL,Equity,https://www.bseindia.com/stock-share-price/gujarat-pipavav-port-ltd/gppl/533248/,Gujarat Pipavav Port Limited,7309.61
533252,Welspun Investments and Commercials Ltd,Active,T,10.0,INE389K01018,,WELINV,Equity,https://www.bseindia.com/stock-share-price/welspun-investments-and-commercials-ltd/welinv/533252/,Welspun Investments and Commercials Ltd.,712.59
533257,Indosolar Ltd,Active,B,10.0,INE866K01023,,WAAREEINDO,Equity,https://www.bseindia.com/stock-share-price/indosolar-ltd/waareeindo/533257/,INDOSOLAR LIMITED,1435.33
533259,Health X Platform Ltd,Active,B,10.0,INE019J01013,,HEALTHX,Equity,https://www.bseindia.com/stock-share-price/health-x-platform-ltd/healthx/533259/,HEALTH X PLATFORM LIMITED,997.42
533260,CP Capital Ltd,Active,T,10.0,INE521J01018,,CPCAP,Equity,https://www.bseindia.com/stock-share-price/cp-capital-ltd/cpcap/533260/,CP CAPITAL LIMITED,203.31
533262,Ramky Infrastructure Ltd,Active,B,10.0,INE874I01013,,RAMKY,Equity,https://www.bseindia.com/stock-share-price/ramky-infrastructure-ltd/ramky/533262/,Ramky Infrastructure Limited,2800.09
533263,Orient Green Power Company Ltd,Active,B,10.0,INE999K01014,,GREENPOWER,Equity,https://www.bseindia.com/stock-share-price/orient-green-power-company-ltd/greenpower/533263/,Orient Green Power Company Limited,1164.82
533267,Cantabil Retail India Ltd,Active,B,2.0,INE068L01024,,CANTABIL,Equity,https://www.bseindia.com/stock-share-price/cantabil-retail-india-ltd/cantabil/533267/,CANTABIL RETAIL INDIA LIMITED,1909.04
533268,Sea TV Network Ltd,Active,X,10.0,INE351L01016,,SEATV,Equity,https://www.bseindia.com/stock-share-price/sea-tv-network-ltd/seatv/533268/,SEA TV Network Limited,3.37
533269,VA Tech Wabag Ltd,Active,A,2.0,INE956G01038,,WABAG,Equity,https://www.bseindia.com/stock-share-price/va-tech-wabag-ltd/wabag/533269/,VA Tech Wabag Limited,12430.75
533270,Bedmutha Industries Ltd,Active,B,10.0,INE844K01012,,BEDMUTHA,Equity,https://www.bseindia.com/stock-share-price/bedmutha-industries-ltd/bedmutha/533270/,Bedmutha Industries Limited,375.71
533271,Ashoka Buildcon Ltd,Active,A,5.0,INE442H01029,,ASHOKA,Equity,https://www.bseindia.com/stock-share-price/ashoka-buildcon-ltd/ashoka/533271/,Ashoka Buildcon Limited,3365.87
533272,Jupiter Wagons Ltd,Active,A,10.0,INE209L01016,,JWL,Equity,https://www.bseindia.com/stock-share-price/jupiter-wagons-ltd/jwl/533272/,JUPITER WAGONS LIMITED,11199.24
533273,Oberoi Realty Ltd,Active,A,10.0,INE093I01010,,OBEROIRLTY,Equity,https://www.bseindia.com/stock-share-price/oberoi-realty-ltd/oberoirlty/533273/,OBEROI REALTY LIMITED,64637.57
533274,Prestige Estates Projects Ltd,Active,A,10.0,INE811K01011,,PRESTIGE,Equity,https://www.bseindia.com/stock-share-price/prestige-estates-projects-ltd/prestige/533274/,Prestige Estates Projects Limited,67883.08
533275,Shah Metacorp Ltd,Active,B,1.0,INE482J01021,,SHAH,Equity,https://www.bseindia.com/stock-share-price/shah-metacorp-ltd/shah/533275/,SHAH METACORP LIMITED,383.13
533278,Coal India Ltd,Active,A,10.0,INE522F01014,,COALINDIA,Equity,https://www.bseindia.com/stock-share-price/coal-india-ltd/coalindia/533278/,Coal India Limited,254335.80
533282,Gravita India Ltd,Active,A,2.0,INE024L01027,,GRAVITA,Equity,https://www.bseindia.com/stock-share-price/gravita-india-ltd/gravita/533282/,GRAVITA INDIA LIMITED,12674.76
533284,R P P Infra Projects Ltd,Active,B,10.0,INE324L01013,,RPPINFRA,Equity,https://www.bseindia.com/stock-share-price/r-p-p-infra-projects-ltd/rppinfra/533284/,RPP INFRA PROJECTS LIMITED,288.96
533285,RDB Infrastructure And Power Ltd,Active,B,1.0,INE245L01028,,RDBIPL,Equity,https://www.bseindia.com/stock-share-price/rdb-infrastructure-and-power-ltd/rdbipl/533285/,RDB INFRASTRUCTURE AND POWER LIMITED,335.59
533286,Moil Ltd,Active,A,10.0,INE490G01020,,MOIL,Equity,https://www.bseindia.com/stock-share-price/moil-ltd/moil/533286/,MOIL Limited,5758.63
533287,Zee Learn Ltd,Active,T,1.0,INE565L01011,,ZEELEARN,Equity,https://www.bseindia.com/stock-share-price/zee-learn-ltd/zeelearn/533287/,ZEE LEARN LIMITED,262.19
533289,Kesar Terminals & Infrastructure Ltd,Active,X,5.0,INE096L01025,,KTIL,Equity,https://www.bseindia.com/stock-share-price/kesar-terminals--infrastructure-ltd/ktil/533289/,Kesar Terminals & Infrastructure Limited,66.27
533292,A2Z Infra Engineering Ltd,Active,B,10.0,INE619I01012,,A2ZINFRA,Equity,https://www.bseindia.com/stock-share-price/a2z-infra-engineering-ltd/a2zinfra/533292/,A2Z Infra Engineering Limited,298.06
533293,Kirloskar Oil Engines Ltd,Active,A,2.0,INE146L01010,,KIRLOSENG,Equity,https://www.bseindia.com/stock-share-price/kirloskar-oil-engines-ltd/kirloseng/533293/,Kirloskar Oil Engines Limited,32650.89
533294,Ravi Kumar Distilleries Ltd,Active,B,10.0,INE722J01012,,RKDL,Equity,https://www.bseindia.com/stock-share-price/ravi-kumar-distilleries-ltd/rkdl/533294/,Ravi Kumar Distilleries Limited,45.43
533295,Punjab & Sind Bank,Active,B,10.0,INE608A01012,,PSB,Equity,https://www.bseindia.com/stock-share-price/punjab--sind-bank/psb/533295/,PUNJAB & SIND BANK,16986.83
533296,Future Market Networks Ltd,Active,T,10.0,INE360L01017,,FMNL,Equity,https://www.bseindia.com/stock-share-price/future-market-networks-ltd/fmnl/533296/,Future Market Networks Limited,57.19
533298,Surana Solar Ltd,Active,B,5.0,INE272L01022,,SURANASOL,Equity,https://www.bseindia.com/stock-share-price/surana-solar-ltd/suranasol/533298/,Surana Solar Limited,136.40
533301,Shekhawati Industries Ltd,Active,B,10.0,INE268L01046,,SHEKHAWATI,Equity,https://www.bseindia.com/stock-share-price/shekhawati-industries-ltd/shekhawati/533301/,SHEKHAWATI INDUSTRIES LIMITED,48.19
533302,Kalyani Investment Company Ltd,Active,B,10.0,INE029L01018,,KICL,Equity,https://www.bseindia.com/stock-share-price/kalyani-investment-company-ltd/kicl/533302/,Kalyani Investment Company Limited,2409.93
533303,BF Investment Ltd,Active,B,5.0,INE878K01010,,BFINVEST,Equity,https://www.bseindia.com/stock-share-price/bf-investment-ltd/bfinvest/533303/,BF Investment Limited,1779.80
533306,Summit Securities Ltd,Active,B,10.0,INE519C01017,,SUMMITSEC,Equity,https://www.bseindia.com/stock-share-price/summit-securities-ltd/summitsec/533306/,SUMMIT SECURITIES LTD.,1645.79
533316,STEL Holdings Ltd,Active,B,10.0,INE577L01016,,STEL,Equity,https://www.bseindia.com/stock-share-price/stel-holdings-ltd/stel/533316/,STEL Holdings Limited,1048.91
533326,Texmaco Rail & Engineering Ltd,Active,A,1.0,INE621L01012,,TEXRAIL,Equity,https://www.bseindia.com/stock-share-price/texmaco-rail--engineering-ltd/texrail/533326/,Texmaco Rail & Engineering Limited,4408.38
533329,Indian Terrain Fashions Ltd,Active,B,2.0,INE611L01021,,INDTERRAIN,Equity,https://www.bseindia.com/stock-share-price/indian-terrain-fashions-ltd/indterrain/533329/,Indian Terrain Fashions Limited,161.78
533333,Fineotex Chemical Ltd,Active,B,1.0,INE045J01034,,FCL,Equity,https://www.bseindia.com/stock-share-price/fineotex-chemical-ltd/fcl/533333/,Fineotex Chemical Limited,4873.44
533336,Dhunseri Investments Ltd,Active,B,10.0,INE320L01011,,DHUNINV,Equity,https://www.bseindia.com/stock-share-price/dhunseri-investments-ltd/dhuninv/533336/,Dhunseri Investments Ltd,545.70
533339,ZEN Technologies Ltd,Active,A,1.0,INE251B01027,,ZENTEC,Equity,https://www.bseindia.com/stock-share-price/zen-technologies-ltd/zentec/533339/,Zen Technologies Ltd.,15684.34
533343,Lovable Lingerie Ltd,Active,B,10.0,INE597L01014,,LOVABLE,Equity,https://www.bseindia.com/stock-share-price/lovable-lingerie-ltd/lovable/533343/,Lovable Lingerie Limited,110.26
533344,PTC India Financial Services Ltd,Active,B,10.0,INE560K01014,,PFS,Equity,https://www.bseindia.com/stock-share-price/ptc-india-financial-services-ltd/pfs/533344/,PTC India Financial Services Limited,1854.91
533398,Muthoot Finance Ltd,Active,A,10.0,INE414G01012,,MUTHOOTFIN,Equity,https://www.bseindia.com/stock-share-price/muthoot-finance-ltd/muthootfin/533398/,MUTHOOT FINANCE LIMITED,116024.39
533407,True Green Bio Energy Ltd,Active,XT,10.0,INE672K01025,,TRUEGREEN,Equity,https://www.bseindia.com/stock-share-price/true-green-bio-energy-ltd/truegreen/533407/,TRUE GREEN BIO ENERGY LIMITED,602.13
533427,VMS Industries Ltd,Active,X,10.0,INE932K01015,,VMS,Equity,https://www.bseindia.com/stock-share-price/vms-industries-ltd/vms/533427/,VMS INDUSTRIES LIMITED,51.79
533451,Karma Energy Ltd,Active,B,10.0,INE725L01011,,KARMAENG,Equity,https://www.bseindia.com/stock-share-price/karma-energy-ltd/karmaeng/533451/,Karma Energy Limited,42.97
533452,Delphi World Money Ltd,Active,T,2.0,INE726L01027,,DELPHIFX,Equity,https://www.bseindia.com/stock-share-price/delphi-world-money-ltd/delphifx/533452/,DELPHI WORLD MONEY LIMITED,166.78
533470,Rushil Decor Ltd,Active,B,1.0,INE573K01025,,RUSHIL,Equity,https://www.bseindia.com/stock-share-price/rushil-decor-ltd/rushil/533470/,Rushil Decor Limited,530.20
533477,Enkei Wheels (India) Ltd,Active,X,5.0,INE130L01014,,ENKEIWHEL,Equity,https://www.bseindia.com/stock-share-price/enkei-wheels-(india)-ltd/enkeiwhel/533477/,Enkei wheels (India) Limited,659.50
533482,Kridhan Infra Ltd,Active,T,2.0,INE524L01026,,KRIDHANINF,Equity,https://www.bseindia.com/stock-share-price/kridhan-infra-ltd/kridhaninf/533482/,Kridhan Infra Limited,21.80
533506,Inventure Growth & Securities Ltd,Active,B,1.0,INE878H01024,,INVENTURE,Equity,https://www.bseindia.com/stock-share-price/inventure-growth--securities-ltd/inventure/533506/,INVENTURE GROWTH & SECURITIES LIMITED,97.65
533519,L&T Finance Ltd,Active,A,10.0,INE498L01015,,LTF,Equity,https://www.bseindia.com/stock-share-price/lt-finance-ltd/ltf/533519/,L&T Finance Limited,79942.86
533520,Indiabulls Ltd,Active,T,2.0,INE126M01010,,IBULLSLTD,Equity,https://www.bseindia.com/stock-share-price/indiabulls-ltd/ibullsltd/533520/,Indiabulls Limited,7116.76
533540,Tree House Education & Accessories Ltd,Active,B,10.0,INE040M01013,,TREEHOUSE,Equity,https://www.bseindia.com/stock-share-price/tree-house-education--accessories-ltd/treehouse/533540/,Tree House Education & Accessories Limited,26.11
533543,Brooks Laboratories Ltd,Active,T,10.0,INE650L01011,,BROOKS,Equity,https://www.bseindia.com/stock-share-price/brooks-laboratories-ltd/brooks/533543/,BROOKS LABORATORIES LIMITED,179.69
533552,Rupa & Company Ltd,Active,B,1.0,INE895B01021,,RUPA,Equity,https://www.bseindia.com/stock-share-price/rupa--company-ltd/rupa/533552/,RUPA & COMPANY LIMITED,1332.04
533553,TD Power Systems Ltd,Active,A,2.0,INE419M01027,,TDPOWERSYS,Equity,https://www.bseindia.com/stock-share-price/td-power-systems-ltd/tdpowersys/533553/,TD Power Systems Ltd,19219.22
533573,Alembic Pharmaceuticals Ltd,Active,A,2.0,INE901L01018,,APLLTD,Equity,https://www.bseindia.com/stock-share-price/alembic-pharmaceuticals-ltd/aplltd/533573/,ALEMBIC PHARMACEUTICALS LIMITED,16405.16
533576,Vaswani Industries Ltd,Active,B,10.0,INE590L01019,,VASWANI,Equity,https://www.bseindia.com/stock-share-price/vaswani-industries-ltd/vaswani/533576/,Vaswani Industries Limited,170.43
533581,PG Electroplast Ltd,Active,A,1.0,INE457L01029,,PGEL,Equity,https://www.bseindia.com/stock-share-price/pg-electroplast-ltd/pgel/533581/,PG Electroplast Limited,17392.24
533602,Lesha Industries Ltd,Active,X,1.0,INE050L01048,,LESHAIND,Equity,https://www.bseindia.com/stock-share-price/lesha-industries-ltd/leshaind/533602/,Lesha Industries Limited,21.58
533605,Setubandhan Infrastructure Ltd,Active,Z,1.0,INE023M01027,,SETUINFRA,Equity,https://www.bseindia.com/stock-share-price/setubandhan-infrastructure-ltd/setuinfra/533605/,SETUBANDHAN INFRASTRUCTURE LIMITED,5.15
533608,RDB Rasayans Ltd,Active,X,10.0,INE123M01017,,RDBRL,Equity,https://www.bseindia.com/stock-share-price/rdb-rasayans-ltd/rdbrl/533608/,RDB Rasayans Limited,290.97
533629,Tijaria Polypipes Ltd,Active,B,10.0,INE440L01017,,TIJARIA,Equity,https://www.bseindia.com/stock-share-price/tijaria-polypipes-ltd/tijaria/533629/,TIJARIA POLYPIPES LIMITED,13.31
533632,Onelife Capital Advisors Ltd,Active,T,10.0,INE912L01015,,ONELIFECAP,Equity,https://www.bseindia.com/stock-share-price/onelife-capital-advisors-ltd/onelifecap/533632/,Onelife Capital Advisors Ltd,130.76
533638,Flexituff Ventures International Ltd,Active,T,10.0,INE060J01017,,FLEXITUFF,Equity,https://www.bseindia.com/stock-share-price/flexituff-ventures-international-ltd/flexituff/533638/,FLEXITUFF VENTURES INTERNATIONAL LIMITED,12.21
533644,Ujaas Energy Ltd,Active,B,1.0,INE899L01030,,UEL,Equity,https://www.bseindia.com/stock-share-price/ujaas-energy-ltd/uel/533644/,Ujaas Energy Limited,3406.31
533655,Triveni Turbine Ltd,Active,A,1.0,INE152M01016,,TRITURBINE,Equity,https://www.bseindia.com/stock-share-price/triveni-turbine-ltd/triturbine/533655/,Triveni Turbine Limited,20551.91
533676,Indo Thai Securities Ltd,Active,B,1.0,INE337M01021,,INDOTHAI,Equity,https://www.bseindia.com/stock-share-price/indo-thai-securities-ltd/indothai/533676/,Indo Thai Securities Limited,1419.30
533704,Essar Shipping Ltd,Active,B,10.0,INE122M01019,,ESSARSHPNG,Equity,https://www.bseindia.com/stock-share-price/essar-shipping-ltd/essarshpng/533704/,Essar Shipping Ltd,412.09
533758,APL Apollo Tubes Ltd,Active,A,2.0,INE702C01027,,APLAPOLLO,Equity,https://www.bseindia.com/stock-share-price/apl-apollo-tubes-ltd/aplapollo/533758/,APL Apollo Tubes Limited,54171.15
533761,GPT Infraprojects Ltd,Active,B,10.0,INE390G01014,,GPTINFRA,Equity,https://www.bseindia.com/stock-share-price/gpt-infraprojects-ltd/gptinfra/533761/,GPT Infraprojects limited,1488.57
533896,Fervent Synergies Ltd,Active,X,10.0,INE258M01011,,FERVENTSYN,Equity,https://www.bseindia.com/stock-share-price/fervent-synergies-ltd/ferventsyn/533896/,Fervent Synergies Limited,76.15
533941,Thomas Scott (India) Ltd,Active,B,10.0,INE480M01011,,THOMASCOTT,Equity,https://www.bseindia.com/stock-share-price/thomas-scott-(india)-ltd/thomascott/533941/,THOMAS SCOTT (INDIA) LIMITED,455.22
533982,Tera Software Ltd,Active,B,10.0,INE482B01010,,TERASOFT,Equity,https://www.bseindia.com/stock-share-price/tera-software-ltd/terasoft/533982/,Tera Software Ltd.,527.50
534060,PMC Fincorp Ltd,Active,X,1.0,INE793G01035,,PMCFIN,Equity,https://www.bseindia.com/stock-share-price/pmc-fincorp-ltd/pmcfin/534060/,PMC Fincorp Limited,120.34
534063,Futuristic Solutions Ltd,Active,X,10.0,INE241F01011,,FUTSOL,Equity,https://www.bseindia.com/stock-share-price/futuristic-solutions-ltd/futsol/534063/,Futuristic Solutions Ltd.,41.61
534064,Alliance Integrated Metaliks Ltd,Active,XT,1.0,INE123D01024,,AIML,Equity,https://www.bseindia.com/stock-share-price/alliance-integrated-metaliks-ltd/aiml/534064/,Alliance Integrated Metaliks Limited,107.03
534076,Rhi Magnesita India Ltd,Active,A,1.0,INE743M01012,,RHIM,Equity,https://www.bseindia.com/stock-share-price/rhi-magnesita-india-ltd/rhim/534076/,RHI MAGNESITA INDIA LIMITED,8493.40
534091,Multi Commodity Exchange of India Ltd,Active,A,2.0,INE745G01043,,MCX,Equity,https://www.bseindia.com/stock-share-price/multi-commodity-exchange-of-india-ltd/mcx/534091/,Multi Commodity Exchange of India Ltd,67368.85
534109,Pyxis Finvest Ltd,Active,MT,10.0,INE883L01018,,PYXISFIN,Equity,https://www.bseindia.com/stock-share-price/pyxis-finvest-ltd/pyxisfin/534109/,Pyxis Finvest Limited,11.23
534139,Schneider Electric Infrastructure Ltd,Active,A,2.0,INE839M01018,,SCHNEIDER,Equity,https://www.bseindia.com/stock-share-price/schneider-electric-infrastructure-ltd/schneider/534139/,SCHNEIDER ELECTRIC INFRASTRUCTURE LIMITED,31883.33
534190,Olympic Cards Ltd,Active,X,10.0,INE550L01013,,OLPCL,Equity,https://www.bseindia.com/stock-share-price/olympic-cards-ltd/olpcl/534190/,Olympic Cards Limited,4.88
534309,NBCC (India) Ltd,Active,A,1.0,INE095N01031,,NBCC,Equity,https://www.bseindia.com/stock-share-price/nbcc-(india)-ltd/nbcc/534309/,NBCC (India) Limited,26082.00
534312,MT Educare Ltd,Active,T,10.0,INE472M01018,,MTEDUCARE,Equity,https://www.bseindia.com/stock-share-price/mt-educare-ltd/mteducare/534312/,MT EDUCARE LIMITED,14.23
534328,Hexa Tradex Ltd,Active,B,2.0,INE750M01017,,HEXATRADEX,Equity,https://www.bseindia.com/stock-share-price/hexa-tradex-ltd/hexatradex/534328/,Hexa Tradex Limited,910.99
534338,Max heights Infrastucture Ltd,Active,X,10.0,INE393F01010,,MAXHEIGHTS,Equity,https://www.bseindia.com/stock-share-price/max-heights-infrastucture-ltd/maxheights/534338/,Max heights Infrastucture Ltd,18.65
534369,Tribhovandas Bhimji Zaveri Ltd,Active,B,10.0,INE760L01018,,TBZ,Equity,https://www.bseindia.com/stock-share-price/tribhovandas-bhimji-zaveri-ltd/tbz/534369/,Tribhovandas Bhimji Zaveri Limited,1802.39
534392,Vardhman Special Steels Ltd,Active,B,10.0,INE050M01012,,VSSL,Equity,https://www.bseindia.com/stock-share-price/vardhman-special-steels-ltd/vssl/534392/,Vardhman Special Steels Ltd,3222.53
534422,Looks Health Services Ltd,Active,XT,10.0,INE204N01013,,LOOKS,Equity,https://www.bseindia.com/stock-share-price/looks-health-services-ltd/looks/534422/,Looks Health Services Limited,10.50
534425,Speciality Restaurants Ltd,Active,B,10.0,INE247M01014,,SPECIALITY,Equity,https://www.bseindia.com/stock-share-price/speciality-restaurants-ltd/speciality/534425/,Speciality Restaurants Limited,685.67
534532,Aurus Gem Corporation Ltd,Active,B,10.0,INE142K01011,,AURUS,Equity,https://www.bseindia.com/stock-share-price/aurus-gem-corporation-ltd/aurus/534532/,AURUS GEM CORPORATION LIMITED,13.71
534535,String Metaverse Ltd,Active,T,1.0,INE958L01034,,META,Equity,https://www.bseindia.com/stock-share-price/string-metaverse-ltd/meta/534535/,STRING METAVERSE LIMITED,835.64
534597,Rattanindia Enterprises Ltd,Active,B,2.0,INE834M01019,,RTNINDIA,Equity,https://www.bseindia.com/stock-share-price/rattanindia-enterprises-ltd/rtnindia/534597/,RATTANINDIA ENTERPRISES LIMITED,4352.77
534598,Sampann Utpadan India Ltd,Active,B,10.0,INE735M01018,,SAMPANN,Equity,https://www.bseindia.com/stock-share-price/sampann-utpadan-india-ltd/sampann/534598/,Sampann Utpadan India Limited,132.08
534600,JTL Industries Ltd,Active,B,1.0,INE391J01032,,JTLIND,Equity,https://www.bseindia.com/stock-share-price/jtl-industries-ltd/jtlind/534600/,JTL INDUSTRIES LIMITED,3023.19
534612,Advance Metering Technology Ltd,Active,X,5.0,INE436N01029,,AMTL,Equity,https://www.bseindia.com/stock-share-price/advance-metering-technology-ltd/amtl/534612/,ADVANCE METERING TECHNOLOGY LIMITED,30.14
534615,North Eastern Carrying Corporation Ltd,Active,T,10.0,INE553C01016,,NECCLTD,Equity,https://www.bseindia.com/stock-share-price/north-eastern-carrying-corporation-ltd/neccltd/534615/,North Eastern Carrying Corporation Limited,162.29
534618,Waaree Renewable Technologies Ltd,Active,A,2.0,INE299N01021,,WAAREERTL,Equity,https://www.bseindia.com/stock-share-price/waaree-renewable-technologies-ltd/waareertl/534618/,WAAREE RENEWABLE TECHNOLOGIES LIMITED,9449.03
534623,Jupiter Infomedia Ltd,Active,X,10.0,INE524N01014,,JUPITERIN,Equity,https://www.bseindia.com/stock-share-price/jupiter-infomedia-ltd/jupiterin/534623/,Jupiter Infomedia Limited,50.18
534639,Vinayak Polycon International Ltd,Active,X,10.0,INE581M01016,,VINAYAKPOL,Equity,https://www.bseindia.com/stock-share-price/vinayak-polycon-international-ltd/vinayakpol/534639/,VINAYAK POLYCON INTERNATIONAL LIMITED,6.49
534659,Jointeca Education Solutions Ltd,Active,MT,10.0,INE131N01018,,JOINTECAED,Equity,https://www.bseindia.com/stock-share-price/jointeca-education-solutions-ltd/jointecaed/534659/,Jointeca Education Solutions Limited,5.71
534674,Ducon Infratechnologies Ltd,Active,B,1.0,INE741L01018,,DUCON,Equity,https://www.bseindia.com/stock-share-price/ducon-infratechnologies-ltd/ducon/534674/,Ducon Infratechnologies Limited,99.43
534675,Prozone Realty Ltd,Active,B,2.0,INE195N01013,,PROZONER,Equity,https://www.bseindia.com/stock-share-price/prozone-realty-ltd/prozoner/534675/,PROZONE REALTY LIMITED,647.80
534680,SRG Housing Finance Ltd,Active,B,10.0,INE559N01010,,SRGHFL,Equity,https://www.bseindia.com/stock-share-price/srg-housing-finance-ltd/srghfl/534680/,SRG Housing Finance Limited,449.94
534691,Comfort Commotrade Ltd,Active,XT,10.0,INE456N01019,,COMCL,Equity,https://www.bseindia.com/stock-share-price/comfort-commotrade-ltd/comcl/534691/,Comfort Commotrade Limited,14.80
534708,Shanti Guru Industries Ltd,Active,M,10.0,INE892L01019,,SHANTIGURU,Equity,https://www.bseindia.com/stock-share-price/shanti-guru-industries-ltd/shantiguru/534708/,SHANTI GURU INDUSTRIES LIMITED,11.39
534732,Caspian Corporate Services Ltd,Active,XT,10.0,INE176N01039,,CASPIAN,Equity,https://www.bseindia.com/stock-share-price/caspian-corporate-services-ltd/caspian/534732/,CASPIAN CORPORATE SERVICES LIMITED,42.37
534733,Aerpace Industries Ltd,Active,XT,1.0,INE175N01023,,AERPACE,Equity,https://www.bseindia.com/stock-share-price/aerpace-industries-ltd/aerpace/534733/,Aerpace Industries Limited,515.27
534741,Virtual Global Education Ltd,Active,X,1.0,INE247C01023,,VIRTUALG,Equity,https://www.bseindia.com/stock-share-price/virtual-global-education-ltd/virtualg/534741/,VIRTUAL GLOBAL EDUCATION LTD.,24.91
534742,Zuari Agro Chemicals Ltd,Active,B,10.0,INE840M01016,,ZUARI,Equity,https://www.bseindia.com/stock-share-price/zuari-agro-chemicals-ltd/zuari/534742/,ZUARI AGRO CHEMICALS LIMITED,952.40
534748,Steel Exchange India Ltd,Active,B,1.0,INE503B01021,,STEELXIND,Equity,https://www.bseindia.com/stock-share-price/steel-exchange-india-ltd/steelxind/534748/,Steel Exchange India Ltd.,1461.74
534755,Trio Mercantile & Trading Ltd,Active,XT,2.0,INE234G01022,,TRIOMERC,Equity,https://www.bseindia.com/stock-share-price/trio-mercantile--trading-ltd/triomerc/534755/,Trio Mercantile & Trading Limited,20.79
534796,CDG Petchem Ltd,Active,XT,10.0,INE198N01017,,CDG,Equity,https://www.bseindia.com/stock-share-price/cdg-petchem-ltd/cdg/534796/,CDG PETCHEM LIMITED,249.04
534804,CARE Ratings Ltd,Active,A,10.0,INE752H01013,,CARERATING,Equity,https://www.bseindia.com/stock-share-price/care-ratings-ltd/carerating/534804/,CARE Ratings Limited,5201.62
534809,PC Jeweller Ltd,Active,A,1.0,INE785M01021,,PCJEWELLER,Equity,https://www.bseindia.com/stock-share-price/pc-jeweller-ltd/pcjeweller/534809/,PC JEWELLER LIMITED,8389.15
534816,Indus Towers Ltd,Active,A,10.0,INE121J01017,,INDUSTOWER,Equity,https://www.bseindia.com/stock-share-price/indus-towers-ltd/industower/534816/,INDUS TOWERS LIMITED,101582.46
534920,iSERA Lifesciences Ltd,Active,XT,10.0,INE899M01020,,ISERA,Equity,https://www.bseindia.com/stock-share-price/isera-lifesciences-ltd/isera/534920/,iSERA LIFESCIENCES LIMITED,121.01
534976,V-Mart Retail Ltd,Active,A,10.0,INE665J01013,,VMART,Equity,https://www.bseindia.com/stock-share-price/v-mart-retail-ltd/vmart/534976/,V-Mart Retail Limited,6483.96
535136,NIBE Ltd,Active,B,10.0,INE149O01018,,NIBE,Equity,https://www.bseindia.com/stock-share-price/nibe-ltd/nibe/535136/,NIBE LIMITED,2124.50
535204,Mukta Agriculture Ltd,Active,X,10.0,INE160O01031,,MUKTA,Equity,https://www.bseindia.com/stock-share-price/mukta-agriculture-ltd/mukta/535204/,Mukta Agriculture Limited,6.37
535205,Mystic Electronics Ltd,Active,X,10.0,INE159O01033,,MYSTICELE,Equity,https://www.bseindia.com/stock-share-price/mystic-electronics-ltd/mysticele/535205/,Mystic Electronics Limited,51.32
535267,Comfort Fincap Ltd,Active,X,2.0,INE274M01026,,COMFINCAP,Equity,https://www.bseindia.com/stock-share-price/comfort-fincap-ltd/comfincap/535267/,COMFORT FINCAP LIMITED,73.15
535276,SBI Mutual Fund - SBI Sensex ETF,Active,A,10.0,INF200K01VT2,,SBISENSEX,Equity,https://www.bseindia.com/stock-share-price/sbi-mutual-fund---sbi-sensex-etf/sbisensex/535276/,SBI Mutual Fund,
535279,Bothra Metals & Alloys Ltd,Active,M,10.0,INE583M01012,,BMAL,Equity,https://www.bseindia.com/stock-share-price/bothra-metals--alloys-ltd/bmal/535279/,Bothra Metals & Alloys Limited,13.52
535322,Repco Home Finance Ltd,Active,B,10.0,INE612J01015,,REPCOHOME,Equity,https://www.bseindia.com/stock-share-price/repco-home-finance-ltd/repcohome/535322/,Repco Home Finance Limited,2443.33
535387,Lakhotia Polyesters (India) Ltd,Active,X,10.0,INE191O01010,,LAKHOTIA,Equity,https://www.bseindia.com/stock-share-price/lakhotia-polyesters-(india)-ltd/lakhotia/535387/,LAKHOTIA POLYESTERS (INDIA) LIMITED,55.91
535431,GCM Securities Ltd,Active,B,1.0,INE168O01026,,GCMSECU,Equity,https://www.bseindia.com/stock-share-price/gcm-securities-ltd/gcmsecu/535431/,GCM Securities Limited,13.49
535458,NRB Industrial Bearings Ltd,Active,B,2.0,INE047O01014,,NIBL,Equity,https://www.bseindia.com/stock-share-price/nrb-industrial-bearings-ltd/nibl/535458/,NRB INDUSTRIAL BEARINGS LIMITED,83.21
535514,Prime Capital Market Ltd,Active,XT,10.0,INE748D01010,,PRIMECAPM,Equity,https://www.bseindia.com/stock-share-price/prime-capital-market-ltd/primecapm/535514/,Prime Capital Market Limited,6.66
535566,KIFS Financial Services Ltd,Active,X,10.0,INE902D01013,,KIFS,Equity,https://www.bseindia.com/stock-share-price/kifs-financial-services-ltd/kifs/535566/,KIFS Financial Services Ltd,117.92
535601,Sreeleathers Ltd,Active,B,10.0,INE099F01013,,SREEL,Equity,https://www.bseindia.com/stock-share-price/sreeleathers-ltd/sreel/535601/,Sreeleathers Limited,503.31
535602,Sharda Motor Industries Ltd,Active,B,2.0,INE597I01028,,SHARDAMOTR,Equity,https://www.bseindia.com/stock-share-price/sharda-motor-industries-ltd/shardamotr/535602/,Sharda Motor Industries Ltd,5354.70
535621,S V Global Mill Ltd,Active,X,5.0,INE159L01013,,SVGLOBAL,Equity,https://www.bseindia.com/stock-share-price/s-v-global-mill-ltd/svglobal/535621/,S V Global Mill Limited,241.05
535647,SDC Techmedia Ltd,Active,MT,10.0,INE807O01011,,SDC,Equity,https://www.bseindia.com/stock-share-price/sdc-techmedia-ltd/sdc/535647/,SDC TECHMEDIA LIMITED,11.72
535648,Just Dial Ltd,Active,A,10.0,INE599M01018,,JUSTDIAL,Equity,https://www.bseindia.com/stock-share-price/just-dial-ltd/justdial/535648/,Just Dial Limited,5798.64
535657,ObjectOne Information Systems Ltd,Active,X,10.0,INE860E01011,,OONE,Equity,https://www.bseindia.com/stock-share-price/objectone-information-systems-ltd/oone/535657/,ObjectOne Information Systems Ltd,7.15
535667,India Finsec Ltd,Active,X,10.0,INE474O01010,,IFINSEC,Equity,https://www.bseindia.com/stock-share-price/india-finsec-ltd/ifinsec/535667/,India Finsec Limited,656.81
535693,Brahmaputra Infrastructure Ltd,Active,X,10.0,INE320I01017,,BRAHMINFRA,Equity,https://www.bseindia.com/stock-share-price/brahmaputra-infrastructure-ltd/brahminfra/535693/,BRAHMAPUTRA INFRASTRUCTURE LIMITED,481.71
535719,Ampvolts Ltd,Active,X,10.0,INE989J01017,,AMPVOLTS,Equity,https://www.bseindia.com/stock-share-price/ampvolts-ltd/ampvolts/535719/,AMPVOLTS LIMITED,68.06
535730,Khoobsurat Ltd,Active,X,1.0,INE731G01027,,KHOOBSURAT,Equity,https://www.bseindia.com/stock-share-price/khoobsurat-ltd/khoobsurat/535730/,Khoobsurat Ltd.,23.51
535754,Orient Cement Ltd,Active,B,1.0,INE876N01018,,ORIENTCEM,Equity,https://www.bseindia.com/stock-share-price/orient-cement-ltd/orientcem/535754/,ORIENT CEMENT LIMITED,2842.54
535755,Aditya Birla Fashion and Retail Ltd,Active,A,10.0,INE647O01011,,ABFRL,Equity,https://www.bseindia.com/stock-share-price/aditya-birla-fashion-and-retail-ltd/abfrl/535755/,Aditya Birla Fashion and Retail Limited,7714.84
535789,Sammaan Capital Ltd,Active,A,2.0,INE148I01020,,SAMMAANCAP,Equity,https://www.bseindia.com/stock-share-price/sammaan-capital-ltd/sammaancap/535789/,Sammaan Capital Limited,19403.58
535910,Money Masters Leasing & Finance Ltd,Active,B,1.0,INE340O01021,,MMLF,Equity,https://www.bseindia.com/stock-share-price/money-masters-leasing--finance-ltd/mmlf/535910/,Money Masters Leasing & Finance Limited,6.52
535916,Alacrity Securities Ltd,Active,B,10.0,INE030P01017,,ALSL,Equity,https://www.bseindia.com/stock-share-price/alacrity-securities-ltd/alsl/535916/,Alacrity Securities Limited,303.48
535917,GCM Commodity & Derivatives Ltd,Active,M,10.0,INE200P01016,,GCMCOMM,Equity,https://www.bseindia.com/stock-share-price/gcm-commodity--derivatives-ltd/gcmcomm/535917/,GCM Commodity & Derivatives Limited,2.82
535958,Integra Essentia Ltd,Active,T,1.0,INE418N01035,,ESSENTIA,Equity,https://www.bseindia.com/stock-share-price/integra-essentia-ltd/essentia/535958/,Integra Essentia Limited,221.17
536073,Julien Agro Infratech Ltd,Active,X,5.0,INE890N01027,,JULIEN,Equity,https://www.bseindia.com/stock-share-price/julien-agro-infratech-ltd/julien/536073/,JULIEN AGRO INFRATECH LIMITED,14.06
536264,Tiger Logistics (India) Ltd,Active,T,1.0,INE906O01029,,TIGERLOGS,Equity,https://www.bseindia.com/stock-share-price/tiger-logistics-(india)-ltd/tigerlogs/536264/,Tiger Logistics (India) Limited,282.29
536493,JK Agri Genetics Ltd,Active,X,10.0,INE690O01011,,JKAGRI,Equity,https://www.bseindia.com/stock-share-price/jk-agri-genetics-ltd/jkagri/536493/,JK Agri Genetics Limited,140.29
536507,Future Lifestyle Fashions Ltd,Active,Z,2.0,INE452O01016,,FLFL,Equity,https://www.bseindia.com/stock-share-price/future-lifestyle-fashions-ltd/flfl/536507/,Future Lifestyle Fashions Limited,24.41
536565,Novelix Pharmaceuticals Ltd,Active,XT,10.0,INE314I01036,,NOVELIX,Equity,https://www.bseindia.com/stock-share-price/novelix-pharmaceuticals-ltd/novelix/536565/,NOVELIX PHARMACEUTICALS LIMITED,176.15
536659,PVV Infra Ltd,Active,X,5.0,INE428B01021,,PVVINFRA,Equity,https://www.bseindia.com/stock-share-price/pvv-infra-ltd/pvvinfra/536659/,PVV Infra Limited,47.68
536672,VCU Data Management Ltd,Active,XT,10.0,INE962O01014,,VCU,Equity,https://www.bseindia.com/stock-share-price/vcu-data-management-ltd/vcu/536672/,VCU Data Management Limited,11.94
536709,IND Renewable Energy Ltd,Active,Z,10.0,INE138O01029,,INDRENEW,Equity,https://www.bseindia.com/stock-share-price/ind-renewable-energy-ltd/indrenew/536709/,IND Renewable Energy Ltd,19.94
536710,SRG Fingrow Finance Ltd,Active,M,10.0,INE326P01019,,SRGFFL,Equity,https://www.bseindia.com/stock-share-price/srg-fingrow-finance-ltd/srgffl/536710/,SRG FINGROW FINANCE LIMITED,13.98
536737,Amrapali Capital and Finance Services Ltd,Active,MT,10.0,INE218P01018,,ACFSL,Equity,https://www.bseindia.com/stock-share-price/amrapali-capital-and-finance-services-ltd/acfsl/536737/,Amrapali Capital and Finance Services Limited,76.46
536738,Stellar Capital Services Ltd,Active,M,10.0,INE325P01011,,STELLAR,Equity,https://www.bseindia.com/stock-share-price/stellar-capital-services-ltd/stellar/536738/,STELLAR CAPITAL SERVICES LIMITED,14.23
536773,Jindal Poly Investment and Finance Company Ltd,Active,B,10.0,INE147P01019,,JPOLYINVST,Equity,https://www.bseindia.com/stock-share-price/jindal-poly-investment-and-finance-company-ltd/jpolyinvst/536773/,JINDAL POLY INVESTMENT AND FINANCE COMPANY LIMITED,1119.57
536846,Yuranus Infrastructure Ltd,Active,XT,10.0,INE156M01017,,YURANUS,Equity,https://www.bseindia.com/stock-share-price/yuranus-infrastructure-ltd/yuranus/536846/,Yuranus Infrastructure Ltd,41.32
536960,Motilal Oswal Nifty Midcap 100 ETF,Active,B,10.0,INF247L01023,,MOM100,Equity,https://www.bseindia.com/stock-share-price/motilal-oswal-nifty-midcap-100-etf/mom100/536960/,Motilal Oswal Mutual Fund,
536974,Captain Polyplast Ltd,Active,B,2.0,INE536P01021,,CPL,Equity,https://www.bseindia.com/stock-share-price/captain-polyplast-ltd/cpl/536974/,CAPTAIN POLYPLAST LIMITED,435.69
537007,ICICI Prudential Nifty 50 ETF,Active,B,10.0,INF109K012R6,,NIFTYIETF,Equity,https://www.bseindia.com/stock-share-price/icici-prudential-nifty-50-etf/niftyietf/537007/,ICICI Prudential Mutual Fund,
537008,ICICI Prudential Nifty 100 ETF,Active,B,1.0,INF109KC16V9,,NIF100IETF,Equity,https://www.bseindia.com/stock-share-price/icici-prudential-nifty-100-etf/nif100ietf/537008/,ICICI Prudential Mutual Fund,
537069,Arnold Holdings Ltd,Active,X,10.0,INE185K01036,,ARNOLD,Equity,https://www.bseindia.com/stock-share-price/arnold-holdings-ltd/arnold/537069/,Arnold Holdings Ltd,32.52
537253,Sunil Healthcare Ltd,Active,X,10.0,INE671C01016,,SUNLOC,Equity,https://www.bseindia.com/stock-share-price/sunil-healthcare-ltd/sunloc/537253/,Sunil Healthcare Limited,70.78
537259,Suyog Telematics Ltd,Active,B,10.0,INE442P01014,,SUYOG,Equity,https://www.bseindia.com/stock-share-price/suyog-telematics-ltd/suyog/537259/,Suyog Telematics Limited,980.20
537291,Nath Bio-Genes (India) Ltd,Active,B,10.0,INE448G01010,,NATHBIOGEN,Equity,https://www.bseindia.com/stock-share-price/nath-bio-genes-(india)-ltd/nathbiogen/537291/,Nath Biogene India Ltd.,307.48
537292,Agri- Tech (India) Ltd,Active,T,10.0,INE449G01018,,AGRITECH,Equity,https://www.bseindia.com/stock-share-price/agri--tech-(india)-ltd/agritech/537292/,Agri-Tech India Ltd.,66.23
537326,Chemtech Industrial Valves Ltd,Active,X,10.0,INE212P01011,,CHEMTECH,Equity,https://www.bseindia.com/stock-share-price/chemtech-industrial-valves-ltd/chemtech/537326/,CHEMTECH INDUSTRIAL VALVES LIMITED,129.84
537483,NIPPON INDIA ETF NIFTY 100,Active,B,10.0,INF204K014N5,,NIF100BEES,Equity,https://www.bseindia.com/stock-share-price/nippon-india-etf-nifty-100/nif100bees/537483/,Nippon India Mutual Fund,
537536,Denis Chem Lab Ltd,Active,X,10.0,INE051G01012,,DENISCHEM,Equity,https://www.bseindia.com/stock-share-price/denis-chem-lab-ltd/denischem/537536/,Denis Chem Lab Limited,96.23
537573,Polymac Thermoformers Ltd,Active,M,10.0,INE826P01018,,POLYMAC,Equity,https://www.bseindia.com/stock-share-price/polymac-thermoformers-ltd/polymac/537573/,Polymac Thermoformers Limited,4.02
537582,Unishire Urban Infra Ltd,Active,MT,10.0,INE210P01015,,UNISHIRE,Equity,https://www.bseindia.com/stock-share-price/unishire-urban-infra-ltd/unishire/537582/,Unishire Urban Infra Limited,3.07
537669,Laxmipati Engineering Works Ltd,Active,MT,10.0,INE920P01019,,LAXMIPATI,Equity,https://www.bseindia.com/stock-share-price/laxmipati-engineering-works-ltd/laxmipati/537669/,LAXMIPATI ENGINEERING WORKS LIMITED,259.56
537707,Laddu Gopal Online Services Ltd,Active,X,2.0,INE546I01025,,LADDU,Equity,https://www.bseindia.com/stock-share-price/laddu-gopal-online-services-ltd/laddu/537707/,LADDU GOPAL ONLINE SERVICES LIMITED,6.20
537708,Kotak Nifty 50 ETF,Active,B,1.0,INF174K014P6,,NIFTY1,Equity,https://www.bseindia.com/stock-share-price/kotak-nifty-50-etf/nifty1/537708/,Kotak Mahindra Mutual Fund,
537709,Shree Hanuman Sugar & Industries Ltd,Active,XT,10.0,INE101H01013,,HANSUGAR,Equity,https://www.bseindia.com/stock-share-price/shree-hanuman-sugar--industries-ltd/hansugar/537709/,SHREE HANUMAN SUGAR & INDUSTRIES LTD.,6.66
537750,Kiran Vyapar Ltd,Active,B,10.0,INE555P01013,,KIRANVYPAR,Equity,https://www.bseindia.com/stock-share-price/kiran-vyapar-ltd/kiranvypar/537750/,Kiran Vyapar Limited,529.31
537766,B.C. Power Controls Ltd,Active,X,2.0,INE905P01028,,BCP,Equity,https://www.bseindia.com/stock-share-price/bc-power-controls-ltd/bcp/537766/,B.C. Power Controls Limited,12.84
537784,Karnimata Cold Storage Ltd,Active,M,10.0,INE576P01019,,KCSL,Equity,https://www.bseindia.com/stock-share-price/karnimata-cold-storage-ltd/kcsl/537784/,Karnimata Cold Storage Limited,4.74
537785,Race Eco Chain Ltd,Active,B,10.0,INE084Q01012,,RACE,Equity,https://www.bseindia.com/stock-share-price/race-eco-chain-ltd/race/537785/,RACE ECO CHAIN LIMITED,180.34
537800,Mangalam Industrial Finance Ltd,Active,X,1.0,INE717C01025,,MANGIND,Equity,https://www.bseindia.com/stock-share-price/mangalam-industrial-finance-ltd/mangind/537800/,Mangalam Industrial Finance Limited,81.23
537820,Viji Finance Ltd,Active,T,1.0,INE159N01027,,VIJIFIN,Equity,https://www.bseindia.com/stock-share-price/viji-finance-ltd/vijifin/537820/,VIJI FINANCE LIMITED,158.18
537839,HBG Hotels Ltd,Active,X,10.0,INE977M01024,,HBGHOTELS,Equity,https://www.bseindia.com/stock-share-price/hbg-hotels-ltd/hbghotels/537839/,HBG HOTELS LIMITED,172.75
537840,Raunaq International Ltd,Active,XT,10.0,INE523K01012,,RAUNAQ,Equity,https://www.bseindia.com/stock-share-price/raunaq-international-ltd/raunaq/537840/,RAUNAQ INTERNATIONAL LIMITED,9.95
537985,Infronics Systems Ltd,Active,X,10.0,INE463B01036,,INFRONICS,Equity,https://www.bseindia.com/stock-share-price/infronics-systems-ltd/infronics/537985/,INFRONICS SYSTEMS LIMITED,18.24
538057,CPSE ETF,Active,A,10.0,INF457M01133,,CPSEETF,Equity,https://www.bseindia.com/stock-share-price/cpse-etf/cpseetf/538057/,Nippon India Mutual Fund,
538081,Haria Apparels Ltd,Active,X,10.0,INE493N01012,,HARIAAPL,Equity,https://www.bseindia.com/stock-share-price/haria-apparels-ltd/hariaapl/538081/,Haria Apparels Limited,8.18
538092,Shri Vasuprada Plantations Ltd,Active,X,10.0,INE574G01013,,VASUPRADA,Equity,https://www.bseindia.com/stock-share-price/shri-vasuprada-plantations-ltd/vasuprada/538092/,SHRI VASUPRADA PLANTATIONS LIMITED,87.40
538119,R&B Denims Ltd,Active,B,1.0,INE012Q01039,,RNBDENIMS,Equity,https://www.bseindia.com/stock-share-price/rb-denims-ltd/rnbdenims/538119/,R&B Denims Limited,245.36
538212,Sharp Investments Ltd,Active,X,1.0,INE909D01026,,SHARPINV,Equity,https://www.bseindia.com/stock-share-price/sharp-investments-ltd/sharpinv/538212/,SHARP INVESTMENTS LTD,8.23
538268,Wonderla Holidays Ltd,Active,B,10.0,INE066O01014,,WONDERLA,Equity,https://www.bseindia.com/stock-share-price/wonderla-holidays-ltd/wonderla/538268/,Wonderla Holidays Limited,3083.67
538273,Response Informatics Ltd,Active,X,10.0,INE401B01010,,RESPONSINF,Equity,https://www.bseindia.com/stock-share-price/response-informatics-ltd/responsinf/538273/,Response Informatics Limited,16.47
538319,GCM Capital Advisors Ltd,Active,MT,10.0,INE191P01017,,GCMCAPI,Equity,https://www.bseindia.com/stock-share-price/gcm-capital-advisors-ltd/gcmcapi/538319/,GCM Capital Advisors Limited,6.23
538351,A.F. Enterprises Ltd,Active,Z,10.0,INE663P01015,,AFEL,Equity,https://www.bseindia.com/stock-share-price/af-enterprises-ltd/afel/538351/,A.F. Enterprises Limited,5.42
538365,Incredible Industries Ltd,Active,B,10.0,INE452L01012,,INCREDIBLE,Equity,https://www.bseindia.com/stock-share-price/incredible-industries-ltd/incredible/538365/,INCREDIBLE INDUSTRIES LIMITED,150.11
538382,West Leisure Resorts Ltd,Active,X,10.0,INE266P01017,,WESTLEIRES,Equity,https://www.bseindia.com/stock-share-price/west-leisure-resorts-ltd/westleires/538382/,WEST LEISURE RESORTS LIMITED,22.46
538395,Nam Securities Ltd,Active,X,10.0,INE792G01011,,NAM,Equity,https://www.bseindia.com/stock-share-price/nam-securities-ltd/nam/538395/,Nam Securities Ltd.,50.19
538401,Maestros Electronics & Telecommunications Systems Ltd,Active,X,10.0,INE318N01011,,METSL,Equity,https://www.bseindia.com/stock-share-price/maestros-electronics--telecommunications-systems-ltd/metsl/538401/,MAESTROS ELECTRONICS & TELECOMMUNICATIONS SYSTEMS LTD,79.93
538422,Jackson Investments Ltd,Active,X,1.0,INE508N01025,,JACKSON,Equity,https://www.bseindia.com/stock-share-price/jackson-investments-ltd/jackson/538422/,Jackson Investments Limited,11.63
538446,Moneyboxx Finance Ltd,Active,B,10.0,INE296Q01012,,MONEYBOXX,Equity,https://www.bseindia.com/stock-share-price/moneyboxx-finance-ltd/moneyboxx/538446/,MONEYBOXX FINANCE LIMITED,428.63
538451,Worth Investment & Trading Co Ltd,Active,XT,1.0,INE114O01020,,WORTH,Equity,https://www.bseindia.com/stock-share-price/worth-investment--trading-co-ltd/worth/538451/,Worth Investment & Trading Co Limited,140.13
538464,Thirani Projects Ltd,Active,X,10.0,INE901C01017,,TPROJECT,Equity,https://www.bseindia.com/stock-share-price/thirani-projects-ltd/tproject/538464/,Thirani Projects Limited,6.65
538465,Amarnath Securities Ltd,Active,X,10.0,INE745P01010,,AMARSEC,Equity,https://www.bseindia.com/stock-share-price/amarnath-securities-ltd/amarsec/538465/,Amarnath Securities Ltd.,4.81
538476,Capital Trade Links Ltd,Active,XT,1.0,INE172D01021,,CTL,Equity,https://www.bseindia.com/stock-share-price/capital-trade-links-ltd/ctl/538476/,Capital Trade Links Limited,368.90
538496,Tarini International Ltd,Active,M,10.0,INE849M01017,,TARINI,Equity,https://www.bseindia.com/stock-share-price/tarini-international-ltd/tarini/538496/,Tarini International Limited,11.10
538521,Yaan Enterprises Ltd,Active,X,10.0,INE969E01010,,YAANENT,Equity,https://www.bseindia.com/stock-share-price/yaan-enterprises-ltd/yaanent/538521/,YAAN ENTERPRISES LIMITED,37.18
538539,Annvrridhhi  Ventures Ltd,Active,X,10.0,INE075K01013,,ANVRDHI,Equity,https://www.bseindia.com/stock-share-price/annvrridhhi--ventures-ltd/anvrdhi/538539/,ANNVRRIDHHI VENTURES LIMITED,15.50
538540,Raama Finance Ltd,Active,XT,1.0,INE516P01015,,RAAMA,Equity,https://www.bseindia.com/stock-share-price/raama-finance-ltd/raama/538540/,RAAMA FINANCE LIMITED,164.92
538542,Gold Coin Health Foods Ltd,Active,X,10.0,INE634J01027,,GOLDCOINHF,Equity,https://www.bseindia.com/stock-share-price/gold-coin-health-foods-ltd/goldcoinhf/538542/,GoldCoin Health Foods Limited,4.80
538546,Bansal Roofing Products Ltd,Active,B,10.0,INE319Q01012,,BRPL,Equity,https://www.bseindia.com/stock-share-price/bansal-roofing-products-ltd/brpl/538546/,Bansal Roofing Products Limited,167.89
538556,Arman Holdings Ltd,Active,X,10.0,INE510P01018,,ARMAN,Equity,https://www.bseindia.com/stock-share-price/arman-holdings-ltd/arman/538556/,Arman Holdings Limited,62.34
538562,Skipper Ltd,Active,B,1.0,INE439E01022,,SKIPPER,Equity,https://www.bseindia.com/stock-share-price/skipper-ltd/skipper/538562/,Skipper Limited,5942.82
538563,SMT Engineering Ltd,Active,X,10.0,INE673E01018,,SMTEL,Equity,https://www.bseindia.com/stock-share-price/smt-engineering-ltd/smtel/538563/,SMT ENGINEERING LIMITED,888.59
538564,James Warren Tea Ltd,Active,X,10.0,INE718P01017,,JAMESWARREN,Equity,https://www.bseindia.com/stock-share-price/james-warren-tea-ltd/jameswarren/538564/,James Warren Tea Limited,116.58
538565,Vistar Amar Ltd,Active,X,10.0,INE878P01019,,VISTARAMAR,Equity,https://www.bseindia.com/stock-share-price/vistar-amar-ltd/vistaramar/538565/,Vistar Amar Limited,130.81
538567,Gulf Oil Lubricants India Ltd,Active,B,2.0,INE635Q01029,,GULFOILLUB,Equity,https://www.bseindia.com/stock-share-price/gulf-oil-lubricants-india-ltd/gulfoillub/538567/,Gulf Oil Lubricants India Limited,5971.69
538568,Fruition Venture Ltd,Active,XT,10.0,INE836C01015,,FRUTION,Equity,https://www.bseindia.com/stock-share-price/fruition-venture-ltd/frution/538568/,Fruition Venture Limited,17.65
538569,Triveni Enterprises Ltd,Active,X,1.0,INE916P01025,,TRIVENIENT,Equity,https://www.bseindia.com/stock-share-price/triveni-enterprises-ltd/trivenient/538569/,Triveni Enterprises Limited,5.72
538576,Bhanderi Infracon Ltd,Active,MT,10.0,INE336Q01016,,BHANDERI,Equity,https://www.bseindia.com/stock-share-price/bhanderi-infracon-ltd/bhanderi/538576/,Bhanderi Infracon Limited,36.35
538579,Zinema Media And Entertainment Ltd,Active,MT,10.0,INE641Q01019,,ZINEMA,Equity,https://www.bseindia.com/stock-share-price/zinema-media-and-entertainment-ltd/zinema/538579/,ZINEMA MEDIA AND ENTERTAINMENT LIMITED,12.65
538596,Cemantic Infra-Tech Ltd,Active,X,10.0,INE222B01028,,CEMAINFRA,Equity,https://www.bseindia.com/stock-share-price/cemantic-infra-tech-ltd/cemainfra/538596/,CEMANTIC INFRA-TECH LIMITED,11.88
538597,TTI Enterprise Ltd,Active,X,10.0,INE404F01031,,TTIENT,Equity,https://www.bseindia.com/stock-share-price/tti-enterprise-ltd/ttient/538597/,TTI Enterprise Limited,19.89
538598,Vishal Fabrics Ltd,Active,B,5.0,INE755Q01025,,VISHAL,Equity,https://www.bseindia.com/stock-share-price/vishal-fabrics-ltd/vishal/538598/,Vishal Fabrics Limited,456.84
538607,Toyam Sports Ltd,Active,X,1.0,INE457P01020,,TOYAMSL,Equity,https://www.bseindia.com/stock-share-price/toyam-sports-ltd/toyamsl/538607/,TOYAM SPORTS LIMITED,39.29
538609,Gajanan Securities Services Ltd,Active,X,10.0,INE868G01019,,GAJANANSEC,Equity,https://www.bseindia.com/stock-share-price/gajanan-securities-services-ltd/gajanansec/538609/,Gajanan Securities Services Ltd.,16.44
538610,Unison Metals Ltd,Active,XT,1.0,INE099D01026,,UNISON,Equity,https://www.bseindia.com/stock-share-price/unison-metals-ltd/unison/538610/,Unison Metals Ltd,19.85
538611,Real Touch Finance Ltd,Active,Z,10.0,INE840I01014,,RTFL,Equity,https://www.bseindia.com/stock-share-price/real-touch-finance-ltd/rtfl/538611/,Real Touch Finance Limited,62.19
538634,Vasundhara Rasayans Ltd,Active,XT,10.0,INE406F01010,,VRL,Equity,https://www.bseindia.com/stock-share-price/vasundhara-rasayans-ltd/vrl/538634/,Vasundhara Rasayans Ltd.,55.40
538635,Snowman Logistics Ltd,Active,B,10.0,INE734N01019,,SNOWMAN,Equity,https://www.bseindia.com/stock-share-price/snowman-logistics-ltd/snowman/538635/,SNOWMAN LOGISTICS LIMITED,680.72
538646,QGO Finance Ltd,Active,X,10.0,INE837C01013,,QGO,Equity,https://www.bseindia.com/stock-share-price/qgo-finance-ltd/qgo/538646/,QGO FINANCE LIMITED,29.17
538647,Purshottam Investofin Ltd,Active,X,10.0,INE729C01020,,PURSHOTTAM,Equity,https://www.bseindia.com/stock-share-price/purshottam-investofin-ltd/purshottam/538647/,Purshottam Investofin Limited,25.61
538652,Hind Commerce Ltd,Active,X,10.0,INE691J01019,,HCLTD,Equity,https://www.bseindia.com/stock-share-price/hind-commerce-ltd/hcltd/538652/,HIND COMMERCE LIMITED,1.20
538666,Sharda Cropchem Ltd,Active,A,10.0,INE221J01015,,SHARDACROP,Equity,https://www.bseindia.com/stock-share-price/sharda-cropchem-ltd/shardacrop/538666/,Sharda Cropchem Limited,7424.70
538667,Sirohia & Sons Ltd,Active,M,10.0,INE785O01019,,SIROHIA,Equity,https://www.bseindia.com/stock-share-price/sirohia--sons-ltd/sirohia/538667/,Sirohia & Sons Limited,7.42
538668,Meghna Infracon Infrastructure Ltd,Active,B,10.0,INE898Q01015,,MIIL,Equity,https://www.bseindia.com/stock-share-price/meghna-infracon-infrastructure-ltd/miil/538668/,Meghna Infracon Infrastructure Limited,1550.86
538674,City Online Services Ltd,Active,Z,10.0,INE158C01014,,CITYONLINE,Equity,https://www.bseindia.com/stock-share-price/city-online-services-ltd/cityonline/538674/,City Online Services Limited,4.26
538683,Nippon India ETF S&P BSE Sensex,Active,A,10.0,INF204KA1UN7,,SENSEXBEES,Equity,https://www.bseindia.com/stock-share-price/nippon-india-etf-sp-bse-sensex/sensexbees/538683/,Nippon India Mutual Fund,
538685,Shemaroo Entertainment Ltd,Active,T,10.0,INE363M01019,,SHEMAROO,Equity,https://www.bseindia.com/stock-share-price/shemaroo-entertainment-ltd/shemaroo/538685/,SHEMAROO ENTERTAINMENT LIMITED,343.18
538706,Ultracab (India) Ltd,Active,X,2.0,INE010R01023,,ULTRACAB,Equity,https://www.bseindia.com/stock-share-price/ultracab-(india)-ltd/ultracab/538706/,Ultracab (India) Limited,84.47
538707,Rajasthan Cylinders & Containers Ltd,Active,X,10.0,INE929D01016,,RCCL,Equity,https://www.bseindia.com/stock-share-price/rajasthan-cylinders--containers-ltd/rccl/538707/,Rajasthan Cylinders & Containers Limited,10.85
538708,Econo Trade (India) Ltd,Active,X,10.0,INE937K01014,,ETIL,Equity,https://www.bseindia.com/stock-share-price/econo-trade-(india)-ltd/etil/538708/,Econo Trade (India) Limited,12.45
538713,Atishay Ltd,Active,X,10.0,INE011R01013,,ATISHAY,Equity,https://www.bseindia.com/stock-share-price/atishay-ltd/atishay/538713/,Atishay Limited,179.32
538714,Sangam Finserv Ltd,Active,X,10.0,INE475D01010,,SANGAMFIN,Equity,https://www.bseindia.com/stock-share-price/sangam-finserv-ltd/sangamfin/538714/,Sangam Finserv Limited,188.78
538715,Dhabriya Polywood Ltd,Active,X,10.0,INE260R01016,,DHABRIYA,Equity,https://www.bseindia.com/stock-share-price/dhabriya-polywood-ltd/dhabriya/538715/,Dhabriya Polywood Limited,513.23
538716,Aryaman Capital Markets Ltd,Active,B,10.0,INE229R01011,,ARYACAPM,Equity,https://www.bseindia.com/stock-share-price/aryaman-capital-markets-ltd/aryacapm/538716/,Aryaman Capital Markets Limited,473.16
538730,PDS Ltd,Active,B,2.0,INE111Q01021,,PDSL,Equity,https://www.bseindia.com/stock-share-price/pds-ltd/pdsl/538730/,PDS LIMITED,5067.16
538731,Hanman Fit Ltd,Active,M,10.0,INE982Q01017,,HANMAN,Equity,https://www.bseindia.com/stock-share-price/hanman-fit-ltd/hanman/538731/,HANMAN FIT LIMITED,4.29
538732,Vibrant Global Capital Ltd,Active,XT,10.0,INE761Q01015,,VGCL,Equity,https://www.bseindia.com/stock-share-price/vibrant-global-capital-ltd/vgcl/538732/,Vibrant Global Capital Limited,119.67
538734,Ceinsys Tech Ltd,Active,B,10.0,INE016Q01014,,CEINSYS,Equity,https://www.bseindia.com/stock-share-price/ceinsys-tech-ltd/ceinsys/538734/,CEINSYS TECH LIMITED,1773.84
538742,Panabyte Technologies Ltd,Active,X,10.0,INE516E01019,,PANABYTE,Equity,https://www.bseindia.com/stock-share-price/panabyte-technologies-ltd/panabyte/538742/,PANABYTE TECHNOLOGIES LIMITED,12.98
538765,JLA Infraville Shoppers Ltd,Active,MT,10.0,INE401Q01018,,JSHL,Equity,https://www.bseindia.com/stock-share-price/jla-infraville-shoppers-ltd/jshl/538765/,JLA Infraville Shoppers Limited,1.60
538770,Crane Infrastructure Ltd,Active,X,10.0,INE176L01017,,CRANEINFRA,Equity,https://www.bseindia.com/stock-share-price/crane-infrastructure-ltd/craneinfra/538770/,Crane Infrastructure Limited,9.09
538772,Niyogin Fintech Ltd,Active,X,10.0,INE480D01010,,NIYOGIN,Equity,https://www.bseindia.com/stock-share-price/niyogin-fintech-ltd/niyogin/538772/,Niyogin Fintech Limited,551.34
538777,Asia Capital Ltd,Active,XT,10.0,INE131Q01011,,ASIACAP,Equity,https://www.bseindia.com/stock-share-price/asia-capital-ltd/asiacap/538777/,ASIA CAPITAL LIMITED,28.38
538778,Kalyan Capitals Ltd,Active,XT,2.0,INE149Q01021,,KALYANCAP,Equity,https://www.bseindia.com/stock-share-price/kalyan-capitals-ltd/kalyancap/538778/,Kalyan Capitals Limited,36.65
538786,Citizen Solar Ltd,Active,X,10.0,INE473L01018,,CITIZEN,Equity,https://www.bseindia.com/stock-share-price/citizen-solar-ltd/citizen/538786/,Citizen Solar Limited,152.42
538787,Goenka Business & Finance Ltd,Active,X,10.0,INE997C01015,,GBFL,Equity,https://www.bseindia.com/stock-share-price/goenka-business--finance-ltd/gbfl/538787/,Goenka Business & Finance Limited,12.96
538788,Gilada Finance & Investments Ltd,Active,X,5.0,INE918C01029,,GILADAFINS,Equity,https://www.bseindia.com/stock-share-price/gilada-finance--investments-ltd/giladafins/538788/,Gilada Finance & Investments Ltd.,18.91
538794,Jet Solar Ltd,Active,M,10.0,INE155R01018,,JETSOLAR,Equity,https://www.bseindia.com/stock-share-price/jet-solar-ltd/jetsolar/538794/,JET SOLAR LIMITED,8.98
538795,Shree Ajit Pulp And Paper Ltd,Active,B,10.0,INE185C01017,,SAPPL,Equity,https://www.bseindia.com/stock-share-price/shree-ajit-pulp-and-paper-ltd/sappl/538795/,Shree Ajit Pulp And Paper Ltd,256.67
538812,Aanchal Ispat Ltd,Active,XT,10.0,INE322R01022,,AANCHALISP,Equity,https://www.bseindia.com/stock-share-price/aanchal-ispat-ltd/aanchalisp/538812/,Aanchal Ispat Limited,29.26
538817,Captain Pipes Ltd,Active,B,1.0,INE513R01026,,CAPPIPES,Equity,https://www.bseindia.com/stock-share-price/captain-pipes-ltd/cappipes/538817/,Captain Pipes Limited,139.51
538833,Kaizen Agro Infrabuild Ltd,Active,XT,10.0,INE891N01017,,KAIZENAGRO,Equity,https://www.bseindia.com/stock-share-price/kaizen-agro-infrabuild-ltd/kaizenagro/538833/,KAIZEN AGRO INFRABUILD LIMITED,53.47
538834,JMJ Fintech Ltd,Active,X,10.0,INE242Q01016,,JMJFIN,Equity,https://www.bseindia.com/stock-share-price/jmj-fintech-ltd/jmjfin/538834/,JMJ Fintech Limited,35.72
538835,Intellect Design Arena Ltd,Active,A,5.0,INE306R01017,,INTELLECT,Equity,https://www.bseindia.com/stock-share-price/intellect-design-arena-ltd/intellect/538835/,INTELLECT DESIGN ARENA LIMITED,10127.26
538836,Monte Carlo Fashions Ltd,Active,B,10.0,INE950M01013,,MONTECARLO,Equity,https://www.bseindia.com/stock-share-price/monte-carlo-fashions-ltd/montecarlo/538836/,Monte Carlo Fashions Limited,1035.05
538837,Jeevan Scientific Technology Ltd,Active,X,10.0,INE237B01018,,JSTL,Equity,https://www.bseindia.com/stock-share-price/jeevan-scientific-technology-ltd/jstl/538837/,Jeevan Scientific Technology Limited,161.53
538838,Indo Cotspin Ltd,Active,XT,10.0,INE407P01017,,ICL,Equity,https://www.bseindia.com/stock-share-price/indo-cotspin-ltd/icl/538838/,Indo Cotspin Limited,25.32
538857,Scintilla Commercial & Credit Ltd,Active,X,10.0,INE892C01018,,SCC,Equity,https://www.bseindia.com/stock-share-price/scintilla-commercial--credit-ltd/scc/538857/,Scintilla Commercial & Credit  Limited,11.05
538860,Panafic Industrials Ltd,Active,XT,1.0,INE655P01029,,PANAFIC,Equity,https://www.bseindia.com/stock-share-price/panafic-industrials-ltd/panafic/538860/,PANAFIC INDUSTRIALS LTD,104.96
538862,My Money Securities Ltd,Active,X,10.0,INE232L01018,,MYMONEY,Equity,https://www.bseindia.com/stock-share-price/my-money-securities-ltd/mymoney/538862/,My Money Securities Ltd.,57.37
538863,Sri Amarnath Finance Ltd,Active,X,10.0,INE985Q01010,,AMARNATH,Equity,https://www.bseindia.com/stock-share-price/sri-amarnath-finance-ltd/amarnath/538863/,SRI AMARNATH FINANCE LIMITED,7.75
538868,Continental Securities Ltd,Active,X,2.0,INE183Q01020,,CSL,Equity,https://www.bseindia.com/stock-share-price/continental-securities-ltd/csl/538868/,Continental Securities Limited,36.48
538874,Nexus Surgical And Medicare Ltd,Active,X,10.0,INE370Q01015,,NEXUSSURGL,Equity,https://www.bseindia.com/stock-share-price/nexus-surgical-and-medicare-ltd/nexussurgl/538874/,NEXUS SURGICAL AND MEDICARE LIMITED,10.39
538881,Galada Finance Ltd,Active,XT,10.0,INE243E01010,,GALADAFIN,Equity,https://www.bseindia.com/stock-share-price/galada-finance-ltd/galadafin/538881/,Galada Finance Limited,11.97
538882,Emerald Finance Ltd,Active,X,10.0,INE030Q01015,,EMERALD,Equity,https://www.bseindia.com/stock-share-price/emerald-finance-ltd/emerald/538882/,Emerald Finance Limited,176.50
538890,M.K. Exim (India) Ltd,Active,X,10.0,INE227F01010,,MKEXIM,Equity,https://www.bseindia.com/stock-share-price/mk-exim-(india)-ltd/mkexim/538890/,M. K. Exim (India) Ltd.,228.72
538891,Magellanic Cloud Ltd,Active,B,2.0,INE613C01026,,MCLOUD,Equity,https://www.bseindia.com/stock-share-price/magellanic-cloud-ltd/mcloud/538891/,MAGELLANIC CLOUD LIMITED,1703.58
538894,Octal Credit Capital Ltd,Active,X,10.0,INE513C01010,,OCTAL,Equity,https://www.bseindia.com/stock-share-price/octal-credit-capital-ltd/octal/538894/,Octal Credit Capital Ltd.,10.00
538895,Mihika Industries Ltd,Active,X,10.0,INE779Q01017,,MIHIKA,Equity,https://www.bseindia.com/stock-share-price/mihika-industries-ltd/mihika/538895/,Mihika Industries Ltd.,11.24
538896,Kanchi Karpooram Ltd,Active,T,10.0,INE081G01019,,KANCHI,Equity,https://www.bseindia.com/stock-share-price/kanchi-karpooram-ltd/kanchi/538896/,Kanchi Karpooram Ltd.,155.62
538897,Shri Niwas Leasing And Finance Ltd,Active,X,10.0,INE201F01015,,SHRINIWAS,Equity,https://www.bseindia.com/stock-share-price/shri-niwas-leasing-and-finance-ltd/shriniwas/538897/,Shri Niwas Leasing and Finance Limited,6.16
538902,Dhunseri Tea & Industries Ltd,Active,B,10.0,INE341R01014,,DTIL,Equity,https://www.bseindia.com/stock-share-price/dhunseri-tea--industries-ltd/dtil/538902/,Dhunseri Tea & Industries Ltd,140.12
538918,Vani Commercials Ltd,Active,X,10.0,INE661Q01017,,VANICOM,Equity,https://www.bseindia.com/stock-share-price/vani-commercials-ltd/vanicom/538918/,Vani Commercials Limited,23.53
538920,Vintage Coffee And Beverages Ltd,Active,B,10.0,INE498Q01014,,VINCOFE,Equity,https://www.bseindia.com/stock-share-price/vintage-coffee-and-beverages-ltd/vincofe/538920/,VINTAGE COFFEE AND BEVERAGES LIMITED,2190.43
538921,Raghuvansh Agrofarms Ltd,Active,M,10.0,INE865P01016,,RAFL,Equity,https://www.bseindia.com/stock-share-price/raghuvansh-agrofarms-ltd/rafl/538921/,Raghuvansh Agrofarms Limited,40.58
538922,COSYN Ltd,Active,X,10.0,INE029B01019,,COSYN,Equity,https://www.bseindia.com/stock-share-price/cosyn-ltd/cosyn/538922/,COSYN Limited,15.68
538923,Sofcom Systems Ltd,Active,XT,10.0,INE499Q01012,,SOFCOM,Equity,https://www.bseindia.com/stock-share-price/sofcom-systems-ltd/sofcom/538923/,SOFCOM SYSTEMS LIMITED,49.67
538926,Naturite Agro Products Ltd,Active,X,10.0,INE223R01014,,NAPL,Equity,https://www.bseindia.com/stock-share-price/naturite-agro-products-ltd/napl/538926/,Naturite Agro Products Limited,103.67
538928,Karnavati Finance Ltd,Active,X,1.0,INE554R01020,,KARNAVATI,Equity,https://www.bseindia.com/stock-share-price/karnavati-finance-ltd/karnavati/538928/,Karnavati Finance Limited,13.37
538935,Abhishek Finlease Ltd,Active,XT,10.0,INE723C01015,,ABHIFIN,Equity,https://www.bseindia.com/stock-share-price/abhishek-finlease-ltd/abhifin/538935/,Abhishek Finlease limited,24.51
538942,Mercantile Ventures Ltd,Active,B,10.0,INE689O01013,,MERCANTILE,Equity,https://www.bseindia.com/stock-share-price/mercantile-ventures-ltd/mercantile/538942/,Mercantile Ventures Limited,281.47
538943,Sonal Mercantile Ltd,Active,B,10.0,INE321M01017,,SONAL,Equity,https://www.bseindia.com/stock-share-price/sonal-mercantile-ltd/sonal/538943/,Sonal Mercantile Limited,125.42
538952,Abhinav Leasing & Finance Ltd,Active,X,1.0,INE211D01027,,ALFL,Equity,https://www.bseindia.com/stock-share-price/abhinav-leasing--finance-ltd/alfl/538952/,Abhinav Leasing & Finance Limited,5.50
538961,Genus Paper & Boards Ltd,Active,B,1.0,INE949P01018,,GENUSPAPER,Equity,https://www.bseindia.com/stock-share-price/genus-paper--boards-ltd/genuspaper/538961/,GENUS PAPER & BOARDS LIMITED,320.89
538962,Minda Corporation Ltd,Active,A,2.0,INE842C01021,,MINDACORP,Equity,https://www.bseindia.com/stock-share-price/minda-corporation-ltd/mindacorp/538962/,Minda Corporation Limited,17134.82
538964,Mercury Laboratories Ltd,Active,X,10.0,INE947G01011,,MERCURYLAB,Equity,https://www.bseindia.com/stock-share-price/mercury-laboratories-ltd/mercurylab/538964/,Mercury Laboratories Limited,98.27
538965,Concord Drugs Ltd,Active,X,10.0,INE858L01010,,CONCORD,Equity,https://www.bseindia.com/stock-share-price/concord-drugs-ltd/concord/538965/,Concord Drugs Limited,96.70
538970,Wardwizard Innovations & Mobility Ltd,Active,X,1.0,INE945P01024,,WARDINMOBI,Equity,https://www.bseindia.com/stock-share-price/wardwizard-innovations--mobility-ltd/wardinmobi/538970/,WARDWIZARD INNOVATIONS AND MOBILITY LIMITED,201.55
538975,Shree Securities Ltd,Active,Z,1.0,INE397C01026,,SHREESEC,Equity,https://www.bseindia.com/stock-share-price/shree-securities-ltd/shreesec/538975/,Shree Securities Ltd.,15.96
538979,Greenlam Industries Ltd,Active,B,1.0,INE544R01021,,GREENLAM,Equity,https://www.bseindia.com/stock-share-price/greenlam-industries-ltd/greenlam/538979/,Greenlam Industries Ltd,6947.67
538987,Talbros Engineering Ltd,Active,X,10.0,INE717E01013,,TALBROSENG,Equity,https://www.bseindia.com/stock-share-price/talbros-engineering-ltd/talbroseng/538987/,TALBROS ENGINEERING LIMITED,345.96
538992,SAR Auto Products Ltd,Active,X,10.0,INE002E01010,,SAPL,Equity,https://www.bseindia.com/stock-share-price/sar-auto-products-ltd/sapl/538992/,Sar  Auto Products Limited,1698.15
538993,Purohit Construction Ltd,Active,X,10.0,INE147J01012,,PUROHITCON,Equity,https://www.bseindia.com/stock-share-price/purohit-construction-ltd/purohitcon/538993/,Purohit Construction Limited,5.44
539005,Jayatma Enterprises Ltd,Active,XT,10.0,INE246D01015,,JAYATMA,Equity,https://www.bseindia.com/stock-share-price/jayatma-enterprises-ltd/jayatma/539005/,JAYATMA ENTERPRISES LIMITED,8.57
539006,PTC Industries Ltd,Active,A,10.0,INE596F01018,,PTCIL,Equity,https://www.bseindia.com/stock-share-price/ptc-industries-ltd/ptcil/539006/,PTC Industries Ltd.,27345.88
539011,Chennai Ferrous Industries Ltd,Active,X,10.0,INE777O01016,,CHENFERRO,Equity,https://www.bseindia.com/stock-share-price/chennai-ferrous-industries-ltd/chenferro/539011/,CHENNAI FERROUS INDUSTRIES LIMITED,29.30
539012,Megri Soft Ltd,Active,X,10.0,INE756R01013,,MEGRISOFT,Equity,https://www.bseindia.com/stock-share-price/megri-soft-ltd/megrisoft/539012/,Megri Soft Limited,24.51
539013,Gita Renewable Energy Ltd,Active,X,10.0,INE776O01018,,GITARENEW,Equity,https://www.bseindia.com/stock-share-price/gita-renewable-energy-ltd/gitarenew/539013/,GITA RENEWABLE ENERGY LIMITED,30.98
539014,Kalpa Commercial Ltd,Active,X,10.0,INE059Q01014,,KALPACOMME,Equity,https://www.bseindia.com/stock-share-price/kalpa-commercial-ltd/kalpacomme/539014/,Kalpa Commercial Limited,9.01
539015,Ortel Communications Ltd,Active,Z,10.0,INE849L01019,,ORTEL,Equity,https://www.bseindia.com/stock-share-price/ortel-communications-ltd/ortel/539015/,Ortel Communications Limited,6.96
539016,Neil Industries Ltd,Active,X,10.0,INE396C01010,,NEIL,Equity,https://www.bseindia.com/stock-share-price/neil-industries-ltd/neil/539016/,Neil Industries Ltd.,13.55
539017,Star Housing Finance Ltd,Active,XT,5.0,INE526R01028,,STARHFL,Equity,https://www.bseindia.com/stock-share-price/star-housing-finance-ltd/starhfl/539017/,STAR HOUSING FINANCE LIMITED,47.93
539018,Beekay Steel Industries Ltd,Active,B,10.0,INE213D01015,,BEEKAY,Equity,https://www.bseindia.com/stock-share-price/beekay-steel-industries-ltd/beekay/539018/,Beekay Steel Industries Ltd.,752.30
539026,SSPN Finance Ltd,Active,M,10.0,INE820R01017,,SSPNFIN,Equity,https://www.bseindia.com/stock-share-price/sspn-finance-ltd/sspnfin/539026/,SSPN Finance Limited,2.81
539031,SBI Mutual Fund - SBI - ETF BSE 100,Active,A,10.0,INF200KA1572,,SETFBSE100,Equity,https://www.bseindia.com/stock-share-price/sbi-mutual-fund---sbi---etf-bse-100/setfbse100/539031/,SBI Mutual Fund,
539032,Fraser and Company Ltd,Active,X,10.0,INE184Q01010,,FRASER,Equity,https://www.bseindia.com/stock-share-price/fraser-and-company-ltd/fraser/539032/,Fraser And Company Limited,7.80
539040,Tirupati Innovar Ltd,Active,XT,10.0,INE812Q01016,,TIRUPATIIN,Equity,https://www.bseindia.com/stock-share-price/tirupati-innovar-ltd/tirupatiin/539040/,TIRUPATI INNOVAR LIMITED,48.84
539041,Ganesha Ecoverse Ltd,Active,MT,10.0,INE369Q01017,,GANVERSE,Equity,https://www.bseindia.com/stock-share-price/ganesha-ecoverse-ltd/ganverse/539041/,GANESHA ECOVERSE LIMITED,66.01
539042,AGI Infra Ltd,Active,B,1.0,INE976R01033,,AGIIL,Equity,https://www.bseindia.com/stock-share-price/agi-infra-ltd/agiil/539042/,AGI Infra Limited,3808.05
539044,Manaksia Steels Ltd,Active,B,1.0,INE824Q01011,,MANAKSTEEL,Equity,https://www.bseindia.com/stock-share-price/manaksia-steels-ltd/manaksteel/539044/,Manaksia Steels Limited,577.88
539045,Manaksia Aluminium Company Ltd,Active,B,1.0,INE859Q01017,,MANAKALUCO,Equity,https://www.bseindia.com/stock-share-price/manaksia-aluminium-company-ltd/manakaluco/539045/,Manaksia Aluminium Company Ltd,252.83
539046,Manaksia Coated Metals & Industries Ltd,Active,B,1.0,INE830Q01018,,MANAKCOAT,Equity,https://www.bseindia.com/stock-share-price/manaksia-coated-metals--industries-ltd/manakcoat/539046/,Manaksia Coated Metals & Industries Ltd,1207.04
539056,Imagicaaworld Entertainment Ltd,Active,B,10.0,INE172N01012,,IMAGICAA,Equity,https://www.bseindia.com/stock-share-price/imagicaaworld-entertainment-ltd/imagicaa/539056/,IMAGICAAWORLD ENTERTAINMENT LIMITED,2887.59
539083,Inox Wind Ltd,Active,A,10.0,INE066P01011,,INOXWIND,Equity,https://www.bseindia.com/stock-share-price/inox-wind-ltd/inoxwind/539083/,Inox Wind Limited,13566.67
539090,Rajputana Investment and Finance Ltd,Active,X,10.0,INE751R01014,,RAJPUTANA,Equity,https://www.bseindia.com/stock-share-price/rajputana-investment-and-finance-ltd/rajputana/539090/,Rajputana Investment and Finance Ltd.,9.86
539091,Consecutive Commodities Ltd,Active,XT,1.0,INE187R01029,,CCDL,Equity,https://www.bseindia.com/stock-share-price/consecutive-commodities-ltd/ccdl/539091/,Consecutive Commodities Limited,71.75
539097,UR Sugar Industries Ltd,Active,B,2.0,INE904R01027,,URSUGAR,Equity,https://www.bseindia.com/stock-share-price/ur-sugar-industries-ltd/ursugar/539097/,UR SUGAR INDUSTRIES LIMITED,14.23
539098,Filtra Consultants and Engineers Ltd,Active,M,10.0,INE541R01019,,FILTRA,Equity,https://www.bseindia.com/stock-share-price/filtra-consultants-and-engineers-ltd/filtra/539098/,Filtra Consultants and Engineers Limited,64.14
539099,Athena Constructions Ltd,Active,M,10.0,INE291R01011,,ATHCON,Equity,https://www.bseindia.com/stock-share-price/athena-constructions-ltd/athcon/539099/,Athena Constructions Limited,3.01
539110,Northlink Fiscal and Capital Services Ltd,Active,Z,10.0,INE736P01019,,NORTHLINK,Equity,https://www.bseindia.com/stock-share-price/northlink-fiscal-and-capital-services-ltd/northlink/539110/,Northlink Fiscal And Capital Services Ltd.,12.77
539111,Sheshadri Industries Ltd,Active,X,10.0,INE193R01019,,SHESHAINDS,Equity,https://www.bseindia.com/stock-share-price/sheshadri-industries-ltd/sheshainds/539111/,SHESHADRI INDUSTRIES LIMITED,7.72
539112,SAB Industries Ltd,Active,XT,10.0,INE137M01017,,SAB,Equity,https://www.bseindia.com/stock-share-price/sab-industries-ltd/sab/539112/,SAB INDUSTRIES LIMITED,266.18
539113,Paul Merchants Ltd,Active,B,10.0,INE291E01019,,PML,Equity,https://www.bseindia.com/stock-share-price/paul-merchants-ltd/pml/539113/,Paul Merchants Ltd.,151.66
539115,Alan Scott Enterprises Ltd,Active,XT,10.0,INE273F01022,,ALANSCOTT,Equity,https://www.bseindia.com/stock-share-price/alan-scott-enterprises-ltd/alanscott/539115/,ALAN SCOTT ENTERPRISES LIMITED,202.40
539116,O. P. Chains Ltd,Active,MT,10.0,INE118Q01018,,OPCHAINS,Equity,https://www.bseindia.com/stock-share-price/o-p-chains-ltd/opchains/539116/,O. P. Chains Limited,20.38
539117,Sujala Trading & Holdings Ltd,Active,X,10.0,INE029H01016,,SUJALA,Equity,https://www.bseindia.com/stock-share-price/sujala-trading--holdings-ltd/sujala/539117/,Sujala Trading & Holdings Ltd.,9.32
539118,VRL Logistics Ltd,Active,B,10.0,INE366I01010,,VRLLOG,Equity,https://www.bseindia.com/stock-share-price/vrl-logistics-ltd/vrllog/539118/,VRL Logistics Limited,4974.33
539119,Jain Marmo Industries Ltd,Active,X,10.0,INE780Q01015,,JAINMARMO,Equity,https://www.bseindia.com/stock-share-price/jain-marmo-industries-ltd/jainmarmo/539119/,Jain Marmo Industries Ltd.,6.89
539120,Grameva Ltd,Active,XT,10.0,INE578R01011,,GRAMEVA,Equity,https://www.bseindia.com/stock-share-price/grameva-ltd/grameva/539120/,GRAMEVA LIMITED,44.68
539121,Palco Metals Ltd,Active,X,10.0,INE239L01013,,PALCO,Equity,https://www.bseindia.com/stock-share-price/palco-metals-ltd/palco/539121/,Palco Metals Limited,56.62
539122,Bodhtree Consulting Ltd,Active,X,10.0,INE104F01029,,BODHTREE,Equity,https://www.bseindia.com/stock-share-price/bodhtree-consulting-ltd/bodhtree/539122/,Bodhtree Consulting Limited,31.88
539123,V B Industries Ltd,Active,X,10.0,INE334E01017,,VBIND,Equity,https://www.bseindia.com/stock-share-price/v-b-industries-ltd/vbind/539123/,V B INDUSTRIES LIMITED,11.90
539124,Sarvottam Finvest Ltd,Active,X,10.0,INE822Q01015,,SARVOTTAM,Equity,https://www.bseindia.com/stock-share-price/sarvottam-finvest-ltd/sarvottam/539124/,Sarvottam Finvest Limited,15.00
539126,MEP Infrastructure Developers Ltd,Active,Z,10.0,INE776I01010,,MEP,Equity,https://www.bseindia.com/stock-share-price/mep-infrastructure-developers-ltd/mep/539126/,MEP Infrastructure Developers Limited,10.46
539132,Wardwizard Foods and Beverages Ltd,Active,X,1.0,INE761D01021,,WARDWIZFBL,Equity,https://www.bseindia.com/stock-share-price/wardwizard-foods-and-beverages-ltd/wardwizfbl/539132/,Wardwizard Foods and Beverages Limited,267.94
539141,UFO Moviez India Ltd,Active,B,10.0,INE527H01019,,UFO,Equity,https://www.bseindia.com/stock-share-price/ufo-moviez-india-ltd/ufo/539141/,UFO Moviez India Limited,263.89
539143,Panth Infinity Ltd,Active,XT,10.0,INE945O01019,,PANTH,Equity,https://www.bseindia.com/stock-share-price/panth-infinity-ltd/panth/539143/,PANTH INFINITY LIMITED,58.80
539148,Shivalik Rasayan Ltd,Active,T,5.0,INE788J01021,,SHIVALIK,Equity,https://www.bseindia.com/stock-share-price/shivalik-rasayan-ltd/shivalik/539148/,Shivalik Rasayan Ltd.,409.51
539149,Integrated Capital Services Ltd,Active,X,1.0,INE682B01023,,ICSL,Equity,https://www.bseindia.com/stock-share-price/integrated-capital-services-ltd/icsl/539149/,Integrated Capital Services Ltd,13.24
539150,PNC Infratech Ltd,Active,A,2.0,INE195J01029,,PNCINFRA,Equity,https://www.bseindia.com/stock-share-price/pnc-infratech-ltd/pncinfra/539150/,PNC Infratech Limited,6154.37
539151,Arfin India Ltd,Active,B,1.0,INE784R01023,,ARFIN,Equity,https://www.bseindia.com/stock-share-price/arfin-india-ltd/arfin/539151/,Arfin India Limited,1461.64
539167,Virat Leasing Ltd,Active,X,5.0,INE347L01022,,VLL,Equity,https://www.bseindia.com/stock-share-price/virat-leasing-ltd/vll/539167/,Virat Leasing Limited,145.38
539174,Helpage Finlease Ltd,Active,X,10.0,INE738P01015,,HELPAGE,Equity,https://www.bseindia.com/stock-share-price/helpage-finlease-ltd/helpage/539174/,Helpage Finlease Ltd.,21.17
539176,Hawa Engineers Ltd,Active,X,10.0,INE230I01018,,HAWAENG,Equity,https://www.bseindia.com/stock-share-price/hawa-engineers-ltd/hawaeng/539176/,Hawa Engineers ltd.,29.27
539177,Authum Investment & Infrastructure Ltd,Active,A,1.0,INE206F01022,,AIIL,Equity,https://www.bseindia.com/stock-share-price/authum-investment--infrastructure-ltd/aiil/539177/,Authum Investment & Infrastructure Limited,50635.07
539189,Adhbhut Infrastructure Ltd,Active,X,10.0,INE578L01014,,ADHBHUTIN,Equity,https://www.bseindia.com/stock-share-price/adhbhut-infrastructure-ltd/adhbhutin/539189/,Adhbhut Infrastructure Ltd.,16.94
539190,Decillion Finance Ltd,Active,X,10.0,INE848N01017,,DFL,Equity,https://www.bseindia.com/stock-share-price/decillion-finance-ltd/dfl/539190/,Decillion Finance Ltd.,12.43
539195,POCL Enterprises Ltd,Active,X,2.0,INE035S01028,,POEL,Equity,https://www.bseindia.com/stock-share-price/pocl-enterprises-ltd/poel/539195/,POCL ENTERPRISES LTD,520.10
539196,Amba Enterprises Ltd,Active,X,5.0,INE829P01020,,AEL,Equity,https://www.bseindia.com/stock-share-price/amba-enterprises-ltd/ael/539196/,Amba Enterprises Ltd.,142.37
539199,SG Finserve Ltd,Active,B,10.0,INE618R01015,,SGFIN,Equity,https://www.bseindia.com/stock-share-price/sg-finserve-ltd/sgfin/539199/,SG FINSERVE LIMITED,3963.79
539200,Noble Polymers Ltd,Active,XT,5.0,INE203Q01026,,NOBPOL,Equity,https://www.bseindia.com/stock-share-price/noble-polymers-ltd/nobpol/539200/,NOBLE POLYMERS LIMITED,5.36
539201,Satia Industries Ltd,Active,B,1.0,INE170E01023,,SATIA,Equity,https://www.bseindia.com/stock-share-price/satia-industries-ltd/satia/539201/,SATIA INDUSTRIES LIMITED,637.50
539206,Genomic Valley Biotech Ltd,Active,X,10.0,INE574D01010,,GVBL,Equity,https://www.bseindia.com/stock-share-price/genomic-valley-biotech-ltd/gvbl/539206/,GENOMIC VALLEY BIOTECH LIMITED,8.78
539216,Garment Mantra Lifestyle Ltd,Active,X,1.0,INE653S01028,,GARMNTMNTR,Equity,https://www.bseindia.com/stock-share-price/garment-mantra-lifestyle-ltd/garmntmntr/539216/,GARMENT MANTRA LIFESTYLE LIMITED,65.92
539217,Srestha Finvest Ltd,Active,XT,1.0,INE606K01049,,SRESTHA,Equity,https://www.bseindia.com/stock-share-price/srestha-finvest-ltd/srestha/539217/,Srestha Finvest Limited,47.56
539218,Saumya Consultants Ltd,Active,X,10.0,INE563C01015,,SAUMYA,Equity,https://www.bseindia.com/stock-share-price/saumya-consultants-ltd/saumya/539218/,Saumya Consultants Ltd.,73.90
539219,Mauria Udyog Ltd,Active,X,1.0,INE150D01027,,MUL,Equity,https://www.bseindia.com/stock-share-price/mauria-udyog-ltd/mul/539219/,MAURIA UDYOG LIMITED,103.50
539220,Mishka Exim Ltd,Active,X,10.0,INE540S01019,,MISHKA,Equity,https://www.bseindia.com/stock-share-price/mishka-exim-ltd/mishka/539220/,Mishka Exim Limited,65.03
539221,Sportking India Ltd,Active,B,1.0,INE885H01029,,SPORTKING,Equity,https://www.bseindia.com/stock-share-price/sportking-india-ltd/sportking/539221/,Sportking India Ltd.,2630.39
539222,Growington Ventures India Ltd,Active,B,1.0,INE451S01027,,GROWINGTON,Equity,https://www.bseindia.com/stock-share-price/growington-ventures-india-ltd/growington/539222/,GROWINGTON VENTURES INDIA LIMITED,45.60
539224,HCKK Ventures Ltd,Active,XT,10.0,INE345Q01017,,HCKKVENTURE,Equity,https://www.bseindia.com/stock-share-price/hckk-ventures-ltd/hckkventure/539224/,HCKK Ventures Limited,13.36
539226,Rudra Global Infra Products Ltd,Active,B,5.0,INE027T01023,,RUDRA,Equity,https://www.bseindia.com/stock-share-price/rudra-global-infra-products-ltd/rudra/539226/,RUDRA GLOBAL INFRA PRODUCTS LIMITED,179.41
539227,Loyal Equipments Ltd,Active,X,10.0,INE876S01017,,LOYAL,Equity,https://www.bseindia.com/stock-share-price/loyal-equipments-ltd/loyal/539227/,Loyal Equipments Limited,165.19
539228,Gala Global Products Ltd,Active,Z,5.0,INE480S01026,,GGPL,Equity,https://www.bseindia.com/stock-share-price/gala-global-products-ltd/ggpl/539228/,Gala Global Products Limited,7.81
539230,Chemiesynth (Vapi) Ltd,Active,XT,10.0,INE829R01018,,CHEMIESYNT,Equity,https://www.bseindia.com/stock-share-price/chemiesynth-(vapi)-ltd/chemiesynt/539230/,Chemiesynth (Vapi) Limited,23.75
539251,Balkrishna Paper Mills Ltd,Active,B,10.0,INE875R01011,,BALKRISHNA,Equity,https://www.bseindia.com/stock-share-price/balkrishna-paper-mills-ltd/balkrishna/539251/,Balkrishna Paper Mills Ltd,56.84
539252,Shyam Century Ferrous Ltd,Active,T,1.0,INE979R01011,,SHYAMCENT,Equity,https://www.bseindia.com/stock-share-price/shyam-century-ferrous-ltd/shyamcent/539252/,Shyam Century Ferrous Limited,113.53
539253,Surya India Ltd,Active,X,10.0,INE446E01019,,SURYAINDIA,Equity,https://www.bseindia.com/stock-share-price/surya-india-ltd/suryaindia/539253/,Surya India Limited,12.75
539254,Adani Energy Solutions Ltd,Active,A,10.0,INE931S01010,,ADANIENSOL,Equity,https://www.bseindia.com/stock-share-price/adani-energy-solutions-ltd/adaniensol/539254/,Adani Energy Solutions Limited,196773.37
539255,Star Delta Transformers Ltd,Active,X,10.0,INE541K01014,,STARDELTA,Equity,https://www.bseindia.com/stock-share-price/star-delta-transformers-ltd/stardelta/539255/,STAR DELTA TRANSFORMERS LIMITED,183.07
539265,Amrapali Fincap Ltd,Active,MT,10.0,INE990S01016,,AMRAFIN,Equity,https://www.bseindia.com/stock-share-price/amrapali-fincap-ltd/amrafin/539265/,Amrapali Fincap Limited,49.42
539267,Samsrita Labs Ltd,Active,X,10.0,INE579N01018,,SAMSRITA,Equity,https://www.bseindia.com/stock-share-price/samsrita-labs-ltd/samsrita/539267/,SAMSRITA LABS LIMITED,24.73
539268,Syngene International Ltd,Active,A,10.0,INE398R01022,,SYNGENE,Equity,https://www.bseindia.com/stock-share-price/syngene-international-ltd/syngene/539268/,Syngene International Limited,16146.77
539273,Pecos Hotels and Pubs Ltd,Active,M,10.0,INE484S01010,,PECOS,Equity,https://www.bseindia.com/stock-share-price/pecos-hotels-and-pubs-ltd/pecos/539273/,PECOS Hotels And Pubs Limited,33.01
539275,Mangalam Seeds Ltd,Active,X,10.0,INE829S01016,,MSL,Equity,https://www.bseindia.com/stock-share-price/mangalam-seeds-ltd/msl/539275/,Mangalam Seeds Limited,154.82
539276,Kaya Ltd,Active,B,10.0,INE587G01015,,KAYA,Equity,https://www.bseindia.com/stock-share-price/kaya-ltd/kaya/539276/,Kaya Limited,416.22
539278,Symbiox Investment & Trading Company Ltd,Active,X,10.0,INE653R01012,,SYMBIOX,Equity,https://www.bseindia.com/stock-share-price/symbiox-investment--trading-company-ltd/symbiox/539278/,Symbiox Investment & Trading Co. Ltd.,5.29
539287,Ortin Global Ltd,Active,T,10.0,INE749B01020,,ORTINGLOBE,Equity,https://www.bseindia.com/stock-share-price/ortin-global-ltd/ortinglobe/539287/,ORTIN GLOBAL LIMITED,12.40
539289,Aurum PropTech Ltd,Active,B,5.0,INE898S01029,,AURUM,Equity,https://www.bseindia.com/stock-share-price/aurum-proptech-ltd/aurum/539289/,AURUM PROPTECH LIMITED,1707.92
539290,Oswal Greentech Ltd,Active,B,10.0,INE143A01010,,OSWALGREEN,Equity,https://www.bseindia.com/stock-share-price/oswal-greentech-ltd/oswalgreen/539290/,Oswal Greentech Limited,566.01
539300,Sunrakshakk Industries India Ltd,Active,X,2.0,INE671K01027,,SUNRAKSHAK,Equity,https://www.bseindia.com/stock-share-price/sunrakshakk-industries-india-ltd/sunrakshak/539300/,SUNRAKSHAKK INDUSTRIES INDIA LIMITED,1122.44
539301,Arvind SmartSpaces Ltd,Active,B,10.0,INE034S01021,,ARVSMART,Equity,https://www.bseindia.com/stock-share-price/arvind-smartspaces-ltd/arvsmart/539301/,Arvind SmartSpaces Limited,2756.15
539302,Power Mech Projects Ltd,Active,A,10.0,INE211R01019,,POWERMECH,Equity,https://www.bseindia.com/stock-share-price/power-mech-projects-ltd/powermech/539302/,Power Mech Projects Limited,8271.93
539309,Rama Steel Tubes Ltd,Active,T,1.0,INE230R01035,,RAMASTEEL,Equity,https://www.bseindia.com/stock-share-price/rama-steel-tubes-ltd/ramasteel/539309/,Rama Steel Tubes Limited,780.39
539310,Thinkink Picturez Ltd,Active,XT,1.0,INE365S01045,,THINKINK,Equity,https://www.bseindia.com/stock-share-price/thinkink-picturez-ltd/thinkink/539310/,THINKINK PICTUREZ LIMITED,27.02
539312,UTI BSE SENSEX ETF,Active,A,10.0,INF789FB1X58,,SENSEXBETA,Equity,https://www.bseindia.com/stock-share-price/uti-bse-sensex-etf/sensexbeta/539312/,UTI Mutual Fund,
539313,UTI NIFTY 50 ETF,Active,B,1.0,INF789F1AZC0,,NIFTYBETA,Equity,https://www.bseindia.com/stock-share-price/uti-nifty-50-etf/niftybeta/539313/,UTI Mutual Fund,
539314,Universal Autofoundry Ltd,Active,B,10.0,INE203T01012,,UNIAUTO,Equity,https://www.bseindia.com/stock-share-price/universal-autofoundry-ltd/uniauto/539314/,Universal Autofoundry Limited,64.05
539331,Veto Switchgears and Cables Ltd,Active,T,10.0,INE918N01018,,VETO,Equity,https://www.bseindia.com/stock-share-price/veto-switchgears-and-cables-ltd/veto/539331/,VETO SWITCHGEARS AND CABLES LIMITED,236.17
539332,Navkar Corporation Ltd,Active,B,10.0,INE278M01019,,NAVKARCORP,Equity,https://www.bseindia.com/stock-share-price/navkar-corporation-ltd/navkarcorp/539332/,Navkar Corporation Limited,1517.23
539334,Shree Pushkar Chemicals & Fertilisers Ltd,Active,B,10.0,INE712K01011,,SHREEPUSHK,Equity,https://www.bseindia.com/stock-share-price/shree-pushkar-chemicals--fertilisers-ltd/shreepushk/539334/,Shree Pushkar Chemicals & Fertilisers Limited,1375.97
539335,Callista Industries Ltd,Active,XT,10.0,INE714Q01014,,CALLISTA,Equity,https://www.bseindia.com/stock-share-price/callista-industries-ltd/callista/539335/,Callista Industries Limited,55.54
539336,Gujarat Energy Ltd,Active,A,2.0,INE844O01030,,GUJENERGY,Equity,https://www.bseindia.com/stock-share-price/gujarat-energy-ltd/gujenergy/539336/,Gujarat Energy Limited,25834.19
539337,Waaree Technologies Ltd,Active,MT,10.0,INE725P01012,,WAAREE,Equity,https://www.bseindia.com/stock-share-price/waaree-technologies-ltd/waaree/539337/,WAAREE TECHNOLOGIES LIMITED,251.49
539346,Sadbhav Infrastructure Project Ltd,Active,T,10.0,INE764L01010,,SADBHIN,Equity,https://www.bseindia.com/stock-share-price/sadbhav-infrastructure-project-ltd/sadbhin/539346/,Sadbhav Infrastructure Project Limited,92.28
539352,P. B. Films Ltd,Active,MT,10.0,INE212Q01019,,PBFL,Equity,https://www.bseindia.com/stock-share-price/p-b-films-ltd/pbfl/539352/,P. B. Films Limited,0.98
539353,Sal Automotive Ltd,Active,X,10.0,INE724G01014,,SALAUTO,Equity,https://www.bseindia.com/stock-share-price/sal-automotive-ltd/salauto/539353/,SAL AUTOMOTIVE LIMITED,89.67
539354,Polyspin Exports Ltd,Active,X,5.0,INE914G01029,,POLYSPIN,Equity,https://www.bseindia.com/stock-share-price/polyspin-exports-ltd/polyspin/539354/,POLYSPIN EXPORTS LIMITED,28.27
539359,Pritika Auto Industries Ltd,Active,T,2.0,INE583R01029,,PRITIKAUTO,Equity,https://www.bseindia.com/stock-share-price/pritika-auto-industries-ltd/pritikauto/539359/,Pritika Auto Industries Limited,311.55
539378,Soni Medicare Ltd,Active,X,10.0,INE848R01018,,SML,Equity,https://www.bseindia.com/stock-share-price/soni-medicare-ltd/sml/539378/,Soni Medicare Limited,29.99
539383,Mahaveer Infoway Ltd,Active,Z,10.0,INE019D01016,,MAHAVEER,Equity,https://www.bseindia.com/stock-share-price/mahaveer-infoway-ltd/mahaveer/539383/,Mahaveer Infoway Limited,7.60
539391,Acme Resources Ltd,Active,Z,10.0,INE636B01011,,ACME,Equity,https://www.bseindia.com/stock-share-price/acme-resources-ltd/acme/539391/,Acme Resources Limited,74.66
539393,Kabra Commercial Ltd,Active,XT,10.0,INE926E01010,,KCL,Equity,https://www.bseindia.com/stock-share-price/kabra-commercial-ltd/kcl/539393/,Kabra Commercial Limited,7.58
539398,Vishal Bearings Ltd,Active,B,10.0,INE060T01024,,VISHALBL,Equity,https://www.bseindia.com/stock-share-price/vishal-bearings-ltd/vishalbl/539398/,Vishal Bearings Limited,53.93
539399,Bella Casa Fashion & Retail Ltd,Active,B,10.0,INE344T01014,,BELLACASA,Equity,https://www.bseindia.com/stock-share-price/bella-casa-fashion--retail-ltd/bellacasa/539399/,Bella Casa Fashion & Retail Limited,321.70
539400,Mallcom (India) Ltd,Active,B,10.0,INE389C01015,,MALLCOM,Equity,https://www.bseindia.com/stock-share-price/mallcom-(india)-ltd/mallcom/539400/,MALLCOM (INDIA) LTD.,636.82
539401,Patdiam Jewellery Ltd,Active,M,10.0,INE473T01011,,PJL,Equity,https://www.bseindia.com/stock-share-price/patdiam-jewellery-ltd/pjl/539401/,Patdiam Jewellery Limited,120.12
539402,Naksh Precious Metals Ltd,Active,Z,10.0,INE256S01012,,NAKSH,Equity,https://www.bseindia.com/stock-share-price/naksh-precious-metals-ltd/naksh/539402/,Naksh Precious Metals Limited,4.09
539404,Satin Creditcare Network Ltd,Active,B,10.0,INE836B01017,,SATIN,Equity,https://www.bseindia.com/stock-share-price/satin-creditcare-network-ltd/satin/539404/,SATIN CREDITCARE NETWORK LIMITED,2574.53
539405,Decorous Investment & Trading Co Ltd,Active,X,10.0,INE183R01010,,DITCO,Equity,https://www.bseindia.com/stock-share-price/decorous-investment--trading-co-ltd/ditco/539405/,Decorous Investment and Trading Co. Ltd.,4.23
539406,Swagtam Trading & Services Ltd,Active,X,10.0,INE150R01019,,SWAGTAM,Equity,https://www.bseindia.com/stock-share-price/swagtam-trading--services-ltd/swagtam/539406/,Swagtam Trading & Services Limited,6.02
539407,Generic Engineering Construction and Projects Ltd,Active,B,5.0,INE854S01022,,GENCON,Equity,https://www.bseindia.com/stock-share-price/generic-engineering-construction-and-projects-ltd/gencon/539407/,Generic Engineering Construction and Projects Limited,222.02
539408,Kuber Udyog Ltd,Active,XT,10.0,INE594R01018,,KUBERJI,Equity,https://www.bseindia.com/stock-share-price/kuber-udyog-ltd/kuberji/539408/,Kuber Udyog Limited,8.44
539409,Neeraj Paper Marketing Ltd,Active,X,10.0,INE894J01019,,NEERAJ,Equity,https://www.bseindia.com/stock-share-price/neeraj-paper-marketing-ltd/neeraj/539409/,NEERAJ PAPER MARKETING LIMITED,23.00
539428,Tejnaksh Healthcare Ltd,Active,X,5.0,INE030T01027,,TEJNAKSH,Equity,https://www.bseindia.com/stock-share-price/tejnaksh-healthcare-ltd/tejnaksh/539428/,Tejnaksh Healthcare Limited,26.73
539434,Brilliant Portfolios Ltd,Active,X,10.0,INE661F01010,,BRIPORT,Equity,https://www.bseindia.com/stock-share-price/brilliant-portfolios-ltd/briport/539434/,Brilliant Portfolios Ltd.,3.18
539435,Richfield Financial Services Ltd,Active,X,10.0,INE201C01012,,RFSL,Equity,https://www.bseindia.com/stock-share-price/richfield-financial-services-ltd/rfsl/539435/,Richfield Financial Services Ltd.,24.77
539436,Coffee Day Enterprises Ltd,Active,T,10.0,INE335K01011,,COFFEEDAY,Equity,https://www.bseindia.com/stock-share-price/coffee-day-enterprises-ltd/coffeeday/539436/,Coffee Day Enterprises Limited,726.28
539437,IDFC First Bank Ltd,Active,A,10.0,INE092T01019,,IDFCFIRSTB,Equity,https://www.bseindia.com/stock-share-price/idfc-first-bank-ltd/idfcfirstb/539437/,IDFC FIRST BANK LIMITED,73105.81
539448,InterGlobe Aviation Ltd,Active,A,10.0,INE646L01027,,INDIGO,Equity,https://www.bseindia.com/stock-share-price/interglobe-aviation-ltd/indigo/539448/,InterGlobe Aviation Limited,205745.30
539449,IGC Industries Ltd,Active,X,10.0,INE099S01016,,IGCIL,Equity,https://www.bseindia.com/stock-share-price/igc-industries-ltd/igcil/539449/,IGC Industries Limited,7.29
539450,S H Kelkar and Company Ltd,Active,B,10.0,INE500L01026,,SHK,Equity,https://www.bseindia.com/stock-share-price/s-h-kelkar-and-company-ltd/shk/539450/,S H Kelkar and Company Limited,2364.92
539455,Ecofinity Atomix Ltd,Active,X,10.0,INE360S01012,,ECOFINITY,Equity,https://www.bseindia.com/stock-share-price/ecofinity-atomix-ltd/ecofinity/539455/,ECOFINITY ATOMIX LIMITED,47.78
539468,Typhoon Financial Services Ltd,Active,XT,10.0,INE761R01013,,TFSL,Equity,https://www.bseindia.com/stock-share-price/typhoon-financial-services-ltd/tfsl/539468/,Typhoon Financial Services Limited,12.56
539469,Panorama Studios International Ltd,Active,B,2.0,INE258R01028,,PANORAMA,Equity,https://www.bseindia.com/stock-share-price/panorama-studios-international-ltd/panorama/539469/,PANORAMA STUDIOS INTERNATIONAL LIMITED,1265.68
539470,Shree Ganesh Biotech (India) Ltd,Active,X,1.0,INE051N01026,,SHREEGANES,Equity,https://www.bseindia.com/stock-share-price/shree-ganesh-biotech-(india)-ltd/shreeganes/539470/,Shree Ganesh Biotech (India) Limited,21.53
539479,GTV Engineering Ltd,Active,X,2.0,INE910R01024,,GTV,Equity,https://www.bseindia.com/stock-share-price/gtv-engineering-ltd/gtv/539479/,GTV Engineering Limited,343.26
539480,LIC MF EXCHANGE TRADED FUND- NIFTY 50,Active,B,10.0,INF767K01OS7,,LICNETFN50,Equity,https://www.bseindia.com/stock-share-price/lic-mf-exchange-traded-fund--nifty-50/licnetfn50/539480/,LIC Mutual Fund,
539487,LIC MF EXCHANGE TRADED FUND- SENSEX,Active,A,10.0,INF767K01OT5,,LICNETFSEN,Equity,https://www.bseindia.com/stock-share-price/lic-mf-exchange-traded-fund--sensex/licnetfsen/539487/,LIC Mutual Fund,
539488,Tirupati Finlease Ltd,Active,XT,10.0,INE027S01017,,TFLL,Equity,https://www.bseindia.com/stock-share-price/tirupati-finlease-ltd/tfll/539488/,Tirupati Fin-Lease Ltd.,
539492,Garbi Finvest Ltd,Active,X,10.0,INE721C01019,,GARBIFIN,Equity,https://www.bseindia.com/stock-share-price/garbi-finvest-ltd/garbifin/539492/,Garbi Finvest Limited,10.94
539494,Smart Finsec Ltd,Active,X,1.0,INE766D01020,,SMARTFIN,Equity,https://www.bseindia.com/stock-share-price/smart-finsec-ltd/smartfin/539494/,Smart Finsec Limited,24.36
539495,Rajkot Investment Trust Ltd,Active,X,10.0,INE176R01014,,RAJKOTINV,Equity,https://www.bseindia.com/stock-share-price/rajkot-investment-trust-ltd/rajkotinv/539495/,Rajkot Investment Trust Limited,4.61
539506,Adcon Capital Services Ltd,Active,XT,1.0,INE805Q01028,,ADCON,Equity,https://www.bseindia.com/stock-share-price/adcon-capital-services-ltd/adcon/539506/,Adcon Capital Services Limited,10.12
539515,Quint Digital Ltd,Active,B,10.0,INE641R01017,,QUINT,Equity,https://www.bseindia.com/stock-share-price/quint-digital-ltd/quint/539515/,Quint Digital Limited,188.83
539516,HDFC NIFTY 50 ETF,Active,B,76.13,INF179KC1965,,HDFCNIFTY,Equity,https://www.bseindia.com/stock-share-price/hdfc-nifty-50-etf/hdfcnifty/539516/,HDFC Mutual Fund,
539517,HDFC BSE SENSEX ETF,Active,A,25.04,INF179KC1HX2,,HDFCSENSEX,Equity,https://www.bseindia.com/stock-share-price/hdfc-bse-sensex-etf/hdfcsensex/539517/,HDFC Mutual Fund,
539518,Uday Jewellery Industries Ltd,Active,X,10.0,INE551B01012,,UDAYJEW,Equity,https://www.bseindia.com/stock-share-price/uday-jewellery-industries-ltd/udayjew/539518/,Uday Jewellery Industries Limited.,330.29
539519,Sattva Sukun Lifecare Ltd,Active,X,1.0,INE280E01038,,SATTVASUKU,Equity,https://www.bseindia.com/stock-share-price/sattva-sukun-lifecare-ltd/sattvasuku/539519/,SATTVA SUKUN LIFECARE LIMITED,28.77
539521,Navigant Corporate Advisors Ltd,Active,MT,10.0,INE364T01012,,NAVIGANT,Equity,https://www.bseindia.com/stock-share-price/navigant-corporate-advisors-ltd/navigant/539521/,Navigant Corporate Advisors Limited,22.99
539522,Grovy India Ltd,Active,X,10.0,INE343C01012,,GROVY,Equity,https://www.bseindia.com/stock-share-price/grovy-india-ltd/grovy/539522/,Grovy India Limited,69.92
539523,Alkem Laboratories Ltd,Active,A,2.0,INE540L01014,,ALKEM,Equity,https://www.bseindia.com/stock-share-price/alkem-laboratories-ltd/alkem/539523/,Alkem Laboratories Limited,67057.43
539524,Dr. Lal PathLabs Ltd,Active,A,10.0,INE600L01024,,LALPATHLAB,Equity,https://www.bseindia.com/stock-share-price/dr-lal-pathlabs-ltd/lalpathlab/539524/,Dr. Lal Pathlabs Limited,32307.15
539526,Suncare Traders Ltd,Active,X,2.0,INE452S01025,,SCTL,Equity,https://www.bseindia.com/stock-share-price/suncare-traders-ltd/sctl/539526/,Suncare Traders Limited,12.24
539527,Creative Castings Ltd,Active,X,10.0,INE146E01015,,CREATIVE,Equity,https://www.bseindia.com/stock-share-price/creative-castings-ltd/creative/539527/,Creative Castings Limited,80.31
539528,Aayush Wellness Ltd,Active,X,1.0,INE430R01023,,AAYUSH,Equity,https://www.bseindia.com/stock-share-price/aayush-wellness-ltd/aayush/539528/,AAYUSH WELLNESS LIMITED,114.48
539533,Elitecon International Ltd,Active,B,1.0,INE669R01026,,ELITECON,Equity,https://www.bseindia.com/stock-share-price/elitecon-international-ltd/elitecon/539533/,ELITECON INTERNATIONAL LIMITED,2968.41
539542,Lux Industries Ltd,Active,B,2.0,INE150G01020,,LUXIND,Equity,https://www.bseindia.com/stock-share-price/lux-industries-ltd/luxind/539542/,LUX Industries Limited,3820.61
539543,Valley Magnesite Company Ltd,Active,X,10.0,INE834E01016,,VALLEY,Equity,https://www.bseindia.com/stock-share-price/valley-magnesite-company-ltd/valley/539543/,Valley Magnesite Company Limited,1.38
539544,Abhishek Infraventures Ltd,Active,XT,10.0,INE281P01016,,ABHIINFRA,Equity,https://www.bseindia.com/stock-share-price/abhishek-infraventures-ltd/abhiinfra/539544/,Abhishek Infraventures Limited,4.33
539545,Apoorva Leasing Finance and Investment Company Ltd,Active,X,10.0,INE217S01014,,APOORVA,Equity,https://www.bseindia.com/stock-share-price/apoorva-leasing-finance-and-investment-company-ltd/apoorva/539545/,Apoorva Leasing Finance & Investment Company Limited,58.13
539546,Agribio Spirits Ltd,Active,X,10.0,INE679E01015,,AGRIBIO,Equity,https://www.bseindia.com/stock-share-price/agribio-spirits-ltd/agribio/539546/,AGRIBIO SPIRITS LIMITED,342.91
539551,Narayana Hrudayalaya Ltd,Active,A,10.0,INE410P01011,,NH,Equity,https://www.bseindia.com/stock-share-price/narayana-hrudayalaya-ltd/nh/539551/,Narayana Hrudayalaya Limited,38497.49
539552,F Mec International Financial Services Ltd,Active,XT,2.0,INE108T01021,,FMEC,Equity,https://www.bseindia.com/stock-share-price/f-mec-international-financial-services-ltd/fmec/539552/,F MEC INTERNATIONAL FINANCIAL SERVICES LIMITED,60.98
539559,Deep Health AI India Ltd,Active,XT,1.0,INE005G01026,,DEEPAI,Equity,https://www.bseindia.com/stock-share-price/deep-health-ai-india-ltd/deepai/539559/,Deep Health AI India Limited,28.69
539560,Malt Land Distilleries Ltd,Active,XT,10.0,INE994N01019,,MALTLAND,Equity,https://www.bseindia.com/stock-share-price/malt-land-distilleries-ltd/maltland/539560/,MALT LAND DISTILLERIES LIMITED,
539561,Supha Pharmachem Ltd,Active,XT,1.0,INE549S01036,,SUPHA,Equity,https://www.bseindia.com/stock-share-price/supha-pharmachem-ltd/supha/539561/,SUPHA PHARMACHEM LIMITED,29.11
539562,Aarnav Fashions Ltd,Active,B,10.0,INE750R01016,,AARNAV,Equity,https://www.bseindia.com/stock-share-price/aarnav-fashions-ltd/aarnav/539562/,AARNAV FASHIONS LIMITED,130.48
539593,Shivansh Finserve Ltd,Active,X,10.0,INE728Q01014,,SHIVA,Equity,https://www.bseindia.com/stock-share-price/shivansh-finserve-ltd/shiva/539593/,Shivansh Finserv Limited,8.50
539594,Mishtann Foods Ltd,Active,X,1.0,INE094S01041,,MISHTANN,Equity,https://www.bseindia.com/stock-share-price/mishtann-foods-ltd/mishtann/539594/,Mishtann Foods Limited,385.79
539596,Delta Industrial Resources Ltd,Active,X,10.0,INE681Q01015,,DELTA,Equity,https://www.bseindia.com/stock-share-price/delta-industrial-resources-ltd/delta/539596/,Delta Industrial Resources Limited,5.50
539598,AMPL Capital Ltd,Active,X,2.0,INE727C01024,,AMPL,Equity,https://www.bseindia.com/stock-share-price/ampl-capital-ltd/ampl/539598/,AMPL Capital Limited,194.65
539599,Kotia Enterprises Ltd,Active,X,10.0,INE079C01012,,KEL,Equity,https://www.bseindia.com/stock-share-price/kotia-enterprises-ltd/kel/539599/,Kotia Enterprises Limited,22.08
539607,Blue Cloud Softech Solutions Ltd,Active,B,1.0,INE373T01047,,BLUECLOUDS,Equity,https://www.bseindia.com/stock-share-price/blue-cloud-softech-solutions-ltd/blueclouds/539607/,Blue Cloud Softech Solutions Limited,1508.42
539620,Kanoria Energy & Infrastructure Ltd,Active,X,5.0,INE534E01020,,KEIL,Equity,https://www.bseindia.com/stock-share-price/kanoria-energy--infrastructure-ltd/keil/539620/,KANORIA ENERGY AND INFRASTRUCTURE LIMITED,145.93
539636,Precision Camshafts Ltd,Active,B,10.0,INE484I01029,,PRECAM,Equity,https://www.bseindia.com/stock-share-price/precision-camshafts-ltd/precam/539636/,Precision Camshafts Limited,1375.39
539658,TeamLease Services Ltd,Active,B,10.0,INE985S01024,,TEAMLEASE,Equity,https://www.bseindia.com/stock-share-price/teamlease-services-ltd/teamlease/539658/,TeamLease Services Limited,2103.66
539659,Vikram Kamats Hospitality Ltd,Active,B,10.0,INE564S01019,,KAMATS,Equity,https://www.bseindia.com/stock-share-price/vikram-kamats-hospitality-ltd/kamats/539659/,VIKRAM KAMATS HOSPITALITY LIMITED,65.54
539660,Best Agrolife Ltd,Active,B,1.0,INE052T01021,,BESTAGRO,Equity,https://www.bseindia.com/stock-share-price/best-agrolife-ltd/bestagro/539660/,BEST AGROLIFE LIMITED,717.14
539661,Ace Men Engg Works Ltd,Active,X,10.0,INE023R01018,,ACEMEN,Equity,https://www.bseindia.com/stock-share-price/ace-men-engg-works-ltd/acemen/539661/,ACE MEN ENGG WORKS LIMITED,142.38
539662,BFL Asset Finvest Ltd,Active,X,10.0,INE948Q01018,,BFLAFL,Equity,https://www.bseindia.com/stock-share-price/bfl-asset-finvest-ltd/bflafl/539662/,BFL Asset Finvest Limited,8.06
539669,RGF Capital Markets Ltd,Active,XT,1.0,INE684D01025,,RGF,Equity,https://www.bseindia.com/stock-share-price/rgf-capital-markets-ltd/rgf/539669/,RGF Capital Markets Limited,34.66
539673,Radhagobind Commercial Ltd,Active,Z,1.0,INE792P01020,,RCL,Equity,https://www.bseindia.com/stock-share-price/radhagobind-commercial-ltd/rcl/539673/,Radhagobind Commercial Limited,3.17
539678,Quick Heal Technologies Ltd,Active,T,10.0,INE306L01010,,QUICKHEAL,Equity,https://www.bseindia.com/stock-share-price/quick-heal-technologies-ltd/quickheal/539678/,Quick Heal Technologies Limited,843.45
539679,Kapil Raj Finance Ltd,Active,X,1.0,INE332Q01023,,KAPILRAJ,Equity,https://www.bseindia.com/stock-share-price/kapil-raj-finance-ltd/kapilraj/539679/,Kapil Raj Finance Ltd.,17.50
539680,Ganga Pharmaceuticals Ltd,Active,M,10.0,INE615T01017,,GANGAPHARM,Equity,https://www.bseindia.com/stock-share-price/ganga-pharmaceuticals-ltd/gangapharm/539680/,Ganga Pharmaceuticals Limited,7.09
539681,Dynamic Archistructures Ltd,Active,X,10.0,INE874E01012,,DAL,Equity,https://www.bseindia.com/stock-share-price/dynamic-archistructures-ltd/dal/539681/,dynamic Archistructures Limited,24.99
539682,Mobavenue AI Tech Ltd,Active,X,2.0,INE622Q01027,,MOBAVENUE,Equity,https://www.bseindia.com/stock-share-price/mobavenue-ai-tech-ltd/mobavenue/539682/,Mobavenue AI Tech Limited,2386.57
539683,Shivkamal Impex Ltd,Active,XT,10.0,INE429R01017,,SHIVKAMAL,Equity,https://www.bseindia.com/stock-share-price/shivkamal-impex-ltd/shivkamal/539683/,Shivkamal Impex Limited,
539686,K.P. Energy Ltd,Active,B,5.0,INE127T01021,,KPEL,Equity,https://www.bseindia.com/stock-share-price/kp-energy-ltd/kpel/539686/,K.P. Energy Limited,2065.13
539691,Real Growth Corporation Ltd,Active,XT,10.0,INE836D01013,,RGCORP,Equity,https://www.bseindia.com/stock-share-price/real-growth-corporation-ltd/rgcorp/539691/,REAL GROWTH CORPORATION LIMITED,
539692,Interactive Financial Services Ltd,Active,X,10.0,INE064T01018,,IFINSER,Equity,https://www.bseindia.com/stock-share-price/interactive-financial-services-ltd/ifinser/539692/,INTERACTIVE FINANCIAL SERVICES LIMITED,8.25
539697,Hiliks Technologies Ltd,Active,XT,10.0,INE966Q01010,,HILIKS,Equity,https://www.bseindia.com/stock-share-price/hiliks-technologies-ltd/hiliks/539697/,HILIKS TECHNOLOGIES LIMITED,79.50
539724,Hypersoft Technologies Ltd,Active,XT,10.0,INE039D01014,,HYPERSOFT,Equity,https://www.bseindia.com/stock-share-price/hypersoft-technologies-ltd/hypersoft/539724/,HYPERSOFT TECHNOLOGIES LIMITED,1714.37
539725,Gokul Agro Resources Ltd,Active,B,1.0,INE314T01033,,GOKULAGRO,Equity,https://www.bseindia.com/stock-share-price/gokul-agro-resources-ltd/gokulagro/539725/,Gokul Agro Resources Ltd,6620.27
539730,Fredun Pharmaceuticals Ltd,Active,X,10.0,INE194R01017,,FREDUN,Equity,https://www.bseindia.com/stock-share-price/fredun-pharmaceuticals-ltd/fredun/539730/,Fredun Pharmaceuticals Limited,2020.62
539742,Simbhaoli Sugars Ltd,Active,Z,10.0,INE748T01016,,SIMBHALS,Equity,https://www.bseindia.com/stock-share-price/simbhaoli-sugars-ltd/simbhals/539742/,Simbhaoli Sugars Ltd,28.32
539760,Relicab Cable Manufacturing Ltd,Active,B,10.0,INE773T01014,,RELICAB,Equity,https://www.bseindia.com/stock-share-price/relicab-cable-manufacturing-ltd/relicab/539760/,Relicab Cable Manufacturing Limited,36.47
539761,Vantage Knowledge Academy Ltd,Active,X,1.0,INE427T01025,,VKAL,Equity,https://www.bseindia.com/stock-share-price/vantage-knowledge-academy-ltd/vkal/539761/,Vantage Knowledge Academy Limited,28.68
539762,Modern Engineering And Projects Ltd,Active,X,10.0,INE250S01015,,MEAPL,Equity,https://www.bseindia.com/stock-share-price/modern-engineering-and-projects-ltd/meapl/539762/,MODERN ENGINEERING AND PROJECTS LIMITED,45.62
539767,Mega Nirman and Industries Ltd,Active,X,10.0,INE216Q01010,,MNIL,Equity,https://www.bseindia.com/stock-share-price/mega-nirman-and-industries-ltd/mnil/539767/,Mega Nirman & Industries Limited,81.25
539770,Darjeeling Industriies Ltd,Active,X,10.0,INE830S01014,,DARJEELING,Equity,https://www.bseindia.com/stock-share-price/darjeeling-industriies-ltd/darjeeling/539770/,DARJEELING INDUSTRIIES LIMITED,12.96
539773,Advik Capital Ltd,Active,X,1.0,INE178T01024,,ADVIKCA,Equity,https://www.bseindia.com/stock-share-price/advik-capital-ltd/advikca/539773/,Advik Capital Limited,76.67
539784,LIC MF Exchange Traded Fund- NIFTY 100,Active,B,10.0,INF767K01PC8,,LICNFNHGP,Equity,https://www.bseindia.com/stock-share-price/lic-mf-exchange-traded-fund--nifty-100/licnfnhgp/539784/,LIC Mutual Fund,
539785,Pudumjee Paper Products Ltd,Active,B,1.0,INE865T01018,,PDMJEPAPER,Equity,https://www.bseindia.com/stock-share-price/pudumjee-paper-products-ltd/pdmjepaper/539785/,Pudumjee Paper Products Limited,931.55
539787,HealthCare Global Enterprises Ltd,Active,A,10.0,INE075I01017,,HCG,Equity,https://www.bseindia.com/stock-share-price/healthcare-global-enterprises-ltd/hcg/539787/,HealthCare Global Enterprises Limited,10010.71
539788,Khemani Distributors & Marketing Ltd,Active,MT,5.0,INE030U01025,,KDML,Equity,https://www.bseindia.com/stock-share-price/khemani-distributors--marketing-ltd/kdml/539788/,Khemani Distributors & Marketing Limited,274.77
539798,Umiya Tubes Ltd,Active,X,10.0,INE173U01015,,UMIYA,Equity,https://www.bseindia.com/stock-share-price/umiya-tubes-ltd/umiya/539798/,Umiya Tubes Limited,31.48
539799,Bharat Wire Ropes Ltd,Active,B,10.0,INE316L01019,,BHARATWIRE,Equity,https://www.bseindia.com/stock-share-price/bharat-wire-ropes-ltd/bharatwire/539799/,Bharat Wire Ropes Limited,1408.73
539800,CHD Chemicals Ltd,Active,X,10.0,INE043U01010,,CHDCHEM,Equity,https://www.bseindia.com/stock-share-price/chd-chemicals-ltd/chdchem/539800/,CHD Chemicals Limited,5.03
539807,AvenuesAI Ltd,Active,A,1.0,INE483S01020,,CCAVENUE,Equity,https://www.bseindia.com/stock-share-price/avenuesai-ltd/ccavenue/539807/,AvenuesAI Limited,5982.60
539814,LE Lavoir Ltd,Active,X,10.0,INE204S01012,,LELAVOIR,Equity,https://www.bseindia.com/stock-share-price/le-lavoir-ltd/lelavoir/539814/,LE LAVOIR LIMITED,12.98
539819,Mudra Financial Services Ltd,Active,X,10.0,INE967S01014,,MUDRA,Equity,https://www.bseindia.com/stock-share-price/mudra-financial-services-ltd/mudra/539819/,Mudra Financial Services Ltd.,2.37
539834,Balgopal Commercial Ltd,Active,X,10.0,INE119R01014,,BALGOPAL,Equity,https://www.bseindia.com/stock-share-price/balgopal-commercial-ltd/balgopal/539834/,Balgopal Commercial limited,378.47
539835,Superior Finlease Ltd,Active,X,1.0,INE574R01028,,SUPERIOR,Equity,https://www.bseindia.com/stock-share-price/superior-finlease-ltd/superior/539835/,Superior Finlease Limited,5.07
539837,Raghav Productivity Enhancers Ltd,Active,B,10.0,INE912T01018,,RPEL,Equity,https://www.bseindia.com/stock-share-price/raghav-productivity-enhancers-ltd/rpel/539837/,RAGHAV PRODUCTIVITY ENHANCERS LIMITED,5830.25
539839,Franklin Leasing and Finance Ltd,Active,M,10.0,INE399S01010,,FRANKLIN,Equity,https://www.bseindia.com/stock-share-price/franklin-leasing-and-finance-ltd/franklin/539839/,Franklin Leasing and Finance Limited,14.06
539841,Lancer Container Lines Ltd,Active,X,5.0,INE359U01028,,LANCER,Equity,https://www.bseindia.com/stock-share-price/lancer-container-lines-ltd/lancer/539841/,Lancer Container Lines Limited,356.44
539843,NINtec Systems Ltd,Active,T,10.0,INE395U01014,,NINSYS,Equity,https://www.bseindia.com/stock-share-price/nintec-systems-ltd/ninsys/539843/,NINtec Systems Limited,1361.62
539854,Halder Venture Ltd,Active,B,10.0,INE115S01010,,HALDER,Equity,https://www.bseindia.com/stock-share-price/halder-venture-ltd/halder/539854/,Halder Venture Limited,330.29
539864,Ghushine Fintrrade Ocean Ltd,Active,MT,10.0,INE009U01011,,GHUSHINE,Equity,https://www.bseindia.com/stock-share-price/ghushine-fintrrade-ocean-ltd/ghushine/539864/,Ghushine Fintrrade Ocean Limited,10.63
539871,Thyrocare Technologies Ltd,Active,A,10.0,INE594H01019,,THYROCARE,Equity,https://www.bseindia.com/stock-share-price/thyrocare-technologies-ltd/thyrocare/539871/,Thyrocare Technologies Limited,9516.49
539872,Bajaj Healthcare Ltd,Active,B,5.0,INE411U01027,,BAJAJHCARE,Equity,https://www.bseindia.com/stock-share-price/bajaj-healthcare-ltd/bajajhcare/539872/,Bajaj Healthcare Limited,1109.18
539875,RSD Finance Ltd,Active,T,5.0,INE616F01022,,RSDFIN,Equity,https://www.bseindia.com/stock-share-price/rsd-finance-ltd/rsdfin/539875/,RSD Finance Limited,197.30
539876,Crompton Greaves Consumer Electricals Ltd,Active,A,2.0,INE299U01018,,CROMPTON,Equity,https://www.bseindia.com/stock-share-price/crompton-greaves-consumer-electricals-ltd/crompton/539876/,Crompton Greaves Consumer Electricals Limited,17256.92
539883,Pilani Investment and Industries Corporation Ltd,Active,B,10.0,INE417C01014,,PILANIINVS,Equity,https://www.bseindia.com/stock-share-price/pilani-investment-and-industries-corporation-ltd/pilaniinvs/539883/,Pilani Investment And Industries Corporation Limited,4766.88
539884,Darshan Orna Ltd,Active,X,2.0,INE671T01028,,DARSHANORNA,Equity,https://www.bseindia.com/stock-share-price/darshan-orna-ltd/darshanorna/539884/,Darshan Orna Limited,21.71
539889,Parag Milk Foods Ltd,Active,A,10.0,INE883N01014,,PARAGMILK,Equity,https://www.bseindia.com/stock-share-price/parag-milk-foods-ltd/paragmilk/539889/,Parag Milk Foods Limited,2828.73
539894,Madhav Infra Projects Ltd,Active,B,1.0,INE631R01026,,MADHAVIPL,Equity,https://www.bseindia.com/stock-share-price/madhav-infra-projects-ltd/madhavipl/539894/,Madhav Infra Projects Limited,210.00
539895,Spice Lounge Food Works Ltd,Active,B,1.0,INE631E01024,,SPICELOUNG,Equity,https://www.bseindia.com/stock-share-price/spice-lounge-food-works-ltd/spiceloung/539895/,SPICE LOUNGE FOOD WORKS LIMITED,1751.17
539900,Dalmia Industrial Development Ltd,Active,X,10.0,INE642P01019,,DIDL,Equity,https://www.bseindia.com/stock-share-price/dalmia-industrial-development-ltd/didl/539900/,DALMIA INDUSTRIAL DEVELOPMENT LIMITED,18.22
539911,Svarnim Trade Udyog Ltd,Active,X,10.0,INE730R01042,,SNIM,Equity,https://www.bseindia.com/stock-share-price/svarnim-trade-udyog-ltd/snim/539911/,Svarnim Trade Udyog Limited,27.04
539921,Shanti Educational Initiatives Ltd,Active,B,1.0,INE440T01028,,SEIL,Equity,https://www.bseindia.com/stock-share-price/shanti-educational-initiatives-ltd/seil/539921/,Shanti Educational Initiatives Limited,3252.20
539922,Rotographics (India) Ltd,Active,XT,10.0,INE364S01014,,RGIL,Equity,https://www.bseindia.com/stock-share-price/rotographics-(india)-ltd/rgil/539922/,Rotographics (India) Limited,372.18
539927,Likhami Consulting Ltd,Active,X,10.0,INE920T01011,,LIKHAMI,Equity,https://www.bseindia.com/stock-share-price/likhami-consulting-ltd/likhami/539927/,LIKHAMI CONSULTING LIMITED,297.51
539938,Medico Intercontinental Ltd,Active,X,10.0,INE858Q01019,,MIL,Equity,https://www.bseindia.com/stock-share-price/medico-intercontinental-ltd/mil/539938/,Medico Intercontinental Limited,30.06
539939,Yash Chemex Ltd,Active,X,10.0,INE571U01010,,YASHCHEM,Equity,https://www.bseindia.com/stock-share-price/yash-chemex-ltd/yashchem/539939/,Yash Chemex Limited,50.39
539945,ICICI Prudential Nifty50 Value 20 ETF,Active,B,1.0,INF109KC11V0,,NV20IETF,Equity,https://www.bseindia.com/stock-share-price/icici-prudential-nifty50-value-20-etf/nv20ietf/539945/,ICICI Prudential Mutual Fund,
539946,Bazel International Ltd,Active,X,10.0,INE217E01014,,BAZELINTER,Equity,https://www.bseindia.com/stock-share-price/bazel-international-ltd/bazelinter/539946/,Bazel International Limited,17.76
539947,Jindal Leasefin Ltd,Active,XT,10.0,INE919T01013,,JLL,Equity,https://www.bseindia.com/stock-share-price/jindal-leasefin-ltd/jll/539947/,JINDAL LEASEFIN LIMITED,37.93
539956,TAAL Tech Ltd,Active,B,10.0,INE524T01011,,TAALTECH,Equity,https://www.bseindia.com/stock-share-price/taal-tech-ltd/taaltech/539956/,TAAL TECH LIMITED,1274.72
539957,Mahanagar Gas Ltd,Active,A,10.0,INE002S01010,,MGL,Equity,https://www.bseindia.com/stock-share-price/mahanagar-gas-ltd/mgl/539957/,Mahanagar Gas Limited,11091.26
539963,Zeal Aqua Ltd,Active,X,1.0,INE819S01025,,ZEAL,Equity,https://www.bseindia.com/stock-share-price/zeal-aqua-ltd/zeal/539963/,Zeal Aqua Limited,141.32
539978,Quess Corp Ltd,Active,B,10.0,INE615P01015,,QUESS,Equity,https://www.bseindia.com/stock-share-price/quess-corp-ltd/quess/539978/,Quess Corp Limited,4719.77
539979,Digjam Ltd,Active,B,10.0,INE731U01028,,DIGJAMLMTD,Equity,https://www.bseindia.com/stock-share-price/digjam-ltd/digjamlmtd/539979/,DIGJAM LIMITED,95.28
539980,ICICI Prudential BSE Midcap Select ETF,Active,B,1.0,INF109KC10W0,,MIDSELIETF,Equity,https://www.bseindia.com/stock-share-price/icici-prudential-bse-midcap-select-etf/midselietf/539980/,ICICI Prudential Mutual Fund,
539983,Sidh Automobiles Ltd,Active,XT,10.0,INE403L01015,,SIDH,Equity,https://www.bseindia.com/stock-share-price/sidh-automobiles-ltd/sidh/539983/,SIDH AUTOMOBILES LIMITED,3.70
539985,Titaanium Ten Enterprise Ltd,Active,MT,10.0,INE120V01014,,TITAANIUM,Equity,https://www.bseindia.com/stock-share-price/titaanium-ten-enterprise-ltd/titaanium/539985/,Titaanium Ten Enterprise Limited,12.37
539986,Commercial Syn Bags Ltd,Active,B,10.0,INE073V01015,,COMSYN,Equity,https://www.bseindia.com/stock-share-price/commercial-syn-bags-ltd/comsyn/539986/,Commercial Syn Bags Limited,843.09
539991,Confidence Futuristic Energetech Ltd,Active,X,5.0,INE700F01024,,CFEL,Equity,https://www.bseindia.com/stock-share-price/confidence-futuristic-energetech-ltd/cfel/539991/,CONFIDENCE FUTURISTIC ENERGETECH LIMITED,82.97
539992,Lloyds Engineering Works Ltd,Active,A,1.0,INE093R01011,,LLOYDSENGG,Equity,https://www.bseindia.com/stock-share-price/lloyds-engineering-works-ltd/lloydsengg/539992/,LLOYDS ENGINEERING WORKS LIMITED,12927.54
539997,Kwality Pharmaceuticals Ltd,Active,B,10.0,INE552U01010,,KPL,Equity,https://www.bseindia.com/stock-share-price/kwality-pharmaceuticals-ltd/kpl/539997/,Kwality Pharmaceuticals Limited,2752.23
540005,LTM Ltd,Active,A,1.0,INE214T01019,,LTM,Equity,https://www.bseindia.com/stock-share-price/ltm-ltd/ltm/540005/,LTM LIMITED,134473.28
540006,East West Freight Carriers Ltd,Active,X,2.0,INE595R01023,,EASTWEST,Equity,https://www.bseindia.com/stock-share-price/east-west-freight-carriers-ltd/eastwest/540006/,EAST WEST FREIGHT CARRIERS LTD,32.40
540008,Aditya Birla Sun Life BSE Sensex ETF,Active,A,1.0,INF209KB10E8,,BSLSENETFG,Equity,https://www.bseindia.com/stock-share-price/aditya-birla-sun-life-bse-sensex-etf/bslsenetfg/540008/,Aditya Birla Sun Life Mutual Fund,
540023,Colorchips New Media Ltd,Active,X,10.0,INE621I01042,,COLORCHIPS,Equity,https://www.bseindia.com/stock-share-price/colorchips-new-media-ltd/colorchips/540023/,COLORCHIPS NEW MEDIA LIMITED,17.64
540025,Advanced Enzyme Technologies Ltd,Active,B,2.0,INE837H01020,,ADVENZYMES,Equity,https://www.bseindia.com/stock-share-price/advanced-enzyme-technologies-ltd/advenzymes/540025/,Advanced Enzyme Technologies Limited,3701.93
540026,Ladam Affordable Housing Ltd,Active,X,5.0,INE213U01019,,LAHL,Equity,https://www.bseindia.com/stock-share-price/ladam-affordable-housing-ltd/lahl/540026/,Ladam Affortable Housing Limited,12.72
540047,Dilip Buildcon Ltd,Active,A,10.0,INE917M01012,,DBL,Equity,https://www.bseindia.com/stock-share-price/dilip-buildcon-ltd/dbl/540047/,Dilip Buildcon Limited,7374.18
540048,S.P. Apparels Ltd,Active,B,10.0,INE212I01016,,SPAL,Equity,https://www.bseindia.com/stock-share-price/sp-apparels-ltd/spal/540048/,S.P. Apparels Limited,2551.72
540061,Bigbloc Construction Ltd,Active,B,2.0,INE412U01025,,BIGBLOC,Equity,https://www.bseindia.com/stock-share-price/bigbloc-construction-ltd/bigbloc/540061/,Bigbloc Construction Limited,663.42
540062,Golden Crest Education & Services Ltd,Active,X,10.0,INE222U01010,,GOLDENCREST,Equity,https://www.bseindia.com/stock-share-price/golden-crest-education--services-ltd/goldencrest/540062/,Golden Crest Education & Services Limited,170.46
540065,RBL Bank Ltd,Active,A,10.0,INE976G01028,,RBLBANK,Equity,https://www.bseindia.com/stock-share-price/rbl-bank-ltd/rblbank/540065/,RBL Bank Limited,60238.91
540066,AMS Polymers Ltd,Active,XT,10.0,INE345U01019,,AMS,Equity,https://www.bseindia.com/stock-share-price/ams-polymers-ltd/ams/540066/,AMS POLYMERS LIMITED,23.45
540072,Shiva Granito Export Ltd,Active,MT,10.0,INE191V01015,,SHIVAEXPO,Equity,https://www.bseindia.com/stock-share-price/shiva-granito-export-ltd/shivaexpo/540072/,Shiva Granito Export Limited,16.52
540073,BLS International Services Ltd,Active,A,1.0,INE153T01027,,BLS,Equity,https://www.bseindia.com/stock-share-price/bls-international-services-ltd/bls/540073/,BLS International Services Ltd,10449.98
540078,Mitsu Chem Plast Ltd,Active,XT,10.0,INE317V01016,,MITSU,Equity,https://www.bseindia.com/stock-share-price/mitsu-chem-plast-ltd/mitsu/540078/,Mitsu Chem Plast Limited,210.70
540079,Sprayking Ltd,Active,B,1.0,INE537U01037,,SPRAYKING,Equity,https://www.bseindia.com/stock-share-price/sprayking-ltd/sprayking/540079/,Sprayking Limited,28.11
540080,Dhatre Udyog Ltd,Active,X,1.0,INE715T01031,,DHATRE,Equity,https://www.bseindia.com/stock-share-price/dhatre-udyog-ltd/dhatre/540080/,Dhatre Udyog Limited,44.67
540082,Riddhi Steel and Tube Ltd,Active,MT,10.0,INE367U01013,,RSTL,Equity,https://www.bseindia.com/stock-share-price/riddhi-steel-and-tube-ltd/rstl/540082/,Riddhi Steel and Tube Limited,244.23
540083,TV Vision Ltd,Active,T,10.0,INE871L01013,,TVVISION,Equity,https://www.bseindia.com/stock-share-price/tv-vision-ltd/tvvision/540083/,TV VISION LIMITED,17.05
540097,Gamco Ltd,Active,X,2.0,INE890S01026,,GAMCO,Equity,https://www.bseindia.com/stock-share-price/gamco-ltd/gamco/540097/,GAMCO LIMITED,269.51
540115,L&T Technology Services Ltd,Active,A,2.0,INE010V01017,,LTTS,Equity,https://www.bseindia.com/stock-share-price/lt-technology-services-ltd/ltts/540115/,L&T Technology Services Limited,37716.40
540124,G N A Axles Ltd,Active,B,10.0,INE934S01014,,GNA,Equity,https://www.bseindia.com/stock-share-price/g-n-a-axles-ltd/gna/540124/,G N A Axles Limited,2275.98
540125,Radhika Jeweltech Ltd,Active,B,2.0,INE583V01021,,RADHIKAJWE,Equity,https://www.bseindia.com/stock-share-price/radhika-jeweltech-ltd/radhikajwe/540125/,Radhika Jeweltech Limited,824.11
540132,Sabrimala Industries India Ltd,Active,XT,10.0,INE400R01018,,SIIL,Equity,https://www.bseindia.com/stock-share-price/sabrimala-industries-india-ltd/siil/540132/,Sabrimala Industries India Limited,13.22
540133,ICICI Prudential Life Insurance Company Ltd,Active,A,10.0,INE726G01019,,ICICIPRULI,Equity,https://www.bseindia.com/stock-share-price/icici-prudential-life-insurance-company-ltd/icicipruli/540133/,ICICI Prudential Life Insurance Company Limited,73904.09
540134,Ishaan Infrastructures and Shelters Ltd,Active,XT,10.0,INE818R01011,,IISL,Equity,https://www.bseindia.com/stock-share-price/ishaan-infrastructures-and-shelters-ltd/iisl/540134/,ISHAAN INFRASTRUCTURE AND SHELTERS LIMITED,7.02
540135,ARC Finance Ltd,Active,X,1.0,INE202R01026,,ARCFIN,Equity,https://www.bseindia.com/stock-share-price/arc-finance-ltd/arcfin/540135/,ARC Finance Limited,45.32
540136,HPL Electric & Power Ltd,Active,B,10.0,INE495S01016,,HPL,Equity,https://www.bseindia.com/stock-share-price/hpl-electric--power-ltd/hpl/540136/,HPL Electric & Power Limited,2217.08
540143,Sagarsoft (India) Ltd,Active,X,10.0,INE184B01012,,SAGARSOFT,Equity,https://www.bseindia.com/stock-share-price/sagarsoft-(india)-ltd/sagarsoft/540143/,Sagarsoft (India) Limited,55.66
540144,DRA Consultants Ltd,Active,M,10.0,INE746V01016,,DRA,Equity,https://www.bseindia.com/stock-share-price/dra-consultants-ltd/dra/540144/,DRA CONSULTANTS LIMITED,18.70
540145,Valiant Organics Ltd,Active,T,10.0,INE565V01010,,VALIANTORG,Equity,https://www.bseindia.com/stock-share-price/valiant-organics-ltd/valiantorg/540145/,Valiant Organics Limited,796.18
540146,Aditya Consumer Marketing Ltd,Active,M,10.0,INE427V01013,,ACML,Equity,https://www.bseindia.com/stock-share-price/aditya-consumer-marketing-ltd/acml/540146/,ADITYA CONSUMER MARKETING LIMITED,46.83
540147,Shashijit Infraprojects Ltd,Active,X,2.0,INE700V01021,,SHASHIJIT,Equity,https://www.bseindia.com/stock-share-price/shashijit-infraprojects-ltd/shashijit/540147/,Shashijit Infraprojects Limited,21.73
540148,Bindal Exports Ltd,Active,MT,10.0,INE564V01013,,BINDALEXPO,Equity,https://www.bseindia.com/stock-share-price/bindal-exports-ltd/bindalexpo/540148/,Bindal Exports Limited,12.79
540150,Mewar Hi-Tech Engineering Ltd,Active,MT,10.0,INE957U01011,,MHEL,Equity,https://www.bseindia.com/stock-share-price/mewar-hi-tech-engineering-ltd/mhel/540150/,Mewar Hi-Tech Engineering Limited,24.98
540151,Diksat Transworld Ltd,Active,MT,10.0,INE942P01013,,DIKSAT,Equity,https://www.bseindia.com/stock-share-price/diksat-transworld-ltd/diksat/540151/,Diksat Transworld Limited,219.46
540153,Endurance Technologies Ltd,Active,A,10.0,INE913H01037,,ENDURANCE,Equity,https://www.bseindia.com/stock-share-price/endurance-technologies-ltd/endurance/540153/,Endurance Technologies Limited,40456.04
540154,Bandhan S&P BSE SENSEX ETF,Active,A,10.0,INF194KA1T91,,IDFSENSEXE,Equity,https://www.bseindia.com/stock-share-price/bandhan-sp-bse-sensex-etf/idfsensexe/540154/,Bandhan Mutual Fund,
540159,Purple Agrotech Industries Ltd,Active,X,10.0,INE905R01016,,PURPLE,Equity,https://www.bseindia.com/stock-share-price/purple-agrotech-industries-ltd/purple/540159/,PURPLE AGROTECH INDUSTRIES LIMITED,4.71
540168,Supra Pacific Financial Services Ltd,Active,X,10.0,INE268T01015,,SUPRAPFSL,Equity,https://www.bseindia.com/stock-share-price/supra-pacific-financial-services-ltd/suprapfsl/540168/,Supra Pacific Financial Services Limited,166.44
540173,PNB Housing Finance Ltd,Active,A,10.0,INE572E01012,,PNBHOUSING,Equity,https://www.bseindia.com/stock-share-price/pnb-housing-finance-ltd/pnbhousing/540173/,PNB Housing Finance Limited,29889.66
540174,Southern Infoconsultants Ltd,Active,X,10.0,INE298B01010,,SOUTHERNIN,Equity,https://www.bseindia.com/stock-share-price/southern-infoconsultants-ltd/southernin/540174/,SOUTHERN INFOCONSULTANTS LIMITED,11.27
540175,Regency Fincorp Ltd,Active,XT,10.0,INE964R01013,,REGENCY,Equity,https://www.bseindia.com/stock-share-price/regency-fincorp-ltd/regency/540175/,REGENCY FINCORP LIMITED,390.51
540180,Varun Beverages Ltd,Active,A,2.0,INE200M01039,,VBL,Equity,https://www.bseindia.com/stock-share-price/varun-beverages-ltd/vbl/540180/,Varun Beverages Limited,149674.07
540181,Salem Erode Investments Ltd,Active,X,1.0,INE894E01028,,SALEM,Equity,https://www.bseindia.com/stock-share-price/salem-erode-investments-ltd/salem/540181/,Salem Erode Investments Ltd.,41.73
540190,Franklin Industries Ltd,Active,X,1.0,INE789R01022,,FRANKLININD,Equity,https://www.bseindia.com/stock-share-price/franklin-industries-ltd/franklinind/540190/,Franklin Industries Limited,26.22
540192,LKP Securities Ltd,Active,XT,2.0,INE341H01023,,LKPSEC,Equity,https://www.bseindia.com/stock-share-price/lkp-securities-ltd/lkpsec/540192/,LKP Securities Limited,138.42
540198,Osiajee Texfab Ltd,Active,X,10.0,INE186R01013,,OSIAJEE,Equity,https://www.bseindia.com/stock-share-price/osiajee-texfab-ltd/osiajee/540198/,OSIAJEE TEXFAB LIMITED,146.50
540199,Corporate Merchant Bankers Ltd,Active,X,10.0,INE850R01014,,CMBL,Equity,https://www.bseindia.com/stock-share-price/corporate-merchant-bankers-ltd/cmbl/540199/,Corporate Merchant Bankers Limited,280.69
540203,Sheela Foam Ltd,Active,A,5.0,INE916U01025,,SFL,Equity,https://www.bseindia.com/stock-share-price/sheela-foam-ltd/sfl/540203/,Sheela Foam Limited,7625.67
540204,Eiko Lifesciences Ltd,Active,X,10.0,INE666Q01016,,EIKO,Equity,https://www.bseindia.com/stock-share-price/eiko-lifesciences-ltd/eiko/540204/,EIKO LIFESCIENCES LIMITED,71.56
540205,Aditya Vision Ltd,Active,A,1.0,INE679V01027,,AVL,Equity,https://www.bseindia.com/stock-share-price/aditya-vision-ltd/avl/540205/,Aditya Vision Limited,8114.39
540210,Heads UP Ventures Ltd,Active,B,10.0,INE759V01019,,HEADSUP,Equity,https://www.bseindia.com/stock-share-price/heads-up-ventures-ltd/headsup/540210/,Heads UP Ventures Limited,15.52
540212,TCI Express Ltd,Active,B,2.0,INE586V01016,,TCIEXP,Equity,https://www.bseindia.com/stock-share-price/tci-express-ltd/tciexp/540212/,TCI Express Limited,2240.40
540221,Shashank Traders Ltd,Active,X,10.0,INE508R01018,,SHASHANK,Equity,https://www.bseindia.com/stock-share-price/shashank-traders-ltd/shashank/540221/,Shashank Traders Limited,10.53
540222,Laurus Labs Ltd,Active,A,2.0,INE947Q01028,,LAURUSLABS,Equity,https://www.bseindia.com/stock-share-price/laurus-labs-ltd/lauruslabs/540222/,Laurus Labs Limited,99189.82
540243,New Light Industries Ltd,Active,X,1.0,INE835U01027,,NEWLIGHT,Equity,https://www.bseindia.com/stock-share-price/new-light-industries-ltd/newlight/540243/,NEW LIGHT INDUSTRIES LIMITED,14.89
540252,Viram Suvarn Ltd,Active,B,2.0,INE607V01028,,VSL,Equity,https://www.bseindia.com/stock-share-price/viram-suvarn-ltd/vsl/540252/,Viram Suvarn Limited,112.33
540254,Marg Techno Projects Ltd,Active,XT,10.0,INE245H01018,,MTPL,Equity,https://www.bseindia.com/stock-share-price/marg-techno-projects-ltd/mtpl/540254/,MARG TECHNO PROJECTS LIMITED,140.81
540259,Shangar Decor Ltd,Active,X,1.0,INE118R01032,,SHANGAR,Equity,https://www.bseindia.com/stock-share-price/shangar-decor-ltd/shangar/540259/,SHANGAR DECOR LIMITED,12.24
540266,Globe Commercials Ltd,Active,X,10.0,INE804Q01013,,GLCL,Equity,https://www.bseindia.com/stock-share-price/globe-commercials-ltd/glcl/540266/,Globe Commercials Limited,12.12
540267,Flora Corporation Ltd,Active,X,10.0,INE318U01016,,FLORACORP,Equity,https://www.bseindia.com/stock-share-price/flora-corporation-ltd/floracorp/540267/,Flora Corporation Limited,6.32
540268,TruCap Finance Ltd,Active,B,2.0,INE615R01029,,TRU,Equity,https://www.bseindia.com/stock-share-price/trucap-finance-ltd/tru/540268/,TruCap Finance Limited,54.80
540269,Super Fine Knitters Ltd,Active,MT,10.0,INE459U01018,,SKL,Equity,https://www.bseindia.com/stock-share-price/super-fine-knitters-ltd/skl/540269/,SUPER FINE KNITTERS LIMITED,13.88
540270,Raideep Industries Ltd,Active,XT,10.0,INE923R01019,,RAIDEEPIND,Equity,https://www.bseindia.com/stock-share-price/raideep-industries-ltd/raideepind/540270/,Raideep Industries Limited,
540293,Pricol Ltd,Active,A,1.0,INE726V01018,,PRICOLLTD,Equity,https://www.bseindia.com/stock-share-price/pricol-ltd/pricolltd/540293/,Pricol Limited,9272.74
540311,JITF Infralogistics Ltd,Active,B,2.0,INE863T01013,,JITFINFRA,Equity,https://www.bseindia.com/stock-share-price/jitf-infralogistics-ltd/jitfinfra/540311/,JITF INFRALOGISTICS LIMITED,866.21
540318,Sueryaa Knitwear Ltd,Active,XT,10.0,INE249U01013,,SUERYAAKNI,Equity,https://www.bseindia.com/stock-share-price/sueryaa-knitwear-ltd/sueryaakni/540318/,Sueryaa Knitwear Limited,
540332,Tanvi Foods (India) Ltd,Active,M,10.0,INE978V01015,,TANVI,Equity,https://www.bseindia.com/stock-share-price/tanvi-foods-(india)-ltd/tanvi/540332/,Tanvi Foods (India) Limited,66.71
540358,RMC Switchgears Ltd,Active,B,10.0,INE655V01019,,RMC,Equity,https://www.bseindia.com/stock-share-price/rmc-switchgears-ltd/rmc/540358/,RMC SWITCHGEARS LIMITED,375.97
540359,Parmax Pharma Ltd,Active,XT,10.0,INE240T01014,,PARMAX,Equity,https://www.bseindia.com/stock-share-price/parmax-pharma-ltd/parmax/540359/,Parmax Pharma Limited,39.17
540360,Leading Leasing Finance And Investment Company Ltd,Active,T,1.0,INE715Q01029,,LLFICL,Equity,https://www.bseindia.com/stock-share-price/leading-leasing-finance-and-investment-company-ltd/llficl/540360/,LEADING LEASING FINANCE AND INVESTMENT CO. LIMITED,63.12
540361,Danube Industries Ltd,Active,XT,2.0,INE575D01041,,DANUBE,Equity,https://www.bseindia.com/stock-share-price/danube-industries-ltd/danube/540361/,DANUBE INDUSTRIES LIMITED,62.69
540366,Music Broadcast Ltd,Active,B,2.0,INE919I01024,,RADIOCITY,Equity,https://www.bseindia.com/stock-share-price/music-broadcast-ltd/radiocity/540366/,Music Broadcast Limited,237.83
540376,Avenue Supermarts Ltd,Active,A,10.0,INE192R01011,,DMART,Equity,https://www.bseindia.com/stock-share-price/avenue-supermarts-ltd/dmart/540376/,Avenue Supermarts Limited,257050.14
540377,IFL Enterprises Ltd,Active,B,1.0,INE714U01024,,IFL,Equity,https://www.bseindia.com/stock-share-price/ifl-enterprises-ltd/ifl/540377/,IFL ENTERPRISES LIMITED,46.07
540386,Ontic Finserve Ltd,Active,XT,1.0,INE989S01042,,ONTIC,Equity,https://www.bseindia.com/stock-share-price/ontic-finserve-ltd/ontic/540386/,Ontic Finserve Limited,17.10
540393,Sarthak Metals Ltd,Active,B,10.0,INE017W01010,,SMLT,Equity,https://www.bseindia.com/stock-share-price/sarthak-metals-ltd/smlt/540393/,Sarthak Metals Limited,95.24
540395,Chemcrux Enterprises Ltd,Active,B,10.0,INE298W01016,,CHEMCRUX,Equity,https://www.bseindia.com/stock-share-price/chemcrux-enterprises-ltd/chemcrux/540395/,Chemcrux Enterprises Limited,132.24
540396,Manomay Tex India Ltd,Active,B,10.0,INE784W01015,,MANOMAY,Equity,https://www.bseindia.com/stock-share-price/manomay-tex-india-ltd/manomay/540396/,Manomay Tex India Limited,391.30
540401,Maximus International Ltd,Active,X,1.0,INE544W01021,,MAXIMUS,Equity,https://www.bseindia.com/stock-share-price/maximus-international-ltd/maximus/540401/,Maximus International Limited,190.45
540402,Manas Properties Ltd,Active,MT,10.0,INE800W01019,,MANAS,Equity,https://www.bseindia.com/stock-share-price/manas-properties-ltd/manas/540402/,Manas Properties Limited,162.24
540403,CL Educate Ltd,Active,T,5.0,INE201M01029,,CLEDUCATE,Equity,https://www.bseindia.com/stock-share-price/cl-educate-ltd/cleducate/540403/,CL Educate Limited,313.14
540404,Prime Fresh Ltd,Active,B,10.0,INE442V01012,,PRIMEFRESH,Equity,https://www.bseindia.com/stock-share-price/prime-fresh-ltd/primefresh/540404/,PRIME FRESH LIMITED,260.66
540405,Oceanic Foods Ltd,Active,X,10.0,INE711V01010,,OCEANIC,Equity,https://www.bseindia.com/stock-share-price/oceanic-foods-ltd/oceanic/540405/,Oceanic Foods Limited,59.57
540416,Octaware Technologies Ltd,Active,MT,10.0,INE208U01019,,OCTAWARE,Equity,https://www.bseindia.com/stock-share-price/octaware-technologies-ltd/octaware/540416/,Octaware Technologies Limited,22.84
540425,Shankara Building Products Ltd,Active,B,10.0,INE274V01019,,SHANKARA,Equity,https://www.bseindia.com/stock-share-price/shankara-building-products-ltd/shankara/540425/,Shankara Building Products Limited,341.79
540455,Escorp Asset Management Ltd,Active,B,10.0,INE953W01016,,ESCORP,Equity,https://www.bseindia.com/stock-share-price/escorp-asset-management-ltd/escorp/540455/,Escorp Asset Management Limited,111.17
540467,Parmeshwari Silk Mills Ltd,Active,XT,10.0,INE808R01012,,PARMSILK,Equity,https://www.bseindia.com/stock-share-price/parmeshwari-silk-mills-ltd/parmsilk/540467/,PARMESHWARI SILK MILLS LIMITED,90.35
540468,KMS Medisurgi Ltd,Active,MT,10.0,INE870V01014,,KMSMEDI,Equity,https://www.bseindia.com/stock-share-price/kms-medisurgi-ltd/kmsmedi/540468/,KMS Medisurgi Limited,43.82
540481,Classic Leasing & Finance Ltd,Active,X,10.0,INE949C01016,,CLFL,Equity,https://www.bseindia.com/stock-share-price/classic-leasing--finance-ltd/clfl/540481/,Classic Leasing & Finance Ltd.,73.73
540492,Starlineps Enterprises Ltd,Active,B,1.0,INE594W01042,,STARLENT,Equity,https://www.bseindia.com/stock-share-price/starlineps-enterprises-ltd/starlent/540492/,STARLINEPS ENTERPRISES LIMITED,353.39
540497,S Chand and Company Ltd,Active,B,5.0,INE807K01035,,SCHAND,Equity,https://www.bseindia.com/stock-share-price/s-chand-and-company-ltd/schand/540497/,S Chand And Company Limited,506.69
540515,Kanungo Financiers Ltd,Active,X,10.0,INE453S01015,,KANUNGO,Equity,https://www.bseindia.com/stock-share-price/kanungo-financiers-ltd/kanungo/540515/,KANUNGO FINANCIERS LIMITED,5.74
540519,Meera Industries Ltd,Active,T,5.0,INE343X01026,,MEERA,Equity,https://www.bseindia.com/stock-share-price/meera-industries-ltd/meera/540519/,Meera Industries Limited,75.97
540530,Housing & Urban Development Corporation Ltd,Active,A,10.0,INE031A01017,,HUDCO,Equity,https://www.bseindia.com/stock-share-price/housing--urban-development-corporation-ltd/hudco/540530/,Housing &Urban Development Corporation Ltd.,40488.43
540544,PSP Projects Ltd,Active,B,10.0,INE488V01015,,PSPPROJECT,Equity,https://www.bseindia.com/stock-share-price/psp-projects-ltd/pspproject/540544/,PSP Projects Limited,3834.15
540545,Guru Krupa Gems and Jewellery Ltd,Active,X,10.0,INE986W01016,,GKL,Equity,https://www.bseindia.com/stock-share-price/guru-krupa-gems-and-jewellery-ltd/gkl/540545/,GURU KRUPA GEMS AND JEWELLERY LIMITED,38.55
540550,Yug Decor Ltd,Active,MT,10.0,INE796W01019,,YUG,Equity,https://www.bseindia.com/stock-share-price/yug-decor-ltd/yug/540550/,Yug Decor Limited,37.22
540570,Variman Global Enterprises Ltd,Active,XT,1.0,INE717F01028,,VARIMAN,Equity,https://www.bseindia.com/stock-share-price/variman-global-enterprises-ltd/variman/540570/,VARIMAN GLOBAL ENTERPRISES LIMITED,88.76
540575,Star Cement Ltd,Active,B,1.0,INE460H01021,,STARCEMENT,Equity,https://www.bseindia.com/stock-share-price/star-cement-ltd/starcement/540575/,Star Cement Limited,8214.97
540590,Riddhi Corporate Services Ltd,Active,X,10.0,INE325X01015,,RIDDHICORP,Equity,https://www.bseindia.com/stock-share-price/riddhi-corporate-services-ltd/riddhicorp/540590/,Riddhi Corporate Services Limited,70.62
540595,Tejas Networks Ltd,Active,A,10.0,INE010J01012,,TEJASNET,Equity,https://www.bseindia.com/stock-share-price/tejas-networks-ltd/tejasnet/540595/,Tejas Networks Limited,9295.58
540596,Eris Lifesciences Ltd,Active,A,1.0,INE406M01024,,ERIS,Equity,https://www.bseindia.com/stock-share-price/eris-lifesciences-ltd/eris/540596/,Eris Lifesciences Limited,19254.79
540597,Containerway International Ltd,Active,X,5.0,INE319U01022,,CONTAINER,Equity,https://www.bseindia.com/stock-share-price/containerway-international-ltd/container/540597/,Containerway International Limited,20.52
540602,GTPL Hathway Ltd,Active,B,10.0,INE869I01013,,GTPL,Equity,https://www.bseindia.com/stock-share-price/gtpl-hathway-ltd/gtpl/540602/,GTPL Hathway Limited,671.40
540611,AU Small Finance Bank Ltd,Active,A,10.0,INE949L01017,,AUBANK,Equity,https://www.bseindia.com/stock-share-price/au-small-finance-bank-ltd/aubank/540611/,AU Small Finance Bank Limited,81975.06
540612,ICICI Prudential Nifty 100 Low Volatility 30 ETF,Active,B,1.0,INF109KC19U5,,LOWVOLIETF,Equity,https://www.bseindia.com/stock-share-price/icici-prudential-nifty-100-low-volatility-30-etf/lowvolietf/540612/,ICICI Prudential Mutual Fund,
540613,Gautam Exim Ltd,Active,M,5.0,INE721X01023,,GEL,Equity,https://www.bseindia.com/stock-share-price/gautam-exim-ltd/gel/540613/,Gautam Exim Limited,67.41
540615,7NR Retail Ltd,Active,XT,10.0,INE413X01035,,7NR,Equity,https://www.bseindia.com/stock-share-price/7nr-retail-ltd/7nr/540615/,7NR Retail Limited,35.06
540642,Salasar Techno Engineering Ltd,Active,B,1.0,INE170V01027,,SALASAR,Equity,https://www.bseindia.com/stock-share-price/salasar-techno-engineering-ltd/salasar/540642/,Salasar Techno Engineering Limited,1031.29
540647,Ganges Securities Ltd,Active,B,10.0,INE335W01016,,GANGESSECU,Equity,https://www.bseindia.com/stock-share-price/ganges-securities-ltd/gangessecu/540647/,Ganges Securities Ltd.,121.04
540648,Palash Securities Ltd,Active,B,10.0,INE471W01019,,PALASHSECU,Equity,https://www.bseindia.com/stock-share-price/palash-securities-ltd/palashsecu/540648/,Palash Securities Limited,86.92
540649,Avadh Sugar & Energy Ltd,Active,B,10.0,INE349W01017,,AVADHSUGAR,Equity,https://www.bseindia.com/stock-share-price/avadh-sugar--energy-ltd/avadhsugar/540649/,AVADH SUGAR & ENERGY LIMITED,1209.11
540650,Magadh Sugar & Energy Ltd,Active,B,10.0,INE347W01011,,MAGADSUGAR,Equity,https://www.bseindia.com/stock-share-price/magadh-sugar--energy-ltd/magadsugar/540650/,Magadh Sugar & Energy Limited,730.93
540651,Jigar Cables Ltd,Active,M,10.0,INE943X01015,,JIGAR,Equity,https://www.bseindia.com/stock-share-price/jigar-cables-ltd/jigar/540651/,Jigar Cables Limited,56.51
540652,Captain Technocast Ltd,Active,M,10.0,INE931X01010,,CTCL,Equity,https://www.bseindia.com/stock-share-price/captain-technocast-ltd/ctcl/540652/,Captain Technocast Limited,631.59
540654,Globalspace Technologies Ltd,Active,XT,10.0,INE632W01016,,GSTL,Equity,https://www.bseindia.com/stock-share-price/globalspace-technologies-ltd/gstl/540654/,GlobalSpace Technologies Limited,98.54
540669,UTI Nifty Next 50 ETF,Active,B,1.0,INF789F1AUW9,,NEXT50BETA,Equity,https://www.bseindia.com/stock-share-price/uti-nifty-next-50-etf/next50beta/540669/,UTI Mutual Fund,
540673,SIS Ltd,Active,B,5.0,INE285J01028,,SIS,Equity,https://www.bseindia.com/stock-share-price/sis-ltd/sis/540673/,SIS LIMITED,6154.35
540678,Cochin Shipyard Ltd,Active,A,5.0,INE704P01025,,COCHINSHIP,Equity,https://www.bseindia.com/stock-share-price/cochin-shipyard-ltd/cochinship/540678/,Cochin Shipyard Limited,39146.42
540679,Haleos Labs Ltd,Active,B,10.0,INE320X01016,,HALEOSLABS,Equity,https://www.bseindia.com/stock-share-price/haleos-labs-ltd/haleoslabs/540679/,HALEOS LABS LIMITED,435.08
540680,KIOCL Ltd,Active,B,10.0,INE880L01014,,KIOCL,Equity,https://www.bseindia.com/stock-share-price/kiocl-ltd/kiocl/540680/,KIOCL Limited,23984.90
540681,Chothani Foods Ltd,Active,M,10.0,INE344X01016,,CHOTHANI,Equity,https://www.bseindia.com/stock-share-price/chothani-foods-ltd/chothani/540681/,CHOTHANI FOODS LIMITED,8.90
540686,Smruthi Organics Ltd,Active,X,10.0,INE172E01011,,SMRUTHIORG,Equity,https://www.bseindia.com/stock-share-price/smruthi-organics-ltd/smruthiorg/540686/,Smruthi Organics Limited,133.46
540691,Aditya Birla Capital Ltd,Active,A,10.0,INE674K01013,,ABCAPITAL,Equity,https://www.bseindia.com/stock-share-price/aditya-birla-capital-ltd/abcapital/540691/,Aditya Birla Capital Ltd,116286.84
540692,Apex Frozen Foods Ltd,Active,B,10.0,INE346W01013,,APEX,Equity,https://www.bseindia.com/stock-share-price/apex-frozen-foods-ltd/apex/540692/,Apex Frozen Foods Limited,1170.31
540693,Shish Industries Ltd,Active,X,1.0,INE145Y01023,,SHISHIND,Equity,https://www.bseindia.com/stock-share-price/shish-industries-ltd/shishind/540693/,Shish Industries Limited,437.14
540694,ANG Lifesciences India Ltd,Active,T,10.0,INE236W01016,,ANG,Equity,https://www.bseindia.com/stock-share-price/ang-lifesciences-india-ltd/ang/540694/,ANG Lifesciences India Limited,42.01
540696,KCD Industries India Ltd,Active,X,1.0,INE185U01035,,KCDGROUP,Equity,https://www.bseindia.com/stock-share-price/kcd-industries-india-ltd/kcdgroup/540696/,KCD INDUSTRIES INDIA LIMITED,8.65
540699,Dixon Technologies (India) Ltd,Active,A,2.0,INE935N01020,,DIXON,Equity,https://www.bseindia.com/stock-share-price/dixon-technologies-(india)-ltd/dixon/540699/,Dixon Technologies (India) Limited,86821.83
540700,Bharat Road Network Ltd,Active,B,10.0,INE727S01012,,BRNL,Equity,https://www.bseindia.com/stock-share-price/bharat-road-network-ltd/brnl/540700/,Bharat Road Network Limited,148.59
540701,Dishman Carbogen Amcis Ltd,Active,B,2.0,INE385W01011,,DCAL,Equity,https://www.bseindia.com/stock-share-price/dishman-carbogen-amcis-ltd/dcal/540701/,Dishman Carbogen Amcis Limited,3050.22
540702,Lasa Supergenerics Ltd,Active,B,10.0,INE670X01014,,LASA,Equity,https://www.bseindia.com/stock-share-price/lasa-supergenerics-ltd/lasa/540702/,Lasa Supergenerics Limited,39.33
540703,Pro Clb Global Ltd,Active,X,10.0,INE438C01010,,PROCLB,Equity,https://www.bseindia.com/stock-share-price/pro-clb-global-ltd/proclb/540703/,PRO CLB GLOBAL LIMITED,15.81
540704,Matrimony.com Ltd,Active,B,5.0,INE866R01028,,MATRIMONY,Equity,https://www.bseindia.com/stock-share-price/matrimonycom-ltd/matrimony/540704/,Matrimony.com Limited,929.89
540709,Reliance Home Finance Ltd,Active,Z,10.0,INE217K01011,,RHFL,Equity,https://www.bseindia.com/stock-share-price/reliance-home-finance-ltd/rhfl/540709/,Reliance Home Finance Limited,93.52
540710,Capacite Infraprojects Ltd,Active,B,10.0,INE264T01014,,CAPACITE,Equity,https://www.bseindia.com/stock-share-price/capacite-infraprojects-ltd/capacite/540710/,Capacite Infraprojects Limited,1907.82
540716,ICICI Lombard General Insurance Company Ltd,Active,A,10.0,INE765G01017,,ICICIGI,Equity,https://www.bseindia.com/stock-share-price/icici-lombard-general-insurance-company-ltd/icicigi/540716/,ICICI Lombard General Insurance Company Limited,82429.16
540717,Polo Queen Industrial and Fintech Ltd,Active,X,2.0,INE689M01025,,PQIF,Equity,https://www.bseindia.com/stock-share-price/polo-queen-industrial-and-fintech-ltd/pqif/540717/,Polo Queen Industrial and Fintech Limited,358.92
540718,Aayush Art And Bullion Ltd,Active,M,10.0,INE777X01017,,AAYUSHBULL,Equity,https://www.bseindia.com/stock-share-price/aayush-art-and-bullion-ltd/aayushbull/540718/,AAYUSH ART AND BULLION LIMITED,1880.95
540719,SBI Life Insurance Company Ltd,Active,A,10.0,INE123W01016,,SBILIFE,Equity,https://www.bseindia.com/stock-share-price/sbi-life-insurance-company-ltd/sbilife/540719/,SBI Life Insurance Company Limited,187459.33
540724,Prataap Snacks Ltd,Active,B,5.0,INE393P01035,,DIAMONDYD,Equity,https://www.bseindia.com/stock-share-price/prataap-snacks-ltd/diamondyd/540724/,Prataap Snacks Limited,2793.35
540725,Share India Securities Ltd,Active,B,2.0,INE932X01026,,SHAREINDIA,Equity,https://www.bseindia.com/stock-share-price/share-india-securities-ltd/shareindia/540725/,Share India Securities Limited,3798.81
540726,Trident Texofab Ltd,Active,X,10.0,INE071Y01013,,TTFL,Equity,https://www.bseindia.com/stock-share-price/trident-texofab-ltd/ttfl/540726/,Trident Texofab Limited,35.11
540727,Poojawestern Metaliks Ltd,Active,B,10.0,INE973X01012,,POOJA,Equity,https://www.bseindia.com/stock-share-price/poojawestern-metaliks-ltd/pooja/540727/,Poojawestern Metaliks Limited,17.74
540728,Sayaji Industries Ltd,Active,X,5.0,INE327G01032,,SAYAJIIND,Equity,https://www.bseindia.com/stock-share-price/sayaji-industries-ltd/sayajiind/540728/,Sayaji Industries Limited,253.94
540729,Vanta Bioscience Ltd,Active,MT,10.0,INE695X01011,,VANTABIO,Equity,https://www.bseindia.com/stock-share-price/vanta-bioscience-ltd/vantabio/540729/,Vanta Bioscience Limited,16.24
540730,Mehai Technology Ltd,Active,X,1.0,INE062Y01020,,MEHAI,Equity,https://www.bseindia.com/stock-share-price/mehai-technology-ltd/mehai/540730/,Mehai Technology  Limited,85.34
540735,IRIS RegTech Solutions Ltd,Active,B,10.0,INE864K01010,,IRIS,Equity,https://www.bseindia.com/stock-share-price/iris-regtech-solutions-ltd/iris/540735/,IRIS RegTech Solutions Limited,540.53
540737,Shree Ganesh Remedies Ltd,Active,X,10.0,INE414Y01015,,SGRL,Equity,https://www.bseindia.com/stock-share-price/shree-ganesh-remedies-ltd/sgrl/540737/,Shree Ganesh Remedies Limited,837.93
540738,Shreeji Translogistics Ltd,Active,B,2.0,INE402Y01028,,STL,Equity,https://www.bseindia.com/stock-share-price/shreeji-translogistics-ltd/stl/540738/,Shreeji Translogistics Limited,59.26
540743,Godrej Agrovet Ltd,Active,A,10.0,INE850D01014,,GODREJAGRO,Equity,https://www.bseindia.com/stock-share-price/godrej-agrovet-ltd/godrejagro/540743/,Godrej Agrovet Limited,10492.27
540749,MAS Financial Services Ltd,Active,B,10.0,INE348L01012,,MASFIN,Equity,https://www.bseindia.com/stock-share-price/mas-financial-services-ltd/masfin/540749/,MAS Financial Services Limited,5635.03
540750,Indian Energy Exchange Ltd,Active,A,1.0,INE022Q01020,,IEX,Equity,https://www.bseindia.com/stock-share-price/indian-energy-exchange-ltd/iex/540750/,Indian Energy Exchange Limited,11502.97
540755,General Insurance Corporation of India,Active,A,5.0,INE481Y01014,,GICRE,Equity,https://www.bseindia.com/stock-share-price/general-insurance-corporation-of-india/gicre/540755/,General Insurance Corporation of India,62982.96
540756,Kaarya Facilities and Services Ltd,Active,M,10.0,INE282Y01016,,KAARYAFSL,Equity,https://www.bseindia.com/stock-share-price/kaarya-facilities-and-services-ltd/kaaryafsl/540756/,Kaarya Facilities and Services Limited,12.66
540757,Sheetal Cool Products Ltd,Active,B,10.0,INE501Y01019,,SCPL,Equity,https://www.bseindia.com/stock-share-price/sheetal-cool-products-ltd/scpl/540757/,SHEETAL COOL PRODUCTS LIMITED,688.22
540762,Tube Investments of India Ltd,Active,A,1.0,INE974X01010,,TIINDIA,Equity,https://www.bseindia.com/stock-share-price/tube-investments-of-india-ltd/tiindia/540762/,Tube Investments of India Ltd,53503.39
540767,Nippon Life India Asset Management Ltd,Active,A,10.0,INE298J01013,,NAM-INDIA,Equity,https://www.bseindia.com/stock-share-price/nippon-life-india-asset-management-ltd/nam-india/540767/,NIPPON LIFE INDIA ASSET MANAGEMENT LIMITED,77610.52
540768,Mahindra Logistics Ltd,Active,B,10.0,INE766P01016,,MAHLOG,Equity,https://www.bseindia.com/stock-share-price/mahindra-logistics-ltd/mahlog/540768/,Mahindra Logistics Limited,4112.28
540769,The New India Assurance Company Ltd,Active,A,5.0,INE470Y01017,,NIACL,Equity,https://www.bseindia.com/stock-share-price/the-new-india-assurance-company-ltd/niacl/540769/,The New India Assurance Company Limited,29499.20
540774,IFGL Refractories Ltd,Active,B,10.0,INE133Y01011,,IFGLEXPOR,Equity,https://www.bseindia.com/stock-share-price/ifgl-refractories-ltd/ifglexpor/540774/,IFGL Refractories Limited,1636.55
540775,Khadim India Ltd,Active,T,10.0,INE834I01025,,KHADIM,Equity,https://www.bseindia.com/stock-share-price/khadim-india-ltd/khadim/540775/,Khadim India Limited,177.57
540776,5paisa Capital Ltd,Active,B,10.0,INE618L01018,,5PAISA,Equity,https://www.bseindia.com/stock-share-price/5paisa-capital-ltd/5paisa/540776/,5paisa Capital Limited,1716.13
540777,HDFC Life Insurance Company Ltd,Active,A,10.0,INE795G01014,,HDFCLIFE,Equity,https://www.bseindia.com/stock-share-price/hdfc-life-insurance-company-ltd/hdfclife/540777/,HDFC LIFE INSURANCE COMPANY LIMITED,117932.80
540782,Sanghvi Brands Ltd,Active,MT,10.0,INE204Y01010,,SBRANDS,Equity,https://www.bseindia.com/stock-share-price/sanghvi-brands-ltd/sbrands/540782/,Sanghvi Brands Limited,12.50
540786,Sharika Enterprises Ltd,Active,T,5.0,INE669Y01022,,SHARIKA,Equity,https://www.bseindia.com/stock-share-price/sharika-enterprises-ltd/sharika/540786/,SHARIKA ENTERPRISES LIMITED,78.11
540787,BHARAT 22 ETF - ICICI Prudential AMC,Active,A,10.0,INF109KB15Y7,,ICICIB22,Equity,https://www.bseindia.com/stock-share-price/bharat-22-etf---icici-prudential-amc/icicib22/540787/,ICICI Prudential Mutual Fund,
540788,Aspira Pathlab & Diagnostics Ltd,Active,XT,10.0,INE500C01017,,ASPIRA,Equity,https://www.bseindia.com/stock-share-price/aspira-pathlab--diagnostics-ltd/aspira/540788/,Aspira Pathlab & Diagnostics Limited,112.25
540789,Diligent Media Corporation Ltd,Active,B,1.0,INE016M01021,,DNAMEDIA,Equity,https://www.bseindia.com/stock-share-price/diligent-media-corporation-ltd/dnamedia/540789/,Diligent Media Corporation Limited,32.96
540795,Dynamic Cables Ltd,Active,B,10.0,INE600Y01019,,DYCL,Equity,https://www.bseindia.com/stock-share-price/dynamic-cables-ltd/dycl/540795/,Dynamic Cables Limited,1949.01
540796,Ratnabhumi Developers Ltd,Active,B,10.0,INE821Y01011,,RATNABHUMI,Equity,https://www.bseindia.com/stock-share-price/ratnabhumi-developers-ltd/ratnabhumi/540796/,Ratnabhumi Developers Limited,238.38
540797,Shalby Ltd,Active,B,10.0,INE597J01018,,SHALBY,Equity,https://www.bseindia.com/stock-share-price/shalby-ltd/shalby/540797/,Shalby Limited,1747.60
540809,MRC Agrotech Ltd,Active,B,10.0,INE333Y01017,,MRCAGRO,Equity,https://www.bseindia.com/stock-share-price/mrc-agrotech-ltd/mrcagro/540809/,MRC AGROTECH LIMITED,108.67
540811,Diggi Multitrade Ltd,Active,MT,10.0,INE158R01012,,DML,Equity,https://www.bseindia.com/stock-share-price/diggi-multitrade-ltd/dml/540811/,Diggi Multitrade Limited,12.57
540821,Crystal Business System Ltd,Active,XT,1.0,INE994R01028,,CRYSTAL,Equity,https://www.bseindia.com/stock-share-price/crystal-business-system-ltd/crystal/540821/,CRYSTAL BUSINESS SYSTEM LIMITED,19.75
540824,Astron Paper & Board Mill Ltd,Active,T,10.0,INE646X01014,,ASTRON,Equity,https://www.bseindia.com/stock-share-price/astron-paper--board-mill-ltd/astron/540824/,Astron Paper & Board Mill Limited,17.62
540829,Chandrima Mercantiles Ltd,Active,X,1.0,INE371F01024,,CHANDRIMA,Equity,https://www.bseindia.com/stock-share-price/chandrima-mercantiles-ltd/chandrima/540829/,Chandrima Mercantiles limited,253.54
540843,Rithwik Facility Management Services Ltd,Active,MT,10.0,INE819Y01015,,RITHWIKFMS,Equity,https://www.bseindia.com/stock-share-price/rithwik-facility-management-services-ltd/rithwikfms/540843/,Rithwik Facility Management Services Limited,47.74
540850,Jhandewalas Foods Ltd,Active,M,10.0,INE841Y01019,,JFL,Equity,https://www.bseindia.com/stock-share-price/jhandewalas-foods-ltd/jfl/540850/,Jhandewalas Foods Limited,32.02
540874,7Seas Entertainment Ltd,Active,X,10.0,INE454F01010,,7SEASL,Equity,https://www.bseindia.com/stock-share-price/7seas-entertainment-ltd/7seasl/540874/,7SEAS ENTERTAINMENT LIMITED,177.99
540879,Apollo Micro Systems Ltd,Active,A,1.0,INE713T01028,,APOLLO,Equity,https://www.bseindia.com/stock-share-price/apollo-micro-systems-ltd/apollo/540879/,Apollo Micro Systems Limited,14988.47
540900,Newgen Software Technologies Ltd,Active,A,10.0,INE619B01017,,NEWGEN,Equity,https://www.bseindia.com/stock-share-price/newgen-software-technologies-ltd/newgen/540900/,Newgen Software Technologies Limited,7727.60
540901,Praxis Home Retail Ltd,Active,B,5.0,INE546Y01022,,PRAXIS,Equity,https://www.bseindia.com/stock-share-price/praxis-home-retail-ltd/praxis/540901/,Praxis Home Retail Limited,133.97
540902,Amber Enterprises India Ltd,Active,A,10.0,INE371P01015,,AMBER,Equity,https://www.bseindia.com/stock-share-price/amber-enterprises-india-ltd/amber/540902/,Amber Enterprises India Limited,26256.32
540904,Tirupati Foam Ltd,Active,X,10.0,INE115G01015,,TIRUFOAM,Equity,https://www.bseindia.com/stock-share-price/tirupati-foam-ltd/tirufoam/540904/,TIRUPATI FOAM LIMITED,38.34
540914,SRU Steels Ltd,Active,XT,10.0,INE425C01017,,SRUSTEELS,Equity,https://www.bseindia.com/stock-share-price/sru-steels-ltd/srusteels/540914/,SRU Steels Limited,9.29
540923,Ashoka Metcast Ltd,Active,B,10.0,INE760Y01011,,ASHOKAMET,Equity,https://www.bseindia.com/stock-share-price/ashoka-metcast-ltd/ashokamet/540923/,Ashoka Metcast Limited,35.12
540935,Galaxy Surfactants Ltd,Active,B,10.0,INE600K01018,,GALAXYSURF,Equity,https://www.bseindia.com/stock-share-price/galaxy-surfactants-ltd/galaxysurf/540935/,Galaxy Surfactants Limited,7025.18
540936,Gautam Gems Ltd,Active,X,10.0,INE063Z01017,,GGL,Equity,https://www.bseindia.com/stock-share-price/gautam-gems-ltd/ggl/540936/,Gautam Gems Limited,12.34
540937,Medico Remedies Ltd,Active,B,2.0,INE630Y01024,,MEDICO,Equity,https://www.bseindia.com/stock-share-price/medico-remedies-ltd/medico/540937/,MEDICO REMEDIES LIMITED,394.01
540938,Gujarat Hy-Spin Ltd,Active,MT,10.0,INE578V01013,,GUJHYSPIN,Equity,https://www.bseindia.com/stock-share-price/gujarat-hy-spin-ltd/gujhyspin/540938/,Gujarat Hy-Spin Limited,16.25
540952,Lorenzini Apparels Ltd,Active,B,1.0,INE740X01023,,LAL,Equity,https://www.bseindia.com/stock-share-price/lorenzini-apparels-ltd/lal/540952/,LORENZINI APPARELS LIMITED,152.35
540953,Kenvi Jewels Ltd,Active,B,1.0,INE923Y01023,,KENVI,Equity,https://www.bseindia.com/stock-share-price/kenvi-jewels-ltd/kenvi/540953/,Kenvi Jewels Limited,25.40
540954,The Indian Wood Products Company Ltd,Active,B,2.0,INE586E01020,,IWP,Equity,https://www.bseindia.com/stock-share-price/the-indian-wood-products-company-ltd/iwp/540954/,The Indian Wood Products Co. Ltd.,217.51
540955,Tasty Dairy Specialities Ltd,Active,Z,10.0,INE773Y01014,,TDSL,Equity,https://www.bseindia.com/stock-share-price/tasty-dairy-specialities-ltd/tdsl/540955/,Tasty Dairy Specialities Limited,7.58
540956,Bhatia Communications & Retail (India) Ltd,Active,X,1.0,INE341Z01025,,BHATIA,Equity,https://www.bseindia.com/stock-share-price/bhatia-communications--retail-(india)-ltd/bhatia/540956/,Bhatia Communications & Retail (India) Limited,322.37
540961,Shiva Mills Ltd,Active,T,10.0,INE644Y01017,,SHIVAMILLS,Equity,https://www.bseindia.com/stock-share-price/shiva-mills-ltd/shivamills/540961/,Shiva Mills Limited,53.58
540975,Aster DM Quality Care Ltd,Active,A,10.0,INE914M01019,,ASTERDM,Equity,https://www.bseindia.com/stock-share-price/aster-dm-quality-care-ltd/asterdm/540975/,ASTER DM QUALITY CARE LIMITED,43750.14
540980,The Yamuna Syndicate Ltd,Active,X,100.0,INE868X01014,,YSL,Equity,https://www.bseindia.com/stock-share-price/the-yamuna-syndicate-ltd/ysl/540980/,The Yamuna Syndicate Ltd,836.03
541005,Kanco Tea & Industries Ltd,Active,X,10.0,INE398L01017,,KANCOTEA,Equity,https://www.bseindia.com/stock-share-price/kanco-tea--industries-ltd/kancotea/541005/,KANCO TEA & INDUSTRIES LIMITED,24.28
541006,Angel Fibers Ltd,Active,M,10.0,INE339Z01011,,ANGEL,Equity,https://www.bseindia.com/stock-share-price/angel-fibers-ltd/angel/541006/,Angel Fibers Limited,22.18
541019,H.G. Infra Engineering Ltd,Active,B,10.0,INE926X01010,,HGINFRA,Equity,https://www.bseindia.com/stock-share-price/hg-infra-engineering-ltd/hginfra/541019/,H.G. Infra Engineering Limited,3601.03
541083,Inflame Appliances Ltd,Active,M,10.0,INE464Z01017,,INFLAME,Equity,https://www.bseindia.com/stock-share-price/inflame-appliances-ltd/inflame/541083/,Inflame Appliances Limited,166.04
541096,Bharat Parenterals Ltd,Active,X,10.0,INE365Y01019,,BPLPHARMA,Equity,https://www.bseindia.com/stock-share-price/bharat-parenterals-ltd/bplpharma/541096/,Bharat Parenterals Limited,978.21
541112,Shreeshay Engineers Ltd,Active,M,10.0,INE452Z01012,,SHREESHAY,Equity,https://www.bseindia.com/stock-share-price/shreeshay-engineers-ltd/shreeshay/541112/,Shreeshay Engineers Limited,29.05
541133,Apex Capital And Finance Ltd,Active,XT,10.0,INE758W01019,,ACFL,Equity,https://www.bseindia.com/stock-share-price/apex-capital-and-finance-ltd/acfl/541133/,APEX CAPITAL AND FINANCE LIMITED,61.65
541143,Bharat Dynamics Ltd,Active,A,5.0,INE171Z01026,,BDL,Equity,https://www.bseindia.com/stock-share-price/bharat-dynamics-ltd/bdl/541143/,Bharat Dynamics Limited,47543.16
541144,Active Clothing Co Ltd,Active,B,10.0,INE380Z01015,,ACTIVE,Equity,https://www.bseindia.com/stock-share-price/active-clothing-co-ltd/active/541144/,Active Clothing Co  Limited,176.99
541152,Goyal Aluminiums Ltd,Active,B,1.0,INE705X01026,,GOYALALUM,Equity,https://www.bseindia.com/stock-share-price/goyal-aluminiums-ltd/goyalalum/541152/,GOYAL ALUMINIUMS LIMITED,92.92
541153,Bandhan Bank Ltd,Active,A,10.0,INE545U01014,,BANDHANBNK,Equity,https://www.bseindia.com/stock-share-price/bandhan-bank-ltd/bandhanbnk/541153/,Bandhan Bank Limited,28274.83
541154,Hindustan Aeronautics Ltd,Active,A,5.0,INE066F01020,,HAL,Equity,https://www.bseindia.com/stock-share-price/hindustan-aeronautics-ltd/hal/541154/,Hindustan Aeronautics Limited,329304.81
541161,Dharan Infra-EPC Ltd,Active,Z,1.0,INE278R01034,,DHARAN,Equity,https://www.bseindia.com/stock-share-price/dharan-infra-epc-ltd/dharan/541161/,DHARAN INFRA-EPC LIMITED,99.11
541163,Sandhar Technologies Ltd,Active,B,10.0,INE278H01035,,SANDHAR,Equity,https://www.bseindia.com/stock-share-price/sandhar-technologies-ltd/sandhar/541163/,Sandhar Technologies Limited,3951.82
541167,Yasho Industries Ltd,Active,B,10.0,INE616Z01012,,YASHO,Equity,https://www.bseindia.com/stock-share-price/yasho-industries-ltd/yasho/541167/,YASHO INDUSTRIES LIMITED,5037.76
541178,Benara Bearings and Pistons Ltd,Active,MT,10.0,INE495Z01011,,BENARA,Equity,https://www.bseindia.com/stock-share-price/benara-bearings-and-pistons-ltd/benara/541178/,Benara Bearings and Pistons Limited,18.50
541195,Mishra Dhatu Nigam Ltd,Active,A,10.0,INE099Z01011,,MIDHANI,Equity,https://www.bseindia.com/stock-share-price/mishra-dhatu-nigam-ltd/midhani/541195/,Mishra Dhatu Nigam Limited,8148.35
541196,Lex Nimble Solutions Ltd,Active,MT,10.0,INE860Y01019,,LEX,Equity,https://www.bseindia.com/stock-share-price/lex-nimble-solutions-ltd/lex/541196/,Lex Nimble Solutions Limited,35.62
541206,OBCL Ltd,Active,B,10.0,INE426Z01016,,OBCL,Equity,https://www.bseindia.com/stock-share-price/obcl-ltd/obcl/541206/,OBCL Limited,115.96
541228,Taylormade Renewables Ltd,Active,B,10.0,INE459Z01017,,TRL,Equity,https://www.bseindia.com/stock-share-price/taylormade-renewables-ltd/trl/541228/,Taylormade Renewables Limited,86.54
541233,Lemon Tree Hotels Ltd,Active,A,10.0,INE970X01018,,LEMONTREE,Equity,https://www.bseindia.com/stock-share-price/lemon-tree-hotels-ltd/lemontree/541233/,Lemon Tree Hotels Limited,8932.58
541269,Chemfab Alkalis Ltd,Active,T,10.0,INE783X01023,,CHEMFAB,Equity,https://www.bseindia.com/stock-share-price/chemfab-alkalis-ltd/chemfab/541269/,Chemfab Alkalis Ltd,529.53
541276,Hardwyn India Ltd,Active,B,1.0,INE626Z01029,,HARDWYN,Equity,https://www.bseindia.com/stock-share-price/hardwyn-india-ltd/hardwyn/541276/,HARDWYN INDIA LIMITED,771.32
541299,Dr Lalchandani Labs Ltd,Active,M,10.0,INE871Z01013,,DLCL,Equity,https://www.bseindia.com/stock-share-price/dr-lalchandani-labs-ltd/dlcl/541299/,DR LALCHANDANI LABS LIMITED,6.51
541301,Orient Electric Ltd,Active,B,1.0,INE142Z01019,,ORIENTELEC,Equity,https://www.bseindia.com/stock-share-price/orient-electric-ltd/orientelec/541301/,Orient Electric Limited,3811.78
541302,Dhruv Consultancy Services Ltd,Active,T,10.0,INE506Z01015,,DHRUV,Equity,https://www.bseindia.com/stock-share-price/dhruv-consultancy-services-ltd/dhruv/541302/,Dhruv Consultancy Services Limited,46.85
541303,Akshar Spintex Ltd,Active,B,1.0,INE256Z01025,,AKSHAR,Equity,https://www.bseindia.com/stock-share-price/akshar-spintex-ltd/akshar/541303/,Akshar Spintex Limited,34.65
541304,Indo Us Bio-Tech Ltd,Active,B,10.0,INE250Z01010,,INDOUS,Equity,https://www.bseindia.com/stock-share-price/indo-us-bio-tech-ltd/indous/541304/,Indo US Bio-Tech Limited,163.30
541313,ICICI Prudential BSE 500 ETF,Active,A,1.0,INF109KC1V59,,BSE500IETF,Equity,https://www.bseindia.com/stock-share-price/icici-prudential-bse-500-etf/bse500ietf/541313/,ICICI Prudential Mutual Fund,
541336,Indostar Capital Finance Ltd,Active,B,10.0,INE896L01010,,INDOSTAR,Equity,https://www.bseindia.com/stock-share-price/indostar-capital-finance-ltd/indostar/541336/,IndoStar Capital Finance Limited,3764.29
541337,Milestone Furniture Ltd,Active,MT,10.0,INE424Z01011,,MILEFUR,Equity,https://www.bseindia.com/stock-share-price/milestone-furniture-ltd/milefur/541337/,Milestone Furniture Limited,23.83
541338,U. H. Zaveri Ltd,Active,B,10.0,INE556Z01010,,UHZAVERI,Equity,https://www.bseindia.com/stock-share-price/u-h-zaveri-ltd/uhzaveri/541338/,U. H. ZAVERI LIMITED,29.21
541347,Parvati Sweetners and Power Ltd,Active,X,5.0,INE295Z01015,,PARVATI,Equity,https://www.bseindia.com/stock-share-price/parvati-sweetners-and-power-ltd/parvati/541347/,Parvati Sweetners and Power Ltd.,90.08
541352,Megastar Foods Ltd,Active,B,10.0,INE00EM01016,,MEGASTAR,Equity,https://www.bseindia.com/stock-share-price/megastar-foods-ltd/megastar/541352/,Megastar Foods Limited,371.62
541353,Innovators Facade Systems Ltd,Active,M,10.0,INE870Z01015,,INNOVATORS,Equity,https://www.bseindia.com/stock-share-price/innovators-facade-systems-ltd/innovators/541353/,Innovators Facade Systems Limited,229.81
541358,Unifinz Capital India Ltd,Active,XT,10.0,INE926R01012,,UCIL,Equity,https://www.bseindia.com/stock-share-price/unifinz-capital-india-ltd/ucil/541358/,UNIFINZ CAPITAL INDIA LIMITED,487.39
541400,Zim Laboratories Ltd,Active,T,10.0,INE518E01015,,ZIMLAB,Equity,https://www.bseindia.com/stock-share-price/zim-laboratories-ltd/zimlab/541400/,ZIM Laboratories Limited,615.73
541402,Affordable Robotic & Automation Ltd,Active,T,10.0,INE692Z01013,,AFFORDABLE,Equity,https://www.bseindia.com/stock-share-price/affordable-robotic--automation-ltd/affordable/541402/,Affordable Robotic & Automation Limited,225.88
541403,Dollar Industries Ltd,Active,B,2.0,INE325C01035,,DOLLAR,Equity,https://www.bseindia.com/stock-share-price/dollar-industries-ltd/dollar/541403/,Dollar Industries Limited,1600.53
541418,Nakoda Group of Industries Ltd,Active,T,10.0,INE236Y01012,,NGIL,Equity,https://www.bseindia.com/stock-share-price/nakoda-group-of-industries-ltd/ngil/541418/,NAKODA GROUP OF INDUSTRIES LIMITED,67.63
541444,Palm Jewels Ltd,Active,X,10.0,INE838Z01012,,PALMJEWELS,Equity,https://www.bseindia.com/stock-share-price/palm-jewels-ltd/palmjewels/541444/,Palm Jewels Limited,15.55
541445,Waa Solar Ltd,Active,M,10.0,INE799N01012,,WAA,Equity,https://www.bseindia.com/stock-share-price/waa-solar-ltd/waa/541445/,Waa Solar Limited,61.03
541450,Adani Green Energy Ltd,Active,A,10.0,INE364U01010,,ADANIGREEN,Equity,https://www.bseindia.com/stock-share-price/adani-green-energy-ltd/adanigreen/541450/,Adani Green Energy Limited,226239.64
541503,Unick Fix-A-Form And Printers Ltd,Active,X,10.0,INE250G01010,,UNICK,Equity,https://www.bseindia.com/stock-share-price/unick-fix-a-form-and-printers-ltd/unick/541503/,Unick Fix-A- Form and Printers Limited,23.10
541540,Solara Active Pharma Sciences Ltd,Active,B,10.0,INE624Z01016,,SOLARA,Equity,https://www.bseindia.com/stock-share-price/solara-active-pharma-sciences-ltd/solara/541540/,SOLARA ACTIVE PHARMA SCIENCES LIMITED,2440.52
541546,Gayatri Highways Ltd,Active,B,2.0,INE287Z01012,,GAYAHWS,Equity,https://www.bseindia.com/stock-share-price/gayatri-highways-ltd/gayahws/541546/,GAYATRI HIGHWAYS LTD,46.97
541556,RITES Ltd,Active,A,10.0,INE320J01015,,RITES,Equity,https://www.bseindia.com/stock-share-price/rites-ltd/rites/541556/,RITES Limited,11109.16
541557,Fine Organic Industries Ltd,Active,A,5.0,INE686Y01026,,FINEORG,Equity,https://www.bseindia.com/stock-share-price/fine-organic-industries-ltd/fineorg/541557/,Fine Organic Industries Limited,15308.99
541578,Varroc Engineering Ltd,Active,A,1.0,INE665L01035,,VARROC,Equity,https://www.bseindia.com/stock-share-price/varroc-engineering-ltd/varroc/541578/,Varroc Engineering Limited,11248.13
541601,Rajnish Wellness Ltd,Active,B,1.0,INE685Z01033,,RAJNISH,Equity,https://www.bseindia.com/stock-share-price/rajnish-wellness-ltd/rajnish/541601/,Rajnish Wellness Limited,42.64
541627,Gujarat Winding Systems Ltd,Active,X,10.0,INE173V01013,,GUJWIND,Equity,https://www.bseindia.com/stock-share-price/gujarat-winding-systems-ltd/gujwind/541627/,Gujarat Winding Systems Limited,3.42
541633,Sophia Traexpo Ltd,Active,XT,10.0,INE268X01017,,STRAEXPO,Equity,https://www.bseindia.com/stock-share-price/sophia-traexpo-ltd/straexpo/541633/,Sophia Traexpo Limited,6.42
541634,Raw Edge Industrial Solutions Ltd,Active,B,10.0,INE960Z01014,,RAWEDGE,Equity,https://www.bseindia.com/stock-share-price/raw-edge-industrial-solutions-ltd/rawedge/541634/,Raw Edge Industrial Solutions Limited,13.60
541701,Supershakti Metaliks Ltd,Active,M,10.0,INE00SY01011,,SUPERSHAKT,Equity,https://www.bseindia.com/stock-share-price/supershakti-metaliks-ltd/supershakt/541701/,Supershakti Metaliks Limited,289.17
541702,Ashnisha Industries Ltd,Active,XT,1.0,INE694W01024,,ASHNI,Equity,https://www.bseindia.com/stock-share-price/ashnisha-industries-ltd/ashni/541702/,Ashnisha Industries Limited,99.16
541703,Raconteur Global Resources Ltd,Active,M,10.0,INE00WY01013,,RACONTEUR,Equity,https://www.bseindia.com/stock-share-price/raconteur-global-resources-ltd/raconteur/541703/,RACONTEUR GLOBAL RESOURCES LIMITED,12.13
541729,HDFC Asset Management Company Ltd,Active,A,5.0,INE127D01025,,HDFCAMC,Equity,https://www.bseindia.com/stock-share-price/hdfc-asset-management-company-ltd/hdfcamc/541729/,HDFC Asset Management Company Limited,109106.94
541735,Vivanta Industries Ltd,Active,X,1.0,INE299W01022,,VIVANTA,Equity,https://www.bseindia.com/stock-share-price/vivanta-industries-ltd/vivanta/541735/,Vivanta Industries Limited,21.26
541741,Fratelli Vineyards Ltd,Active,XT,10.0,INE401Z01019,,FRATELLI,Equity,https://www.bseindia.com/stock-share-price/fratelli-vineyards-ltd/fratelli/541741/,Fratelli Vineyards Limited,447.77
541770,CreditAccess Grameen Ltd,Active,A,10.0,INE741K01010,,CREDITACC,Equity,https://www.bseindia.com/stock-share-price/creditaccess-grameen-ltd/creditacc/541770/,CreditAccess Grameen Ltd.,24793.55
541771,Amin Tannery Ltd,Active,XT,1.0,INE572Z01017,,AMINTAN,Equity,https://www.bseindia.com/stock-share-price/amin-tannery-ltd/amintan/541771/,AMIN TANNERY LIMITED,15.98
541778,Deep Polymers Ltd,Active,X,10.0,INE00IY01012,,DEEP,Equity,https://www.bseindia.com/stock-share-price/deep-polymers-ltd/deep/541778/,Deep Polymers Limited,85.72
541799,Sungold Media and Entertainment Ltd,Active,MT,10.0,INE266S01011,,SMEL,Equity,https://www.bseindia.com/stock-share-price/sungold-media-and-entertainment-ltd/smel/541799/,Sungold Media and Entertainment Limited,13.59
541809,ICICI Prudential Nifty Next 50 ETF,Active,B,1.0,INF109KC1NS5,,NEXT50IETF,Equity,https://www.bseindia.com/stock-share-price/icici-prudential-nifty-next-50-etf/next50ietf/541809/,ICICI Prudential Mutual Fund,
541865,Add-Shop ERetail Ltd,Active,X,10.0,INE01B501018,,ASRL,Equity,https://www.bseindia.com/stock-share-price/add-shop-eretail-ltd/asrl/541865/,Add-Shop E-Retail Limited,19.45
541890,Space Incubatrics Technologies Ltd,Active,XT,1.0,INE797Z01028,,SPACEINCUBA,Equity,https://www.bseindia.com/stock-share-price/space-incubatrics-technologies-ltd/spaceincuba/541890/,Space Incubatrics Technologies Limited,6.23
541929,Synergy Green Industries Ltd,Active,B,10.0,INE00QT01015,,SGIL,Equity,https://www.bseindia.com/stock-share-price/synergy-green-industries-ltd/sgil/541929/,Synergy Green Industries Limited,926.05
541945,Ranjeet Mechatronics Ltd,Active,M,5.0,INE01A501027,,RANJEET,Equity,https://www.bseindia.com/stock-share-price/ranjeet-mechatronics-ltd/ranjeet/541945/,Ranjeet Mechatronics Limited,27.68
541956,IRCON International Ltd,Active,A,2.0,INE962Y01021,,IRCON,Equity,https://www.bseindia.com/stock-share-price/ircon-international-ltd/ircon/541956/,IRCON International Ltd,12452.43
541967,Sky Gold And Diamonds Ltd,Active,A,10.0,INE01IU01018,,SKYGOLD,Equity,https://www.bseindia.com/stock-share-price/sky-gold-and-diamonds-ltd/skygold/541967/,Sky Gold And Diamonds Limited,10725.02
541972,SBI - ETF - SENSEX NEXT 50,Active,A,10.0,INF200KA1VQ2,,SETFSN50,Equity,https://www.bseindia.com/stock-share-price/sbi---etf---sensex-next-50/setfsn50/541972/,SBI Mutual Fund,
541973,Mac Hotels Ltd,Active,M,10.0,INE004Z01011,,MACH,Equity,https://www.bseindia.com/stock-share-price/mac-hotels-ltd/mach/541973/,Mac Hotels Limited,46.74
541974,Manorama Industries Ltd,Active,A,2.0,INE00VM01036,,MANORAMA,Equity,https://www.bseindia.com/stock-share-price/manorama-industries-ltd/manorama/541974/,Manorama Industries Limited,10244.45
541983,Innovative Ideals and Services (India) Ltd,Active,MT,10.0,INE492Y01011,,INNOVATIVE,Equity,https://www.bseindia.com/stock-share-price/innovative-ideals-and-services-(india)-ltd/innovative/541983/,Innovative Ideals and Services (India) Limited,25.95
541988,AAVAS Financiers Ltd,Active,A,10.0,INE216P01012,,AAVAS,Equity,https://www.bseindia.com/stock-share-price/aavas-financiers-ltd/aavas/541988/,AAVAS Financiers Limited,10923.79
542011,Garden Reach Shipbuilders & Engineers Ltd,Active,A,10.0,INE382Z01011,,GRSE,Equity,https://www.bseindia.com/stock-share-price/garden-reach-shipbuilders--engineers-ltd/grse/542011/,Garden Reach Shipbuilders & Engineers Limited,29773.21
542012,A-1 Ltd,Active,B,1.0,INE911Z01025,,A1L,Equity,https://www.bseindia.com/stock-share-price/a-1-ltd/a1l/542012/,A-1 LIMITED,216.20
542013,Dolfin Rubbers Ltd,Active,B,10.0,INE666Y01010,,DOLFIN,Equity,https://www.bseindia.com/stock-share-price/dolfin-rubbers-ltd/dolfin/542013/,Dolfin Rubbers Limited,163.74
542019,Shubham Polyspin Ltd,Active,X,10.0,INE01J501010,,SHUBHAM,Equity,https://www.bseindia.com/stock-share-price/shubham-polyspin-ltd/shubham/542019/,Shubham Polyspin Limited,42.97
542020,AKI India Ltd,Active,B,2.0,INE642Z01026,,AKI,Equity,https://www.bseindia.com/stock-share-price/aki-india-ltd/aki/542020/,AKI India Limited,46.96
542025,Sun Retail Ltd,Active,M,1.0,INE206Z01020,,SUNRETAIL,Equity,https://www.bseindia.com/stock-share-price/sun-retail-ltd/sunretail/542025/,Sun Retail Limited,4.97
542034,S. M. Gold Ltd,Active,B,10.0,INE00Q901014,,SMGOLD,Equity,https://www.bseindia.com/stock-share-price/s-m-gold-ltd/smgold/542034/,S. M. Gold Limited,15.55
542046,Vivid Mercantile Ltd,Active,B,1.0,INE647Z01025,,VIVIDM,Equity,https://www.bseindia.com/stock-share-price/vivid-mercantile-ltd/vividm/542046/,VIVID MERCANTILE LIMITED,56.44
542057,BCPL Railway Infrastructure Ltd,Active,B,10.0,INE00SW01015,,BCPL,Equity,https://www.bseindia.com/stock-share-price/bcpl-railway-infrastructure-ltd/bcpl/542057/,BCPL Railway Infrastructure Limited,116.43
542066,Adani Total Gas Ltd,Active,A,1.0,INE399L01023,,ATGL,Equity,https://www.bseindia.com/stock-share-price/adani-total-gas-ltd/atgl/542066/,ADANI TOTAL GAS LIMITED,72592.96
542123,The Phosphate Company Ltd,Active,X,10.0,INE398C01016,,PHOSPHATE,Equity,https://www.bseindia.com/stock-share-price/the-phosphate-company-ltd/phosphate/542123/,The Phosphate Company Limited,49.28
542131,MIRAE ASSET NIFTY 50 ETF (MAN50ETF),Active,B,100.0,INF769K01EG9,,NIFTYETF,Equity,https://www.bseindia.com/stock-share-price/mirae-asset-nifty-50-etf-(man50etf)/niftyetf/542131/,Mirae Asset Mutual Fund,
542141,Techno Electric & Engineering Company Ltd,Active,A,2.0,INE285K01026,,TECHNOE,Equity,https://www.bseindia.com/stock-share-price/techno-electric--engineering-company-ltd/technoe/542141/,Techno Electric & Engineering Company Limited,11542.73
542145,Roni Households Ltd,Active,M,10.0,INE02AP01013,,RONI,Equity,https://www.bseindia.com/stock-share-price/roni-households-ltd/roni/542145/,Roni Households Limited,36.78
542146,Shree Krishna Infrastructure Ltd,Active,M,10.0,INE951Z01013,,SKIFL,Equity,https://www.bseindia.com/stock-share-price/shree-krishna-infrastructure-ltd/skifl/542146/,Shree Krishna Infrastructure Limited,9.21
542155,Diksha Greens Ltd,Active,MT,10.0,INE01GR01018,,DGL,Equity,https://www.bseindia.com/stock-share-price/diksha-greens-ltd/dgl/542155/,Diksha Greens Limited,0.98
542176,Aryan Share and Stock Brokers Ltd,Active,X,10.0,INE016X01010,,ARYAN,Equity,https://www.bseindia.com/stock-share-price/aryan-share-and-stock-brokers-ltd/aryan/542176/,Aryan Share & Stock Brokers Ltd.,5.67
542206,Nivaka Fashions Ltd,Active,X,1.0,INE139E01028,,NIVAKA,Equity,https://www.bseindia.com/stock-share-price/nivaka-fashions-ltd/nivaka/542206/,NIVAKA FASHIONS LIMITED,4.31
542216,Dalmia Bharat Ltd,Active,A,2.0,INE00R701025,,DALBHARAT,Equity,https://www.bseindia.com/stock-share-price/dalmia-bharat-ltd/dalbharat/542216/,DALMIA BHARAT LIMITED,34212.03
542230,Aditya Birla Sun Life Nifty Next 50 ETF,Active,B,1.0,INF209KB16D7,,ABSLNN50ET,Equity,https://www.bseindia.com/stock-share-price/aditya-birla-sun-life-nifty-next-50-etf/abslnn50et/542230/,Aditya Birla Sun Life Mutual Fund,
542231,Nila Spaces Ltd,Active,B,1.0,INE00S901012,,NILASPACES,Equity,https://www.bseindia.com/stock-share-price/nila-spaces-ltd/nilaspaces/542231/,Nila Spaces Ltd,481.33
542232,Shankar Lal Rampal Dye-Chem Ltd,Active,B,10.0,INE01NE01012,,SRD,Equity,https://www.bseindia.com/stock-share-price/shankar-lal-rampal-dye-chem-ltd/srd/542232/,Shankar Lal Rampal Dye-Chem Limited,242.05
542233,Trejhara Solutions Ltd,Active,B,10.0,INE00CA01015,,TREJHARA,Equity,https://www.bseindia.com/stock-share-price/trejhara-solutions-ltd/trejhara/542233/,Trejhara Solutions Limited,399.25
542248,Deccan Health Care Ltd,Active,T,10.0,INE452W01019,,DECCAN,Equity,https://www.bseindia.com/stock-share-price/deccan-health-care-ltd/deccan/542248/,Deccan Health Care Limited,30.64
542285,Axita Cotton Ltd,Active,B,1.0,INE02EZ01022,,AXITA,Equity,https://www.bseindia.com/stock-share-price/axita-cotton-ltd/axita/542285/,Axita Cotton Limited,280.12
542323,KPI Green Energy Ltd,Active,A,5.0,INE542W01025,,KPIGREEN,Equity,https://www.bseindia.com/stock-share-price/kpi-green-energy-ltd/kpigreen/542323/,KPI Green Energy Limited,7418.63
542332,Hi-Klass Trading and Investment Ltd,Active,XT,5.0,INE302R01024,,HIKLASS,Equity,https://www.bseindia.com/stock-share-price/hi-klass-trading-and-investment-ltd/hiklass/542332/,Hi-Klass Trading and Investment Limited,264.04
542333,RPSG Ventures Ltd,Active,B,10.0,INE425Y01011,,RPSGVENT,Equity,https://www.bseindia.com/stock-share-price/rpsg-ventures-ltd/rpsgvent/542333/,RPSG VENTURES LIMITED,3043.29
542337,Spencers Retail Ltd,Active,B,5.0,INE020801028,,SPENCERS,Equity,https://www.bseindia.com/stock-share-price/spencers-retail-ltd/spencers/542337/,Spencer's Retail Limited,300.23
542351,Gloster Ltd,Active,B,10.0,INE350Z01018,,GLOSTERLTD,Equity,https://www.bseindia.com/stock-share-price/gloster-ltd/glosterltd/542351/,Gloster Ltd,745.78
542367,Xelpmoc Design and Tech Ltd,Active,B,10.0,INE01P501012,,XELPMOC,Equity,https://www.bseindia.com/stock-share-price/xelpmoc-design-and-tech-ltd/xelpmoc/542367/,Xelpmoc Design and Tech Limited,124.32
542376,SPA Capital Services Ltd,Active,XT,10.0,INE726X01014,,SPACAPS,Equity,https://www.bseindia.com/stock-share-price/spa-capital-services-ltd/spacaps/542376/,SPA Capital Services Limited,65.48
542383,Ritco Logistics Ltd,Active,B,10.0,INE01EG01016,,RITCO,Equity,https://www.bseindia.com/stock-share-price/ritco-logistics-ltd/ritco/542383/,Ritco Logistics Limited,875.00
542399,Chalet Hotels Ltd,Active,A,10.0,INE427F01016,,CHALET,Equity,https://www.bseindia.com/stock-share-price/chalet-hotels-ltd/chalet/542399/,Chalet Hotels Limited,18897.00
542437,Anmol India Ltd,Active,B,10.0,INE02AR01019,,ANMOL,Equity,https://www.bseindia.com/stock-share-price/anmol-india-ltd/anmol/542437/,Anmol India Limited,57.43
542446,Jonjua Overseas Ltd,Active,MT,10.0,INE793Z01027,,JONJUA,Equity,https://www.bseindia.com/stock-share-price/jonjua-overseas-ltd/jonjua/542446/,Jonjua Overseas Limited,11.43
542459,Kranti Industries Ltd,Active,B,10.0,INE911T01010,,KRANTI,Equity,https://www.bseindia.com/stock-share-price/kranti-industries-ltd/kranti/542459/,Kranti Industries Limited,60.55
542460,The Anup Engineering Ltd,Active,B,10.0,INE294Z01018,,ANUP,Equity,https://www.bseindia.com/stock-share-price/the-anup-engineering-ltd/anup/542460/,The Anup Engineering Ltd,3994.17
542477,Glaam Up Jwel Ltd,Active,MT,10.0,INE03CM01014,,GLAAMUP,Equity,https://www.bseindia.com/stock-share-price/glaam-up-jwel-ltd/glaamup/542477/,GLAAM UP JWEL LIMITED,22.04
542484,Arvind Fashions Ltd,Active,A,4.0,INE955V01021,,ARVINDFASN,Equity,https://www.bseindia.com/stock-share-price/arvind-fashions-ltd/arvindfasn/542484/,Arvind Fashions Limited,6134.18
542503,Mahip Industries Ltd,Active,MT,10.0,INE00CX01017,,MAHIP,Equity,https://www.bseindia.com/stock-share-price/mahip-industries-ltd/mahip/542503/,Mahip Industries Limited,30.36
542513,UTI BSE Sensex Next 50 ETF,Active,A,1.0,INF789F1AUU3,,SNXT50BETA,Equity,https://www.bseindia.com/stock-share-price/uti-bse-sensex-next-50-etf/snxt50beta/542513/,UTI Mutual Fund,
542524,Ambassador Intra Holdings Ltd,Active,X,10.0,INE342U01016,,AIHL,Equity,https://www.bseindia.com/stock-share-price/ambassador-intra-holdings-ltd/aihl/542524/,AMBASSADOR INTRA HOLDINGS LIMITED,7.40
542544,Jyot International Marketing Ltd,Active,XT,10.0,INE043R01016,,JYOTIN,Equity,https://www.bseindia.com/stock-share-price/jyot-international-marketing-ltd/jyotin/542544/,Jyot International Marketing Limited,
542579,Ashapuri Gold Ornament Ltd,Active,B,1.0,INE05FR01029,,AGOL,Equity,https://www.bseindia.com/stock-share-price/ashapuri-gold-ornament-ltd/agol/542579/,Ashapuri Gold Ornament Limited,132.99
542580,Aartech Solonics Ltd,Active,T,5.0,INE01C001026,,AARTECH,Equity,https://www.bseindia.com/stock-share-price/aartech-solonics-ltd/aartech/542580/,Aartech Solonics Limited,149.29
542592,Humming Bird Education Ltd,Active,MT,1.0,INE02PC01027,,HBEL,Equity,https://www.bseindia.com/stock-share-price/humming-bird-education-ltd/hbel/542592/,Humming Bird Education Limited,9.65
542597,MSTC Ltd,Active,B,10.0,INE255X01014,,MSTCLTD,Equity,https://www.bseindia.com/stock-share-price/mstc-ltd/mstcltd/542597/,MSTC Limited,4266.59
542599,Roopshri Resorts Ltd,Active,MT,10.0,INE03WT01017,,ROOPSHRI,Equity,https://www.bseindia.com/stock-share-price/roopshri-resorts-ltd/roopshri/542599/,Roopshri Resorts Limited,49.23
542627,Chandni Machines Ltd,Active,XT,10.0,INE01GZ01011,,CHANDNIMACH,Equity,https://www.bseindia.com/stock-share-price/chandni-machines-ltd/chandnimach/542627/,Chandni Machines Limited,35.92
542628,Northern Spirits Ltd,Active,B,10.0,INE01BL01012,,NSL,Equity,https://www.bseindia.com/stock-share-price/northern-spirits-ltd/nsl/542628/,Northern Spirits Limited,210.11
542649,Rail Vikas Nigam Ltd,Active,A,10.0,INE415G01027,,RVNL,Equity,https://www.bseindia.com/stock-share-price/rail-vikas-nigam-ltd/rvnl/542649/,Rail Vikas Nigam Limited,48789.47
542650,Metropolis Healthcare Ltd,Active,A,2.0,INE112L01020,,METROPOLIS,Equity,https://www.bseindia.com/stock-share-price/metropolis-healthcare-ltd/metropolis/542650/,Metropolis Healthcare Limited,11663.46
542651,KPIT Technologies Ltd,Active,A,10.0,INE04I401011,,KPITTECH,Equity,https://www.bseindia.com/stock-share-price/kpit-technologies-ltd/kpittech/542651/,KPIT Technologies Ltd,17081.90
542652,Polycab India Ltd,Active,A,10.0,INE455K01017,,POLYCAB,Equity,https://www.bseindia.com/stock-share-price/polycab-india-ltd/polycab/542652/,Polycab India Limited,140009.17
542654,V R Films & Studios Ltd,Active,B,10.0,INE06LG01010,,VRFILMS,Equity,https://www.bseindia.com/stock-share-price/v-r-films--studios-ltd/vrfilms/542654/,V R FILMS & STUDIOS LIMITED,16.13
542655,Vikas Lifecare Ltd,Active,B,1.0,INE161L01027,,VIKASLIFE,Equity,https://www.bseindia.com/stock-share-price/vikas-lifecare-ltd/vikaslife/542655/,VIKAS LIFECARE LIMITED,234.07
542665,Neogen Chemicals Ltd,Active,B,10.0,INE136S01016,,NEOGEN,Equity,https://www.bseindia.com/stock-share-price/neogen-chemicals-ltd/neogen/542665/,Neogen Chemicals Limited,5565.46
542666,G. K. P. Printing & Packaging Ltd,Active,B,10.0,INE05QJ01015,,GKP,Equity,https://www.bseindia.com/stock-share-price/g-k-p-printing--packaging-ltd/gkp/542666/,G. K. P. Printing & Packaging Limited,13.24
542668,Evans Electric Ltd,Active,M,10.0,INE06TD01010,,EVANS,Equity,https://www.bseindia.com/stock-share-price/evans-electric-ltd/evans/542668/,EVANS ELECTRIC LIMITED,38.37
542669,BMW Industries Ltd,Active,X,1.0,INE374E01021,,BMW,Equity,https://www.bseindia.com/stock-share-price/bmw-industries-ltd/bmw/542669/,BMW INDUSTRIES LIMITED,1169.77
542670,Artemis Electricals and Projects Ltd,Active,B,1.0,INE757T01025,,AEPL,Equity,https://www.bseindia.com/stock-share-price/artemis-electricals-and-projects-ltd/aepl/542670/,Artemis Electricals and Projects Limited,360.24
542677,Mahesh Developers Ltd,Active,X,10.0,INE01MO01013,,MAHESH,Equity,https://www.bseindia.com/stock-share-price/mahesh-developers-ltd/mahesh/542677/,Mahesh Developers Limited,8.94
542678,Cian Healthcare Ltd,Active,MT,10.0,INE05BN01027,,CHCL,Equity,https://www.bseindia.com/stock-share-price/cian-healthcare-ltd/chcl/542678/,Cian Healthcare Limited,23.88
542679,Dhanashree Electronics Ltd,Active,X,10.0,INE413F01016,,DEL,Equity,https://www.bseindia.com/stock-share-price/dhanashree-electronics-ltd/del/542679/,Dhanashree Electronics Limited,188.23
542682,Harish Textile Engineers Ltd,Active,X,10.0,INE01K301012,,HARISH,Equity,https://www.bseindia.com/stock-share-price/harish-textile-engineers-ltd/harish/542682/,Harish Textile Engineers Limited,23.24
542684,Prakash Pipes Ltd,Active,T,10.0,INE050001010,,PPL,Equity,https://www.bseindia.com/stock-share-price/prakash-pipes-ltd/ppl/542684/,Prakash Pipes Limited,611.35
542685,Digicontent Ltd,Active,B,2.0,INE03JI01017,,DGCONTENT,Equity,https://www.bseindia.com/stock-share-price/digicontent-ltd/dgcontent/542685/,Digicontent Limited,148.38
542694,Parshva Enterprises Ltd,Active,B,10.0,INE05MV01019,,PARSHVA,Equity,https://www.bseindia.com/stock-share-price/parshva-enterprises-ltd/parshva/542694/,Parshva Enterprises Limited,171.95
542721,Anand Rayons Ltd,Active,B,10.0,INE02GA01012,,ARL,Equity,https://www.bseindia.com/stock-share-price/anand-rayons-ltd/arl/542721/,Anand Rayons Limited,89.94
542725,SBC Exports Ltd,Active,B,1.0,INE04AK01028,,SBC,Equity,https://www.bseindia.com/stock-share-price/sbc-exports-ltd/sbc/542725/,SBC EXPORTS LIMITED,1961.43
542726,IndiaMART InterMESH Ltd,Active,A,10.0,INE933S01016,,INDIAMART,Equity,https://www.bseindia.com/stock-share-price/indiamart-intermesh-ltd/indiamart/542726/,IndiaMART InterMESH Limited,10601.73
542727,City Pulse Multiventures Ltd,Active,M,10.0,INE056001014,,CPML,Equity,https://www.bseindia.com/stock-share-price/city-pulse-multiventures-ltd/cpml/542727/,CITY PULSE MULTIVENTURES LIMITED,368.98
542728,SK International Export Ltd,Active,MT,10.0,INE04ST01013,,SKIEL,Equity,https://www.bseindia.com/stock-share-price/sk-international-export-ltd/skiel/542728/,SK International Export Limited,16.90
542729,DCM Nouvelle Ltd,Active,T,10.0,INE08KP01019,,DCMNVL,Equity,https://www.bseindia.com/stock-share-price/dcm-nouvelle-ltd/dcmnvl/542729/,DCM NOUVELLE LIMITED,291.37
542730,ICICI Prudential Nifty Bank ETF,Active,B,1.0,INF109KC15I8,,BANKIETF,Equity,https://www.bseindia.com/stock-share-price/icici-prudential-nifty-bank-etf/bankietf/542730/,ICICI Prudential Mutual Fund,
542747,Nippon India ETF S&P BSE Sensex Next 50,Active,A,10.0,INF204KB15D0,,SNXT50BEES,Equity,https://www.bseindia.com/stock-share-price/nippon-india-etf-sp-bse-sensex-next-50/snxt50bees/542747/,Nippon India Mutual Fund,
542752,Affle 3I Ltd,Active,A,2.0,INE00WC01027,,AFFLE,Equity,https://www.bseindia.com/stock-share-price/affle-3i-ltd/affle/542752/,AFFLE 3I LIMITED,23793.82
542758,ICICI Prudential Nifty Private Bank ETF,Active,B,1.0,INF109KC18U7,,PVTBANIETF,Equity,https://www.bseindia.com/stock-share-price/icici-prudential-nifty-private-bank-etf/pvtbanietf/542758/,ICICI Prudential Mutual Fund,
542759,Spandana Sphoorty Financial Ltd,Active,B,10.0,INE572J01011,,SPANDANA,Equity,https://www.bseindia.com/stock-share-price/spandana-sphoorty-financial-ltd/spandana/542759/,Spandana Sphoorty Financial Limited,1835.04
542760,Sterling and Wilson Renewable Energy Ltd,Active,B,1.0,INE00M201021,,SWSOLAR,Equity,https://www.bseindia.com/stock-share-price/sterling-and-wilson-renewable-energy-ltd/swsolar/542760/,STERLING AND WILSON RENEWABLE ENERGY LIMITED,4830.60
542765,Transpact Enterprises Ltd,Active,MS,10.0,INE06YD01010,,TRANSPACT,Equity,https://www.bseindia.com/stock-share-price/transpact-enterprises-ltd/transpact/542765/,Transpact Enterprises Limited,4.29
542770,Alphalogic Techsys Ltd,Active,B,5.0,INE08E401029,,ALPHALOGIC,Equity,https://www.bseindia.com/stock-share-price/alphalogic-techsys-ltd/alphalogic/542770/,Alphalogic Techsys Limited,304.29
542771,Novateor Research Laboratories Ltd,Active,M,10.0,INE08JY01013,,NOVATEOR,Equity,https://www.bseindia.com/stock-share-price/novateor-research-laboratories-ltd/novateor/542771/,Novateor Research Laboratories Limited,19.88
542772,360 ONE WAM LTD,Active,A,1.0,INE466L01038,,360ONE,Equity,https://www.bseindia.com/stock-share-price/360-one-wam-ltd/360one/542772/,360 ONE WAM LIMITED,48257.10
542773,IIFL Capital Services Ltd,Active,A,2.0,INE489L01022,,IIFLCAPS,Equity,https://www.bseindia.com/stock-share-price/iifl-capital-services-ltd/iiflcaps/542773/,IIFL CAPITAL SERVICES LIMITED,10558.61
542774,Mufin Green Finance Ltd,Active,B,1.0,INE08KJ01020,,MUFIN,Equity,https://www.bseindia.com/stock-share-price/mufin-green-finance-ltd/mufin/542774/,MUFIN GREEN FINANCE LIMITED,2638.53
542801,Misquita Engineering Ltd,Active,M,10.0,INE957W01025,,MISQUITA,Equity,https://www.bseindia.com/stock-share-price/misquita-engineering-ltd/misquita/542801/,Misquita Engineering Limited,37.32
542802,Galactico Corporate Services Ltd,Active,B,1.0,INE906Y01028,,GALACTICO,Equity,https://www.bseindia.com/stock-share-price/galactico-corporate-services-ltd/galactico/542802/,Galactico Corporate Services Limited,36.11
542803,Vaxfab Enterprises Ltd,Active,X,10.0,INE560T01015,,VEL,Equity,https://www.bseindia.com/stock-share-price/vaxfab-enterprises-ltd/vel/542803/,Vaxfab Enterprises Limited,109.86
542812,Gujarat Fluorochemicals Ltd,Active,A,1.0,INE09N301011,,FLUOROCHEM,Equity,https://www.bseindia.com/stock-share-price/gujarat-fluorochemicals-ltd/fluorochem/542812/,Gujarat Fluorochemicals Limited,49926.28
542830,Indian Railway Catering and Tourism Corporation Ltd,Active,A,2.0,INE335Y01020,,IRCTC,Equity,https://www.bseindia.com/stock-share-price/indian-railway-catering-and-tourism-corporation-ltd/irctc/542830/,Indian Railway Catering & Tourism Corporation Ltd,41632.00
542850,Goblin India Ltd,Active,MT,10.0,INE492Z01018,,GOBLIN,Equity,https://www.bseindia.com/stock-share-price/goblin-india-ltd/goblin/542850/,GOBLIN INDIA LIMITED,10.99
542851,Gensol Engineering Ltd,Active,Z,10.0,INE06H201014,,GENSOL,Equity,https://www.bseindia.com/stock-share-price/gensol-engineering-ltd/gensol/542851/,Gensol Engineering Limited,67.00
542852,Vishwaraj Sugar Industries Ltd,Active,B,2.0,INE430N01022,,VISHWARAJ,Equity,https://www.bseindia.com/stock-share-price/vishwaraj-sugar-industries-ltd/vishwaraj/542852/,Vishwaraj Sugar Industries Limited,115.45
542857,Greenpanel Industries Ltd,Active,B,1.0,INE08ZM01014,,GREENPANEL,Equity,https://www.bseindia.com/stock-share-price/greenpanel-industries-ltd/greenpanel/542857/,Greenpanel Industries Limited,2478.30
542862,Shahlon Silk Industries Ltd,Active,X,2.0,INE052001026,,SHAHLON,Equity,https://www.bseindia.com/stock-share-price/shahlon-silk-industries-ltd/shahlon/542862/,Shahlon Silk Industries Limited,210.58
542863,Aditya Birla Sun Life Nifty Bank ETF,Active,B,1.0,INF209KB17D5,,ABSLBANETF,Equity,https://www.bseindia.com/stock-share-price/aditya-birla-sun-life-nifty-bank-etf/abslbanetf/542863/,Aditya Birla Sun Life Mutual Fund,
542864,Mount Housing and Infrastructure Ltd,Active,XT,10.0,INE444X01014,,MOUNT,Equity,https://www.bseindia.com/stock-share-price/mount-housing-and-infrastructure-ltd/mount/542864/,MOUNT HOUSING AND INFRASTRUCTURE LIMITED,9.53
542865,Anuroop Packaging Ltd,Active,B,10.0,INE490Z01012,,ANUROOP,Equity,https://www.bseindia.com/stock-share-price/anuroop-packaging-ltd/anuroop/542865/,Anuroop Packaging Limited,12.92
542867,CSB Bank Ltd,Active,A,10.0,INE679A01013,,CSBBANK,Equity,https://www.bseindia.com/stock-share-price/csb-bank-ltd/csbbank/542867/,CSB Bank Limited,5608.80
542904,Ujjivan Small Finance Bank Ltd,Active,A,10.0,INE551W01018,,UJJIVANSFB,Equity,https://www.bseindia.com/stock-share-price/ujjivan-small-finance-bank-ltd/ujjivansfb/542904/,Ujjivan Small Finance Bank Limited,13998.29
542905,Hindware Home Innovation Ltd,Active,B,2.0,INE05AN01011,,HINDWAREAP,Equity,https://www.bseindia.com/stock-share-price/hindware-home-innovation-ltd/hindwareap/542905/,Hindware Home Innovation Limited,1826.42
542906,Easun Capital Markets Ltd,Active,XT,10.0,INE771C01014,,EASUN,Equity,https://www.bseindia.com/stock-share-price/easun-capital-markets-ltd/easun/542906/,Easun Capital Markets Limited,17.15
542907,Prince Pipes and Fittings Ltd,Active,B,10.0,INE689W01016,,PRINCEPIPE,Equity,https://www.bseindia.com/stock-share-price/prince-pipes-and-fittings-ltd/princepipe/542907/,Prince Pipes and Fittings Limited,3038.77
542910,Valencia Nutrition Ltd,Active,MS,10.0,INE08RT01016,,VALENCIA,Equity,https://www.bseindia.com/stock-share-price/valencia-nutrition-ltd/valencia/542910/,Valencia Nutrition Limited,91.24
542911,Assam Entrade Ltd,Active,X,10.0,INE165G01010,,ASSAMENT,Equity,https://www.bseindia.com/stock-share-price/assam-entrade-ltd/assament/542911/,Assam Entrade Limited,116.77
542918,Gian Life Care Ltd,Active,Z,10.0,INE063601012,,GIANLIFE,Equity,https://www.bseindia.com/stock-share-price/gian-life-care-ltd/gianlife/542918/,Gian Life Care Limited,4.83
542919,Artemis Medicare Services Ltd,Active,B,1.0,INE025R01021,,ARTEMISMED,Equity,https://www.bseindia.com/stock-share-price/artemis-medicare-services-ltd/artemismed/542919/,Artemis Medicare Services Limited,4934.97
542920,Sumitomo Chemical India Ltd,Active,A,10.0,INE258G01013,,SUMICHEM,Equity,https://www.bseindia.com/stock-share-price/sumitomo-chemical-india-ltd/sumichem/542920/,SUMITOMO CHEMICAL INDIA LIMITED,26230.11
542921,ICICI Prudential Nifty Midcap 150 ETF,Active,B,1.0,INF109KC11W8,,MIDCAPIETF,Equity,https://www.bseindia.com/stock-share-price/icici-prudential-nifty-midcap-150-etf/midcapietf/542921/,ICICI Prudential Mutual Fund,
542922,Mirae Asset Nifty Next 50 ETF (MANXT50ETF),Active,B,275.0,INF769K01FN2,,NEXT50,Equity,https://www.bseindia.com/stock-share-price/mirae-asset-nifty-next-50-etf-(manxt50etf)/next50/542922/,Mirae Asset Mutual Fund,
542923,Tranway21 Technologies Ltd,Active,TS,10.0,INE0BIW01023,,TRANWAY21,Equity,https://www.bseindia.com/stock-share-price/tranway21-technologies-ltd/tranway21/542923/,TRANWAY21 TECHNOLOGIES LIMITED,5.66
542931,Vardhan Capital & Finance Ltd,Active,XT,10.0,INE128G01018,,VARDHANCFL,Equity,https://www.bseindia.com/stock-share-price/vardhan-capital--finance-ltd/vardhancfl/542931/,Vardhan Capital & Finance Limited,
542933,Universus Photo Imagings Ltd,Active,T,10.0,INE03V001013,,UNIVPHOTO,Equity,https://www.bseindia.com/stock-share-price/universus-photo-imagings-ltd/univphoto/542933/,UNIVERSUS PHOTO IMAGINGS LIMITED,506.99
542934,Chandra Bhagat Pharma Ltd,Active,M,10.0,INE07QQ01016,,CBPL,Equity,https://www.bseindia.com/stock-share-price/chandra-bhagat-pharma-ltd/cbpl/542934/,Chandra Bhagat Pharma Limited,31.18
542938,Octavius Plantations Ltd,Active,X,10.0,INE117S01016,,OCTAVIUSPL,Equity,https://www.bseindia.com/stock-share-price/octavius-plantations-ltd/octaviuspl/542938/,Octavius Plantations Limited,12.60
543064,Cohance Lifesciences Ltd,Active,A,1.0,INE03QK01018,,COHANCE,Equity,https://www.bseindia.com/stock-share-price/cohance-lifesciences-ltd/cohance/543064/,Cohance Lifesciences Limited,16827.22
543065,SM Auto Stamping Ltd,Active,M,10.0,INE0C4I01011,,SMAUTO,Equity,https://www.bseindia.com/stock-share-price/sm-auto-stamping-ltd/smauto/543065/,SM Auto Stamping Limited,28.79
543066,SBI Cards and Payment Services Ltd,Active,A,10.0,INE018E01016,,SBICARD,Equity,https://www.bseindia.com/stock-share-price/sbi-cards-and-payment-services-ltd/sbicard/543066/,SBI CARDS AND PAYMENT SERVICES LIMITED,62808.40
543144,NIPPON INDIA EQUITY SAVINGS FUND -  SEGREGATED PORTFOLIO 2 - MONTHLY DIVIDEND PLAN(Issue Price: 0.01),Active,B,10.0,INF204KB11T5,,08MPD,Equity,https://www.bseindia.com/stock-share-price/nippon-india-equity-savings-fund----segregated-portfolio-2---monthly-dividend-plan(issue-price:-001)/08mpd/543144/,Nippon India Mutual Fund,
543145,NIPPON INDIA EQUITY SAVINGS FUND -  SEGREGATED PORTFOLIO 2 - DIRECT DIVIDEND PLAN(Issue Price: 0.01),Active,B,10.0,INF204KB12S5,,08ADR,Equity,https://www.bseindia.com/stock-share-price/nippon-india-equity-savings-fund----segregated-portfolio-2---direct-dividend-plan(issue-price:-001)/08adr/543145/,Nippon India Mutual Fund,
543146,NIPPON INDIA EQUITY SAVINGS FUND -  SEGREGATED PORTFOLIO 2 - MONTHLY DIVIDEND PLAN(Issue Price: 0.01),Active,B,10.0,INF204KB12T3,,08MPR,Equity,https://www.bseindia.com/stock-share-price/nippon-india-equity-savings-fund----segregated-portfolio-2---monthly-dividend-plan(issue-price:-001)/08mpr/543146/,Nippon India Mutual Fund,
543147,NIPPON INDIA EQUITY SAVINGS FUND -  SEGREGATED PORTFOLIO 2 - DIRECT MONTHLY DIVIDEND PLAN(Issue Price: 0.01),Active,B,10.0,INF204KB13S3,,08AMD,Equity,https://www.bseindia.com/stock-share-price/nippon-india-equity-savings-fund----segregated-portfolio-2---direct-monthly-dividend-plan(issue-price:-001)/08amd/543147/,Nippon India Mutual Fund,
543148,NIPPON INDIA EQUITY SAVINGS FUND -  SEGREGATED PORTFOLIO 2 - DIRECT MONTHLY DIVIDEND PLAN(Issue Price: 0.01),Active,B,10.0,INF204KB14S1,,08AMR,Equity,https://www.bseindia.com/stock-share-price/nippon-india-equity-savings-fund----segregated-portfolio-2---direct-monthly-dividend-plan(issue-price:-001)/08amr/543148/,Nippon India Mutual Fund,
543149,NIPPON INDIA EQUITY SAVINGS FUND -  SEGREGATED PORTFOLIO 2 - BONUS PLAN(Issue Price: 0.01),Active,B,10.0,INF204KB15S8,,08BPB,Equity,https://www.bseindia.com/stock-share-price/nippon-india-equity-savings-fund----segregated-portfolio-2---bonus-plan(issue-price:-001)/08bpb/543149/,Nippon India Mutual Fund,
543150,NIPPON INDIA EQUITY SAVINGS FUND -  SEGREGATED PORTFOLIO 2 - GROWTH PLAN(Issue Price: 0.01),Active,B,10.0,INF204KB16S6,,08GPG,Equity,https://www.bseindia.com/stock-share-price/nippon-india-equity-savings-fund----segregated-portfolio-2---growth-plan(issue-price:-001)/08gpg/543150/,Nippon India Mutual Fund,
543151,NIPPON INDIA EQUITY SAVINGS FUND -  SEGREGATED PORTFOLIO 2 - DIRECT BONUS PLAN(Issue Price: 0.01),Active,B,10.0,INF204KB17R6,,08ABB,Equity,https://www.bseindia.com/stock-share-price/nippon-india-equity-savings-fund----segregated-portfolio-2---direct-bonus-plan(issue-price:-001)/08abb/543151/,Nippon India Mutual Fund,
543152,NIPPON INDIA EQUITY SAVINGS FUND -  SEGREGATED PORTFOLIO 2 - QUARTERLY DIVIDEND PLAN(Issue Price: 0.01),Active,B,10.0,INF204KB17S4,,08QPD,Equity,https://www.bseindia.com/stock-share-price/nippon-india-equity-savings-fund----segregated-portfolio-2---quarterly-dividend-plan(issue-price:-001)/08qpd/543152/,Nippon India Mutual Fund,
543153,NIPPON INDIA EQUITY SAVINGS FUND -  SEGREGATED PORTFOLIO 2 - DIRECT GROWTH PLAN(Issue Price: 0.01),Active,B,10.0,INF204KB18R4,,08AGG,Equity,https://www.bseindia.com/stock-share-price/nippon-india-equity-savings-fund----segregated-portfolio-2---direct-growth-plan(issue-price:-001)/08agg/543153/,Nippon India Mutual Fund,
543154,NIPPON INDIA EQUITY SAVINGS FUND -  SEGREGATED PORTFOLIO 2 - QUARTERLY DIVIDEND PLAN(Issue Price: 0.01),Active,B,10.0,INF204KB18S2,,08QPR,Equity,https://www.bseindia.com/stock-share-price/nippon-india-equity-savings-fund----segregated-portfolio-2---quarterly-dividend-plan(issue-price:-001)/08qpr/543154/,Nippon India Mutual Fund,
543155,NIPPON INDIA EQUITY SAVINGS FUND -  SEGREGATED PORTFOLIO 2 - DIRECT QUARTERLY DIVIDEND PLAN(Issue Price: 0.01),Active,B,10.0,INF204KB19R2,,08AQD,Equity,https://www.bseindia.com/stock-share-price/nippon-india-equity-savings-fund----segregated-portfolio-2---direct-quarterly-dividend-plan(issue-price:-001)/08aqd/543155/,Nippon India Mutual Fund,
543156,NIPPON INDIA EQUITY SAVINGS FUND -  SEGREGATED PORTFOLIO 2 - DIVIDEND PLAN(Issue Price: 0.01),Active,B,10.0,INF204KB19S0,,08DPD,Equity,https://www.bseindia.com/stock-share-price/nippon-india-equity-savings-fund----segregated-portfolio-2---dividend-plan(issue-price:-001)/08dpd/543156/,Nippon India Mutual Fund,
543168,NIPPON INDIA EQUITY SAVINGS FUND -  SEGREGATED PORTFOLIO 2 - DIRECT QUARTERLY DIVIDEND PLAN(Issue Price: 0.01),Active,B,10.0,INF204KB10S9,,08AQR,Equity,https://www.bseindia.com/stock-share-price/nippon-india-equity-savings-fund----segregated-portfolio-2---direct-quarterly-dividend-plan(issue-price:-001)/08aqr/543168/,Nippon India Mutual Fund,
543169,NIPPON INDIA EQUITY SAVINGS FUND -  SEGREGATED PORTFOLIO 2 - DIVIDEND PLAN(Issue Price: 0.01),Active,B,10.0,INF204KB10T7,,08DPR,Equity,https://www.bseindia.com/stock-share-price/nippon-india-equity-savings-fund----segregated-portfolio-2---dividend-plan(issue-price:-001)/08dpr/543169/,Nippon India Mutual Fund,
543170,NIPPON INDIA EQUITY SAVINGS FUND -  SEGREGATED PORTFOLIO 2 - DIRECT DIVIDEND PLAN(Issue Price: 0.01),Active,B,10.0,INF204KB11S7,,08ADD,Equity,https://www.bseindia.com/stock-share-price/nippon-india-equity-savings-fund----segregated-portfolio-2---direct-dividend-plan(issue-price:-001)/08add/543170/,Nippon India Mutual Fund,
543171,RO Jewels Ltd,Active,B,2.0,INE0BDU01028,,ROJL,Equity,https://www.bseindia.com/stock-share-price/ro-jewels-ltd/rojl/543171/,RO Jewels Limited,7.57
543172,Cospower Engineering Ltd,Active,MT,10.0,INE0CQB01010,,COSPOWER,Equity,https://www.bseindia.com/stock-share-price/cospower-engineering-ltd/cospower/543172/,Cospower Engineering Limited,335.16
543173,NIPPON INDIA EQUITY HYBRID FUND -  SEGREGATED PORTFOLIO 2DIVIDEND PLANDIVIDEND REINVESTMENT,Active,B,10.0,INF204KB14U7,,11DPR,Equity,https://www.bseindia.com/stock-share-price/nippon-india-equity-hybrid-fund----segregated-portfolio-2dividend-plandividend-reinvestment/11dpr/543173/,Nippon India Mutual Fund,
543174,NIPPON INDIA EQUITY HYBRID FUND -  SEGREGATED PORTFOLIO 2GROWTH PLAN GROWTH OPTIONGROWTH,Active,B,10.0,INF204KB10U5,,11GPG,Equity,https://www.bseindia.com/stock-share-price/nippon-india-equity-hybrid-fund----segregated-portfolio-2growth-plan-growth-optiongrowth/11gpg/543174/,Nippon India Mutual Fund,
543175,NIPPON INDIA EQUITY HYBRID FUND -  SEGREGATED PORTFOLIO 2MONTHLY DIVIDEND PLANDIVIDEND PAYOUT,Active,B,10.0,INF204KB15U4,,11MPD,Equity,https://www.bseindia.com/stock-share-price/nippon-india-equity-hybrid-fund----segregated-portfolio-2monthly-dividend-plandividend-payout/11mpd/543175/,Nippon India Mutual Fund,
543176,NIPPON INDIA EQUITY HYBRID FUND -  SEGREGATED PORTFOLIO 2MONTHLY DIVIDEND PLANREINVESTMENT,Active,B,10.0,INF204KB16U2,,11MPR,Equity,https://www.bseindia.com/stock-share-price/nippon-india-equity-hybrid-fund----segregated-portfolio-2monthly-dividend-planreinvestment/11mpr/543176/,Nippon India Mutual Fund,
543177,NIPPON INDIA EQUITY HYBRID FUND -  SEGREGATED PORTFOLIO 2QUARTERLY DIVIDEND PLANDIVIDEND PAYOUT,Active,B,10.0,INF204KB11U3,,11QPD,Equity,https://www.bseindia.com/stock-share-price/nippon-india-equity-hybrid-fund----segregated-portfolio-2quarterly-dividend-plandividend-payout/11qpd/543177/,Nippon India Mutual Fund,
543178,NIPPON INDIA EQUITY HYBRID FUND -  SEGREGATED PORTFOLIO 2QUARTERLY DIVIDEND PLANREINVESTMENT,Active,B,10.0,INF204KB12U1,,11QPR,Equity,https://www.bseindia.com/stock-share-price/nippon-india-equity-hybrid-fund----segregated-portfolio-2quarterly-dividend-planreinvestment/11qpr/543178/,Nippon India Mutual Fund,
543179,NIPPON INDIA EQUITY HYBRID FUND -  SEGREGATED PORTFOLIO 2DIRECT PLAN DIVIDEND PLANDIVIDEND PAYOUT,Active,B,10.0,INF204KB16T4,,11ADD,Equity,https://www.bseindia.com/stock-share-price/nippon-india-equity-hybrid-fund----segregated-portfolio-2direct-plan-dividend-plandividend-payout/11add/543179/,Nippon India Mutual Fund,
543180,NIPPON INDIA EQUITY HYBRID FUND -  SEGREGATED PORTFOLIO 2DIRECT PLAN DIVIDEND PLANDIVIDEND REINVESTMENT,Active,B,10.0,INF204KB17T2,,11ADR,Equity,https://www.bseindia.com/stock-share-price/nippon-india-equity-hybrid-fund----segregated-portfolio-2direct-plan-dividend-plandividend-reinvestment/11adr/543180/,Nippon India Mutual Fund,
543181,NIPPON INDIA EQUITY HYBRID FUND -  SEGREGATED PORTFOLIO 2DIRECT GROWTH PLAN GROWTH OPTIONGROWTH,Active,B,10.0,INF204KB13T1,,11AGG,Equity,https://www.bseindia.com/stock-share-price/nippon-india-equity-hybrid-fund----segregated-portfolio-2direct-growth-plan-growth-optiongrowth/11agg/543181/,Nippon India Mutual Fund,
543182,NIPPON INDIA EQUITY HYBRID FUND -  SEGREGATED PORTFOLIO 2DIRECT MONTHLY DIVIDEND PLANDIVIDEND PAYOUT,Active,B,10.0,INF204KB18T0,,11AMD,Equity,https://www.bseindia.com/stock-share-price/nippon-india-equity-hybrid-fund----segregated-portfolio-2direct-monthly-dividend-plandividend-payout/11amd/543182/,Nippon India Mutual Fund,
543183,NIPPON INDIA EQUITY HYBRID FUND -  SEGREGATED PORTFOLIO 2DIRECT MONTHLY DIVIDEND PLANREINVESTMENT,Active,B,10.0,INF204KB19T8,,11AMR,Equity,https://www.bseindia.com/stock-share-price/nippon-india-equity-hybrid-fund----segregated-portfolio-2direct-monthly-dividend-planreinvestment/11amr/543183/,Nippon India Mutual Fund,
543184,NIPPON INDIA EQUITY HYBRID FUND -  SEGREGATED PORTFOLIO 2DIRECT QUARTERLY DIVIDEND PLANDIVIDEND PAYOUT,Active,B,10.0,INF204KB14T9,,11AQD,Equity,https://www.bseindia.com/stock-share-price/nippon-india-equity-hybrid-fund----segregated-portfolio-2direct-quarterly-dividend-plandividend-payout/11aqd/543184/,Nippon India Mutual Fund,
543185,NIPPON INDIA EQUITY HYBRID FUND -  SEGREGATED PORTFOLIO 2DIRECT QUARTERLY DIVIDEND PLANREINVESTMENT,Active,B,10.0,INF204KB15T6,,11AQR,Equity,https://www.bseindia.com/stock-share-price/nippon-india-equity-hybrid-fund----segregated-portfolio-2direct-quarterly-dividend-planreinvestment/11aqr/543185/,Nippon India Mutual Fund,
543186,NIPPON INDIA EQUITY HYBRID FUND -  SEGREGATED PORTFOLIO 2DIVIDEND PLANDIVIDEND PAYOUT,Active,B,10.0,INF204KB13U9,,11DPD,Equity,https://www.bseindia.com/stock-share-price/nippon-india-equity-hybrid-fund----segregated-portfolio-2dividend-plandividend-payout/11dpd/543186/,Nippon India Mutual Fund,
543187,Hitachi Energy India Ltd,Active,A,2.0,INE07Y701011,,POWERINDIA,Equity,https://www.bseindia.com/stock-share-price/hitachi-energy-india-ltd/powerindia/543187/,HITACHI ENERGY INDIA LIMITED,142720.71
543193,DJ Mediaprint & Logistics Ltd,Active,B,10.0,INE0B1K01014,,DJML,Equity,https://www.bseindia.com/stock-share-price/dj-mediaprint--logistics-ltd/djml/543193/,DJ Mediaprint & Logistics Limited,381.77
543194,Nirmitee Robotics India Ltd,Active,MS,10.0,INE0CPQ01010,,NIRMITEE,Equity,https://www.bseindia.com/stock-share-price/nirmitee-robotics-india-ltd/nirmitee/543194/,Nirmitee Robotics India Limited,41.41
543207,Natural Biocon (India) Ltd,Active,X,10.0,INE06MM01016,,NATURAL,Equity,https://www.bseindia.com/stock-share-price/natural-biocon-(india)-ltd/natural/543207/,Natural Biocon (India) Limited,12.45
543208,Regis Industries Ltd,Active,X,1.0,INE745R01024,,REGIS,Equity,https://www.bseindia.com/stock-share-price/regis-industries-ltd/regis/543208/,REGIS INDUSTRIES LIMITED,58.08
543209,Billwin Industries Ltd,Active,M,10.0,INE0CRS01012,,BILLWIN,Equity,https://www.bseindia.com/stock-share-price/billwin-industries-ltd/billwin/543209/,Billwin Industries Limited,7.86
543210,Aarti Surfactants Ltd,Active,B,10.0,INE09EO01013,,AARTISURF,Equity,https://www.bseindia.com/stock-share-price/aarti-surfactants-ltd/aartisurf/543210/,Aarti Surfactants Limited,466.28
543211,Bonlon Industries Ltd,Active,B,10.0,INE0B9A01018,,BONLON,Equity,https://www.bseindia.com/stock-share-price/bonlon-industries-ltd/bonlon/543211/,BONLON INDUSTRIES LIMITED,69.32
543212,Borosil Ltd,Active,B,1.0,INE02PY01013,,BOROLTD,Equity,https://www.bseindia.com/stock-share-price/borosil-ltd/boroltd/543212/,Borosil Limited,2954.41
543213,Rossari Biotech Ltd,Active,B,2.0,INE02A801020,,ROSSARI,Equity,https://www.bseindia.com/stock-share-price/rossari-biotech-ltd/rossari/543213/,ROSSARI BIOTECH LIMITED,2916.37
543214,NDR Auto Components Ltd,Active,B,10.0,INE07OG01012,,NDRAUTO,Equity,https://www.bseindia.com/stock-share-price/ndr-auto-components-ltd/ndrauto/543214/,NDR Auto Components Limited,1931.60
543218,Suratwwala Business Group Ltd,Active,B,1.0,INE05ST01028,,SBGLP,Equity,https://www.bseindia.com/stock-share-price/suratwwala-business-group-ltd/sbglp/543218/,SURATWWALA BUSINESS GROUP LIMITED,436.49
543219,ICICI Prudential Nifty Alpha Low- Volatility 30 ETF,Active,B,1.0,INF109KC17V7,,ALPL30IETF,Equity,https://www.bseindia.com/stock-share-price/icici-prudential-nifty-alpha-low--volatility-30-etf/alpl30ietf/543219/,ICICI Prudential Mutual Fund,
543220,Max Healthcare Institute Ltd,Active,A,10.0,INE027H01010,,MAXHEALTH,Equity,https://www.bseindia.com/stock-share-price/max-healthcare-institute-ltd/maxhealth/543220/,Max Healthcare Institute Limited,104626.89
543221,ICICI Prudential Nifty IT ETF,Active,B,1.0,INF109KC16I6,,ITIETF,Equity,https://www.bseindia.com/stock-share-price/icici-prudential-nifty-it-etf/itietf/543221/,ICICI Prudential Mutual Fund,
543223,Max India Ltd,Active,B,10.0,INE0CG601016,,MAXIND,Equity,https://www.bseindia.com/stock-share-price/max-india-ltd/maxind/543223/,Max India Limited,909.95
543224,HDFC Nifty Banking ETF,Active,B,22.33,INF179KC1HY0,,HDFCNIFBAN,Equity,https://www.bseindia.com/stock-share-price/hdfc-nifty-banking-etf/hdfcnifban/543224/,HDFC Mutual Fund,
543226,UTI NIFTY BANK ETF,Active,B,1.0,INF789F1AUV1,,BANKBETA,Equity,https://www.bseindia.com/stock-share-price/uti-nifty-bank-etf/bankbeta/543226/,UTI Mutual Fund,
543227,Happiest Minds Technologies Ltd,Active,A,2.0,INE419U01012,,HAPPSTMNDS,Equity,https://www.bseindia.com/stock-share-price/happiest-minds-technologies-ltd/happstmnds/543227/,Happiest Minds Technologies Limited,6188.45
543228,Route Mobile Ltd,Active,B,10.0,INE450U01017,,ROUTE,Equity,https://www.bseindia.com/stock-share-price/route-mobile-ltd/route/543228/,Route Mobile Limited,3363.10
543229,Samrat Forgings Ltd,Active,X,10.0,INE412J01010,,SAMRATFORG,Equity,https://www.bseindia.com/stock-share-price/samrat-forgings-ltd/samratforg/543229/,Samrat Forgings Limited,104.48
543230,Advait Energy Transitions Ltd,Active,B,10.0,INE0ALI01010,,ADVAIT,Equity,https://www.bseindia.com/stock-share-price/advait-energy-transitions-ltd/advait/543230/,ADVAIT ENERGY TRANSITIONS LIMITED,2531.45
543231,Archidply Decor Ltd,Active,B,10.0,INE0CHO01012,,ADL,Equity,https://www.bseindia.com/stock-share-price/archidply-decor-ltd/adl/543231/,Archidply Decor Limited,39.31
543232,Computer Age Management Services Ltd,Active,A,2.0,INE596I01020,,CAMS,Equity,https://www.bseindia.com/stock-share-price/computer-age-management-services-ltd/cams/543232/,Computer Age Management Services Limited,19856.38
543233,Chemcon Speciality Chemicals Ltd,Active,T,10.0,INE03YM01018,,CHEMCON,Equity,https://www.bseindia.com/stock-share-price/chemcon-speciality-chemicals-ltd/chemcon/543233/,Chemcon Speciality Chemicals Limited,702.39
543234,SecMark Consultancy Ltd,Active,B,10.0,INE0BTM01013,,SECMARK,Equity,https://www.bseindia.com/stock-share-price/secmark-consultancy-ltd/secmark/543234/,Secmark Consultancy Limited,138.37
543235,Angel One Ltd,Active,A,1.0,INE732I01021,,ANGELONE,Equity,https://www.bseindia.com/stock-share-price/angel-one-ltd/angelone/543235/,ANGEL ONE LIMITED,27149.78
543236,Atam Valves Ltd,Active,B,10.0,INE09KD01013,,ATAM,Equity,https://www.bseindia.com/stock-share-price/atam-valves-ltd/atam/543236/,Atam Valves Limited,74.13
543237,Mazagon Dock Shipbuilders Ltd,Active,A,5.0,INE249Z01020,,MAZDOCK,Equity,https://www.bseindia.com/stock-share-price/mazagon-dock-shipbuilders-ltd/mazdock/543237/,Mazagon Dock Shipbuilders Limited,102055.14
543238,UTI Asset Management Company Ltd,Active,A,10.0,INE094J01016,,UTIAMC,Equity,https://www.bseindia.com/stock-share-price/uti-asset-management-company-ltd/utiamc/543238/,UTI Asset Management Company Limited,11566.18
543239,G M Polyplast Ltd,Active,M,10.0,INE0E2801015,,GMPL,Equity,https://www.bseindia.com/stock-share-price/g-m-polyplast-ltd/gmpl/543239/,G M Polyplast Limited,96.91
543240,Likhitha Infrastructure Ltd,Active,B,5.0,INE060901027,,LIKHITHA,Equity,https://www.bseindia.com/stock-share-price/likhitha-infrastructure-ltd/likhitha/543240/,Likhitha Infrastructure Limited,867.90
543241,Veer Global Infraconstruction Ltd,Active,T,10.0,INE244W01010,,VGIL,Equity,https://www.bseindia.com/stock-share-price/veer-global-infraconstruction-ltd/vgil/543241/,Veer Global Infraconstruction Limited,231.79
543242,Hemisphere Properties India Ltd,Active,B,10.0,INE0AJG01018,,HEMIPROP,Equity,https://www.bseindia.com/stock-share-price/hemisphere-properties-india-ltd/hemiprop/543242/,Hemisphere Properties India Limited,3931.58
543243,Equitas Small Finance Bank Ltd,Active,A,10.0,INE063P01018,,EQUITASBNK,Equity,https://www.bseindia.com/stock-share-price/equitas-small-finance-bank-ltd/equitasbnk/543243/,Equitas Small Finance Bank Limited,8700.48
543244,Shine Fashions (India) Ltd,Active,MT,5.0,INE0BLY01023,,SHINEFASH,Equity,https://www.bseindia.com/stock-share-price/shine-fashions-(india)-ltd/shinefash/543244/,Shine Fashions (India) Limited,58.24
543245,Gland Pharma Ltd,Active,A,1.0,INE068V01023,,GLAND,Equity,https://www.bseindia.com/stock-share-price/gland-pharma-ltd/gland/543245/,Gland Pharma Limited,43178.20
543246,Mirae Asset Nifty 100 ESG Sector Leaders ETF,Active,B,17.5,INF769K01GS9,,ESG,Equity,https://www.bseindia.com/stock-share-price/mirae-asset-nifty-100-esg-sector-leaders-etf/esg/543246/,Mirae Asset Mutual Fund,
543247,Net Pix Shorts Digital Media Ltd,Active,TS,10.0,INE0D5F01013,,NETPIX,Equity,https://www.bseindia.com/stock-share-price/net-pix-shorts-digital-media-ltd/netpix/543247/,Net Pix Shorts Digital Media Limited,10.75
543248,Restaurant Brands Asia Ltd,Active,A,10.0,INE07T201019,,RBA,Equity,https://www.bseindia.com/stock-share-price/restaurant-brands-asia-ltd/rba/543248/,Restaurant Brands Asia Limited,6431.80
543249,Tarc Ltd,Active,B,2.0,INE0EK901012,,TARC,Equity,https://www.bseindia.com/stock-share-price/tarc-ltd/tarc/543249/,TARC LIMITED,4005.93
543251,Ravinder Heights Ltd,Active,B,1.0,INE09E501017,,RVHL,Equity,https://www.bseindia.com/stock-share-price/ravinder-heights-ltd/rvhl/543251/,Ravinder Heights Limited,277.19
543252,Fairchem Organics Ltd,Active,T,10.0,INE0DNW01011,,FAIRCHEMOR,Equity,https://www.bseindia.com/stock-share-price/fairchem-organics-ltd/fairchemor/543252/,Fairchem Organics Limited,960.56
543253,Mrs. Bectors Food Specialities Ltd,Active,B,2.0,INE495P01020,,BECTORFOOD,Equity,https://www.bseindia.com/stock-share-price/mrs-bectors-food-specialities-ltd/bectorfood/543253/,Mrs. Bectors Food Specialities Limited,6459.08
543254,Antony Waste Handling Cell Ltd,Active,B,5.0,INE01BK01022,,AWHCL,Equity,https://www.bseindia.com/stock-share-price/antony-waste-handling-cell-ltd/awhcl/543254/,Antony Waste Handling Cell Limited,1210.50
543255,Nippon India ETF Nifty Infrastructure BeES,Active,B,10.0,INF732E01268,,INFRABEES,Equity,https://www.bseindia.com/stock-share-price/nippon-india-etf-nifty-infrastructure-bees/infrabees/543255/,Nippon India Mutual Fund,
543256,Rita Finance and Leasing Ltd,Active,X,10.0,INE018S01016,,RFLL,Equity,https://www.bseindia.com/stock-share-price/rita-finance-and-leasing-ltd/rfll/543256/,RITA FINANCE AND LEASING LIMITED,12.45
543257,Indian Railway Finance Corporation Ltd,Active,A,10.0,INE053F01010,,IRFC,Equity,https://www.bseindia.com/stock-share-price/indian-railway-finance-corporation-ltd/irfc/543257/,Indian Railway Finance Corporation,116662.55
543258,Indigo Paints Ltd,Active,A,10.0,INE09VQ01012,,INDIGOPNTS,Equity,https://www.bseindia.com/stock-share-price/indigo-paints-ltd/indigopnts/543258/,Indigo Paints Limited,5382.33
543259,Home First Finance Company India Ltd,Active,A,2.0,INE481N01025,,HOMEFIRST,Equity,https://www.bseindia.com/stock-share-price/home-first-finance-company-india-ltd/homefirst/543259/,Home First Finance Company India Limited,12459.38
543260,Stove Kraft Ltd,Active,B,10.0,INE00IN01015,,STOVEKRAFT,Equity,https://www.bseindia.com/stock-share-price/stove-kraft-ltd/stovekraft/543260/,STOVE KRAFT LIMITED,2655.21
543262,MRP Agro Ltd,Active,M,10.0,INE0D7801012,,MRP,Equity,https://www.bseindia.com/stock-share-price/mrp-agro-ltd/mrp/543262/,MRP Agro Limited,102.37
543263,SMC Global Securities Ltd,Active,B,2.0,INE103C01036,,SMCGLOBAL,Equity,https://www.bseindia.com/stock-share-price/smc-global-securities-ltd/smcglobal/543263/,SMC Global Securities Limited,1685.88
543264,Nureca Ltd,Active,B,10.0,INE0DSF01015,,NURECA,Equity,https://www.bseindia.com/stock-share-price/nureca-ltd/nureca/543264/,Nureca Limited,323.52
543265,RailTel Corporation of India Ltd,Active,A,10.0,INE0DD101019,,RAILTEL,Equity,https://www.bseindia.com/stock-share-price/railtel-corporation-of-india-ltd/railtel/543265/,RailTel Corporation of India Limited,9329.68
543266,Heranba Industries Ltd,Active,B,10.0,INE694N01015,,HERANBA,Equity,https://www.bseindia.com/stock-share-price/heranba-industries-ltd/heranba/543266/,Heranba Industries Limited,722.04
543267,Davangere Sugar Company Ltd,Active,B,1.0,INE179G01029,,DAVANGERE,Equity,https://www.bseindia.com/stock-share-price/davangere-sugar-company-ltd/davangere/543267/,Davangere Sugar Company Limited,443.30
543268,DRC Systems India Ltd,Active,B,1.0,INE03RS01027,,DRCSYSTEMS,Equity,https://www.bseindia.com/stock-share-price/drc-systems-india-ltd/drcsystems/543268/,DRC Systems India Limited,198.26
543270,MTAR Technologies Ltd,Active,T,10.0,INE864I01014,,MTARTECH,Equity,https://www.bseindia.com/stock-share-price/mtar-technologies-ltd/mtartech/543270/,MTAR Technologies Limited,21365.00
543271,Jubilant Ingrevia Ltd,Active,A,1.0,INE0BY001018,,JUBLINGREA,Equity,https://www.bseindia.com/stock-share-price/jubilant-ingrevia-ltd/jublingrea/543271/,Jubilant Ingrevia Limited,12044.04
543272,Easy Trip Planners Ltd,Active,B,1.0,INE07O001026,,EASEMYTRIP,Equity,https://www.bseindia.com/stock-share-price/easy-trip-planners-ltd/easemytrip/543272/,Easy Trip Planners Limited,2633.85
543273,Knowledge Marine & Engineering Works Ltd,Active,B,5.0,INE0CJD01029,,KMEW,Equity,https://www.bseindia.com/stock-share-price/knowledge-marine--engineering-works-ltd/kmew/543273/,Knowledge Marine & Engineering Works Limited,6155.39
543275,Anupam Rasayan India Ltd,Active,A,10.0,INE930P01018,,ANURAS,Equity,https://www.bseindia.com/stock-share-price/anupam-rasayan-india-ltd/anuras/543275/,Anupam Rasayan India Limited,13812.65
543276,Craftsman Automation Ltd,Active,A,5.0,INE00LO01017,,CRAFTSMAN,Equity,https://www.bseindia.com/stock-share-price/craftsman-automation-ltd/craftsman/543276/,Craftsman Automation Limited,27636.08
543277,Laxmi Organic Industries Ltd,Active,B,2.0,INE576O01020,,LXCHEM,Equity,https://www.bseindia.com/stock-share-price/laxmi-organic-industries-ltd/lxchem/543277/,Laxmi Organic Industries Limited,4989.81
543278,Kalyan Jewellers India Ltd,Active,A,10.0,INE303R01014,,KALYANKJIL,Equity,https://www.bseindia.com/stock-share-price/kalyan-jewellers-india-ltd/kalyankjil/543278/,Kalyan Jewellers India Limited,61757.86
543279,Suryoday Small Finance Bank Ltd,Active,B,10.0,INE428Q01011,,SURYODAY,Equity,https://www.bseindia.com/stock-share-price/suryoday-small-finance-bank-ltd/suryoday/543279/,Suryoday Small Finance Bank Limited,1726.15
543280,Nazara Technologies Ltd,Active,A,2.0,INE418L01047,,NAZARA,Equity,https://www.bseindia.com/stock-share-price/nazara-technologies-ltd/nazara/543280/,Nazara Technologies Limited,13095.94
543281,Suvidhaa Infoserve Ltd,Active,B,1.0,INE018401013,,SUVIDHAA,Equity,https://www.bseindia.com/stock-share-price/suvidhaa-infoserve-ltd/suvidhaa/543281/,Suvidhaa Infoserve Limited,54.55
543282,Niks Technology Ltd,Active,TS,10.0,INE0GX601011,,NIKSTECH,Equity,https://www.bseindia.com/stock-share-price/niks-technology-ltd/nikstech/543282/,Niks Technology Limited,14.52
543283,United Foodbrands Ltd,Active,B,5.0,INE382M01027,,UFBL,Equity,https://www.bseindia.com/stock-share-price/united-foodbrands-ltd/ufbl/543283/,UNITED FOODBRANDS LIMITED,3157.40
543284,EKI Energy Services Ltd,Active,B,10.0,INE0CPR01018,,EKI,Equity,https://www.bseindia.com/stock-share-price/eki-energy-services-ltd/eki/543284/,EKI Energy Services Limited,231.82
543285,Rajeshwari Cans Ltd,Active,M,10.0,INE0CQ101015,,RCAN,Equity,https://www.bseindia.com/stock-share-price/rajeshwari-cans-ltd/rcan/543285/,Rajeshwari Cans Limited,18.25
543286,Artemis ADR Marketplace Ltd,Active,MT,10.0,INE0D9X01018,,ARTEMISADR,Equity,https://www.bseindia.com/stock-share-price/artemis-adr-marketplace-ltd/artemisadr/543286/,Artemis ADR Marketplace Limited,60.86
543287,Lodha Developers Ltd,Active,A,10.0,INE670K01029,,LODHA,Equity,https://www.bseindia.com/stock-share-price/lodha-developers-ltd/lodha/543287/,Lodha Developers Limited,122593.14
543288,Deep Industries Ltd,Active,B,5.0,INE0FHS01024,,DEEPINDS,Equity,https://www.bseindia.com/stock-share-price/deep-industries-ltd/deepinds/543288/,Deep Industries Limited,4001.92
543289,Kuberan Global Edu Solutions Ltd,Active,TS,10.0,INE04CO01018,,KGES,Equity,https://www.bseindia.com/stock-share-price/kuberan-global-edu-solutions-ltd/kges/543289/,Kuberan Global Edu Solutions Limited,6.74
543291,Mirae Asset NYSE FANG+ ETF,Active,B,40.0,INF769K01HF4,,MAFANG,Equity,https://www.bseindia.com/stock-share-price/mirae-asset-nyse-fang-etf/mafang/543291/,Mirae Asset Mutual Fund,
543292,ICICI Prudential Nifty Healthcare ETF,Active,B,10.0,INF109KC1Q72,,HEALTHIETF,Equity,https://www.bseindia.com/stock-share-price/icici-prudential-nifty-healthcare-etf/healthietf/543292/,ICICI Prudential Mutual Fund,
543298,Vineet Laboratories Ltd,Active,T,10.0,INE505Y01010,,VINEETLAB,Equity,https://www.bseindia.com/stock-share-price/vineet-laboratories-ltd/vineetlab/543298/,Vineet Laboratories Limited,75.48
543299,Shyam Metalics and Energy Ltd,Active,A,10.0,INE810G01011,,SHYAMMETL,Equity,https://www.bseindia.com/stock-share-price/shyam-metalics-and-energy-ltd/shyammetl/543299/,Shyam Metalics and Energy Limited,28366.77
543300,Sona BLW Precision Forgings Ltd,Active,A,10.0,INE073K01018,,SONACOMS,Equity,https://www.bseindia.com/stock-share-price/sona-blw-precision-forgings-ltd/sonacoms/543300/,Sona BLW Precision Forgings Limited,49006.26
543306,Dodla Dairy Ltd,Active,A,10.0,INE021O01019,,DODLA,Equity,https://www.bseindia.com/stock-share-price/dodla-dairy-ltd/dodla/543306/,Dodla Dairy Limited,6318.73
543308,Krishna Institute of Medical Sciences Ltd,Active,A,2.0,INE967H01025,,KIMS,Equity,https://www.bseindia.com/stock-share-price/krishna-institute-of-medical-sciences-ltd/kims/543308/,Krishna Institute of Medical Sciences Limited,33930.22
543309,Adeshwar Meditex Ltd,Active,M,10.0,INE0H8J01015,,ADESHWAR,Equity,https://www.bseindia.com/stock-share-price/adeshwar-meditex-ltd/adeshwar/543309/,Adeshwar Meditex Limited,23.52
543310,Times Green Energy (India) Ltd,Active,MT,10.0,INE0B6101012,,TIMESGREEN,Equity,https://www.bseindia.com/stock-share-price/times-green-energy-(india)-ltd/timesgreen/543310/,Times Green Energy (India) Limited,43.48
543311,India Pesticides Ltd,Active,B,1.0,INE0D6701023,,IPL,Equity,https://www.bseindia.com/stock-share-price/india-pesticides-ltd/ipl/543311/,India Pesticides Limited,1676.20
543312,Focus Business Solution Ltd,Active,M,10.0,INE0DXR01010,,FOCUS,Equity,https://www.bseindia.com/stock-share-price/focus-business-solution-ltd/focus/543312/,Focus Business Solution Limited,147.20
543317,G R Infraprojects Ltd,Active,B,5.0,INE201P01022,,GRINFRA,Equity,https://www.bseindia.com/stock-share-price/g-r-infraprojects-ltd/grinfra/543317/,G R Infraprojects Limited,8741.35
543318,Clean Science and Technology Ltd,Active,A,1.0,INE227W01023,,CLEAN,Equity,https://www.bseindia.com/stock-share-price/clean-science-and-technology-ltd/clean/543318/,Clean Science and Technology Limited,8205.01
543319,AA Plus Tradelink Ltd,Active,M,1.0,INE0C5901022,,AAPLUSTRAD,Equity,https://www.bseindia.com/stock-share-price/aa-plus-tradelink-ltd/aaplustrad/543319/,AA Plus Tradelink Limited,29.92
543320,Eternal Ltd,Active,A,1.0,INE758T01015,,ETERNAL,Equity,https://www.bseindia.com/stock-share-price/eternal-ltd/eternal/543320/,Eternal Limited,305916.12
543321,Tatva Chintan Pharma Chem Ltd,Active,B,10.0,INE0GK401011,,TATVA,Equity,https://www.bseindia.com/stock-share-price/tatva-chintan-pharma-chem-ltd/tatva/543321/,Tatva Chintan Pharma Chem Limited,4060.28
543322,Alivus Life Sciences Ltd,Active,A,2.0,INE03Q201024,,ALIVUS,Equity,https://www.bseindia.com/stock-share-price/alivus-life-sciences-ltd/alivus/543322/,ALIVUS LIFE SCIENCES LIMITED,16218.79
543323,Mirae Asset Nifty Financial Services ETF,Active,B,10.0,INF769K01HI8,,BFSI,Equity,https://www.bseindia.com/stock-share-price/mirae-asset-nifty-financial-services-etf/bfsi/543323/,Mirae Asset Mutual Fund,
543324,Gretex Corporate Services Ltd,Active,B,10.0,INE199P01028,,GCSL,Equity,https://www.bseindia.com/stock-share-price/gretex-corporate-services-ltd/gcsl/543324/,Gretex Corporate Services Limited,1280.45
543325,Rolex Rings Ltd,Active,B,1.0,INE645S01024,,ROLEXRINGS,Equity,https://www.bseindia.com/stock-share-price/rolex-rings-ltd/rolexrings/543325/,Rolex Rings Limited,4163.97
543326,ICICI Prudential Nifty FMCG ETF,Active,B,1.0,INF109KC19V3,,FMCGIETF,Equity,https://www.bseindia.com/stock-share-price/icici-prudential-nifty-fmcg-etf/fmcgietf/543326/,ICICI Prudential Mutual Fund,
543327,Exxaro Tiles Ltd,Active,B,1.0,INE0GFE01026,,EXXARO,Equity,https://www.bseindia.com/stock-share-price/exxaro-tiles-ltd/exxaro/543327/,Exxaro Tiles Limited,281.42
543328,Krsnaa Diagnostics Ltd,Active,B,5.0,INE08LI01020,,KRSNAA,Equity,https://www.bseindia.com/stock-share-price/krsnaa-diagnostics-ltd/krsnaa/543328/,Krsnaa Diagnostics Limited,1813.00
543329,Windlas Biotech Ltd,Active,B,5.0,INE0H5O01029,,WINDLAS,Equity,https://www.bseindia.com/stock-share-price/windlas-biotech-ltd/windlas/543329/,Windlas Biotech Limited,1846.72
543330,Devyani International Ltd,Active,A,1.0,INE872J01023,,DEVYANI,Equity,https://www.bseindia.com/stock-share-price/devyani-international-ltd/devyani/543330/,Devyani International Limited,15263.79
543331,Meghmani Organics Ltd,Active,B,1.0,INE0CT101020,,MOL,Equity,https://www.bseindia.com/stock-share-price/meghmani-organics-ltd/mol/543331/,Meghmani Organics Limited,1328.28
543332,Epigral Ltd,Active,B,10.0,INE071N01016,,EPIGRAL,Equity,https://www.bseindia.com/stock-share-price/epigral-ltd/epigral/543332/,Epigral Limited,4733.25
543333,CarTrade Tech Ltd,Active,A,10.0,INE290S01011,,CARTRADE,Equity,https://www.bseindia.com/stock-share-price/cartrade-tech-ltd/cartrade/543333/,CarTrade Tech Limited,13464.26
543334,Nuvoco Vistas Corporation Ltd,Active,A,10.0,INE118D01016,,NUVOCO,Equity,https://www.bseindia.com/stock-share-price/nuvoco-vistas-corporation-ltd/nuvoco/543334/,Nuvoco Vistas Corporation Limited,12575.47
543335,Aptus Value Housing Finance India Ltd,Active,A,2.0,INE852O01025,,APTUS,Equity,https://www.bseindia.com/stock-share-price/aptus-value-housing-finance-india-ltd/aptus/543335/,Aptus Value Housing Finance India Limited,13063.18
543336,Chemplast Sanmar Ltd,Active,B,5.0,INE488A01050,,CHEMPLASTS,Equity,https://www.bseindia.com/stock-share-price/chemplast-sanmar-ltd/chemplasts/543336/,Chemplast Sanmar Limited,3084.72
543341,Sharpline Broadcast Ltd,Active,X,10.0,INE647W01014,,SHARPLINE,Equity,https://www.bseindia.com/stock-share-price/sharpline-broadcast-ltd/sharpline/543341/,SHARPLINE BROADCAST LIMITED,17.92
543346,Aashka Hospitals Ltd,Active,M,10.0,INE0EAX01014,,AASHKA,Equity,https://www.bseindia.com/stock-share-price/aashka-hospitals-ltd/aashka/543346/,Aashka Hospitals Limited,164.97
543347,Axis NIFTY IT ETF,Active,B,100.0,INF846K01Y96,,ITAXIS,Equity,https://www.bseindia.com/stock-share-price/axis-nifty-it-etf/itaxis/543347/,Axis Mutual Fund,
543348,Axis NIFTY Healthcare ETF,Active,B,10.0,INF846K01Z12,,HEALTHAXIS,Equity,https://www.bseindia.com/stock-share-price/axis-nifty-healthcare-etf/healthaxis/543348/,Axis Mutual Fund,
543349,Acutaas Chemicals Ltd,Active,A,5.0,INE00FF01025,,ACUTAAS,Equity,https://www.bseindia.com/stock-share-price/acutaas-chemicals-ltd/acutaas/543349/,ACUTAAS CHEMICALS LIMITED,26689.58
543350,Vijaya Diagnostic Centre Ltd,Active,A,1.0,INE043W01024,,VIJAYA,Equity,https://www.bseindia.com/stock-share-price/vijaya-diagnostic-centre-ltd/vijaya/543350/,Vijaya Diagnostic Centre Limited,14067.94
543351,Naapbooks Ltd,Active,TS,10.0,INE0GOA01018,,NBL,Equity,https://www.bseindia.com/stock-share-price/naapbooks-ltd/nbl/543351/,Naapbooks Limited,149.13
543352,PlatinumOne Business Services Ltd,Active,M,10.0,INE0DTJ01015,,POBS,Equity,https://www.bseindia.com/stock-share-price/platinumone-business-services-ltd/pobs/543352/,PlatinumOne Business Services Limited,26.90
543357,Axis NIFTY India Consumption ETF,Active,B,10.0,INF846K016C7,,CONSUMAXIS,Equity,https://www.bseindia.com/stock-share-price/axis-nifty-india-consumption-etf/consumaxis/543357/,Axis Mutual Fund,
543358,Sansera Engineering Ltd,Active,A,2.0,INE953O01021,,SANSERA,Equity,https://www.bseindia.com/stock-share-price/sansera-engineering-ltd/sansera/543358/,Sansera Engineering Limited,23595.10
543363,Prevest Denpro Ltd,Active,M,10.0,INE0GAO01018,,PREVEST,Equity,https://www.bseindia.com/stock-share-price/prevest-denpro-ltd/prevest/543363/,Prevest Denpro Limited,453.89
543364,Markolines Pavement Technologies Ltd,Active,B,10.0,INE0FW001016,,MARKOLINES,Equity,https://www.bseindia.com/stock-share-price/markolines-pavement-technologies-ltd/markolines/543364/,Markolines Pavement Technologies Limited,401.44
543365,Mirae Asset S&P 500 Top 50 ETF,Active,B,20.0,INF769K01HP3,,MASPTOP50,Equity,https://www.bseindia.com/stock-share-price/mirae-asset-sp-500-top-50-etf/masptop50/543365/,Mirae Asset Mutual Fund,
543366,SBL Infratech Ltd,Active,M,10.0,INE0DLM01024,,SBLI,Equity,https://www.bseindia.com/stock-share-price/sbl-infratech-ltd/sbli/543366/,SBL Infratech Limited,4.21
543367,Paras Defence and Space Technologies Ltd,Active,A,5.0,INE045601023,,PARAS,Equity,https://www.bseindia.com/stock-share-price/paras-defence-and-space-technologies-ltd/paras/543367/,Paras Defence and Space Technologies Limited,10615.37
543372,Getalong Enterprise Ltd,Active,MT,1.0,INE0H1201020,,GETALONG,Equity,https://www.bseindia.com/stock-share-price/getalong-enterprise-ltd/getalong/543372/,Getalong Enterprise Limited,16.29
543373,Shri Venkatesh Refineries Ltd,Active,T,10.0,INE0HLJ01013,,SVRL,Equity,https://www.bseindia.com/stock-share-price/shri-venkatesh-refineries-ltd/svrl/543373/,Shri Venkatesh Refineries Limited,1101.54
543374,Aditya Birla Sun Life AMC Ltd,Active,A,5.0,INE404A01024,,ABSLAMC,Equity,https://www.bseindia.com/stock-share-price/aditya-birla-sun-life-amc-ltd/abslamc/543374/,Aditya Birla Sun Life AMC Limited,29622.05
543375,Promax Power Ltd,Active,M,10.0,INE0I2F01015,,PROMAX,Equity,https://www.bseindia.com/stock-share-price/promax-power-ltd/promax/543375/,Promax Power Limited,32.48
543376,Samor Reality Ltd,Active,B,10.0,INE0GD201014,,SAMOR,Equity,https://www.bseindia.com/stock-share-price/samor-reality-ltd/samor/543376/,Samor Reality Limited,213.46
543377,Adishakti Loha and Ispat Ltd,Active,M,10.0,INE0CWK01019,,ADISHAKTI,Equity,https://www.bseindia.com/stock-share-price/adishakti-loha-and-ispat-ltd/adishakti/543377/,Adishakti Loha and Ispat Limited,8.84
543378,CWD Ltd,Active,MS,10.0,INE0H8H01019,,CWD,Equity,https://www.bseindia.com/stock-share-price/cwd-ltd/cwd/543378/,CWD Limited,751.78
543383,ICICI Prudential Nifty India Consumption ETF,Active,B,10.0,INF109KC1V42,,CONSUMIETF,Equity,https://www.bseindia.com/stock-share-price/icici-prudential-nifty-india-consumption-etf/consumietf/543383/,ICICI Prudential Mutual Fund,
543384,FSN E-Commerce Ventures Ltd,Active,A,1.0,INE388Y01029,,NYKAA,Equity,https://www.bseindia.com/stock-share-price/fsn-e-commerce-ventures-ltd/nykaa/543384/,FSN E-Commerce Ventures Limited,96140.71
543386,Fino Payments Bank Ltd,Active,B,10.0,INE02NC01014,,FINOPB,Equity,https://www.bseindia.com/stock-share-price/fino-payments-bank-ltd/finopb/543386/,Fino Payments Bank Limited,1335.24
543387,S.J.S. Enterprises Ltd,Active,A,10.0,INE284S01014,,SJS,Equity,https://www.bseindia.com/stock-share-price/sjs-enterprises-ltd/sjs/543387/,S.J.S. Enterprises Limited,7794.33
543388,DSP Nifty 50 Equal Weight ETF,Active,B,10.0,INF740KA1QK2,,EQUAL50ADD,Equity,https://www.bseindia.com/stock-share-price/dsp-nifty-50-equal-weight-etf/equal50add/543388/,DSP Mutual Fund,
543389,Sigachi Industries Ltd,Active,T,1.0,INE0D0K01022,,SIGACHI,Equity,https://www.bseindia.com/stock-share-price/sigachi-industries-ltd/sigachi/543389/,Sigachi Industries Limited,987.01
543390,PB Fintech Ltd,Active,A,2.0,INE417T01026,,POLICYBZR,Equity,https://www.bseindia.com/stock-share-price/pb-fintech-ltd/policybzr/543390/,PB Fintech Limited,73915.51
543391,Suyog Gurbaxani Funicular Ropeways Ltd,Active,M,10.0,INE07GA01011,,SGFRL,Equity,https://www.bseindia.com/stock-share-price/suyog-gurbaxani-funicular-ropeways-ltd/sgfrl/543391/,Suyog Gurbaxani Funicular Ropeways Limited,241.16
543396,One 97 Communications Ltd,Active,A,1.0,INE982J01020,,PAYTM,Equity,https://www.bseindia.com/stock-share-price/one-97-communications-ltd/paytm/543396/,One 97 Communications Limited,92739.08
543397,Sapphire Foods India Ltd,Active,A,2.0,INE806T01020,,SAPPHIRE,Equity,https://www.bseindia.com/stock-share-price/sapphire-foods-india-ltd/sapphire/543397/,Sapphire Foods India Limited,6418.02
543398,Latent View Analytics Ltd,Active,A,1.0,INE0I7C01011,,LATENTVIEW,Equity,https://www.bseindia.com/stock-share-price/latent-view-analytics-ltd/latentview/543398/,Latent View Analytics Limited,6143.60
543399,Tarsons Products Ltd,Active,B,2.0,INE144Z01023,,TARSONS,Equity,https://www.bseindia.com/stock-share-price/tarsons-products-ltd/tarsons/543399/,Tarsons Products Limited,1686.91
543400,Omnipotent Industries Ltd,Active,M,10.0,INE0JFE01012,,OMNIPOTENT,Equity,https://www.bseindia.com/stock-share-price/omnipotent-industries-ltd/omnipotent/543400/,Omnipotent Industries Limited,1.55
543401,Go Fashion (India) Ltd,Active,B,10.0,INE0BJS01011,,GOCOLORS,Equity,https://www.bseindia.com/stock-share-price/go-fashion-(india)-ltd/gocolors/543401/,Go Fashion (India) Limited,1726.73
543410,DMR Engineering Ltd,Active,M,10.0,INE07L501010,,DMR,Equity,https://www.bseindia.com/stock-share-price/dmr-engineering-ltd/dmr/543410/,DMR ENGINEERING LIMITED,30.13
543411,Hi-Tech Pipes Ltd,Active,B,1.0,INE106T01025,,HITECH,Equity,https://www.bseindia.com/stock-share-price/hi-tech-pipes-ltd/hitech/543411/,HI-TECH PIPES LIMITED,1727.84
543412,Star Health and Allied Insurance Company Ltd,Active,A,10.0,INE575P01011,,STARHEALTH,Equity,https://www.bseindia.com/stock-share-price/star-health-and-allied-insurance-company-ltd/starhealth/543412/,Star Health and Allied Insurance Company Limited,33749.00
543413,Tega Industries Ltd,Active,A,10.0,INE011K01018,,TEGA,Equity,https://www.bseindia.com/stock-share-price/tega-industries-ltd/tega/543413/,Tega Industries Limited,11887.08
543414,Mirae Asset Hang Seng TECH ETF,Active,B,10.0,INF769K01HS7,,MAHKTECH,Equity,https://www.bseindia.com/stock-share-price/mirae-asset-hang-seng-tech-etf/mahktech/543414/,Mirae Asset Mutual Fund,
543415,Anand Rathi Wealth Ltd,Active,A,5.0,INE463V01026,,ANANDRATHI,Equity,https://www.bseindia.com/stock-share-price/anand-rathi-wealth-ltd/anandrathi/543415/,Anand Rathi Wealth Limited,34360.58
543416,Zodiac Energy Ltd,Active,B,10.0,INE761Y01019,,ZODIAC,Equity,https://www.bseindia.com/stock-share-price/zodiac-energy-ltd/zodiac/543416/,Zodiac Energy Limited,386.16
543417,RateGain Travel Technologies Ltd,Active,A,1.0,INE0CLI01024,,RATEGAIN,Equity,https://www.bseindia.com/stock-share-price/rategain-travel-technologies-ltd/rategain/543417/,RateGain Travel Technologies Limited,11192.40
543419,Shriram Properties Ltd,Active,B,10.0,INE217L01019,,SHRIRAMPPS,Equity,https://www.bseindia.com/stock-share-price/shriram-properties-ltd/shrirampps/543419/,Shriram Properties Limited,1448.00
543420,Jet Freight Logistics Ltd,Active,B,5.0,INE982V01025,,JETFREIGHT,Equity,https://www.bseindia.com/stock-share-price/jet-freight-logistics-ltd/jetfreight/543420/,Jet Freight Logistics Limited,106.03
543425,C.E. Info Systems Ltd,Active,A,2.0,INE0BV301023,,MAPMYINDIA,Equity,https://www.bseindia.com/stock-share-price/ce-info-systems-ltd/mapmyindia/543425/,C.E. Info Systems Limited,5860.80
543426,Metro Brands Ltd,Active,A,5.0,INE317I01021,,METROBRAND,Equity,https://www.bseindia.com/stock-share-price/metro-brands-ltd/metrobrand/543426/,Metro Brands Limited,26715.49
543427,Medplus Health Services Ltd,Active,A,2.0,INE804L01022,,MEDPLUS,Equity,https://www.bseindia.com/stock-share-price/medplus-health-services-ltd/medplus/543427/,Medplus Health Services Limited,8296.06
543428,Data Patterns (India) Ltd,Active,A,2.0,INE0IX101010,,DATAPATTNS,Equity,https://www.bseindia.com/stock-share-price/data-patterns-(india)-ltd/datapattns/543428/,Data Patterns (India) Limited,24582.56
543433,HP Adhesives Ltd,Active,B,2.0,INE0GSL01024,,HPAL,Equity,https://www.bseindia.com/stock-share-price/hp-adhesives-ltd/hpal/543433/,HP Adhesives Limited,323.31
543434,Supriya Lifescience Ltd,Active,B,2.0,INE07RO01027,,SUPRIYA,Equity,https://www.bseindia.com/stock-share-price/supriya-lifescience-ltd/supriya/543434/,Supriya Lifescience Limited,7166.99
543435,Clara Industries Ltd,Active,M,10.0,INE0JJS01014,,CLARA,Equity,https://www.bseindia.com/stock-share-price/clara-industries-ltd/clara/543435/,CLARA INDUSTRIES LIMITED,86.00
543436,Wherrelz IT Solutions Ltd,Active,TS,10.0,INE0IM001015,,WITS,Equity,https://www.bseindia.com/stock-share-price/wherrelz-it-solutions-ltd/wits/543436/,Wherrelz IT Solutions Limited,5.80
543437,Motilal Oswal Nasdaq Q 50 ETF,Active,B,10.0,INF247L01AU3,,MONQ50,Equity,https://www.bseindia.com/stock-share-price/motilal-oswal-nasdaq-q-50-etf/monq50/543437/,Motilal Oswal Mutual Fund,
543438,DSP Nifty Midcap 150 Quality 50 ETF,Active,B,1.0,INF740KA1ZF3,,MIDQ50ADD,Equity,https://www.bseindia.com/stock-share-price/dsp-nifty-midcap-150-quality-50-etf/midq50add/543438/,DSP Mutual Fund,
543440,DSP Nifty 50 ETF,Active,B,10.0,INF740KA1CL0,,NIFTYADD,Equity,https://www.bseindia.com/stock-share-price/dsp-nifty-50-etf/niftyadd/543440/,DSP Mutual Fund,
543441,CMS Info Systems Ltd,Active,A,10.0,INE925R01014,,CMSINFO,Equity,https://www.bseindia.com/stock-share-price/cms-info-systems-ltd/cmsinfo/543441/,CMS Info Systems Limited,4432.96
543442,Brand Concepts Ltd,Active,B,10.0,INE977Y01011,,BCONCEPTS,Equity,https://www.bseindia.com/stock-share-price/brand-concepts-ltd/bconcepts/543442/,Brand Concepts Limited,222.18
543443,Ascensive Educare Ltd,Active,MS,1.0,INE0E4I01027,,ASCENSIVE,Equity,https://www.bseindia.com/stock-share-price/ascensive-educare-ltd/ascensive/543443/,Ascensive Educare Limited,85.51
543444,Fabino Enterprises Ltd,Active,MT,10.0,INE0DRT01018,,FABINO,Equity,https://www.bseindia.com/stock-share-price/fabino-enterprises-ltd/fabino/543444/,FABINO ENTERPRISES LIMITED,4.27
543449,Wonder Electricals Ltd,Active,B,1.0,INE02WG01024,,WEL,Equity,https://www.bseindia.com/stock-share-price/wonder-electricals-ltd/wel/543449/,WONDER ELECTRICALS LIMITED,1612.79
543450,ICICI Prudential Nifty Auto ETF,Active,B,1.0,INF109KC10V2,,AUTOIETF,Equity,https://www.bseindia.com/stock-share-price/icici-prudential-nifty-auto-etf/autoietf/543450/,ICICI Prudential Mutual Fund,
543451,AGS Transact Technologies Ltd,Active,Z,10.0,INE583L01014,,AGSTRA,Equity,https://www.bseindia.com/stock-share-price/ags-transact-technologies-ltd/agstra/543451/,AGS TRANSACT TECHNOLOGIES LIMITED,26.33
543453,Alkosign Ltd,Active,M,10.0,INE0KA601012,,ALKOSIGN,Equity,https://www.bseindia.com/stock-share-price/alkosign-ltd/alkosign/543453/,ALKOSIGN LIMITED,66.36
543454,Mirae Asset Nifty India Manufacturing ETF,Active,B,50.0,INF769K01IB1,,MAKEINDIA,Equity,https://www.bseindia.com/stock-share-price/mirae-asset-nifty-india-manufacturing-etf/makeindia/543454/,Mirae Asset Mutual Fund,
543458,AWL Agri Business Ltd,Active,A,1.0,INE699H01024,,AWL,Equity,https://www.bseindia.com/stock-share-price/awl-agri-business-ltd/awl/543458/,AWL AGRI BUSINESS LIMITED,25642.66
543460,Quality RO Industries Ltd,Active,M,10.0,INE0KAF01018,,QRIL,Equity,https://www.bseindia.com/stock-share-price/quality-ro-industries-ltd/qril/543460/,Quality RO Industries Limited,10.46
543461,Safa Systems & Technologies Ltd,Active,M,10.0,INE0JNA01014,,SSTL,Equity,https://www.bseindia.com/stock-share-price/safa-systems--technologies-ltd/sstl/543461/,Safa Systems & Technologies Limited,49.31
543462,Dev Information Technology Ltd,Active,B,2.0,INE060X01034,,DEVIT,Equity,https://www.bseindia.com/stock-share-price/dev-information-technology-ltd/devit/543462/,DEV INFORMATION TECHNOLOGY LIMITED,153.31
543463,Vedant Fashions Ltd,Active,A,1.0,INE825V01034,,MANYAVAR,Equity,https://www.bseindia.com/stock-share-price/vedant-fashions-ltd/manyavar/543463/,Vedant Fashions Limited,12176.85
543464,Maruti Interior Products Ltd,Active,M,10.0,INE0JSJ01014,,SPITZE,Equity,https://www.bseindia.com/stock-share-price/maruti-interior-products-ltd/spitze/543464/,Maruti Interior Products Limited,232.30
543465,Motilal Oswal Nifty 200 Momentum 30 ETF,Active,B,2.0,INF247L01BK2,,MOMOMENTUM,Equity,https://www.bseindia.com/stock-share-price/motilal-oswal-nifty-200-momentum-30-etf/momomentum/543465/,Motilal Oswal Mutual Fund,
543470,Softtech Engineers Ltd,Active,T,10.0,INE728Z01015,,SOFTTECH,Equity,https://www.bseindia.com/stock-share-price/softtech-engineers-ltd/softtech/543470/,SoftTech Engineers Limited,595.14
543472,Aditya Birla Sunlife Nifty IT ETF,Active,B,1.0,INF209KB11D8,,TECH,Equity,https://www.bseindia.com/stock-share-price/aditya-birla-sunlife-nifty-it-etf/tech/543472/,Aditya Birla Sun Life Mutual Fund,
543473,Aditya Birla Sun Life Nifty Healthcare ETF,Active,B,1.0,INF209KB10C2,,HEALTHY,Equity,https://www.bseindia.com/stock-share-price/aditya-birla-sun-life-nifty-healthcare-etf/healthy/543473/,Aditya Birla Sun Life Mutual Fund,
543474,Aditya Birla Sun Life Nifty 50 ETF,Active,B,1.0,INF209KB19D1,,BSLNIFTY,Equity,https://www.bseindia.com/stock-share-price/aditya-birla-sun-life-nifty-50-etf/bslnifty/543474/,Aditya Birla Sun Life Mutual Fund,
543475,Ekennis Software Service Ltd,Active,M,10.0,INE0KCM01010,,EKENNIS,Equity,https://www.bseindia.com/stock-share-price/ekennis-software-service-ltd/ekennis/543475/,Ekennis Software Service Limited,9.75
543481,Mirae Asset Nifty Midcap 150 ETF,Active,B,5.0,INF769K01IC9,,MIDCAPETF,Equity,https://www.bseindia.com/stock-share-price/mirae-asset-nifty-midcap-150-etf/midcapetf/543481/,Mirae Asset Mutual Fund,
543482,Eureka Forbes Ltd,Active,A,10.0,INE0KCE01017,,EUREKAFORB,Equity,https://www.bseindia.com/stock-share-price/eureka-forbes-ltd/eurekaforb/543482/,Eureka Forbes Limited,8888.58
543489,Gateway Distriparks Ltd,Active,B,10.0,INE079J01017,,GATEWAY,Equity,https://www.bseindia.com/stock-share-price/gateway-distriparks-ltd/gateway/543489/,Gateway Distriparks Limited,2836.98
543490,GMR Power and Urban Infra Ltd,Active,A,5.0,INE0CU601026,,GMRP&UI,Equity,https://www.bseindia.com/stock-share-price/gmr-power-and-urban-infra-ltd/gmrpui/543490/,GMR Power and Urban Infra Limited,7633.67
543497,Bhatia Colour Chem Ltd,Active,M,10.0,INE0KQ001017,,BCCL,Equity,https://www.bseindia.com/stock-share-price/bhatia-colour-chem-ltd/bccl/543497/,Bhatia Colour Chem Limited,44.48
543498,Motherson Sumi Wiring India Ltd,Active,A,1.0,INE0FS801015,,MSUMI,Equity,https://www.bseindia.com/stock-share-price/motherson-sumi-wiring-india-ltd/msumi/543498/,Motherson Sumi Wiring India Limited,27189.81
543499,Achyut Healthcare Ltd,Active,T,1.0,INE0K1401020,,ACHYUT,Equity,https://www.bseindia.com/stock-share-price/achyut-healthcare-ltd/achyut/543499/,Achyut Healthcare Limited,164.61
543500,Evoq Remedies Ltd,Active,MT,10.0,INE0JVD01011,,EVOQ,Equity,https://www.bseindia.com/stock-share-price/evoq-remedies-ltd/evoq/543500/,Evoq Remedies Limited,4.76
543501,Motilal Oswal BSE Low Volatility ETF,Active,B,2.0,INF247L01BL0,,MOLOWVOL,Equity,https://www.bseindia.com/stock-share-price/motilal-oswal-bse-low-volatility-etf/molowvol/543501/,Motilal Oswal Mutual Fund,
543512,Avro India Ltd,Active,B,1.0,INE652Z01025,,AVROIND,Equity,https://www.bseindia.com/stock-share-price/avro-india-ltd/avroind/543512/,Avro India Limited,122.77
543513,Uma Exports Ltd,Active,T,10.0,INE0GIU01018,,UMAEXPORTS,Equity,https://www.bseindia.com/stock-share-price/uma-exports-ltd/umaexports/543513/,Uma Exports Limited,68.30
543514,Veranda Learning Solutions Ltd,Active,B,10.0,INE0IQ001011,,VERANDA,Equity,https://www.bseindia.com/stock-share-price/veranda-learning-solutions-ltd/veranda/543514/,Veranda Learning Solutions Limited,2490.19
543515,Sunrise Efficient Marketing Ltd,Active,MT,10.0,INE0KPY01017,,SEML,Equity,https://www.bseindia.com/stock-share-price/sunrise-efficient-marketing-ltd/seml/543515/,Sunrise Efficient Marketing Limited,72.73
543516,Dhyaani Tradeventtures Ltd,Active,MT,10.0,INE0K5F01014,,DHYAANITR,Equity,https://www.bseindia.com/stock-share-price/dhyaani-tradeventtures-ltd/dhyaanitr/543516/,DHYAANI TRADEVENTTURES LIMITED,10.50
543517,Hariom Pipe Industries Ltd,Active,B,10.0,INE00EV01017,,HARIOMPIPE,Equity,https://www.bseindia.com/stock-share-price/hariom-pipe-industries-ltd/hariompipe/543517/,Hariom Pipe Industries Limited,1238.38
543518,Eighty Jewellers Ltd,Active,MT,10.0,INE0KSN01014,,EIGHTY,Equity,https://www.bseindia.com/stock-share-price/eighty-jewellers-ltd/eighty/543518/,Eighty Jewellers Limited,38.66
543519,Shashwat Furnishing Solutions Ltd,Active,M,10.0,INE0JMN01019,,SFSL,Equity,https://www.bseindia.com/stock-share-price/shashwat-furnishing-solutions-ltd/sfsl/543519/,Shashwat Furnishing Solutions Limited,16.24
543520,Global Longlife Hospital and Research Ltd,Active,M,10.0,INE0J2K01014,,GLHRL,Equity,https://www.bseindia.com/stock-share-price/global-longlife-hospital-and-research-ltd/glhrl/543520/,Global Longlife Hospital and Research Limited,13.94
543521,Fone4 Communications (India) Ltd,Active,M,10.0,INE0L3H01014,,FONE4,Equity,https://www.bseindia.com/stock-share-price/fone4-communications-(india)-ltd/fone4/543521/,Fone4 Communications (India) Limited,13.07
543522,Nanavati Ventures Ltd,Active,M,10.0,INE0E5R01017,,NVENTURES,Equity,https://www.bseindia.com/stock-share-price/nanavati-ventures-ltd/nventures/543522/,Nanavati Ventures Limited,41.56
543523,Campus Activewear Ltd,Active,A,5.0,INE278Y01022,,CAMPUS,Equity,https://www.bseindia.com/stock-share-price/campus-activewear-ltd/campus/543523/,Campus Activewear Limited,6697.44
543524,Rainbow Children's Medicare Ltd,Active,A,10.0,INE961O01016,,RAINBOW,Equity,https://www.bseindia.com/stock-share-price/rainbow-childrens-medicare-ltd/rainbow/543524/,Rainbow Children's Medicare Limited,15999.79
543525,Silver Touch Technologies Ltd,Active,B,2.0,INE625X01026,,SILVERTUC,Equity,https://www.bseindia.com/stock-share-price/silver-touch-technologies-ltd/silvertuc/543525/,Silver Touch Technologies Limited,2452.51
543526,Life Insurance Corporation of India,Active,A,10.0,INE0J1Y01017,,LICI,Equity,https://www.bseindia.com/stock-share-price/life-insurance-corporation-of-india/lici/543526/,LIFE INSURANCE CORPORATION OF INDIA,490250.57
543527,Prudent Corporate Advisory Services Ltd,Active,A,5.0,INE00F201020,,PRUDENT,Equity,https://www.bseindia.com/stock-share-price/prudent-corporate-advisory-services-ltd/prudent/543527/,Prudent Corporate Advisory Services Limited,13535.43
543528,Venus Pipes & Tubes Ltd,Active,B,10.0,INE0JA001018,,VENUSPIPES,Equity,https://www.bseindia.com/stock-share-price/venus-pipes--tubes-ltd/venuspipes/543528/,Venus Pipes & Tubes Limited,3289.41
543529,Delhivery Ltd,Active,A,1.0,INE148O01028,,DELHIVERY,Equity,https://www.bseindia.com/stock-share-price/delhivery-ltd/delhivery/543529/,Delhivery Limited,35198.08
543530,Paradeep Phosphates Ltd,Active,A,10.0,INE088F01024,,PARADEEP,Equity,https://www.bseindia.com/stock-share-price/paradeep-phosphates-ltd/paradeep/543530/,Paradeep Phosphates Limited,15375.31
543531,Tierra Agrotech Ltd,Active,X,10.0,INE05CY01014,,TIERRA,Equity,https://www.bseindia.com/stock-share-price/tierra-agrotech-ltd/tierra/543531/,Tierra Agrotech Limited,247.94
543532,Ethos Ltd,Active,A,10.0,INE04TZ01018,,ETHOSLTD,Equity,https://www.bseindia.com/stock-share-price/ethos-ltd/ethosltd/543532/,ETHOS LIMITED,7554.77
543533,eMudhra Ltd,Active,B,5.0,INE01QM01018,,EMUDHRA,Equity,https://www.bseindia.com/stock-share-price/emudhra-ltd/emudhra/543533/,eMudhra Limited,4208.10
543534,Aether Industries Ltd,Active,A,10.0,INE0BWX01014,,AETHER,Equity,https://www.bseindia.com/stock-share-price/aether-industries-ltd/aether/543534/,Aether Industries Limited,21049.54
543535,We Win Ltd,Active,T,10.0,INE082W01014,,WEWIN,Equity,https://www.bseindia.com/stock-share-price/we-win-ltd/wewin/543535/,We Win Limited,46.74
543536,Silver Pearl Hospitality & Luxury Spaces Ltd,Active,M,10.0,INE0KXN01014,,SILVERPRL,Equity,https://www.bseindia.com/stock-share-price/silver-pearl-hospitality--luxury-spaces-ltd/silverprl/543536/,Silver Pearl Hospitality & Luxury Spaces Limited,3.93
543537,Scarnose International Ltd,Active,M,10.0,INE0IXR01019,,SCARNOSE,Equity,https://www.bseindia.com/stock-share-price/scarnose-international-ltd/scarnose/543537/,Scarnose International Limited,13.98
543538,Goel Food Products Ltd,Active,M,10.0,INE0K6L01010,,GOEL,Equity,https://www.bseindia.com/stock-share-price/goel-food-products-ltd/goel/543538/,Goel Food Products Limited,23.55
543539,Modis Navnirman Ltd,Active,B,10.0,INE0L0L01012,,MODIS,Equity,https://www.bseindia.com/stock-share-price/modis-navnirman-ltd/modis/543539/,MODI’S NAVNIRMAN LIMITED,808.04
543540,Pearl Green Clubs and Resorts Ltd,Active,M,10.0,INE0GTX01019,,PGCRL,Equity,https://www.bseindia.com/stock-share-price/pearl-green-clubs-and-resorts-ltd/pgcrl/543540/,Pearl Green Clubs and Resorts Limited,31.30
543541,Sailani Tours N Travels Ltd,Active,M,10.0,INE0KHQ01010,,SAILANI,Equity,https://www.bseindia.com/stock-share-price/sailani-tours-n-travels-ltd/sailani/543541/,SAILANI TOURS N TRAVELS LIMITED,5.61
543542,Kesar India Ltd,Active,M,10.0,INE0L1C01019,,KESAR,Equity,https://www.bseindia.com/stock-share-price/kesar-india-ltd/kesar/543542/,KESAR INDIA LIMITED,3807.49
543543,B-Right Realestate Ltd,Active,M,10.0,INE0IZQ01016,,BRRL,Equity,https://www.bseindia.com/stock-share-price/b-right-realestate-ltd/brrl/543543/,B-RIGHT REALESTATE LIMITED,872.99
543544,Jayant Infratech Ltd,Active,MT,10.0,INE0KR801019,,JAYANT,Equity,https://www.bseindia.com/stock-share-price/jayant-infratech-ltd/jayant/543544/,JAYANT INFRATECH LIMITED,71.32
543545,Veerkrupa Jewellers Ltd,Active,M,1.0,INE0ID001024,,VEERKRUPA,Equity,https://www.bseindia.com/stock-share-price/veerkrupa-jewellers-ltd/veerkrupa/543545/,Veerkrupa Jewellers Limited,6.42
543546,Healthy Life Agritec Ltd,Active,MT,10.0,INE0L3501015,,HEALTHYLIFE,Equity,https://www.bseindia.com/stock-share-price/healthy-life-agritec-ltd/healthylife/543546/,HEALTHY LIFE AGRITEC LIMITED,27.54
543547,Ddev Plastiks Industries Ltd,Active,B,1.0,INE0HR601026,,DDEVPLSTIK,Equity,https://www.bseindia.com/stock-share-price/ddev-plastiks-industries-ltd/ddevplstik/543547/,DDEV PLASTIKS INDUSTRIES LIMITED,3213.99
543563,Motilal Oswal BSE Healthcare ETF,Active,B,10.0,INF247L01BB1,,MOHEALTH,Equity,https://www.bseindia.com/stock-share-price/motilal-oswal-bse-healthcare-etf/mohealth/543563/,Motilal Oswal Mutual Fund,
543568,ICICI Prudential Nifty 200 Momentum 30 ETF,Active,B,10.0,INF109KC17C7,,MOM30IETF,Equity,https://www.bseindia.com/stock-share-price/icici-prudential-nifty-200-momentum-30-etf/mom30ietf/543568/,ICICI Prudential Mutual Fund,
543569,HDFC NIFTY 100 ETF,Active,B,17.73,INF179KC1HR4,,HDFCNIF100,Equity,https://www.bseindia.com/stock-share-price/hdfc-nifty-100-etf/hdfcnif100/543569/,HDFC Mutual Fund,
543570,HDFC Mutual Fund,Active,B,41.82,INF179KC1HS2,,HDFCNEXT50,Equity,https://www.bseindia.com/stock-share-price/hdfc-mutual-fund/hdfcnext50/543570/,HDFC Mutual Fund,
543571,ICICI Prudential Nifty Infrastructure ETF,Active,B,10.0,INF109KC16E5,,INFRAIETF,Equity,https://www.bseindia.com/stock-share-price/icici-prudential-nifty-infrastructure-etf/infraietf/543571/,ICICI Prudential Mutual Fund,
543573,Syrma SGS Technology Ltd,Active,A,10.0,INE0DYJ01015,,SYRMA,Equity,https://www.bseindia.com/stock-share-price/syrma-sgs-technology-ltd/syrma/543573/,Syrma SGS Technology Limited,27332.76
543574,Aditya Birla Sun Life Nifty 200 Quality 30 ETF,Active,B,1.0,INF209KB15K4,,NIFTYQLITY,Equity,https://www.bseindia.com/stock-share-price/aditya-birla-sun-life-nifty-200-quality-30-etf/niftyqlity/543574/,Aditya Birla Sun Life Mutual Fund,
543575,Aditya Birla Sun Life Nifty 200 Momentum 30 ETF,Active,B,1.0,INF209KB14K7,,MOMENTUM,Equity,https://www.bseindia.com/stock-share-price/aditya-birla-sun-life-nifty-200-momentum-30-etf/momentum/543575/,Aditya Birla Sun Life Mutual Fund,
543576,Motilal Oswal BSE Enhanced Value ETF,Active,B,10.0,INF247L01BE5,,MOVALUE,Equity,https://www.bseindia.com/stock-share-price/motilal-oswal-bse-enhanced-value-etf/movalue/543576/,Motilal Oswal Mutual Fund,
543577,Motilal Oswal BSE Quality ETF,Active,B,10.0,INF247L01BH8,,MOQUALITY,Equity,https://www.bseindia.com/stock-share-price/motilal-oswal-bse-quality-etf/moquality/543577/,Motilal Oswal Mutual Fund,
543578,Olatech Solutions Ltd,Active,M,10.0,INE0M3901015,,OLATECH,Equity,https://www.bseindia.com/stock-share-price/olatech-solutions-ltd/olatech/543578/,Olatech Solutions Limited,30.83
543590,Rhetan TMT Ltd,Active,B,1.0,INE0KKN01029,,RHETAN,Equity,https://www.bseindia.com/stock-share-price/rhetan-tmt-ltd/rhetan/543590/,Rhetan TMT Limited,2618.53
543591,Dreamfolks Services Ltd,Active,B,2.0,INE0JS101016,,DREAMFOLKS,Equity,https://www.bseindia.com/stock-share-price/dreamfolks-services-ltd/dreamfolks/543591/,DREAMFOLKS SERVICES LIMITED,376.88
543593,Dhampur Bio Organics Ltd,Active,B,10.0,INE0I3401014,,DBOL,Equity,https://www.bseindia.com/stock-share-price/dhampur-bio-organics-ltd/dbol/543593/,Dhampur Bio Organics Limited,731.99
543594,Dipna Pharmachem Ltd,Active,M,10.0,INE0MC401013,,DPL,Equity,https://www.bseindia.com/stock-share-price/dipna-pharmachem-ltd/dpl/543594/,DIPNA PHARMACHEM LIMITED,11.73
543595,EP Biocomposites Ltd,Active,M,10.0,INE0D2I01014,,EPBIO,Equity,https://www.bseindia.com/stock-share-price/ep-biocomposites-ltd/epbio/543595/,EP BIOCOMPOSITES LIMITED,18.66
543596,Tamilnad Mercantile Bank Ltd,Active,A,10.0,INE668A01016,,TMB,Equity,https://www.bseindia.com/stock-share-price/tamilnad-mercantile-bank-ltd/tmb/543596/,Tamilnad Mercantile Bank Limited,13822.50
543597,Virtuoso Optoelectronics Ltd,Active,B,10.0,INE0I0T01010,,VOEPL,Equity,https://www.bseindia.com/stock-share-price/virtuoso-optoelectronics-ltd/voepl/543597/,Virtuoso Optoelectronics Limited,1610.75
543598,Shantidoot Infra Services Ltd,Active,MT,10.0,INE0LU301014,,SISL,Equity,https://www.bseindia.com/stock-share-price/shantidoot-infra-services-ltd/sisl/543598/,SHANTIDOOT INFRA SERVICES LIMITED,106.08
543599,Ksolves India Ltd,Active,B,5.0,INE0D6I01023,,KSOLVES,Equity,https://www.bseindia.com/stock-share-price/ksolves-india-ltd/ksolves/543599/,Ksolves India Limited,669.39
543600,Harsha Engineers International Ltd,Active,B,10.0,INE0JUS01029,,HARSHA,Equity,https://www.bseindia.com/stock-share-price/harsha-engineers-international-ltd/harsha/543600/,Harsha Engineers International Limited,3868.46
543605,HDFC NIFTY100 Quality 30 ETF,Active,B,38.59,INF179KC1DL6,,HDFCQUAL,Equity,https://www.bseindia.com/stock-share-price/hdfc-nifty100-quality-30-etf/hdfcqual/543605/,HDFC Mutual Fund,
543606,Containe Technologies Ltd,Active,MT,10.0,INE0M8901010,,CONTAINE,Equity,https://www.bseindia.com/stock-share-price/containe-technologies-ltd/containe/543606/,CONTAINE TECHNOLOGIES LIMITED,20.28
543607,HDFC NIFTY Growth Sectors 15 ETF,Active,B,89.04,INF179KC1DJ0,,HDFCGROWTH,Equity,https://www.bseindia.com/stock-share-price/hdfc-nifty-growth-sectors-15-etf/hdfcgrowth/543607/,HDFC Mutual Fund,
543608,HDFC NIFTY50 Value 20 ETF,Active,B,86.07,INF179KC1DK8,,HDFCVALUE,Equity,https://www.bseindia.com/stock-share-price/hdfc-nifty50-value-20-etf/hdfcvalue/543608/,HDFC Mutual Fund,
543613,Mafia Trends Ltd,Active,M,10.0,INE0KQQ01011,,MAFIA,Equity,https://www.bseindia.com/stock-share-price/mafia-trends-ltd/mafia/543613/,MAFIA TRENDS LIMITED,2.59
543614,Tips Films Ltd,Active,B,10.0,INE0LQS01015,,TIPSFILMS,Equity,https://www.bseindia.com/stock-share-price/tips-films-ltd/tipsfilms/543614/,Tips Films Limited,162.69
543615,Silicon Rental Solutions Ltd,Active,M,10.0,INE0MNV01014,,SRSOLTD,Equity,https://www.bseindia.com/stock-share-price/silicon-rental-solutions-ltd/srsoltd/543615/,SILICON RENTAL SOLUTIONS LIMITED,88.59
543616,Trident Lifeline Ltd,Active,M,10.0,INE0MKA01014,,TLL,Equity,https://www.bseindia.com/stock-share-price/trident-lifeline-ltd/tll/543616/,Trident Lifeline Limited,303.69
543617,Reetech International Ltd,Active,M,10.0,INE0MKO01015,,REETECH,Equity,https://www.bseindia.com/stock-share-price/reetech-international-ltd/reetech/543617/,REETECH INTERNATIONAL LIMITED,7.82
543618,Cargotrans Maritime Ltd,Active,M,10.0,INE0M4L01013,,CARGOTRANS,Equity,https://www.bseindia.com/stock-share-price/cargotrans-maritime-ltd/cargotrans/543618/,Cargotrans Maritime Limited,52.35
543619,Concord Control Systems Ltd,Active,M,10.0,INE0N0J01014,,CNCRD,Equity,https://www.bseindia.com/stock-share-price/concord-control-systems-ltd/cncrd/543619/,Concord Control Systems Limited,2647.09
543620,Insolation Energy Ltd,Active,B,1.0,INE0LGX01024,,INA,Equity,https://www.bseindia.com/stock-share-price/insolation-energy-ltd/ina/543620/,INSOLATION ENERGY LIMITED,2481.16
543621,Cargosol Logistics Ltd,Active,MT,10.0,INE0KZM01011,,CARGOSOL,Equity,https://www.bseindia.com/stock-share-price/cargosol-logistics-ltd/cargosol/543621/,Cargosol Logistics Limited,26.42
543622,Steelman Telecom Ltd,Active,M,10.0,INE0MSK01016,,STML,Equity,https://www.bseindia.com/stock-share-price/steelman-telecom-ltd/stml/543622/,STEELMAN TELECOM LIMITED,66.62
543623,Vedant Asset Ltd,Active,MT,10.0,INE0NC801013,,VEDANTASSET,Equity,https://www.bseindia.com/stock-share-price/vedant-asset-ltd/vedantasset/543623/,VEDANT ASSET LIMITED,22.00
543626,Electronics Mart India Ltd,Active,B,10.0,INE02YR01019,,EMIL,Equity,https://www.bseindia.com/stock-share-price/electronics-mart-india-ltd/emil/543626/,Electronics Mart India Limited,5769.31
543627,HDFC NIFTY100 Low Volatility 30 ETF,Active,B,12.62,INF179KC1HU8,,HDFCLOWVOL,Equity,https://www.bseindia.com/stock-share-price/hdfc-nifty100-low-volatility-30-etf/hdfclowvol/543627/,HDFC Mutual Fund,
543628,HDFC NIFTY200 Momentum 30 ETF,Active,B,19.06,INF179KC1HV6,,HDFCMOMENT,Equity,https://www.bseindia.com/stock-share-price/hdfc-nifty200-momentum-30-etf/hdfcmoment/543628/,HDFC Mutual Fund,
543635,Piramal Pharma Ltd,Active,A,10.0,INE0DK501011,,PPLPHARMA,Equity,https://www.bseindia.com/stock-share-price/piramal-pharma-ltd/pplpharma/543635/,PIRAMAL PHARMA LIMITED,27731.98
543636,Dc Infotech and Communication Ltd,Active,B,10.0,INE0A1101019,,DCI,Equity,https://www.bseindia.com/stock-share-price/dc-infotech-and-communication-ltd/dci/543636/,Dc Infotech and Communication Limited,574.25
543637,Pace E-Commerce Ventures Ltd,Active,M,10.0,INE0N1L01018,,PACE,Equity,https://www.bseindia.com/stock-share-price/pace-e-commerce-ventures-ltd/pace/543637/,PACE E-COMMERCE VENTURES LIMITED,34.90
543638,Tracxn Technologies Ltd,Active,B,1.0,INE0HMF01019,,TRACXN,Equity,https://www.bseindia.com/stock-share-price/tracxn-technologies-ltd/tracxn/543638/,Tracxn Technologies Limited,320.44
543643,Narmada Agrobase Ltd,Active,B,5.0,INE117Z01029,,NARMADA,Equity,https://www.bseindia.com/stock-share-price/narmada-agrobase-ltd/narmada/543643/,Narmada Agrobase Limited,105.54
543644,Infobeans Technologies Ltd,Active,B,10.0,INE344S01016,,INFOBEAN,Equity,https://www.bseindia.com/stock-share-price/infobeans-technologies-ltd/infobean/543644/,InfoBeans Technologies Limited,1626.75
543645,Hindprakash Industries Ltd,Active,B,10.0,INE05X901010,,HPIL,Equity,https://www.bseindia.com/stock-share-price/hindprakash-industries-ltd/hpil/543645/,HINDPRAKASH INDUSTRIES LIMITED,146.57
543650,DCX Systems Ltd,Active,B,2.0,INE0KL801015,,DCXINDIA,Equity,https://www.bseindia.com/stock-share-price/dcx-systems-ltd/dcxindia/543650/,DCX Systems Limited,2023.33
543651,DAPS Advertising Ltd,Active,MT,10.0,INE975Z01012,,DAPS,Equity,https://www.bseindia.com/stock-share-price/daps-advertising-ltd/daps/543651/,DAPS ADVERTISING LIMITED,12.66
543652,Fusion Finance Ltd,Active,B,10.0,INE139R01012,,FUSION,Equity,https://www.bseindia.com/stock-share-price/fusion-finance-ltd/fusion/543652/,FUSION FINANCE LIMITED,3483.48
543653,Bikaji Foods International Ltd,Active,A,1.0,INE00E101023,,BIKAJI,Equity,https://www.bseindia.com/stock-share-price/bikaji-foods-international-ltd/bikaji/543653/,Bikaji Foods International Limited,15657.23
543654,Global Health Ltd,Active,A,2.0,INE474Q01031,,MEDANTA,Equity,https://www.bseindia.com/stock-share-price/global-health-ltd/medanta/543654/,Global Health Limited,38720.23
543656,Technopack Polymers Ltd,Active,M,10.0,INE0MXP01015,,TECHNOPACK,Equity,https://www.bseindia.com/stock-share-price/technopack-polymers-ltd/technopack/543656/,Technopack Polymers Limited,13.50
543657,Archean Chemical Industries Ltd,Active,A,2.0,INE128X01021,,ACI,Equity,https://www.bseindia.com/stock-share-price/archean-chemical-industries-ltd/aci/543657/,Archean Chemical Industries Limited,6392.06
543663,Five-Star Business Finance Ltd,Active,A,1.0,INE128S01021,,FIVESTAR,Equity,https://www.bseindia.com/stock-share-price/five-star-business-finance-ltd/fivestar/543663/,Five-Star Business Finance Ltd.,16328.32
543664,Kaynes Technology India Ltd,Active,A,10.0,INE918Z01012,,KAYNES,Equity,https://www.bseindia.com/stock-share-price/kaynes-technology-india-ltd/kaynes/543664/,KAYNES TECHNOLOGY INDIA LIMITED,25620.64
543665,HDFC NIFTY IT ETF,Active,B,29.99,INF179KC1IA8,,HDFCNIFIT,Equity,https://www.bseindia.com/stock-share-price/hdfc-nifty-it-etf/hdfcnifit/543665/,HDFC Mutual Fund,
543666,HDFC NIFTY Private Bank ETF,Active,B,21.68,INF179KC1HZ7,,HDFCPVTBAN,Equity,https://www.bseindia.com/stock-share-price/hdfc-nifty-private-bank-etf/hdfcpvtban/543666/,HDFC Mutual Fund,
543667,Inox Green Energy Services Ltd,Active,T,10.0,INE510W01014,,INOXGREEN,Equity,https://www.bseindia.com/stock-share-price/inox-green-energy-services-ltd/inoxgreen/543667/,INOX GREEN ENERGY SERVICES LIMITED,6973.92
543668,B&B Triplewall Containers Ltd,Active,B,10.0,INE01EE01011,,BBTCL,Equity,https://www.bseindia.com/stock-share-price/bb-triplewall-containers-ltd/bbtcl/543668/,B&B Triplewall Containers Limited,456.27
543669,Keystone Realtors Ltd,Active,B,10.0,INE263M01029,,RUSTOMJEE,Equity,https://www.bseindia.com/stock-share-price/keystone-realtors-ltd/rustomjee/543669/,Keystone Realtors Limited,4845.11
543670,Vinny Overseas Ltd,Active,B,1.0,INE01KI01027,,VINNY,Equity,https://www.bseindia.com/stock-share-price/vinny-overseas-ltd/vinny/543670/,VINNY OVERSEAS LIMITED,50.25
543671,AAA Technologies Ltd,Active,B,10.0,INE0D0U01013,,AAATECH,Equity,https://www.bseindia.com/stock-share-price/aaa-technologies-ltd/aaatech/543671/,AAA TECHNOLOGIES LIMITED,120.35
543677,ICICI Prudential Nifty Financial Services Ex-Bank ETF,Active,B,10.0,INF109KC17L8,,FINIETF,Equity,https://www.bseindia.com/stock-share-price/icici-prudential-nifty-financial-services-ex-bank-etf/finietf/543677/,ICICI Prudential Mutual Fund,
543678,Ambo Agritec Ltd,Active,M,10.0,INE0N6V01016,,AMBOAGRI,Equity,https://www.bseindia.com/stock-share-price/ambo-agritec-ltd/amboagri/543678/,AMBO AGRITEC LIMITED,21.43
543686,Sirca Paints India Ltd,Active,B,10.0,INE792Z01011,,SIRCA,Equity,https://www.bseindia.com/stock-share-price/sirca-paints-india-ltd/sirca/543686/,Sirca Paints India Limited,2559.08
543687,Dharmaj Crop Guard Ltd,Active,B,10.0,INE00OQ01016,,DHARMAJ,Equity,https://www.bseindia.com/stock-share-price/dharmaj-crop-guard-ltd/dharmaj/543687/,Dharmaj Crop Guard Limited,890.39
543688,Sarveshwar Foods Ltd,Active,B,1.0,INE324X01026,,SARVESHWAR,Equity,https://www.bseindia.com/stock-share-price/sarveshwar-foods-ltd/sarveshwar/543688/,Sarveshwar Foods Limited,426.14
543689,Uniparts India Ltd,Active,B,10.0,INE244O01017,,UNIPARTS,Equity,https://www.bseindia.com/stock-share-price/uniparts-india-ltd/uniparts/543689/,Uniparts India Limited,3525.45
543709,PNGS Gargi Fashion Jewellery Ltd,Active,M,10.0,INE0NT601018,,GARGI,Equity,https://www.bseindia.com/stock-share-price/pngs-gargi-fashion-jewellery-ltd/gargi/543709/,PNGS GARGI FASHION JEWELLERY LIMITED,630.31
543710,ICICI Prudential Nifty Commodities ETF,Active,B,10.0,INF109KC19O8,,COMMOIETF,Equity,https://www.bseindia.com/stock-share-price/icici-prudential-nifty-commodities-etf/commoietf/543710/,ICICI Prudential Mutual Fund,
543711,Sula Vineyards Ltd,Active,B,2.0,INE142Q01026,,SULA,Equity,https://www.bseindia.com/stock-share-price/sula-vineyards-ltd/sula/543711/,Sula Vineyards Limited,1415.76
543712,Abans Financial Services Ltd,Active,B,2.0,INE00ZE01026,,AFSL,Equity,https://www.bseindia.com/stock-share-price/abans-financial-services-ltd/afsl/543712/,ABANS FINANCIAL SERVICES LIMITED,1024.42
543713,Droneacharya Aerial Innovations Ltd,Active,M,10.0,INE0MQD01015,,DRONACHRYA,Equity,https://www.bseindia.com/stock-share-price/droneacharya-aerial-innovations-ltd/dronachrya/543713/,Droneacharya Aerial Innovations Limited,88.09
543714,Landmark Cars Ltd,Active,B,5.0,INE559R01029,,LANDMARK,Equity,https://www.bseindia.com/stock-share-price/landmark-cars-ltd/landmark/543714/,LANDMARK CARS LIMITED,2268.55
543720,KFin Technologies Ltd,Active,A,10.0,INE138Y01010,,KFINTECH,Equity,https://www.bseindia.com/stock-share-price/kfin-technologies-ltd/kfintech/543720/,KFin Technologies Limited,16051.37
543725,Elin Electronics Ltd,Active,B,5.0,INE050401020,,ELIN,Equity,https://www.bseindia.com/stock-share-price/elin-electronics-ltd/elin/543725/,Elin Electronics Limited,506.54
543732,Radiant Cash Management Services Ltd,Active,B,1.0,INE855R01021,,RADIANTCMS,Equity,https://www.bseindia.com/stock-share-price/radiant-cash-management-services-ltd/radiantcms/543732/,Radiant Cash Management Services Limited,413.28
543737,Aveer Foods Ltd,Active,X,10.0,INE09BN01011,,AVEER,Equity,https://www.bseindia.com/stock-share-price/aveer-foods-ltd/aveer/543737/,Aveer Foods Limited,277.79
543738,DSP Nifty Bank ETF,Active,B,10.0,INF740KA1RX3,,BANKADD,Equity,https://www.bseindia.com/stock-share-price/dsp-nifty-bank-etf/bankadd/543738/,DSP Mutual Fund,
543743,Aeroflex Neu Ltd,Active,B,10.0,INE035801013,,AERONEU,Equity,https://www.bseindia.com/stock-share-price/aeroflex-neu-ltd/aeroneu/543743/,Aeroflex Neu Limited,218.70
543744,Rex Sealing and Packing Industries Ltd,Active,M,10.0,INE0MFT01014,,REXSEAL,Equity,https://www.bseindia.com/stock-share-price/rex-sealing-and-packing-industries-ltd/rexseal/543744/,Rex Sealing and Packing Industries Limited,31.02
543745,SVS Ventures Ltd,Active,M,10.0,INE0MID01012,,SVS,Equity,https://www.bseindia.com/stock-share-price/svs-ventures-ltd/svs/543745/,SVS VENTURES LIMITED,12.60
543746,Logica Infoway Ltd,Active,M,10.0,INE0BSU01018,,LOGICA,Equity,https://www.bseindia.com/stock-share-price/logica-infoway-ltd/logica/543746/,LOGICA INFOWAY LIMITED,279.51
543747,Kamdhenu Ventures Ltd,Active,B,1.0,INE0BTI01037,,KAMOPAINTS,Equity,https://www.bseindia.com/stock-share-price/kamdhenu-ventures-ltd/kamopaints/543747/,Kamdhenu Ventures Limited,151.01
543748,Aarti Pharmalabs Ltd,Active,A,5.0,INE0LRU01027,,AARTIPHARM,Equity,https://www.bseindia.com/stock-share-price/aarti-pharmalabs-ltd/aartipharm/543748/,Aarti Pharmalabs Limited,6253.28
543753,Dharni Capital Services Ltd,Active,M,1.0,INE0M9Q01011,,DHARNI,Equity,https://www.bseindia.com/stock-share-price/dharni-capital-services-ltd/dharni/543753/,DHARNI CAPITAL SERVICES LIMITED,132.41
543754,Transvoy Logistics India Ltd,Active,MT,10.0,INE0MPU01011,,TRANSVOY,Equity,https://www.bseindia.com/stock-share-price/transvoy-logistics-india-ltd/transvoy/543754/,TRANSVOY LOGISTICS INDIA LIMITED,23.97
543765,Earthstahl & Alloys Ltd,Active,M,10.0,INE0O4V01010,,EARTH,Equity,https://www.bseindia.com/stock-share-price/earthstahl--alloys-ltd/earth/543765/,Earthstahl & Alloys Limited,17.38
543766,Ashika Global Securities Ltd,Active,B,10.0,INE094B01013,,ASHIKAG,Equity,https://www.bseindia.com/stock-share-price/ashika-global-securities-ltd/ashikag/543766/,Ashika Global Securities Limited,3485.38
543767,Bodhi Tree Multimedia Ltd,Active,B,1.0,INE0EEJ01023,,BTML,Equity,https://www.bseindia.com/stock-share-price/bodhi-tree-multimedia-ltd/btml/543767/,BODHI TREE MULTIMEDIA LIMITED,131.37
543768,NMDC Steel Ltd,Active,A,10.0,INE0NNS01018,,NSLNISP,Equity,https://www.bseindia.com/stock-share-price/nmdc-steel-ltd/nslnisp/543768/,NMDC Steel Limited,13120.32
543769,Indong Tea Company Ltd,Active,M,10.0,INE0KN201016,,INDONG,Equity,https://www.bseindia.com/stock-share-price/indong-tea-company-ltd/indong/543769/,INDONG TEA COMPANY LIMITED,17.67
543774,HDFC BSE 500 ETF,Active,B,23.86,INF179KC1EZ4,,HDFCBSE500,Equity,https://www.bseindia.com/stock-share-price/hdfc-bse-500-etf/hdfcbse500/543774/,HDFC Mutual Fund,
543775,HDFC NIFTY Smallcap 250 ETF,Active,B,91.31,INF179KC1FB2,,HDFCSML250,Equity,https://www.bseindia.com/stock-share-price/hdfc-nifty-smallcap-250-etf/hdfcsml250/543775/,HDFC Mutual Fund,
543776,HDFC NIFTY Midcap 150 ETF,Active,B,11.6,INF179KC1HT0,,HDFCMID150,Equity,https://www.bseindia.com/stock-share-price/hdfc-nifty-midcap-150-etf/hdfcmid150/543776/,HDFC Mutual Fund,
543782,Sealmatic India Ltd,Active,M,10.0,INE0O4601016,,SEALMATIC,Equity,https://www.bseindia.com/stock-share-price/sealmatic-india-ltd/sealmatic/543782/,Sealmatic India Limited,433.31
543787,Macfos Ltd,Active,M,10.0,INE0OLH01013,,ROBU,Equity,https://www.bseindia.com/stock-share-price/macfos-ltd/robu/543787/,Macfos Limited,1292.59
543798,Patron Exim Ltd,Active,M,10.0,INE0NPA01011,,PATRON,Equity,https://www.bseindia.com/stock-share-price/patron-exim-ltd/patron/543798/,Patron Exim Limited,4.87
543799,S. V. J. ENTERPRISES Ltd,Active,M,10.0,INE0JZS01010,,SVJ,Equity,https://www.bseindia.com/stock-share-price/s-v-j-enterprises-ltd/svj/543799/,S.V.J.ENTERPRISES LIMITED,110.28
543804,Amanaya Ventures Ltd,Active,M,10.0,INE0G1V01016,,AMANAYA,Equity,https://www.bseindia.com/stock-share-price/amanaya-ventures-ltd/amanaya/543804/,AMANAYA VENTURES LIMITED,6.35
543805,Resgen Ltd,Active,M,10.0,INE0NYN01016,,RESGEN,Equity,https://www.bseindia.com/stock-share-price/resgen-ltd/resgen/543805/,RESGEN LIMITED,103.39
543806,ITCONS E-Solutions Ltd,Active,M,10.0,INE0O6A01019,,ITCONS,Equity,https://www.bseindia.com/stock-share-price/itcons-e-solutions-ltd/itcons/543806/,ITCONS E-Solutions Limited,221.09
543811,Airan Ltd,Active,B,2.0,INE645W01026,,AIRAN,Equity,https://www.bseindia.com/stock-share-price/airan-ltd/airan/543811/,AIRAN LIMITED,189.16
543812,DIVGI TORQTRANSFER SYSTEMS Ltd,Active,B,5.0,INE753U01022,,DIVGIITTS,Equity,https://www.bseindia.com/stock-share-price/divgi-torqtransfer-systems-ltd/divgiitts/543812/,DIVGI TORQTRANSFER SYSTEMS LIMITED,3017.31
543814,Prospect Consumer Products Ltd,Active,M,10.0,INE0OKG01017,,PCL,Equity,https://www.bseindia.com/stock-share-price/prospect-consumer-products-ltd/pcl/543814/,PROSPECT CONSUMER PRODUCTS LIMITED,26.93
543819,ICICI Prudential Nifty PSU Bank ETF,Active,B,10.0,INF109KC10S8,,PSUBNKIETF,Equity,https://www.bseindia.com/stock-share-price/icici-prudential-nifty-psu-bank-etf/psubnkietf/543819/,ICICI Prudential Mutual Fund,
543828,Sudarshan Pharma Industries Ltd,Active,MT,1.0,INE00TV01023,,SUDARSHAN,Equity,https://www.bseindia.com/stock-share-price/sudarshan-pharma-industries-ltd/sudarshan/543828/,SUDARSHAN PHARMA INDUSTRIES LIMITED,818.00
543829,Global Surfaces Ltd,Active,B,10.0,INE0JSX01015,,GSLSU,Equity,https://www.bseindia.com/stock-share-price/global-surfaces-ltd/gslsu/543829/,Global Surfaces Limited,123.92
543830,Labelkraft Technologies Ltd,Active,M,10.0,INE0NLJ01011,,LABELKRAFT,Equity,https://www.bseindia.com/stock-share-price/labelkraft-technologies-ltd/labelkraft/543830/,LABELKRAFT TECHNOLOGIES LIMITED,20.11
543831,Bright Outdoor Media Ltd,Active,M,10.0,INE0OMI01019,,BRIGHT,Equity,https://www.bseindia.com/stock-share-price/bright-outdoor-media-ltd/bright/543831/,Bright Outdoor Media Limited,786.18
543843,Command Polymers Ltd,Active,MT,10.0,INE0LKQ01012,,COMMAND,Equity,https://www.bseindia.com/stock-share-price/command-polymers-ltd/command/543843/,Command Polymers Limited,20.49
543848,Dev Labtech Venture Ltd,Active,M,5.0,INE0NIJ01025,,DEVLAB,Equity,https://www.bseindia.com/stock-share-price/dev-labtech-venture-ltd/devlab/543848/,Dev Labtech Venture Limited,90.92
543853,AXIS BSE SENSEX ETF,Active,B,10.0,INF846K010Q0,,SENSEXAXIS,Equity,https://www.bseindia.com/stock-share-price/axis-bse-sensex-etf/sensexaxis/543853/,Axis Mutual Fund,
543858,Mirae Asset Nifty 100 Low Volatility 30 ETF,Active,B,100.0,INF769K01JU9,,LOWVOL,Equity,https://www.bseindia.com/stock-share-price/mirae-asset-nifty-100-low-volatility-30-etf/lowvol/543858/,Mirae Asset Mutual Fund,
543860,J.A. Finance Ltd,Active,X,10.0,INE825B01010,,JAFINANCE,Equity,https://www.bseindia.com/stock-share-price/ja-finance-ltd/jafinance/543860/,J.A. Finance Limited,127.78
543861,Udayshivakumar Infra Ltd,Active,B,10.0,INE0N0Y01013,,USK,Equity,https://www.bseindia.com/stock-share-price/udayshivakumar-infra-ltd/usk/543861/,Udayshivakumar infra Limited,124.11
543874,Maiden Forgings Ltd,Active,M,10.0,INE0O1T01010,,MAIDEN,Equity,https://www.bseindia.com/stock-share-price/maiden-forgings-ltd/maiden/543874/,Maiden Forgings Limited,147.76
543895,Exhicon Events Media Solutions Ltd,Active,M,10.0,INE0O8901016,,EXHICON,Equity,https://www.bseindia.com/stock-share-price/exhicon-events-media-solutions-ltd/exhicon/543895/,Exhicon Events Media Solutions Limited,733.75
543896,Avalon Technologies Ltd,Active,A,2.0,INE0LCL01028,,AVALON,Equity,https://www.bseindia.com/stock-share-price/avalon-technologies-ltd/avalon/543896/,Avalon Technologies Limited,11851.74
543897,Sancode Technologies Ltd,Active,MT,10.0,INE0P7001013,,SANCODE,Equity,https://www.bseindia.com/stock-share-price/sancode-technologies-ltd/sancode/543897/,Sancode Technologies Limited,186.54
543898,BEML Land Assets Ltd,Active,B,10.0,INE0N7W01012,,BLAL,Equity,https://www.bseindia.com/stock-share-price/beml-land-assets-ltd/blal/543898/,BEML Land Assets Limited,722.95
543901,Robust Hotels Ltd,Active,B,10.0,INE508K01013,,RHL,Equity,https://www.bseindia.com/stock-share-price/robust-hotels-ltd/rhl/543901/,ROBUST HOTELS LIMITED,306.15
543902,Retina Paints Ltd,Active,M,10.0,INE0NTC01019,,RETINA,Equity,https://www.bseindia.com/stock-share-price/retina-paints-ltd/retina/543902/,Retina Paints Limited,62.69
543904,Mankind Pharma Ltd,Active,A,1.0,INE634S01028,,MANKIND,Equity,https://www.bseindia.com/stock-share-price/mankind-pharma-ltd/mankind/543904/,Mankind Pharma Limited,100395.19
543905,Innokaiz India Ltd,Active,MT,10.0,INE0LDI01022,,INNOKAIZ,Equity,https://www.bseindia.com/stock-share-price/innokaiz-india-ltd/innokaiz/543905/,INNOKAIZ INDIA LIMITED,12.63
543910,AVG Logistics Ltd,Active,T,10.0,INE680Z01018,,AVG,Equity,https://www.bseindia.com/stock-share-price/avg-logistics-ltd/avg/543910/,AVG Logistics Limited,379.77
543911,Atal Realtech Ltd,Active,B,2.0,INE0ALR01029,,ATALREAL,Equity,https://www.bseindia.com/stock-share-price/atal-realtech-ltd/atalreal/543911/,Atal Realtech Limited,428.56
543912,Power and Instrumentation (Gujarat) Ltd,Active,B,10.0,INE557Z01018,,PIGL,Equity,https://www.bseindia.com/stock-share-price/power-and-instrumentation-(gujarat)-ltd/pigl/543912/,Power & Instrumentation (Gujarat) Limited,222.38
543914,Swati Projects Ltd,Active,X,10.0,INE210F01016,,SWATIPRO,Equity,https://www.bseindia.com/stock-share-price/swati-projects-ltd/swatipro/543914/,Swati Projects Limited,36.00
543915,Pavna Industries Ltd,Active,B,1.0,INE07S101038,,PAVNAIND,Equity,https://www.bseindia.com/stock-share-price/pavna-industries-ltd/pavnaind/543915/,Pavna Industries Limited,266.08
543916,Hemant Surgical Industries Ltd,Active,MT,10.0,INE0GYI01028,,HSIL,Equity,https://www.bseindia.com/stock-share-price/hemant-surgical-industries-ltd/hsil/543916/,Hemant Surgical Industries Limited,522.99
543917,Sigma Solve Ltd,Active,B,1.0,INE0A0S01028,,SIGMA,Equity,https://www.bseindia.com/stock-share-price/sigma-solve-ltd/sigma/543917/,SIGMA SOLVE LIMITED,485.61
543918,GHCL Textiles Ltd,Active,B,2.0,INE0PA801013,,GHCLTEXTIL,Equity,https://www.bseindia.com/stock-share-price/ghcl-textiles-ltd/ghcltextil/543918/,GHCL Textiles Limited,1145.12
543919,M. K. Proteins Ltd,Active,B,1.0,INE964W01021,,MKPL,Equity,https://www.bseindia.com/stock-share-price/m-k-proteins-ltd/mkpl/543919/,M.K.Proteins Limited,155.78
543920,CFF Fluid Control Ltd,Active,M,10.0,INE0NJ001013,,CFF,Equity,https://www.bseindia.com/stock-share-price/cff-fluid-control-ltd/cff/543920/,CFF FLUID CONTROL LIMITED,2147.12
543921,Comrade Appliances Ltd,Active,MT,10.0,INE0NXA01015,,COMRADE,Equity,https://www.bseindia.com/stock-share-price/comrade-appliances-ltd/comrade/543921/,Comrade Appliances Limited,33.64
543923,IKIO Technologies Ltd,Active,B,10.0,INE0LOJ01019,,IKIO,Equity,https://www.bseindia.com/stock-share-price/ikio-technologies-ltd/ikio/543923/,IKIO Technologies Limited,1561.07
543924,Sonalis Consumer Products Ltd,Active,M,10.0,INE0N5O01013,,SONALIS,Equity,https://www.bseindia.com/stock-share-price/sonalis-consumer-products-ltd/sonalis/543924/,Sonalis Consumer Products Limited,23.27
543926,Bizotic Commercial Ltd,Active,M,10.0,INE0OJ401014,,BIZOTIC,Equity,https://www.bseindia.com/stock-share-price/bizotic-commercial-ltd/bizotic/543926/,Bizotic Commercial Limited,485.81
543927,Asian Warehousing Ltd,Active,X,10.0,INE04Z101016,,ASIAN,Equity,https://www.bseindia.com/stock-share-price/asian-warehousing-ltd/asian/543927/,Asian Warehousing Limited,11.78
543928,Cosmic CRF Ltd,Active,MT,10.0,INE0ORA01015,,COSMICCRF,Equity,https://www.bseindia.com/stock-share-price/cosmic-crf-ltd/cosmiccrf/543928/,Cosmic CRF Limited,1276.12
543929,HMA Agro Industries Ltd,Active,B,1.0,INE0ECP01024,,HMAAGRO,Equity,https://www.bseindia.com/stock-share-price/hma-agro-industries-ltd/hmaagro/543929/,HMA Agro Industries Limited,1051.12
543930,Uravi Defence and Technology Ltd,Active,T,10.0,INE568Z01015,,URAVIDEF,Equity,https://www.bseindia.com/stock-share-price/uravi-defence-and-technology-ltd/uravidef/543930/,Uravi Defence and Technology Limited,130.42
543931,Veefin Solutions Ltd,Active,M,10.0,INE0Q0M01015,,VEEFIN,Equity,https://www.bseindia.com/stock-share-price/veefin-solutions-ltd/veefin/543931/,VEEFIN SOLUTIONS LIMITED,738.47
543932,Ideaforge Technology Ltd,Active,T,10.0,INE349Y01013,,IDEAFORGE,Equity,https://www.bseindia.com/stock-share-price/ideaforge-technology-ltd/ideaforge/543932/,IDEAFORGE TECHNOLOGY LIMITED,4573.31
543933,Cyient DLM Ltd,Active,B,10.0,INE055S01018,,CYIENTDLM,Equity,https://www.bseindia.com/stock-share-price/cyient-dlm-ltd/cyientdlm/543933/,Cyient DLM Limited,5261.13
543934,Machhar Industries Ltd,Active,X,10.0,INE01BT01015,,MACIND,Equity,https://www.bseindia.com/stock-share-price/machhar-industries-ltd/macind/543934/,Machhar Industries Limited,22.52
543935,DSP Nifty IT ETF,Active,B,10.0,INF740KA1SX1,,ITADD,Equity,https://www.bseindia.com/stock-share-price/dsp-nifty-it-etf/itadd/543935/,DSP Mutual Fund,
543936,Senco Gold Ltd,Active,A,5.0,INE602W01027,,SENCO,Equity,https://www.bseindia.com/stock-share-price/senco-gold-ltd/senco/543936/,Senco Gold Limited,6389.68
543937,Alphalogic Industries Ltd,Active,M,10.0,INE0NZF01019,,ALPHAIND,Equity,https://www.bseindia.com/stock-share-price/alphalogic-industries-ltd/alphaind/543937/,ALPHALOGIC INDUSTRIES LIMITED,149.78
543938,Acceleratebs India Ltd,Active,M,10.0,INE0POP01017,,ACCELERATE,Equity,https://www.bseindia.com/stock-share-price/acceleratebs-india-ltd/accelerate/543938/,ACCELERATEBS INDIA LIMITED,34.46
543939,Kaka Industries Ltd,Active,M,10.0,INE0P3N01018,,KAKA,Equity,https://www.bseindia.com/stock-share-price/kaka-industries-ltd/kaka/543939/,Kaka Industries Limited,284.13
543940,Jio Financial Services Ltd,Active,A,10.0,INE758E01017,,JIOFIN,Equity,https://www.bseindia.com/stock-share-price/jio-financial-services-ltd/jiofin/543940/,Jio Financial Services Limited,174322.94
543941,Ahasolar Technologies Ltd,Active,M,10.0,INE0NEV01011,,AHASOLAR,Equity,https://www.bseindia.com/stock-share-price/ahasolar-technologies-ltd/ahasolar/543941/,AHASOLAR TECHNOLOGIES LIMITED,24.96
543942,Utkarsh Small Finance Bank Ltd,Active,B,10.0,INE735W01017,,UTKARSHBNK,Equity,https://www.bseindia.com/stock-share-price/utkarsh-small-finance-bank-ltd/utkarshbnk/543942/,UTKARSH SMALL FINANCE BANK LIMITED,2560.73
543943,Asarfi Hospital Ltd,Active,M,10.0,INE0DN001027,,ASARFI,Equity,https://www.bseindia.com/stock-share-price/asarfi-hospital-ltd/asarfi/543943/,ASARFI HOSPITAL LIMITED,413.81
543944,Mirae Asset Nifty Bank ETF,Active,B,400.0,INF769K01KR3,,BANKETF,Equity,https://www.bseindia.com/stock-share-price/mirae-asset-nifty-bank-etf/banketf/543944/,Mirae Asset Mutual Fund,
543945,Netweb Technologies India Ltd,Active,A,2.0,INE0NT901020,,NETWEB,Equity,https://www.bseindia.com/stock-share-price/netweb-technologies-india-ltd/netweb/543945/,NETWEB TECHNOLOGIES INDIA LIMITED,27395.02
543947,DSP BSE Sensex ETF,Active,A,10.0,INF740KA1SZ6,,SENSEXADD,Equity,https://www.bseindia.com/stock-share-price/dsp-bse-sensex-etf/sensexadd/543947/,DSP Mutual Fund,
543948,DSP Nifty PSU Bank ETF,Active,B,10.0,INF740KA1SY9,,PSUBANKADD,Equity,https://www.bseindia.com/stock-share-price/dsp-nifty-psu-bank-etf/psubankadd/543948/,DSP Mutual Fund,
543949,DSP Nifty Private Bank ETF,Active,B,10.0,INF740KA1TA7,,PVTBANKADD,Equity,https://www.bseindia.com/stock-share-price/dsp-nifty-private-bank-etf/pvtbankadd/543949/,DSP Mutual Fund,
543950,Yatharth Hospital & Trauma Care Services Ltd,Active,A,10.0,INE0JO301016,,YATHARTH,Equity,https://www.bseindia.com/stock-share-price/yatharth-hospital--trauma-care-services-ltd/yatharth/543950/,YATHARTH HOSPITAL & TRAUMA CARE SERVICES LIMITED,8390.06
543952,NIIT Learning Systems Ltd,Active,B,2.0,INE342G01023,,NIITMTS,Equity,https://www.bseindia.com/stock-share-price/niit-learning-systems-ltd/niitmts/543952/,NIIT Learning Systems Limited,3357.77
543953,Khazanchi Jewellers Ltd,Active,M,10.0,INE0OWC01011,,KHAZANCHI,Equity,https://www.bseindia.com/stock-share-price/khazanchi-jewellers-ltd/khazanchi/543953/,Khazanchi Jewellers Limited,1810.36
543954,Allcargo Terminals Ltd,Active,B,2.0,INE0NN701020,,ATL,Equity,https://www.bseindia.com/stock-share-price/allcargo-terminals-ltd/atl/543954/,Allcargo Terminals Limited,641.75
543955,Transindia Real Estate Ltd,Active,B,2.0,INE0O3901029,,TREL,Equity,https://www.bseindia.com/stock-share-price/transindia-real-estate-ltd/trel/543955/,Transindia Real Estate Limited,606.62
543956,ICICI Prudential Nifty 200 Quality 30 ETF,Active,B,1.0,INF109KC18V5,,QUAL30IETF,Equity,https://www.bseindia.com/stock-share-price/icici-prudential-nifty-200-quality-30-etf/qual30ietf/543956/,ICICI Prudential Mutual Fund,
543957,Redtape Ltd,Active,B,2.0,INE0LXT01019,,REDTAPE,Equity,https://www.bseindia.com/stock-share-price/redtape-ltd/redtape/543957/,REDTAPE Limited,7559.64
543958,VL E-Governance & IT Solutions Ltd,Active,T,10.0,INE03HW01020,,VLEGOV,Equity,https://www.bseindia.com/stock-share-price/vl-e-governance--it-solutions-ltd/vlegov/543958/,VL E-Governance & IT Solutions Limited,118.65
543959,SBFC Finance Ltd,Active,A,10.0,INE423Y01016,,SBFC,Equity,https://www.bseindia.com/stock-share-price/sbfc-finance-ltd/sbfc/543959/,SBFC Finance Limited,10557.06
543960,Concord Biotech Ltd,Active,A,1.0,INE338H01029,,CONCORDBIO,Equity,https://www.bseindia.com/stock-share-price/concord-biotech-ltd/concordbio/543960/,Concord Biotech Limited,14384.73
543962,D.P. Wires Ltd,Active,T,10.0,INE864X01013,,DPWIRES,Equity,https://www.bseindia.com/stock-share-price/dp-wires-ltd/dpwires/543962/,D.P. WIRES LIMITED,262.58
543963,Shelter Pharma Ltd,Active,M,10.0,INE013V01011,,SHELTER,Equity,https://www.bseindia.com/stock-share-price/shelter-pharma-ltd/shelter/543963/,SHELTER PHARMA LIMITED,43.78
543965,TVS Supply Chain Solutions Ltd,Active,B,1.0,INE395N01027,,TVSSCS,Equity,https://www.bseindia.com/stock-share-price/tvs-supply-chain-solutions-ltd/tvsscs/543965/,TVS Supply Chain Solutions Limited,5839.02
543969,Pyramid Technoplast Ltd,Active,B,10.0,INE0MIS01010,,PYRAMID,Equity,https://www.bseindia.com/stock-share-price/pyramid-technoplast-ltd/pyramid/543969/,Pyramid Technoplast Limited,655.51
543970,Shoora Designs Ltd,Active,MT,10.0,INE0OJZ01019,,SHOORA,Equity,https://www.bseindia.com/stock-share-price/shoora-designs-ltd/shoora/543970/,Shoora Designs Limited,35.93
543971,Bondada Engineering Ltd,Active,M,2.0,INE0Q8P01029,,BONDADA,Equity,https://www.bseindia.com/stock-share-price/bondada-engineering-ltd/bondada/543971/,Bondada Engineering Limited,3285.93
543972,Aeroflex Industries Ltd,Active,B,2.0,INE024001021,,AEROFLEX,Equity,https://www.bseindia.com/stock-share-price/aeroflex-industries-ltd/aeroflex/543972/,Aeroflex Industries Limited,5809.98
543974,Vishnu Prakash R Punglia Ltd,Active,T,10.0,INE0AE001013,,VPRPL,Equity,https://www.bseindia.com/stock-share-price/vishnu-prakash-r-punglia-ltd/vprpl/543974/,VISHNU PRAKASH R PUNGLIA LIMITED,367.58
543975,UTI NIFTY MIDCAP 150 ETF,Active,B,10.0,INF789F1AYX9,,MIDCAPBETA,Equity,https://www.bseindia.com/stock-share-price/uti-nifty-midcap-150-etf/midcapbeta/543975/,UTI Mutual Fund,
543976,Shradha AI Technologies Ltd,Active,X,2.0,INE489B01031,,SHRAAITECH,Equity,https://www.bseindia.com/stock-share-price/shradha-ai-technologies-ltd/shraaitech/543976/,Shradha AI Technologies Limited,145.55
543977,Rishabh Instruments Ltd,Active,B,10.0,INE0N2P01017,,RISHABH,Equity,https://www.bseindia.com/stock-share-price/rishabh-instruments-ltd/rishabh/543977/,Rishabh Instruments Limited,2493.69
543978,Ratnaveer Precision Engineering Ltd,Active,B,10.0,INE05CZ01011,,RATNAVEER,Equity,https://www.bseindia.com/stock-share-price/ratnaveer-precision-engineering-ltd/ratnaveer/543978/,Ratnaveer Precision Engineering Limited,1467.46
543979,Kahan Packaging Ltd,Active,MT,10.0,INE04T901017,,KAHAN,Equity,https://www.bseindia.com/stock-share-price/kahan-packaging-ltd/kahan/543979/,Kahan Packaging Limited,17.16
543980,Jupiter Life Line Hospitals Ltd,Active,A,2.0,INE682M01020,,JLHL,Equity,https://www.bseindia.com/stock-share-price/jupiter-life-line-hospitals-ltd/jlhl/543980/,Jupiter Life Line Hospitals Limited,10493.84
543981,R R Kabel Ltd,Active,A,5.0,INE777K01022,,RRKABEL,Equity,https://www.bseindia.com/stock-share-price/r-r-kabel-ltd/rrkabel/543981/,R R KABEL LIMITED,31265.75
543982,Quest Flow Controls Ltd,Active,MT,10.0,INE0OYE01013,,QUESTFLOW,Equity,https://www.bseindia.com/stock-share-price/quest-flow-controls-ltd/questflow/543982/,QUEST FLOW CONTROLS LIMITED,193.87
543983,EMS Ltd,Active,B,10.0,INE0OV601013,,EMSLIMITED,Equity,https://www.bseindia.com/stock-share-price/ems-ltd/emslimited/543983/,EMS LIMITED,2253.44
543984,Samhi Hotels Ltd,Active,A,1.0,INE08U801020,,SAMHI,Equity,https://www.bseindia.com/stock-share-price/samhi-hotels-ltd/samhi/543984/,Samhi Hotels Limited,3915.12
543985,Zaggle Prepaid Ocean Services Ltd,Active,A,1.0,INE07K301024,,ZAGGLE,Equity,https://www.bseindia.com/stock-share-price/zaggle-prepaid-ocean-services-ltd/zaggle/543985/,ZAGGLE PREPAID OCEAN SERVICES LIMITED,2771.86
543986,South West Pinnacle Exploration Ltd,Active,B,10.0,INE980Y01015,,SOUTHWEST,Equity,https://www.bseindia.com/stock-share-price/south-west-pinnacle-exploration-ltd/southwest/543986/,South West Pinnacle Exploration Limited,694.89
543988,Nuvama Wealth Management Ltd,Active,A,2.0,INE531F01023,,NUVAMA,Equity,https://www.bseindia.com/stock-share-price/nuvama-wealth-management-ltd/nuvama/543988/,Nuvama Wealth Management Limited,30290.03
543989,Sai Silks (Kalamandir) Ltd,Active,B,2.0,INE438K01021,,KALAMANDIR,Equity,https://www.bseindia.com/stock-share-price/sai-silks-(kalamandir)-ltd/kalamandir/543989/,Sai Silks (Kalamandir) Limited,1352.08
543990,Signatureglobal (India) Ltd,Active,A,1.0,INE903U01023,,SIGNATURE,Equity,https://www.bseindia.com/stock-share-price/signatureglobal-(india)-ltd/signature/543990/,SIGNATUREGLOBAL (INDIA) LIMITED,11449.03
543991,Techknowgreen Solutions Ltd,Active,M,10.0,INE0P4P01011,,TECHKGREEN,Equity,https://www.bseindia.com/stock-share-price/techknowgreen-solutions-ltd/techkgreen/543991/,TECHKNOWGREEN SOLUTIONS LIMITED,101.73
543992,Yatra Online Ltd,Active,B,1.0,INE0JR601024,,YATRA,Equity,https://www.bseindia.com/stock-share-price/yatra-online-ltd/yatra/543992/,YATRA ONLINE LIMITED,1730.00
543993,ARCL Organics Ltd,Active,X,10.0,INE372M01010,,ARCL,Equity,https://www.bseindia.com/stock-share-price/arcl-organics-ltd/arcl/543993/,ARCL Organics Ltd,180.92
543994,JSW Infrastructure Ltd,Active,A,2.0,INE880J01026,,JSWINFRA,Equity,https://www.bseindia.com/stock-share-price/jsw-infrastructure-ltd/jswinfra/543994/,JSW Infrastructure Limited,76156.10
543995,Manoj Vaibhav Gems N Jewellers Ltd,Active,B,10.0,INE0KNT01012,,MVGJL,Equity,https://www.bseindia.com/stock-share-price/manoj-vaibhav-gems-n-jewellers-ltd/mvgjl/543995/,MANOJ VAIBHAV GEMS 'N' JEWELLERS LIMITED,807.94
543996,Updater Services Ltd,Active,B,10.0,INE851I01011,,UDS,Equity,https://www.bseindia.com/stock-share-price/updater-services-ltd/uds/543996/,Updater Services Limited,1411.37
543997,Organic Recycling Systems Ltd,Active,M,10.0,INE0MIO01019,,ORGANICREC,Equity,https://www.bseindia.com/stock-share-price/organic-recycling-systems-ltd/organicrec/543997/,ORGANIC RECYCLING SYSTEMS LIMITED,238.14
543998,Valiant Laboratories Ltd,Active,T,10.0,INE0JWS01017,,VALIANTLAB,Equity,https://www.bseindia.com/stock-share-price/valiant-laboratories-ltd/valiantlab/543998/,Valiant Laboratories Limited,336.74
543999,Mirae Asset S&P BSE Sensex ETF,Active,A,10.0,INF769K01KT9,,SENSEXETF,Equity,https://www.bseindia.com/stock-share-price/mirae-asset-sp-bse-sensex-etf/sensexetf/543999/,Mirae Asset Mutual Fund,
544000,City Crops Agro Ltd,Active,MT,10.0,INE0M7501019,,CCAL,Equity,https://www.bseindia.com/stock-share-price/city-crops-agro-ltd/ccal/544000/,CITY CROPS AGRO LIMITED,53.14
544001,Sunita Tools Ltd,Active,MT,10.0,INE0Q1S01010,,SUNITATOOL,Equity,https://www.bseindia.com/stock-share-price/sunita-tools-ltd/sunitatool/544001/,Sunita Tools Limited,599.03
544002,Vivaa Tradecom Ltd,Active,MT,10.0,INE0PA601017,,VIVAA,Equity,https://www.bseindia.com/stock-share-price/vivaa-tradecom-ltd/vivaa/544002/,Vivaa Tradecom Limited,41.30
544003,Plaza Wires Ltd,Active,T,10.0,INE0INJ01017,,PLAZACABLE,Equity,https://www.bseindia.com/stock-share-price/plaza-wires-ltd/plazacable/544003/,Plaza Wires Limited,209.92
544004,IRM Energy Ltd,Active,B,10.0,INE07U701015,,IRMENERGY,Equity,https://www.bseindia.com/stock-share-price/irm-energy-ltd/irmenergy/544004/,IRM ENERGY LIMITED,1205.72
544006,Mirae Asset Nifty IT ETF,Active,B,10.0,INF769K01KV5,,ITETF,Equity,https://www.bseindia.com/stock-share-price/mirae-asset-nifty-it-etf/itetf/544006/,Mirae Asset Mutual Fund,
544007,Mirae Asset Nifty 200 Alpha 30 ETF,Active,B,10.0,INF769K01KU7,,ALPHAETF,Equity,https://www.bseindia.com/stock-share-price/mirae-asset-nifty-200-alpha-30-etf/alphaetf/544007/,Mirae Asset Mutual Fund,
544008,Max Estates Ltd,Active,B,10.0,INE03EI01018,,MAXESTATES,Equity,https://www.bseindia.com/stock-share-price/max-estates-ltd/maxestates/544008/,Max Estates Limited,6704.87
544009,Blue Jet Healthcare Ltd,Active,A,2.0,INE0KBH01020,,BLUEJET,Equity,https://www.bseindia.com/stock-share-price/blue-jet-healthcare-ltd/bluejet/544009/,Blue Jet Healthcare Limited,11122.79
544011,Vrundavan Plantation Ltd,Active,M,10.0,INE0Q6901013,,VPL,Equity,https://www.bseindia.com/stock-share-price/vrundavan-plantation-ltd/vpl/544011/,Vrundavan Plantation Limited,22.80
544012,Cello World Ltd,Active,A,5.0,INE0LMW01024,,CELLO,Equity,https://www.bseindia.com/stock-share-price/cello-world-ltd/cello/544012/,Cello World Limited,8364.92
544013,KK Shah Hospitals Ltd,Active,M,10.0,INE0OH401016,,KKSHL,Equity,https://www.bseindia.com/stock-share-price/kk-shah-hospitals-ltd/kkshl/544013/,KK Shah Hospitals Limited,27.23
544014,Honasa Consumer Ltd,Active,A,10.0,INE0J5401028,,HONASA,Equity,https://www.bseindia.com/stock-share-price/honasa-consumer-ltd/honasa/544014/,Honasa Consumer Limited,15176.43
544015,Mish Designs Ltd,Active,M,10.0,INE0QI101019,,MISHDESIGN,Equity,https://www.bseindia.com/stock-share-price/mish-designs-ltd/mishdesign/544015/,Mish Designs Limited,10.19
544020,ESAF Small Finance Bank Ltd,Active,B,10.0,INE818W01011,,ESAFSFB,Equity,https://www.bseindia.com/stock-share-price/esaf-small-finance-bank-ltd/esafsfb/544020/,ESAF Small Finance Bank Ltd,2191.53
544021,Protean eGov Technologies Ltd,Active,A,10.0,INE004A01022,,PROTEAN,Equity,https://www.bseindia.com/stock-share-price/protean-egov-technologies-ltd/protean/544021/,Protean eGov Technologies Limited,2268.49
544022,ASK Automotive Ltd,Active,B,2.0,INE491J01022,,ASKAUTOLTD,Equity,https://www.bseindia.com/stock-share-price/ask-automotive-ltd/askautoltd/544022/,ASK Automotive Limited,13377.11
544023,Kalyani Cast-Tech Ltd,Active,M,10.0,INE0N6U01018,,KALYANI,Equity,https://www.bseindia.com/stock-share-price/kalyani-cast-tech-ltd/kalyani/544023/,Kalyani Cast-Tech Limited,506.58
544025,Arrowhead Seperation Engineering Ltd,Active,M,10.0,INE0PP401015,,ARROWHEAD,Equity,https://www.bseindia.com/stock-share-price/arrowhead-seperation-engineering-ltd/arrowhead/544025/,Arrowhead Seperation Engineering Limited,13.10
544026,Indian Renewable Energy Development Agency Ltd,Active,A,10.0,INE202E01016,,IREDA,Equity,https://www.bseindia.com/stock-share-price/indian-renewable-energy-development-agency-ltd/ireda/544026/,Indian Renewable Energy Development Agency Limited,34047.88
544027,Fedbank Financial Services Ltd,Active,B,10.0,INE007N01010,,FEDFINA,Equity,https://www.bseindia.com/stock-share-price/fedbank-financial-services-ltd/fedfina/544027/,Fedbank Financial Services Limited,5720.03
544028,Tata Technologies Ltd,Active,A,2.0,INE142M01025,,TATATECH,Equity,https://www.bseindia.com/stock-share-price/tata-technologies-ltd/tatatech/544028/,Tata Technologies Limited,32581.60
544029,Gandhar Oil Refinery (India) Ltd,Active,B,2.0,INE717W01049,,GANDHAR,Equity,https://www.bseindia.com/stock-share-price/gandhar-oil-refinery-(india)-ltd/gandhar/544029/,Gandhar Oil Refinery (India) Limited,2382.39
544030,Flair Writing Industries Ltd,Active,B,5.0,INE00Y201027,,FLAIR,Equity,https://www.bseindia.com/stock-share-price/flair-writing-industries-ltd/flair/544030/,Flair Writing Industries Limited,2641.21
544035,Swashthik Plascon Ltd,Active,M,10.0,INE0RDR01012,,SPL,Equity,https://www.bseindia.com/stock-share-price/swashthik-plascon-ltd/spl/544035/,Swashthik Plascon Limited,42.83
544036,Deepak Chemtex Ltd,Active,M,10.0,INE0RDM01013,,DEEPAKCHEM,Equity,https://www.bseindia.com/stock-share-price/deepak-chemtex-ltd/deepakchem/544036/,DEEPAK CHEMTEX LIMITED,90.02
544037,Amic Forging Ltd,Active,M,10.0,INE0P9J01013,,AMIC,Equity,https://www.bseindia.com/stock-share-price/amic-forging-ltd/amic/544037/,Amic Forging Limited,2032.87
544042,Bajel Projects Ltd,Active,B,2.0,INE0KQN01018,,BAJEL,Equity,https://www.bseindia.com/stock-share-price/bajel-projects-ltd/bajel/544042/,Bajel Projects Limited,2247.99
544044,India Shelter Finance Corporation Ltd,Active,A,5.0,INE922K01024,,INDIASHLTR,Equity,https://www.bseindia.com/stock-share-price/india-shelter-finance-corporation-ltd/indiashltr/544044/,India Shelter Finance Corporation Limited,7985.57
544045,DOMS Industries Ltd,Active,A,10.0,INE321T01012,,DOMS,Equity,https://www.bseindia.com/stock-share-price/doms-industries-ltd/doms/544045/,DOMS Industries Limited,13662.16
544046,INOX India Ltd,Active,A,2.0,INE616N01034,,INOXINDIA,Equity,https://www.bseindia.com/stock-share-price/inox-india-ltd/inoxindia/544046/,INOX India Limited,17710.68
544047,Siyaram Recycling Industries Ltd,Active,M,10.0,INE0QSK01017,,SIYARAM,Equity,https://www.bseindia.com/stock-share-price/siyaram-recycling-industries-ltd/siyaram/544047/,Siyaram Recycling Industries Limited,86.29
544052,Benchmark Computer Solutions Ltd,Active,MT,10.0,INE0Q2Z01013,,BENCHMARK,Equity,https://www.bseindia.com/stock-share-price/benchmark-computer-solutions-ltd/benchmark/544052/,Benchmark Computer Solutions Limited,24.83
544053,Motisons Jewellers Ltd,Active,B,1.0,INE0FRK01020,,MOTISONS,Equity,https://www.bseindia.com/stock-share-price/motisons-jewellers-ltd/motisons/544053/,Motisons Jewellers Limited,1580.00
544054,Suraj Estate Developers Ltd,Active,B,5.0,INE843S01025,,SURAJEST,Equity,https://www.bseindia.com/stock-share-price/suraj-estate-developers-ltd/surajest/544054/,Suraj Estate Developers Limited,970.99
544055,Muthoot Microfin Ltd,Active,B,10.0,INE046W01019,,MUTHOOTMF,Equity,https://www.bseindia.com/stock-share-price/muthoot-microfin-ltd/muthootmf/544055/,Muthoot Microfin Limited,3787.48
544056,Sahara Maritime Ltd,Active,M,10.0,INE0PSJ01011,,SMARITIME,Equity,https://www.bseindia.com/stock-share-price/sahara-maritime-ltd/smaritime/544056/,Sahara Maritime Limited,7.13
544057,Happy Forgings Ltd,Active,B,2.0,INE330T01021,,HAPPYFORGE,Equity,https://www.bseindia.com/stock-share-price/happy-forgings-ltd/happyforge/544057/,Happy Forgings Limited,17650.71
544058,Credo Brands Marketing Ltd,Active,B,2.0,INE220Q01020,,MUFTI,Equity,https://www.bseindia.com/stock-share-price/credo-brands-marketing-ltd/mufti/544058/,Credo Brands Marketing Limited,570.83
544059,Shanti Spintex Ltd,Active,M,10.0,INE0QZQ01019,,SHANTIDENM,Equity,https://www.bseindia.com/stock-share-price/shanti-spintex-ltd/shantidenm/544059/,SHANTI SPINTEX LIMITED,60.78
544060,RBZ Jewellers Ltd,Active,B,10.0,INE0PEQ01016,,RBZJEWEL,Equity,https://www.bseindia.com/stock-share-price/rbz-jewellers-ltd/rbzjewel/544060/,RBZ Jewellers Limited,602.80
544061,Azad Engineering Ltd,Active,A,2.0,INE02IJ01035,,AZAD,Equity,https://www.bseindia.com/stock-share-price/azad-engineering-ltd/azad/544061/,Azad Engineering Limited,15852.88
544066,Sundaram-Clayton Ltd,Active,B,5.0,INE0Q3R01026,,SUNCLAY,Equity,https://www.bseindia.com/stock-share-price/sundaram-clayton-ltd/sunclay/544066/,SUNDARAM-CLAYTON LIMITED,2788.62
544067,Innova Captab Ltd,Active,B,10.0,INE0DUT01020,,INNOVACAP,Equity,https://www.bseindia.com/stock-share-price/innova-captab-ltd/innovacap/544067/,INNOVA CAPTAB LIMITED,5487.30
544072,AIK Pipes and Polymers Ltd,Active,M,10.0,INE0QFT01015,,AIKPIPES,Equity,https://www.bseindia.com/stock-share-price/aik-pipes-and-polymers-ltd/aikpipes/544072/,AIK Pipes and Polymers Limited,19.74
544073,Manoj Ceramic Ltd,Active,M,10.0,INE0A6N01026,,MCPL,Equity,https://www.bseindia.com/stock-share-price/manoj-ceramic-ltd/mcpl/544073/,Manoj Ceramic Limited,136.69
544074,Shri Balaji Valve Components Ltd,Active,MT,10.0,INE0RNZ01014,,SBVCL,Equity,https://www.bseindia.com/stock-share-price/shri-balaji-valve-components-ltd/sbvcl/544074/,Shri Balaji Valve Components Limited,85.52
544079,Digidrive Distributors Ltd,Active,B,10.0,INE0PSC01024,,DIGIDRIVE,Equity,https://www.bseindia.com/stock-share-price/digidrive-distributors-ltd/digidrive/544079/,DIGIDRIVE DISTRIBUTORS LIMITED,67.44
544080,Sayaji Hotels (Indore) Ltd,Active,X,10.0,INE0MGS01014,,SHILINDORE,Equity,https://www.bseindia.com/stock-share-price/sayaji-hotels-(indore)-ltd/shilindore/544080/,Sayaji Hotels (Indore) Limited,360.92
544081,Jyoti CNC Automation Ltd,Active,A,2.0,INE980O01024,,JYOTICNC,Equity,https://www.bseindia.com/stock-share-price/jyoti-cnc-automation-ltd/jyoticnc/544081/,Jyoti CNC Automation Limited,19689.15
544082,New Swan Multitech Ltd,Active,M,10.0,INE0GEN01012,,SWANAGRO,Equity,https://www.bseindia.com/stock-share-price/new-swan-multitech-ltd/swanagro/544082/,New Swan Multitech Limited,78.92
544083,Shree Marutinandan Tubes Ltd,Active,M,10.0,INE0QIS01011,,SHREE,Equity,https://www.bseindia.com/stock-share-price/shree-marutinandan-tubes-ltd/shree/544083/,Shree Marutinandan Tubes Limited,17.93
544088,Medi Assist Healthcare Services Ltd,Active,A,5.0,INE456Z01021,,MEDIASSIST,Equity,https://www.bseindia.com/stock-share-price/medi-assist-healthcare-services-ltd/mediassist/544088/,Medi Assist Healthcare Services Limited,2745.67
544090,Sayaji Hotels (Pune) Ltd,Active,X,10.0,INE07G501017,,SHPLPUNE,Equity,https://www.bseindia.com/stock-share-price/sayaji-hotels-(pune)-ltd/shplpune/544090/,Sayaji Hotels (Pune) Limited,258.96
544091,Qualitek Labs Ltd,Active,M,10.0,INE0Q1R01012,,QLL,Equity,https://www.bseindia.com/stock-share-price/qualitek-labs-ltd/qll/544091/,Qualitek Labs Limited,536.05
544092,Bajaj Finserv Nifty 50 ETF,Active,B,10.0,INF0QA701722,,NIFTYBETF,Equity,https://www.bseindia.com/stock-share-price/bajaj-finserv-nifty-50-etf/niftybetf/544092/,Bajaj Finserv Mutual Fund,
544093,Bajaj Finserv Nifty Bank ETF,Active,B,10.0,INF0QA701714,,BANKBETF,Equity,https://www.bseindia.com/stock-share-price/bajaj-finserv-nifty-bank-etf/bankbetf/544093/,Bajaj Finserv Mutual Fund,
544094,Euphoria Infotech (India) Ltd,Active,M,10.0,INE0PYT01018,,EUPHORIAIT,Equity,https://www.bseindia.com/stock-share-price/euphoria-infotech-(india)-ltd/euphoriait/544094/,Euphoria Infotech (India) Limited,9.87
544095,EPACK Durable Ltd,Active,B,10.0,INE0G5901015,,EPACK,Equity,https://www.bseindia.com/stock-share-price/epack-durable-ltd/epack/544095/,EPACK Durable Limited,2189.68
544100,Nova Agritech Ltd,Active,T,2.0,INE02H701025,,NOVAAGRI,Equity,https://www.bseindia.com/stock-share-price/nova-agritech-ltd/novaagri/544100/,Nova Agritech Limited,212.98
544101,Brisk Technovision Ltd,Active,MT,10.0,INE0Q6L01014,,BRISK,Equity,https://www.bseindia.com/stock-share-price/brisk-technovision-ltd/brisk/544101/,Brisk Technovision Limited,15.60
544102,UTI NIFTY IT ETF,Active,B,10.0,INF789F1AZD8,,ITBETA,Equity,https://www.bseindia.com/stock-share-price/uti-nifty-it-etf/itbeta/544102/,UTI Mutual Fund,
544105,Harshdeep Hortico Ltd,Active,M,10.0,INE0OLZ01015,,HARSHDEEP,Equity,https://www.bseindia.com/stock-share-price/harshdeep-hortico-ltd/harshdeep/544105/,HARSHDEEP HORTICO LIMITED,130.35
544106,Mayank Cattle Food Ltd,Active,MT,10.0,INE0R5Z01015,,MCFL,Equity,https://www.bseindia.com/stock-share-price/mayank-cattle-food-ltd/mcfl/544106/,Mayank Cattle Food Limited,116.64
544107,BLS E-Services Ltd,Active,B,10.0,INE0NLT01010,,BLSE,Equity,https://www.bseindia.com/stock-share-price/bls-e-services-ltd/blse/544107/,BLS E-Services Limited,2884.69
544108,Gabriel Pet Straps Ltd,Active,M,10.0,INE0QZF01012,,GPSL,Equity,https://www.bseindia.com/stock-share-price/gabriel-pet-straps-ltd/gpsl/544108/,Gabriel Pet Straps Limited,67.32
544109,DSP Nifty Healthcare ETF,Active,B,1.0,INF740KA1ZG1,,HEALTHADD,Equity,https://www.bseindia.com/stock-share-price/dsp-nifty-healthcare-etf/healthadd/544109/,DSP Mutual Fund,
544110,HDFC Nifty PSU Bank ETF,Active,B,62.78,INF179KC1HW4,,HDFCPSUBK,Equity,https://www.bseindia.com/stock-share-price/hdfc-nifty-psu-bank-etf/hdfcpsubk/544110/,HDFC Mutual Fund,
544111,Apeejay Surrendra Park Hotels Ltd,Active,B,1.0,INE988S01028,,PARKHOTELS,Equity,https://www.bseindia.com/stock-share-price/apeejay-surrendra-park-hotels-ltd/parkhotels/544111/,Apeejay Surrendra Park Hotels Limited,2576.49
544112,Jasch Gauging Technologies Ltd,Active,X,10.0,INE0QXV01014,,JGTL,Equity,https://www.bseindia.com/stock-share-price/jasch-gauging-technologies-ltd/jgtl/544112/,JASCH GAUGING TECHNOLOGIES LIMITED,244.77
544117,Signpost India Ltd,Active,B,2.0,INE0KGZ01021,,SIGNPOST,Equity,https://www.bseindia.com/stock-share-price/signpost-india-ltd/signpost/544117/,Signpost India Limited,1431.93
544118,Jana Small Finance Bank Ltd,Active,A,10.0,INE953L01027,,JSFB,Equity,https://www.bseindia.com/stock-share-price/jana-small-finance-bank-ltd/jsfb/544118/,JANA SMALL FINANCE BANK LIMITED,5925.30
544119,Rashi Peripherals Ltd,Active,B,5.0,INE0J1F01024,,RPTECH,Equity,https://www.bseindia.com/stock-share-price/rashi-peripherals-ltd/rptech/544119/,Rashi Peripherals Limited,5702.30
544120,Capital Small Finance Bank Ltd,Active,B,10.0,INE646H01017,,CAPITALSFB,Equity,https://www.bseindia.com/stock-share-price/capital-small-finance-bank-ltd/capitalsfb/544120/,Capital Small Finance Bank Ltd,1342.81
544121,Rudra Gas Enterprise Ltd,Active,M,10.0,INE0OYK01010,,RUDRAGAS,Equity,https://www.bseindia.com/stock-share-price/rudra-gas-enterprise-ltd/rudragas/544121/,Rudra Gas Enterprise Limited,56.70
544122,Entero Healthcare Solutions Ltd,Active,B,10.0,INE010601016,,ENTERO,Equity,https://www.bseindia.com/stock-share-price/entero-healthcare-solutions-ltd/entero/544122/,Entero Healthcare Solutions Limited,5403.61
544123,LIC MF Nifty Midcap 100 ETF,Active,B,10.0,INF767K01RN1,,LICNMID100,Equity,https://www.bseindia.com/stock-share-price/lic-mf-nifty-midcap-100-etf/licnmid100/544123/,LIC Mutual Fund,
544124,Vibhor Steel Tubes Ltd,Active,B,10.0,INE0QTF01015,,VSTL,Equity,https://www.bseindia.com/stock-share-price/vibhor-steel-tubes-ltd/vstl/544124/,VIBHOR STEEL TUBES LIMITED,205.46
544129,Juniper Hotels Ltd,Active,B,10.0,INE696F01016,,JUNIPER,Equity,https://www.bseindia.com/stock-share-price/juniper-hotels-ltd/juniper/544129/,Juniper Hotels Limited,4408.88
544130,Mirae Asset Nifty Smallcap 250 Momentum Quality 100 ETF,Active,B,10.0,INF769K01LC3,,SMALLCAP,Equity,https://www.bseindia.com/stock-share-price/mirae-asset-nifty-smallcap-250-momentum-quality-100-etf/smallcap/544130/,Mirae Asset Mutual Fund,
544131,GPT Healthcare Ltd,Active,B,10.0,INE486R01017,,GPTHEALTH,Equity,https://www.bseindia.com/stock-share-price/gpt-healthcare-ltd/gpthealth/544131/,GPT Healthcare Limited,1354.73
544133,Exicom Tele-Systems Ltd,Active,B,10.0,INE777F01014,,EXICOM,Equity,https://www.bseindia.com/stock-share-price/exicom-tele-systems-ltd/exicom/544133/,EXICOM TELE-SYSTEMS LIMITED,2356.01
544134,Platinum Industries Ltd,Active,B,10.0,INE0PT501018,,PLATIND,Equity,https://www.bseindia.com/stock-share-price/platinum-industries-ltd/platind/544134/,Platinum Industries Limited,1243.77
544135,Mukka Proteins Ltd,Active,B,1.0,INE0CG401037,,MUKKA,Equity,https://www.bseindia.com/stock-share-price/mukka-proteins-ltd/mukka/544135/,Mukka Proteins Limited,692.70
544136,R K Swamy Ltd,Active,B,5.0,INE0NQ801033,,RKSWAMY,Equity,https://www.bseindia.com/stock-share-price/r-k-swamy-ltd/rkswamy/544136/,R K Swamy Limited,527.99
544138,J.G.Chemicals Ltd,Active,B,10.0,INE0MB501011,,JGCHEM,Equity,https://www.bseindia.com/stock-share-price/jgchemicals-ltd/jgchem/544138/,J.G.Chemicals Limited,2114.09
544139,Koura Fine Diamond Jewelry Ltd,Active,M,10.0,INE0M8R01011,,KOURA,Equity,https://www.bseindia.com/stock-share-price/koura-fine-diamond-jewelry-ltd/koura/544139/,KOURA FINE DIAMOND JEWELRY LIMITED,22.52
544140,Gopal Snacks Ltd,Active,B,1.0,INE0L9R01028,,GOPAL,Equity,https://www.bseindia.com/stock-share-price/gopal-snacks-ltd/gopal/544140/,Gopal Snacks Limited,3421.48
544141,Pune E - Stock Broking Ltd,Active,M,10.0,INE510U01018,,PESB,Equity,https://www.bseindia.com/stock-share-price/pune-e---stock-broking-ltd/pesb/544141/,Pune E - Stock Broking Limited,396.37
544142,Shipping Corporation of India Land and Assets Ltd,Active,B,10.0,INE0PB301013,,SCILAL,Equity,https://www.bseindia.com/stock-share-price/shipping-corporation-of-india-land-and-assets-ltd/scilal/544142/,Shipping Corporation of India Land and Assets Limited,1910.71
544143,Royal Sense Ltd,Active,M,10.0,INE0QQG01019,,ROYAL,Equity,https://www.bseindia.com/stock-share-price/royal-sense-ltd/royal/544143/,Royal Sense Limited,57.78
544144,Popular Vehicles and Services Ltd,Active,B,2.0,INE772T01024,,PVSL,Equity,https://www.bseindia.com/stock-share-price/popular-vehicles-and-services-ltd/pvsl/544144/,Popular Vehicles and Services Limited,776.06
544149,Krystal Integrated Services Ltd,Active,B,10.0,INE0QN801017,,KRYSTAL,Equity,https://www.bseindia.com/stock-share-price/krystal-integrated-services-ltd/krystal/544149/,KRYSTAL INTEGRATED SERVICES LIMITED,839.30
544150,KP Green Engineering Ltd,Active,M,5.0,INE0QVH01025,,KPGEL,Equity,https://www.bseindia.com/stock-share-price/kp-green-engineering-ltd/kpgel/544150/,KP GREEN ENGINEERING LIMITED,1682.50
544151,Chatha Foods Ltd,Active,M,10.0,INE0AH901011,,CHATHA,Equity,https://www.bseindia.com/stock-share-price/chatha-foods-ltd/chatha/544151/,CHATHA FOODS LIMITED,236.29
544156,Gconnect Logitech and Supply Chain Ltd,Active,M,10.0,INE0QHY01011,,GCONNECT,Equity,https://www.bseindia.com/stock-share-price/gconnect-logitech-and-supply-chain-ltd/gconnect/544156/,Gconnect Logitech and Supply Chain Limited,4.05
544157,Vruddhi Engineering Works Ltd,Active,M,10.0,INE0OMZ01013,,VRUDDHI,Equity,https://www.bseindia.com/stock-share-price/vruddhi-engineering-works-ltd/vruddhi/544157/,Vruddhi Engineering Works Limited,59.05
544158,SRM Contractors Ltd,Active,B,10.0,INE0R6Z01013,,SRM,Equity,https://www.bseindia.com/stock-share-price/srm-contractors-ltd/srm/544158/,SRM CONTRACTORS LIMITED,1212.60
544160,Jay Kailash Namkeen Ltd,Active,MT,10.0,INE0MSS01019,,JAYKAILASH,Equity,https://www.bseindia.com/stock-share-price/jay-kailash-namkeen-ltd/jaykailash/544160/,Jay Kailash Namkeen Limited,22.75
544161,D.P. Abhushan Ltd,Active,B,10.0,INE266Y01019,,DPABHUSHAN,Equity,https://www.bseindia.com/stock-share-price/dp-abhushan-ltd/dpabhushan/544161/,D P ABHUSHAN LIMITED,3324.89
544162,Bharti Hexacom Ltd,Active,A,5.0,INE343G01021,,BHARTIHEXA,Equity,https://www.bseindia.com/stock-share-price/bharti-hexacom-ltd/bhartihexa/544162/,Bharti Hexacom Limited,75670.00
544163,Greenhitech Ventures Ltd,Active,M,10.0,INE0S0701019,,GVL,Equity,https://www.bseindia.com/stock-share-price/greenhitech-ventures-ltd/gvl/544163/,Greenhitech Ventures Limited,49.36
544164,Faalcon Concepts Ltd,Active,M,10.0,INE0Q9W01015,,FAALCON,Equity,https://www.bseindia.com/stock-share-price/faalcon-concepts-ltd/faalcon/544164/,Faalcon Concepts Limited,37.65
544165,Shivam Chemicals Ltd,Active,M,10.0,INE0SGR01013,,SHIVAM,Equity,https://www.bseindia.com/stock-share-price/shivam-chemicals-ltd/shivam/544165/,SHIVAM CHEMICALS LIMITED,169.87
544166,Emmforce Autotech Ltd,Active,MT,10.0,INE0SDC01012,,EMMFORCE,Equity,https://www.bseindia.com/stock-share-price/emmforce-autotech-ltd/emmforce/544166/,EMMFORCE AUTOTECH LIMITED,375.04
544167,JNK India Ltd,Active,B,2.0,INE0OAF01028,,JNKINDIA,Equity,https://www.bseindia.com/stock-share-price/jnk-india-ltd/jnkindia/544167/,JNK India Limited,2358.18
544168,Varyaa Creations Ltd,Active,M,10.0,INE0R6801013,,VARYAA,Equity,https://www.bseindia.com/stock-share-price/varyaa-creations-ltd/varyaa/544168/,VARYAA CREATIONS LIMITED,13.04
544169,Amkay Products Ltd,Active,M,10.0,INE0QSB01016,,AMKAY,Equity,https://www.bseindia.com/stock-share-price/amkay-products-ltd/amkay/544169/,Amkay Products Limited,41.54
544170,Dolphin Kitchen Utensils and Appliances Ltd,Active,M,10.0,INE0QXT01018,,DKUAL,Equity,https://www.bseindia.com/stock-share-price/dolphin-kitchen-utensils-and-appliances-ltd/dkual/544170/,Dolphin Kitchen Utencils and Appliances Limited,9.96
544171,Storage Technologies and Automation Ltd,Active,MT,10.0,INE0RGM01016,,STAL,Equity,https://www.bseindia.com/stock-share-price/storage-technologies-and-automation-ltd/stal/544171/,Storage Technologies and Automation Limited,40.57
544172,Indegene Ltd,Active,A,2.0,INE065X01017,,INDGN,Equity,https://www.bseindia.com/stock-share-price/indegene-ltd/indgn/544172/,Indegene Limited,13304.29
544173,Finelistings Technologies Ltd,Active,MT,10.0,INE0QOQ01013,,FTL,Equity,https://www.bseindia.com/stock-share-price/finelistings-technologies-ltd/ftl/544173/,Finelistings Technologies Limited,4.33
544174,TBO TEK Ltd,Active,A,1.0,INE673O01025,,TBOTEK,Equity,https://www.bseindia.com/stock-share-price/tbo-tek-ltd/tbotek/544174/,TBO TEK LIMITED,17643.89
544175,TGIF Agribusiness Ltd,Active,M,10.0,INE0SMU01015,,TGIF,Equity,https://www.bseindia.com/stock-share-price/tgif-agribusiness-ltd/tgif/544175/,TGIF AGRIBUSINESS LIMITED,26.65
544176,Aadhar Housing Finance Ltd,Active,A,10.0,INE883F01010,,AADHARHFC,Equity,https://www.bseindia.com/stock-share-price/aadhar-housing-finance-ltd/aadharhfc/544176/,Aadhar Housing Finance Limited,22441.95
544177,Aztec Fluids & Machinery Ltd,Active,M,10.0,INE0SCB01016,,AZTEC,Equity,https://www.bseindia.com/stock-share-price/aztec-fluids--machinery-ltd/aztec/544177/,Aztec Fluids & Machinery Limited,129.54
544178,Piotex Industries Ltd,Active,M,10.0,INE0R4W01015,,PIOTEX,Equity,https://www.bseindia.com/stock-share-price/piotex-industries-ltd/piotex/544178/,PIOTEX INDUSTRIES LIMITED,16.08
544179,Go Digit General Insurance Ltd,Active,A,10.0,INE03JT01014,,GODIGIT,Equity,https://www.bseindia.com/stock-share-price/go-digit-general-insurance-ltd/godigit/544179/,Go Digit General Insurance Limited,25065.99
544180,Mirae Asset Nifty Midsmallcap400 Momentum Quality 100 ETF,Active,B,10.0,INF769K01LJ8,,MIDSMALL,Equity,https://www.bseindia.com/stock-share-price/mirae-asset-nifty-midsmallcap400-momentum-quality-100-etf/midsmall/544180/,Mirae Asset Mutual Fund,
544181,Awfis Space Solutions Ltd,Active,A,10.0,INE108V01019,,AWFIS,Equity,https://www.bseindia.com/stock-share-price/awfis-space-solutions-ltd/awfis/544181/,Awfis Space Solutions Limited,1945.09
544183,Associated Coaters Ltd,Active,M,10.0,INE0RIQ01013,,ASSOCIATED,Equity,https://www.bseindia.com/stock-share-price/associated-coaters-ltd/associated/544183/,Associated Coaters Limited,13.99
544184,Borosil Scientific Ltd,Active,B,1.0,INE02L001032,,BOROSCI,Equity,https://www.bseindia.com/stock-share-price/borosil-scientific-ltd/borosci/544184/,Borosil Scientific Limited,1231.03
544185,Adtech Systems Ltd,Active,X,10.0,INE257C01014,,ADTECH,Equity,https://www.bseindia.com/stock-share-price/adtech-systems-ltd/adtech/544185/,ADTECH SYSTEMS LIMITED,64.05
544186,Forbes Precision Tools and Machine Parts Ltd,Active,X,10.0,INE0TT901016,,TOTEM,Equity,https://www.bseindia.com/stock-share-price/forbes-precision-tools-and-machine-parts-ltd/totem/544186/,Forbes Precision Tools and Machine Parts Limited,665.31
544187,Kronox Lab Sciences Ltd,Active,B,10.0,INE0ATZ01017,,KRONOX,Equity,https://www.bseindia.com/stock-share-price/kronox-lab-sciences-ltd/kronox/544187/,KRONOX LAB SCIENCES LIMITED,618.52
544188,Magenta Lifecare Ltd,Active,M,10.0,INE0QZ901011,,MAGENTA,Equity,https://www.bseindia.com/stock-share-price/magenta-lifecare-ltd/magenta/544188/,Magenta Lifecare Limited,6.97
544189,Sattrix Information Security Ltd,Active,M,10.0,INE0QUV01010,,SATTRIX,Equity,https://www.bseindia.com/stock-share-price/sattrix-information-security-ltd/sattrix/544189/,SATTRIX INFORMATION SECURITY LIMITED,417.39
544190,3C IT Solutions and Telecoms (India) Ltd,Active,M,5.0,INE0R7D01018,,3CIT,Equity,https://www.bseindia.com/stock-share-price/3c-it-solutions-and-telecoms-(india)-ltd/3cit/544190/,3C IT Solutions and Telecoms (India) Limited,9.54
544191,Purple Finance Ltd,Active,X,10.0,INE0CYK01015,,PURPLEFIN,Equity,https://www.bseindia.com/stock-share-price/purple-finance-ltd/purplefin/544191/,Purple Finance Limited,442.09
544192,Le Travenues Technology Ltd,Active,A,1.0,INE0HV901016,,IXIGO,Equity,https://www.bseindia.com/stock-share-price/le-travenues-technology-ltd/ixigo/544192/,Le Travenues Technology Limited,8895.86
544193,ZERODHA NIFTY MIDCAP 150 ETF,Active,B,10.0,INF0R8F01059,,MID150CASE,Equity,https://www.bseindia.com/stock-share-price/zerodha-nifty-midcap-150-etf/mid150case/544193/,Zerodha Mutual Fund,
544194,ZERODHA NIFTY 100 ETF,Active,B,10.0,INF0R8F01067,,TOP100CASE,Equity,https://www.bseindia.com/stock-share-price/zerodha-nifty-100-etf/top100case/544194/,Zerodha Mutual Fund,
544195,United Cotfab Ltd,Active,M,10.0,INE0S0I01011,,COTFAB,Equity,https://www.bseindia.com/stock-share-price/united-cotfab-ltd/cotfab/544195/,United Cotfab Limited,24.41
544196,Baroda BNP Paribas Nifty Bank ETF,Active,B,10.0,INF251K01TL6,,BBNPNBETF,Equity,https://www.bseindia.com/stock-share-price/baroda-bnp-paribas-nifty-bank-etf/bbnpnbetf/544196/,BARODA BNP PARIBAS MUTUAL FUND,
544197,JHS Svendgaard Retail Ventures Ltd,Active,B,10.0,INE03DD01011,,RETAIL,Equity,https://www.bseindia.com/stock-share-price/jhs-svendgaard-retail-ventures-ltd/retail/544197/,JHS SVENDGAARD RETAIL VENTURES LIMITED,14.43
544198,Dee Development Engineers Ltd,Active,T,10.0,INE841L01016,,DEEDEV,Equity,https://www.bseindia.com/stock-share-price/dee-development-engineers-ltd/deedev/544198/,DEE DEVELOPMENT ENGINEERS LIMITED,4919.91
544199,GEM Enviro Management Ltd,Active,M,5.0,INE0RUJ01013,,GEMENVIRO,Equity,https://www.bseindia.com/stock-share-price/gem-enviro-management-ltd/gemenviro/544199/,GEM Enviro Management Limited,83.21
544200,Akme Fintrade (India) Ltd,Active,B,1.0,INE916Y01027,,AFIL,Equity,https://www.bseindia.com/stock-share-price/akme-fintrade-(india)-ltd/afil/544200/,Akme Fintrade (India) Limited,386.21
544201,Dindigul Farm Product Ltd,Active,M,10.0,INE0S6R01027,,DFPL,Equity,https://www.bseindia.com/stock-share-price/dindigul-farm-product-ltd/dfpl/544201/,DINDIGUL FARM PRODUCT LIMITED,34.20
544202,Stanley Lifestyles Ltd,Active,B,2.0,INE01A001028,,STANLEY,Equity,https://www.bseindia.com/stock-share-price/stanley-lifestyles-ltd/stanley/544202/,STANLEY LIFESTYLES LIMITED,877.74
544203,Allied Blenders and Distillers Ltd,Active,A,2.0,INE552Z01027,,ABDL,Equity,https://www.bseindia.com/stock-share-price/allied-blenders-and-distillers-ltd/abdl/544203/,Allied Blenders and Distillers Limited,16922.46
544204,Vraj Iron And Steel Ltd,Active,B,10.0,INE0S2V01010,,VRAJ,Equity,https://www.bseindia.com/stock-share-price/vraj-iron-and-steel-ltd/vraj/544204/,VRAJ IRON AND STEEL LIMITED,402.55
544205,National Peroxide Ltd,Active,XT,10.0,INE0PO601011,,NPL,Equity,https://www.bseindia.com/stock-share-price/national-peroxide-ltd/npl/544205/,National Peroxide Limited,328.12
544207,Reliable Data Services Ltd,Active,B,10.0,INE375Y01018,,RELIABLE,Equity,https://www.bseindia.com/stock-share-price/reliable-data-services-ltd/reliable/544207/,Reliable Data Services Limited,147.58
544209,Bansal Wire Industries Ltd,Active,B,5.0,INE0B9K01025,,BANSALWIRE,Equity,https://www.bseindia.com/stock-share-price/bansal-wire-industries-ltd/bansalwire/544209/,Bansal Wire Industries Limited,5207.83
544210,Emcure Pharmaceuticals Ltd,Active,A,10.0,INE168P01015,,EMCURE,Equity,https://www.bseindia.com/stock-share-price/emcure-pharmaceuticals-ltd/emcure/544210/,Emcure Pharmaceuticals Limited,36723.97
544212,Mirae Asset Nifty EV and New Age Automotive ETF,Active,B,10.0,INF769K01LQ3,,EVINDIA,Equity,https://www.bseindia.com/stock-share-price/mirae-asset-nifty-ev-and-new-age-automotive-etf/evindia/544212/,Mirae Asset Mutual Fund,
544213,Aelea Commodities Ltd,Active,M,10.0,INE0T3401029,,ACLD,Equity,https://www.bseindia.com/stock-share-price/aelea-commodities-ltd/acld/544213/,AELEA COMMODITIES LIMITED,298.10
544214,Three M Paper Boards Ltd,Active,M,10.0,INE0UK501010,,THREEMPAPE,Equity,https://www.bseindia.com/stock-share-price/three-m-paper-boards-ltd/threempape/544214/,THREE M PAPER BOARDS LIMITED,47.11
544215,SBI NIFTY50 EQUAL WEIGHT ETF,Active,B,10.0,INF200KB1282,,SBINEQWETF,Equity,https://www.bseindia.com/stock-share-price/sbi-nifty50-equal-weight-etf/sbineqwetf/544215/,SBI Mutual Fund,
544216,ICICI Prudential Nifty Oil & Gas ETF,Active,B,10.0,INF109KC18W3,,OILIETF,Equity,https://www.bseindia.com/stock-share-price/icici-prudential-nifty-oil--gas-etf/oilietf/544216/,ICICI Prudential Mutual Fund,
544217,Sanstar Ltd,Active,B,2.0,INE08NE01025,,SANSTAR,Equity,https://www.bseindia.com/stock-share-price/sanstar-ltd/sanstar/544217/,SANSTAR LIMITED,2272.05
544218,Aditya Birla Sun Life Nifty PSE ETF,Active,B,1.0,INF209KB19Z4,,ABSLPSE,Equity,https://www.bseindia.com/stock-share-price/aditya-birla-sun-life-nifty-pse-etf/abslpse/544218/,Aditya Birla Sun Life Mutual Fund,
544219,VVIP Infratech Ltd,Active,M,10.0,INE0MNP01016,,VVIPIL,Equity,https://www.bseindia.com/stock-share-price/vvip-infratech-ltd/vvipil/544219/,VVIP Infratech Limited,307.00
544220,Clinitech Laboratory Ltd,Active,M,10.0,INE0QMR01015,,CTLLAB,Equity,https://www.bseindia.com/stock-share-price/clinitech-laboratory-ltd/ctllab/544220/,Clinitech Laboratory Limited,9.13
544221,Kizi Apparels Ltd,Active,M,10.0,INE0RMR01013,,KIZI,Equity,https://www.bseindia.com/stock-share-price/kizi-apparels-ltd/kizi/544221/,Kizi Apparels Limited,14.35
544222,Akums Drugs and Pharmaceuticals Ltd,Active,B,2.0,INE09XN01023,,AKUMS,Equity,https://www.bseindia.com/stock-share-price/akums-drugs-and-pharmaceuticals-ltd/akums/544222/,Akums Drugs and Pharmaceuticals Limited,10426.56
544223,Ceigall India Ltd,Active,B,5.0,INE0AG901020,,CEIGALL,Equity,https://www.bseindia.com/stock-share-price/ceigall-india-ltd/ceigall/544223/,Ceigall India Limited,5785.34
544224,Afcom Holdings Ltd,Active,M,10.0,INE0OXY01013,,AFCOM,Equity,https://www.bseindia.com/stock-share-price/afcom-holdings-ltd/afcom/544224/,Afcom Holdings Limited,4231.32
544225,Ola Electric Mobility Ltd,Active,A,10.0,INE0LXG01040,,OLAELEC,Equity,https://www.bseindia.com/stock-share-price/ola-electric-mobility-ltd/olaelec/544225/,Ola Electric Mobility Limited,19184.75
544226,Brainbees Solutions Ltd,Active,A,2.0,INE02RE01045,,FIRSTCRY,Equity,https://www.bseindia.com/stock-share-price/brainbees-solutions-ltd/firstcry/544226/,Brainbees Solutions Limited,11154.42
544227,Unicommerce Esolutions Ltd,Active,B,1.0,INE00U401027,,UNIECOM,Equity,https://www.bseindia.com/stock-share-price/unicommerce-esolutions-ltd/uniecom/544227/,UNICOMMERCE ESOLUTIONS LIMITED,956.91
544229,ICICI Prudential Nifty Metal ETF,Active,B,10.0,INF109KC19W1,,METALIETF,Equity,https://www.bseindia.com/stock-share-price/icici-prudential-nifty-metal-etf/metalietf/544229/,ICICI Prudential Mutual Fund,
544230,Saraswati Saree Depot Ltd,Active,B,10.0,INE0PQ101010,,SSDL,Equity,https://www.bseindia.com/stock-share-price/saraswati-saree-depot-ltd/ssdl/544230/,SARASWATI SAREE DEPOT LIMITED,211.94
544231,Broach Lifecare Hospital Ltd,Active,M,10.0,INE0SFZ01018,,BROACH,Equity,https://www.bseindia.com/stock-share-price/broach-lifecare-hospital-ltd/broach/544231/,BROACH LIFECARE HOSPITAL LIMITED,11.05
544232,Interarch Building Solutions Ltd,Active,B,10.0,INE00M901018,,INTERARCH,Equity,https://www.bseindia.com/stock-share-price/interarch-building-solutions-ltd/interarch/544232/,Interarch Building Solutions Limited,3118.47
544233,Mahalaxmi Fabric Mills Ltd,Active,B,10.0,INE0US801024,,MFML,Equity,https://www.bseindia.com/stock-share-price/mahalaxmi-fabric-mills-ltd/mfml/544233/,Mahalaxmi Fabric Mills Limited,20.82
544234,Globale Tessile Ltd,Active,T,10.0,INE0URU01010,,GLOBALE,Equity,https://www.bseindia.com/stock-share-price/globale-tessile-ltd/globale/544234/,Globale Tessile Limited,10.38
544235,Orient Technologies Ltd,Active,B,10.0,INE0PPK01015,,ORIENTTECH,Equity,https://www.bseindia.com/stock-share-price/orient-technologies-ltd/orienttech/544235/,Orient Technologies Limited,1190.04
544236,Resourceful Automobile Ltd,Active,MT,10.0,INE0SK201011,,RAL,Equity,https://www.bseindia.com/stock-share-price/resourceful-automobile-ltd/ral/544236/,Resourceful Automobile Limited,11.09
544237,Rapid Multimodal logistics Ltd,Active,M,10.0,INE0QA901010,,RAPID,Equity,https://www.bseindia.com/stock-share-price/rapid-multimodal-logistics-ltd/rapid/544237/,RAPID MULTIMODAL LOGISTICS LIMITED,50.31
544238,Premier Energies Ltd,Active,A,1.0,INE0BS701011,,PREMIERENE,Equity,https://www.bseindia.com/stock-share-price/premier-energies-ltd/premierene/544238/,Premier Energies Limited,47437.93
544239,ECOS (India) Mobility & Hospitality Ltd,Active,T,2.0,INE06HJ01020,,ECOSMOBLTY,Equity,https://www.bseindia.com/stock-share-price/ecos-(india)-mobility--hospitality-ltd/ecosmoblty/544239/,ECOS (India) Mobility & Hospitality Limited,787.80
544240,Raymond Lifestyle Ltd,Active,A,2.0,INE02ID01020,,RAYMONDLSL,Equity,https://www.bseindia.com/stock-share-price/raymond-lifestyle-ltd/raymondlsl/544240/,Raymond Lifestyle Limited,4544.90
544241,Mirae Asset Nifty500 Multicap 50:25:25 ETF,Active,B,10.0,INF769K01LX9,,MULTICAP,Equity,https://www.bseindia.com/stock-share-price/mirae-asset-nifty500-multicap-50:25:25-etf/multicap/544241/,Mirae Asset Mutual Fund,
544242,Travels & Rentals Ltd,Active,M,10.0,INE0SG001011,,TRAVELS,Equity,https://www.bseindia.com/stock-share-price/travels--rentals-ltd/travels/544242/,Travels & rentals Limited,18.77
544243,Baazar Style Retail Ltd,Active,T,5.0,INE01FR01028,,STYLEBAAZA,Equity,https://www.bseindia.com/stock-share-price/baazar-style-retail-ltd/stylebaaza/544243/,Baazar Style Retail Limited,2320.82
544244,Gala Precision Engineering Ltd,Active,B,10.0,INE0RE001014,,GALAPREC,Equity,https://www.bseindia.com/stock-share-price/gala-precision-engineering-ltd/galaprec/544244/,Gala Precision Engineering Limited,1486.74
544245,Naturewings Holidays Ltd,Active,M,10.0,INE0N4701016,,NHL,Equity,https://www.bseindia.com/stock-share-price/naturewings-holidays-ltd/nhl/544245/,Naturewings Holidays Limited,24.91
544246,Revathi Equipment India Ltd,Active,B,10.0,INE0DAB01012,,RVTH,Equity,https://www.bseindia.com/stock-share-price/revathi-equipment-india-ltd/rvth/544246/,Revathi Equipment India Limited,218.06
544247,DSP Nifty Top 10 Equal Weight ETF,Active,B,10.0,INF740KA1UR9,,TOP10ADD,Equity,https://www.bseindia.com/stock-share-price/dsp-nifty-top-10-equal-weight-etf/top10add/544247/,DSP Mutual Fund,
544248,Mach Travel Solutions Ltd,Active,M,10.0,INE0UYT01018,,MACHLTD,Equity,https://www.bseindia.com/stock-share-price/mach-travel-solutions-ltd/machltd/544248/,MACH TRAVEL SOLUTIONS LIMITED,326.08
544249,Shree Tirupati Balajee Agro Trading Company Ltd,Active,B,10.0,INE0S2G01011,,BALAJEE,Equity,https://www.bseindia.com/stock-share-price/shree-tirupati-balajee-agro-trading-company-ltd/balajee/544249/,SHREE TIRUPATI BALAJEE AGRO TRADING COMPANY LIMITED,223.34
544250,Sanofi Consumer Healthcare India Ltd,Active,B,10.0,INE0UOS01011,,SANOFICONR,Equity,https://www.bseindia.com/stock-share-price/sanofi-consumer-healthcare-india-ltd/sanoficonr/544250/,Sanofi Consumer Healthcare India Limited,10497.93
544251,Share Samadhan Ltd,Active,M,10.0,INE0LY301010,,SSL,Equity,https://www.bseindia.com/stock-share-price/share-samadhan-ltd/ssl/544251/,Share Samadhan Limited,42.95
544252,Bajaj Housing Finance Ltd,Active,A,10.0,INE377Y01014,,BAJAJHFL,Equity,https://www.bseindia.com/stock-share-price/bajaj-housing-finance-ltd/bajajhfl/544252/,Bajaj Housing Finance Limited,72116.36
544253,Kross Ltd,Active,B,5.0,INE0O6601022,,KROSS,Equity,https://www.bseindia.com/stock-share-price/kross-ltd/kross/544253/,Kross Limited,1295.03
544254,Tolins Tyres Ltd,Active,B,5.0,INE0RWQ01014,,TOLINS,Equity,https://www.bseindia.com/stock-share-price/tolins-tyres-ltd/tolins/544254/,Tolins Tyres Limited,406.94
544256,P N Gadgil Jewellers Ltd,Active,B,10.0,INE953R01016,,PNGJL,Equity,https://www.bseindia.com/stock-share-price/p-n-gadgil-jewellers-ltd/pngjl/544256/,P N GADGIL JEWELLERS LIMITED,9357.67
544257,Sodhani Academy of Fintech Enablers Ltd,Active,M,10.0,INE0Q3401017,,SAFE,Equity,https://www.bseindia.com/stock-share-price/sodhani-academy-of-fintech-enablers-ltd/safe/544257/,Sodhani Academy of Fintech Enablers Limited,93.11
544258,Western Carriers (India) Ltd,Active,B,5.0,INE0CJF01024,,WCIL,Equity,https://www.bseindia.com/stock-share-price/western-carriers-(india)-ltd/wcil/544258/,Western Carriers (India) Limited,919.33
544259,Popular Foundations Ltd,Active,M,10.0,INE0PZB01013,,PFL,Equity,https://www.bseindia.com/stock-share-price/popular-foundations-ltd/pfl/544259/,POPULAR FOUNDATIONS LIMITED,61.13
544260,Northern Arc Capital Ltd,Active,A,10.0,INE850M01015,,NORTHARC,Equity,https://www.bseindia.com/stock-share-price/northern-arc-capital-ltd/northarc/544260/,Northern Arc Capital Ltd.,4527.05
544261,Arkade Developers Ltd,Active,B,10.0,INE0QRL01017,,ARKADE,Equity,https://www.bseindia.com/stock-share-price/arkade-developers-ltd/arkade/544261/,ARKADE DEVELOPERS LIMITED,2592.79
544262,Manba Finance Ltd,Active,B,10.0,INE939X01013,,MANBA,Equity,https://www.bseindia.com/stock-share-price/manba-finance-ltd/manba/544262/,Manba Finance Limited,668.18
544263,KRN Heat Exchanger And Refrigeration Ltd,Active,T,10.0,INE0Q3J01015,,KRN,Equity,https://www.bseindia.com/stock-share-price/krn-heat-exchanger-and-refrigeration-ltd/krn/544263/,KRN HEAT EXCHANGER AND REFRIGERATION LIMITED,7935.20
544264,Diffusion Engineers Ltd,Active,B,10.0,INE184O01015,,DIFFNKG,Equity,https://www.bseindia.com/stock-share-price/diffusion-engineers-ltd/diffnkg/544264/,Diffusion Engineers Limited,1666.97
544265,Nexxus Petro Industries Ltd,Active,M,10.0,INE0QUL01011,,NEXXUS,Equity,https://www.bseindia.com/stock-share-price/nexxus-petro-industries-ltd/nexxus/544265/,Nexxus Petro Industries Limited,54.05
544266,Mirae Asset Nifty PSU Bank ETF,Active,B,10.0,INF769K01LZ4,,BANKPSU,Equity,https://www.bseindia.com/stock-share-price/mirae-asset-nifty-psu-bank-etf/bankpsu/544266/,Mirae Asset Mutual Fund,
544267,Subam Papers Ltd,Active,M,10.0,INE0U6201010,,SUBAM,Equity,https://www.bseindia.com/stock-share-price/subam-papers-ltd/subam/544267/,SUBAM PAPERS LIMITED,600.70
544268,Mirae Asset Nifty Metal ETF,Active,B,10.0,INF769K01LY7,,METAL,Equity,https://www.bseindia.com/stock-share-price/mirae-asset-nifty-metal-etf/metal/544268/,Mirae Asset Mutual Fund,
544269,Neopolitan Pizza And Foods Ltd,Active,M,10.0,INE471R01019,,NPFL,Equity,https://www.bseindia.com/stock-share-price/neopolitan-pizza-and-foods-ltd/npfl/544269/,NEOPOLITAN PIZZA AND FOODS LIMITED,12.41
544270,Khyati Global Ventures Ltd,Active,M,10.0,INE0S9501014,,KGVL,Equity,https://www.bseindia.com/stock-share-price/khyati-global-ventures-ltd/kgvl/544270/,Khyati Global Ventures Limited,35.98
544271,Garuda Construction and Engineering Ltd,Active,B,5.0,INE0JVO01026,,GARUDA,Equity,https://www.bseindia.com/stock-share-price/garuda-construction-and-engineering-ltd/garuda/544271/,Garuda Construction and Engineering Limited,1698.01
544272,Shiv Texchem Ltd,Active,M,10.0,INE0YRO01015,,SHIVTEXCHEM,Equity,https://www.bseindia.com/stock-share-price/shiv-texchem-ltd/shivtexchem/544272/,SHIV TEXCHEM LIMITED,266.71
544273,Mangalam Global Enterprise Ltd,Active,T,1.0,INE0APB01032,,MGEL,Equity,https://www.bseindia.com/stock-share-price/mangalam-global-enterprise-ltd/mgel/544273/,MANGALAM GLOBAL ENTERPRISE LIMITED,490.05
544274,Hyundai Motor India Ltd,Active,A,10.0,INE0V6F01027,,HYUNDAI,Equity,https://www.bseindia.com/stock-share-price/hyundai-motor-india-ltd/hyundai/544274/,HYUNDAI MOTOR INDIA LIMITED,178759.04
544275,ICICI Prudential Nifty200 Value 30 ETF,Active,B,10.0,INF109KC16X5,,VAL30IETF,Equity,https://www.bseindia.com/stock-share-price/icici-prudential-nifty200-value-30-etf/val30ietf/544275/,ICICI Prudential Mutual Fund,
544276,Deepak Builders and Engineers India Ltd,Active,T,1.0,INE0OPA01027,,DBEIL,Equity,https://www.bseindia.com/stock-share-price/deepak-builders-and-engineers-india-ltd/dbeil/544276/,Deepak Builders and Engineers India Limited,340.04
544277,Waaree Energies Ltd,Active,A,10.0,INE377N01017,,WAAREEENER,Equity,https://www.bseindia.com/stock-share-price/waaree-energies-ltd/waareeener/544277/,Waaree Energies Limited,77522.03
544278,OCCL Ltd,Active,T,2.0,INE0PK601023,,OCCLLTD,Equity,https://www.bseindia.com/stock-share-price/occl-ltd/occlltd/544278/,OCCL Limited,814.44
544279,Godavari Biorefineries Ltd,Active,B,10.0,INE497S01012,,GODAVARIB,Equity,https://www.bseindia.com/stock-share-price/godavari-biorefineries-ltd/godavarib/544279/,Godavari Biorefineries Limited,1308.83
544280,Afcons Infrastructure Ltd,Active,A,10.0,INE101I01011,,AFCONS,Equity,https://www.bseindia.com/stock-share-price/afcons-infrastructure-ltd/afcons/544280/,Afcons Infrastructure Limited,10253.84
544281,A B Infrabuild Ltd,Active,B,1.0,INE00YB01025,,ABINFRA,Equity,https://www.bseindia.com/stock-share-price/a-b-infrabuild-ltd/abinfra/544281/,A B INFRABUILD LIMITED,629.21
544282,Sagility Ltd,Active,A,10.0,INE0W2G01015,,SAGILITY,Equity,https://www.bseindia.com/stock-share-price/sagility-ltd/sagility/544282/,Sagility Limited,20462.09
544283,ACME Solar Holdings Ltd,Active,A,2.0,INE622W01025,,ACMESOLAR,Equity,https://www.bseindia.com/stock-share-price/acme-solar-holdings-ltd/acmesolar/544283/,ACME Solar Holdings Limited,26536.06
544285,Swiggy Ltd,Active,A,1.0,INE00H001014,,SWIGGY,Equity,https://www.bseindia.com/stock-share-price/swiggy-ltd/swiggy/544285/,SWIGGY LIMITED,79497.03
544286,Niva Bupa Health Insurance Company Ltd,Active,A,10.0,INE995S01015,,NIVABUPA,Equity,https://www.bseindia.com/stock-share-price/niva-bupa-health-insurance-company-ltd/nivabupa/544286/,NIVA BUPA HEALTH INSURANCE COMPANY LIMITED,16123.47
544287,Mangal Compusolution Ltd,Active,M,10.0,INE0RU901015,,MANGALCOMP,Equity,https://www.bseindia.com/stock-share-price/mangal-compusolution-ltd/mangalcomp/544287/,Mangal Compusolution Limited,61.27
544288,Black Buck Ltd,Active,A,1.0,INE0UIZ01018,,BLACKBUCK,Equity,https://www.bseindia.com/stock-share-price/black-buck-ltd/blackbuck/544288/,BlackBuck Limited,10173.08
544289,NTPC Green Energy Ltd,Active,A,10.0,INE0ONG01011,,NTPCGREEN,Equity,https://www.bseindia.com/stock-share-price/ntpc-green-energy-ltd/ntpcgreen/544289/,NTPC GREEN ENERGY LIMITED,76940.82
544290,Enviro Infra Engineers Ltd,Active,B,10.0,INE0LLY01014,,EIEL,Equity,https://www.bseindia.com/stock-share-price/enviro-infra-engineers-ltd/eiel/544290/,ENVIRO INFRA ENGINEERS LIMITED,3784.43
544291,Rajesh Power Services Ltd,Active,M,10.0,INE0VN801010,,RAJESH,Equity,https://www.bseindia.com/stock-share-price/rajesh-power-services-ltd/rajesh/544291/,RAJESH POWER SERVICES LIMITED,1551.34
544292,Onesource Specialty Pharma Ltd,Active,A,1.0,INE013P01021,,ONESOURCE,Equity,https://www.bseindia.com/stock-share-price/onesource-specialty-pharma-ltd/onesource/544292/,Onesource Specialty Pharma Limited,17783.60
544293,Suraksha Diagnostic Ltd,Active,B,2.0,INE877V01027,,SURAKSHA,Equity,https://www.bseindia.com/stock-share-price/suraksha-diagnostic-ltd/suraksha/544293/,SURAKSHA DIAGNOSTIC LIMITED,1311.13
544294,Rossell Techsys Ltd,Active,B,2.0,INE0OJW01016,,ROSSTECH,Equity,https://www.bseindia.com/stock-share-price/rossell-techsys-ltd/rosstech/544294/,Rossell Techsys Limited,4100.06
544296,Nisus Finance Services Co Ltd,Active,M,10.0,INE0DQN01013,,NISUS,Equity,https://www.bseindia.com/stock-share-price/nisus-finance-services-co-ltd/nisus/544296/,NISUS FINANCE SERVICES CO LIMITED,426.34
544301,Odigma Consultancy Solutions Ltd,Active,T,1.0,INE054301028,,ODIGMA,Equity,https://www.bseindia.com/stock-share-price/odigma-consultancy-solutions-ltd/odigma/544301/,Odigma Consultancy Solutions Limited,72.05
544302,Innovana Thinklabs Ltd,Active,B,10.0,INE403Y01018,,INNOVANA,Equity,https://www.bseindia.com/stock-share-price/innovana-thinklabs-ltd/innovana/544302/,Innovana Thinklabs Limited,690.04
544303,Toss The Coin Ltd,Active,M,10.0,INE0XAY01012,,TTC,Equity,https://www.bseindia.com/stock-share-price/toss-the-coin-ltd/ttc/544303/,TOSS THE COIN LIMITED,45.35
544304,Jungle Camps India Ltd,Active,M,10.0,INE0WCH01015,,JUNGLECAMP,Equity,https://www.bseindia.com/stock-share-price/jungle-camps-india-ltd/junglecamp/544304/,JUNGLE CAMPS INDIA LIMITED,68.36
544305,One Mobikwik Systems Ltd,Active,B,2.0,INE0HLU01028,,MOBIKWIK,Equity,https://www.bseindia.com/stock-share-price/one-mobikwik-systems-ltd/mobikwik/544305/,One Mobikwik Systems Limited,1612.34
544306,Sai Life Sciences Ltd,Active,A,1.0,INE570L01029,,SAILIFE,Equity,https://www.bseindia.com/stock-share-price/sai-life-sciences-ltd/sailife/544306/,Sai Life Sciences Limited,30043.73
544307,Vishal Mega Mart Ltd,Active,A,10.0,INE01EA01019,,VMM,Equity,https://www.bseindia.com/stock-share-price/vishal-mega-mart-ltd/vmm/544307/,Vishal Mega Mart Limited,51597.66
544308,Hilltone Software and Gases Ltd,Active,X,10.0,INE168C01013,,HILLTONE,Equity,https://www.bseindia.com/stock-share-price/hilltone-software-and-gases-ltd/hilltone/544308/,Hilltone Software and Gases Ltd,54.73
544309,Inventurus Knowledge Solutions Ltd,Active,A,1.0,INE115Q01022,,IKS,Equity,https://www.bseindia.com/stock-share-price/inventurus-knowledge-solutions-ltd/iks/544309/,INVENTURUS KNOWLEDGE SOLUTIONS LIMITED,30259.50
544310,Yash Highvoltage Ltd,Active,M,5.0,INE00GK01023,,YASHHV,Equity,https://www.bseindia.com/stock-share-price/yash-highvoltage-ltd/yashhv/544310/,Yash Highvoltage Limited,2812.37
544311,International Gemological Institute Ltd,Active,A,2.0,INE0Q9301021,,IGIL,Equity,https://www.bseindia.com/stock-share-price/international-gemological-institute-ltd/igil/544311/,International Gemological Institute Limited,15572.87
544312,Hamps Bio Ltd,Active,MT,10.0,INE0QBD01018,,HAMPS,Equity,https://www.bseindia.com/stock-share-price/hamps-bio-ltd/hamps/544312/,HAMPS BIO LIMITED,21.12
544313,NACDAC Infrastructure Ltd,Active,M,10.0,INE0LB101011,,NACDAC,Equity,https://www.bseindia.com/stock-share-price/nacdac-infrastructure-ltd/nacdac/544313/,NACDAC Infrastructure Limited,27.37
544314,Sanathan Textiles Ltd,Active,B,10.0,INE0JPD01013,,SANATHAN,Equity,https://www.bseindia.com/stock-share-price/sanathan-textiles-ltd/sanathan/544314/,Sanathan Textiles Limited,4027.34
544315,Concord Enviro Systems Ltd,Active,B,5.0,INE037Z01029,,CEWATER,Equity,https://www.bseindia.com/stock-share-price/concord-enviro-systems-ltd/cewater/544315/,Concord Enviro Systems Limited,573.49
544316,DAM Capital Advisors Ltd,Active,B,2.0,INE284H01025,,DAMCAPITAL,Equity,https://www.bseindia.com/stock-share-price/dam-capital-advisors-ltd/damcapital/544316/,DAM Capital Advisors Limited,1089.27
544317,Transrail Lighting Ltd,Active,A,2.0,INE454P01035,,TRANSRAILL,Equity,https://www.bseindia.com/stock-share-price/transrail-lighting-ltd/transraill/544317/,Transrail Lighting Limited,6596.67
544318,Mamata Machinery Ltd,Active,B,10.0,INE0TO701015,,MAMATA,Equity,https://www.bseindia.com/stock-share-price/mamata-machinery-ltd/mamata/544318/,MAMATA MACHINERY LIMITED,1044.97
544319,Senores Pharmaceuticals Ltd,Active,A,10.0,INE0RB801010,,SENORES,Equity,https://www.bseindia.com/stock-share-price/senores-pharmaceuticals-ltd/senores/544319/,SENORES PHARMACEUTICALS LIMITED,6118.22
544320,Carraro India Ltd,Active,B,10.0,INE0V7W01012,,CARRARO,Equity,https://www.bseindia.com/stock-share-price/carraro-india-ltd/carraro/544320/,CARRARO INDIA LIMITED,3080.22
544321,Ventive Hospitality Ltd,Active,B,1.0,INE781S01027,,VENTIVE,Equity,https://www.bseindia.com/stock-share-price/ventive-hospitality-ltd/ventive/544321/,Ventive Hospitality Limited,14348.80
544322,Unimech Aerospace and Manufacturing Ltd,Active,B,5.0,INE0U3I01011,,UNIMECH,Equity,https://www.bseindia.com/stock-share-price/unimech-aerospace-and-manufacturing-ltd/unimech/544322/,Unimech Aerospace and Manufacturing Limited,6800.84
544323,Mirae Asset Nifty India New Age Consumption ETF,Active,B,10.0,INF769K01NS5,,CONSUMER,Equity,https://www.bseindia.com/stock-share-price/mirae-asset-nifty-india-new-age-consumption-etf/consumer/544323/,Mirae Asset Mutual Fund,
544324,Citichem India Ltd,Active,M,10.0,INE0A8401016,,CITICHEM,Equity,https://www.bseindia.com/stock-share-price/citichem-india-ltd/citichem/544324/,Citichem India Limited,11.73
544325,ITC Hotels Ltd,Active,A,1.0,INE379A01028,,ITCHOTELS,Equity,https://www.bseindia.com/stock-share-price/itc-hotels-ltd/itchotels/544325/,ITC Hotels Limited,35639.72
544326,Edelweiss BSE Capital Markets & Insurance ETF,Active,B,10.0,INF754K01TX4,,ECAPINSURE,Equity,https://www.bseindia.com/stock-share-price/edelweiss-bse-capital-markets--insurance-etf/ecapinsure/544326/,Edelweiss Mutual Fund,
544327,Technichem Organics Ltd,Active,M,10.0,INE0ZHT01012,,TECHNICHEM,Equity,https://www.bseindia.com/stock-share-price/technichem-organics-ltd/technichem/544327/,TECHNICHEM ORGANICS LIMITED,81.41
544328,Indo Farm Equipment Ltd,Active,B,10.0,INE622H01018,,INDOFARM,Equity,https://www.bseindia.com/stock-share-price/indo-farm-equipment-ltd/indofarm/544328/,INDO FARM EQUIPMENT LIMITED,789.73
544329,Leo Dryfruits & Spices Trading Ltd,Active,M,10.0,INE0RH001011,,VANDU,Equity,https://www.bseindia.com/stock-share-price/leo-dryfruits--spices-trading-ltd/vandu/544329/,LEO DRYFRUITS & SPICES TRADING LIMITED,100.37
544330,Parmeshwar Metal Ltd,Active,MT,10.0,INE0QQJ01021,,PARMESHWAR,Equity,https://www.bseindia.com/stock-share-price/parmeshwar-metal-ltd/parmeshwar/544330/,PARMESHWAR METAL LIMITED,300.00
544331,Davin Sons Retail Ltd,Active,M,10.0,INE0Q2L01013,,DAVIN,Equity,https://www.bseindia.com/stock-share-price/davin-sons-retail-ltd/davin/544331/,Davin Sons Retail Limited,18.52
544332,Fabtech Technologies Cleanrooms Ltd,Active,MT,10.0,INE0HSD01011,,FABCLEAN,Equity,https://www.bseindia.com/stock-share-price/fabtech-technologies-cleanrooms-ltd/fabclean/544332/,FABTECH TECHNOLOGIES CLEANROOMS LIMITED,486.61
544333,Standard Engineering Technology Ltd,Active,B,10.0,INE0M4D01010,,SETL,Equity,https://www.bseindia.com/stock-share-price/standard-engineering-technology-ltd/setl/544333/,STANDARD ENGINEERING TECHNOLOGY LIMITED,5493.00
544334,Indobell Insulations Ltd,Active,MT,10.0,INE0FK501019,,INDOBELL,Equity,https://www.bseindia.com/stock-share-price/indobell-insulations-ltd/indobell/544334/,Indobell Insulations Limited,46.62
544335,B.R.Goyal Infrastructure Ltd,Active,MT,10.0,INE00ST01011,,BRGIL,Equity,https://www.bseindia.com/stock-share-price/brgoyal-infrastructure-ltd/brgil/544335/,B.R.GOYAL INFRASTRUCTURE LIMITED,416.93
544336,Quadrant Future Tek Ltd,Active,B,10.0,INE0LRY01011,,QUADFUTURE,Equity,https://www.bseindia.com/stock-share-price/quadrant-future-tek-ltd/quadfuture/544336/,Quadrant Future Tek Limited,1512.80
544337,Avax Apparels and Ornaments Ltd,Active,MT,5.0,INE0NQ401024,,AVAX,Equity,https://www.bseindia.com/stock-share-price/avax-apparels-and-ornaments-ltd/avax/544337/,Avax Apparels and Ornaments Limited,41.15
544339,Laxmi Dental Ltd,Active,B,2.0,INE0WO601020,,LAXMIDENTL,Equity,https://www.bseindia.com/stock-share-price/laxmi-dental-ltd/laxmidentl/544339/,Laxmi Dental Limited,1200.65
544340,Rikhav Securities Ltd,Active,M,5.0,INE0CFH01028,,RIKHAV,Equity,https://www.bseindia.com/stock-share-price/rikhav-securities-ltd/rikhav/544340/,Rikhav Securities Limited,183.15
544341,Landmark Global Learning Ltd,Active,M,10.0,INE12QA01010,,LGLL,Equity,https://www.bseindia.com/stock-share-price/landmark-global-learning-ltd/lgll/544341/,LANDMARK GLOBAL LEARNING LIMITED,25.29
544342,Stallion India Fluorochemicals Ltd,Active,B,10.0,INE0RYC01010,,STALLION,Equity,https://www.bseindia.com/stock-share-price/stallion-india-fluorochemicals-ltd/stallion/544342/,Stallion India Fluorochemicals Limited,3136.06
544343,Capitalnumbers Infotech Ltd,Active,M,10.0,INE0WXM01011,,CNINFOTECH,Equity,https://www.bseindia.com/stock-share-price/capitalnumbers-infotech-ltd/cninfotech/544343/,CAPITALNUMBERS INFOTECH  LIMITED,219.84
544344,SPR Auto Technologies Ltd,Active,A,10.0,INE526E01018,,SHRIPISTON,Equity,https://www.bseindia.com/stock-share-price/spr-auto-technologies-ltd/shripiston/544344/,SPR Auto Technologies Limited,19024.02
544345,Denta Water and Infra Solutions Ltd,Active,B,10.0,INE0R4L01018,,DENTA,Equity,https://www.bseindia.com/stock-share-price/denta-water-and-infra-solutions-ltd/denta/544345/,Denta Water and Infra Solutions Limited,895.38
544346,RDB Real Estate Constructions Ltd,Active,X,10.0,INE0AK901016,,RRECL,Equity,https://www.bseindia.com/stock-share-price/rdb-real-estate-constructions-ltd/rrecl/544346/,RDB Real Estate Constructions Limited,417.65
544347,CLN Energy Ltd,Active,MT,10.0,INE0WDX01010,,CLN,Equity,https://www.bseindia.com/stock-share-price/cln-energy-ltd/cln/544347/,CLN ENERGY LIMITED,527.66
544348,GB Logistics Commerce Ltd,Active,M,10.0,INE0RWU01016,,GBLOGISTIC,Equity,https://www.bseindia.com/stock-share-price/gb-logistics-commerce-ltd/gblogistic/544348/,GB Logistics Commerce Limited,20.90
544349,H.M. Electro Mech Ltd,Active,M,10.0,INE0DZD01015,,HMEML,Equity,https://www.bseindia.com/stock-share-price/hm-electro-mech-ltd/hmeml/544349/,H.M. ELECTRO MECH LIMITED,75.51
544350,Dr. Agarwals Health Care Ltd,Active,A,1.0,INE943P01029,,AGARWALEYE,Equity,https://www.bseindia.com/stock-share-price/dr-agarwals-health-care-ltd/agarwaleye/544350/,Dr. Agarwal's Health Care Limited,16857.87
544351,Malpani Pipes And Fittings Ltd,Active,M,10.0,INE0YON01014,,MALPANI,Equity,https://www.bseindia.com/stock-share-price/malpani-pipes-and-fittings-ltd/malpani/544351/,MALPANI PIPES AND FITTINGS LIMITED,71.08
544352,DSP BSE Sensex Next 30 ETF,Active,B,10.0,INF740KA1VE5,,NEXT30ADD,Equity,https://www.bseindia.com/stock-share-price/dsp-bse-sensex-next-30-etf/next30add/544352/,DSP Mutual Fund,
544353,Amwill Health Care Ltd,Active,M,10.0,INE0U2L01017,,AMWILL,Equity,https://www.bseindia.com/stock-share-price/amwill-health-care-ltd/amwill/544353/,Amwill Health Care Limited,84.08
544354,Solarium Green Energy Ltd,Active,M,10.0,INE0W0H01017,,SOLARIUM,Equity,https://www.bseindia.com/stock-share-price/solarium-green-energy-ltd/solarium/544354/,SOLARIUM GREEN ENERGY LIMITED,357.29
544355,Jubilant Agri and Consumer Products Ltd,Active,B,10.0,INE03CC01015,,JUBLCPL,Equity,https://www.bseindia.com/stock-share-price/jubilant-agri-and-consumer-products-ltd/jublcpl/544355/,Jubilant Agri and Consumer Products Limited,2912.31
544356,AJAX Engineering Ltd,Active,B,1.0,INE274Y01021,,AJAXENGG,Equity,https://www.bseindia.com/stock-share-price/ajax-engineering-ltd/ajaxengg/544356/,AJAX Engineering Limited,6500.59
544361,Covance Softsol Ltd,Active,XT,10.0,INE0R8101016,,COVANCE,Equity,https://www.bseindia.com/stock-share-price/covance-softsol-ltd/covance/544361/,COVANCE SOFTSOL LIMITED,457.08
544362,Hexaware Technologies Ltd,Active,A,1.0,INE093A01041,,HEXT,Equity,https://www.bseindia.com/stock-share-price/hexaware-technologies-ltd/hext/544362/,Hexaware Technologies Limited,33984.71
544364,Indef Manufacturing Ltd,Active,B,1.0,INE0O9T01021,,BAJAJINDEF,Equity,https://www.bseindia.com/stock-share-price/indef-manufacturing-ltd/bajajindef/544364/,Indef Manufacturing Limited,758.24
544365,Shanmuga Hospital Ltd,Active,M,10.0,INE0TD301017,,SHANMUGA,Equity,https://www.bseindia.com/stock-share-price/shanmuga-hospital-ltd/shanmuga/544365/,SHANMUGA HOSPITAL LIMITED,63.30
544366,L.K.Mehta Polymers Ltd,Active,M,10.0,INE0FFF01017,,LKMEHTA,Equity,https://www.bseindia.com/stock-share-price/lkmehta-polymers-ltd/lkmehta/544366/,L.K.MEHTA POLYMERS LIMITED,14.71
544367,Quality Power Electrical Equipments Ltd,Active,T,10.0,INE0SII01026,,QPOWER,Equity,https://www.bseindia.com/stock-share-price/quality-power-electrical-equipments-ltd/qpower/544367/,QUALITY POWER ELECTRICAL EQUIPMENTS LIMITED,8962.99
544368,Swasth Foodtech India Ltd,Active,M,10.0,INE0TIR01017,,SWASTH,Equity,https://www.bseindia.com/stock-share-price/swasth-foodtech-india-ltd/swasth/544368/,Swasth Foodtech India Limited,9.95
544369,Beezaasan Explotech Ltd,Active,MT,10.0,INE13VU01016,,BEEZAASAN,Equity,https://www.bseindia.com/stock-share-price/beezaasan-explotech-ltd/beezaasan/544369/,Beezaasan Explotech Limited,621.15
544370,Nukleus Office Solutions Ltd,Active,M,10.0,INE0VYX01018,,NUKLEUS,Equity,https://www.bseindia.com/stock-share-price/nukleus-office-solutions-ltd/nukleus/544370/,NUKLEUS OFFICE SOLUTIONS LIMITED,84.45
544371,Vikram Aroma Ltd,Active,X,10.0,INE0NR501012,,VIKRAMAR,Equity,https://www.bseindia.com/stock-share-price/vikram-aroma-ltd/vikramar/544371/,VIKRAM AROMA LIMITED,21.94
544372,Shreenath Paper Products Ltd,Active,M,10.0,INE0RXS01018,,SHREENATH,Equity,https://www.bseindia.com/stock-share-price/shreenath-paper-products-ltd/shreenath/544372/,SHREENATH PAPER PRODUCTS LIMITED,25.75
544373,NAPS Global India Ltd,Active,M,10.0,INE0VNH01014,,NAPSGLOBAL,Equity,https://www.bseindia.com/stock-share-price/naps-global-india-ltd/napsglobal/544373/,NAPS Global India Limited,20.82
544376,Mirae Asset BSE Select IPO ETF,Active,B,10.0,INF769K01ON4,,SELECTIPO,Equity,https://www.bseindia.com/stock-share-price/mirae-asset-bse-select-ipo-etf/selectipo/544376/,Mirae Asset Mutual Fund,
544377,Mirae Asset BSE 200 Equal Weight ETF,Active,B,10.0,INF769K01OA1,,EQUAL200,Equity,https://www.bseindia.com/stock-share-price/mirae-asset-bse-200-equal-weight-etf/equal200/544377/,Mirae Asset Mutual Fund,
544378,PDP Shipping & Projects Ltd,Active,M,10.0,INE0ABU01016,,PSPL,Equity,https://www.bseindia.com/stock-share-price/pdp-shipping--projects-ltd/pspl/544378/,PDP Shipping & Projects Limited,17.25
544379,Prabha Energy Ltd,Active,B,1.0,INE0I0M01023,,PRABHA,Equity,https://www.bseindia.com/stock-share-price/prabha-energy-ltd/prabha/544379/,Prabha Energy Limited,2046.74
544381,Super Iron Foundry Ltd,Active,M,10.0,INE16IQ01014,,SUPERIRON,Equity,https://www.bseindia.com/stock-share-price/super-iron-foundry-ltd/superiron/544381/,Super Iron Foundry Limited,92.41
544382,Axis Nifty500 Value 50 ETF,Active,B,10.0,INF846KA1119,,VALUEAXIS,Equity,https://www.bseindia.com/stock-share-price/axis-nifty500-value-50-etf/valueaxis/544382/,Axis Mutual Fund,
544383,Paradeep Parivahan Ltd,Active,MT,10.0,INE0SMW01011,,PPARIVAH,Equity,https://www.bseindia.com/stock-share-price/paradeep-parivahan-ltd/pparivah/544383/,PARADEEP PARIVAHAN LIMITED,372.08
544385,SBI BSE PSU BANK ETF,Active,B,10.0,INF200KB1712,,SBIBPB,Equity,https://www.bseindia.com/stock-share-price/sbi-bse-psu-bank-etf/sbibpb/544385/,SBI Mutual Fund,
544386,Spectrum Electrical Industries Ltd,Active,B,10.0,INE01EO01010,,SPECTRUM,Equity,https://www.bseindia.com/stock-share-price/spectrum-electrical-industries-ltd/spectrum/544386/,Spectrum Electrical Industries Limited,4030.91
544387,Desco Infratech Ltd,Active,MT,10.0,INE0TGG01014,,DESCO,Equity,https://www.bseindia.com/stock-share-price/desco-infratech-ltd/desco/544387/,Desco Infratech Limited,141.62
544388,Identixweb Ltd,Active,M,10.0,INE0PA401012,,IDENTIXWEB,Equity,https://www.bseindia.com/stock-share-price/identixweb-ltd/identixweb/544388/,Identixweb Limited,64.37
544390,Siemens Energy India Ltd,Active,A,2.0,INE1NPP01017,,ENRIN,Equity,https://www.bseindia.com/stock-share-price/siemens-energy-india-ltd/enrin/544390/,Siemens Energy India Limited,115808.61
544391,Retaggio Industries Ltd,Active,MT,10.0,INE0KWJ01014,,RETAGGIO,Equity,https://www.bseindia.com/stock-share-price/retaggio-industries-ltd/retaggio/544391/,Retaggio Industries Limited,90.02
544392,Spinaroo Commercial Ltd,Active,M,10.0,INE10XX01012,,SPINAROO,Equity,https://www.bseindia.com/stock-share-price/spinaroo-commercial-ltd/spinaroo/544392/,SPINAROO COMMERCIAL LIMITED,37.77
544393,Infonative Solutions Ltd,Active,M,1.0,INE12IB01015,,INFONATIVE,Equity,https://www.bseindia.com/stock-share-price/infonative-solutions-ltd/infonative/544393/,INFONATIVE SOLUTIONS LIMITED,44.17
544394,ICICI Prudential Nifty EV & New Age Automotive ETF,Active,B,10.0,INF109K1A153,,EVIETF,Equity,https://www.bseindia.com/stock-share-price/icici-prudential-nifty-ev--new-age-automotive-etf/evietf/544394/,ICICI Prudential Mutual Fund,
544395,STL Networks Ltd,Active,T,2.0,INE1VXE01018,,STLNETWORK,Equity,https://www.bseindia.com/stock-share-price/stl-networks-ltd/stlnetwork/544395/,STL Networks Limited,1196.34
544396,Network People Services Technologies Ltd,Active,B,10.0,INE0FFK01017,,NPST,Equity,https://www.bseindia.com/stock-share-price/network-people-services-technologies-ltd/npst/544396/,Network People Services Technologies Limited,3167.29
544397,Ather Energy Ltd,Active,A,1.0,INE0LEZ01016,,ATHERENERG,Equity,https://www.bseindia.com/stock-share-price/ather-energy-ltd/atherenerg/544397/,Ather Energy Limited,57203.35
544398,Kenrik Industries Ltd,Active,M,10.0,INE0AOG01018,,KENRIK,Equity,https://www.bseindia.com/stock-share-price/kenrik-industries-ltd/kenrik/544398/,Kenrik Industries Limited,8.77
544399,Srigee Dlm Ltd,Active,M,10.0,INE0RJ901010,,SRIGEE,Equity,https://www.bseindia.com/stock-share-price/srigee-dlm-ltd/srigee/544399/,SRIGEE DLM LIMITED,47.19
544400,Manoj Jewellers Ltd,Active,M,10.0,INE0MV001018,,MANOJJEWEL,Equity,https://www.bseindia.com/stock-share-price/manoj-jewellers-ltd/manojjewel/544400/,Manoj Jewellers Limited,24.94
544401,Mirae Asset Nifty50 Equal Weight ETF,Active,B,10.0,INF769K01OO2,,EQUAL50,Equity,https://www.bseindia.com/stock-share-price/mirae-asset-nifty50-equal-weight-etf/equal50/544401/,Mirae Asset Mutual Fund,
544402,Jash Engineering Ltd,Active,B,2.0,INE039O01029,,JASH,Equity,https://www.bseindia.com/stock-share-price/jash-engineering-ltd/jash/544402/,JASH ENGINEERING LIMITED,3113.87
544403,Aditya Birla Lifestyle Brands Ltd,Active,A,10.0,INE14LE01019,,ABLBL,Equity,https://www.bseindia.com/stock-share-price/aditya-birla-lifestyle-brands-ltd/ablbl/544403/,Aditya Birla Lifestyle Brands Limited,11557.12
544404,Borana Weaves Ltd,Active,B,10.0,INE16SF01016,,BORANA,Equity,https://www.bseindia.com/stock-share-price/borana-weaves-ltd/borana/544404/,BORANA WEAVES LIMITED,916.86
544405,Belrise Industries Ltd,Active,A,5.0,INE894V01022,,BELRISE,Equity,https://www.bseindia.com/stock-share-price/belrise-industries-ltd/belrise/544405/,BELRISE INDUSTRIES LIMITED,23651.70
544406,Unified Data Tech Solutions Ltd,Active,M,10.0,INE1ABX01018,,UNIFIED,Equity,https://www.bseindia.com/stock-share-price/unified-data-tech-solutions-ltd/unified/544406/,UNIFIED DATA TECH SOLUTIONS LIMITED,776.98
544407,Aegis Vopak Terminals Ltd,Active,A,10.0,INE0INX01018,,AEGISVOPAK,Equity,https://www.bseindia.com/stock-share-price/aegis-vopak-terminals-ltd/aegisvopak/544407/,AEGIS VOPAK TERMINALS LIMITED,31788.28
544408,Leela Palaces Hotels & Resorts Ltd,Active,A,10.0,INE0AQ201015,,THELEELA,Equity,https://www.bseindia.com/stock-share-price/leela-palaces-hotels--resorts-ltd/theleela/544408/,Leela Palaces Hotels & Resorts Limited,17043.54
544409,Astonea Labs Ltd,Active,MT,10.0,INE0TG901011,,ASTONEALAB,Equity,https://www.bseindia.com/stock-share-price/astonea-labs-ltd/astonealab/544409/,ASTONEA LABS LIMITED,283.80
544410,Prostarm Info Systems Ltd,Active,B,10.0,INE0BX301013,,PROSTARM,Equity,https://www.bseindia.com/stock-share-price/prostarm-info-systems-ltd/prostarm/544410/,PROSTARM INFO SYSTEMS LIMITED,851.03
544411,Scoda Tubes Ltd,Active,B,10.0,INE090501011,,SCODATUBES,Equity,https://www.bseindia.com/stock-share-price/scoda-tubes-ltd/scodatubes/544411/,Scoda Tubes Limited,857.30
544412,3B Films Ltd,Active,MT,10.0,INE0TE101010,,3BFILMS,Equity,https://www.bseindia.com/stock-share-price/3b-films-ltd/3bfilms/544412/,3B FILMS LIMITED,38.84
544413,Digitide Solutions Ltd,Active,B,10.0,INE0U4701011,,DIGITIDE,Equity,https://www.bseindia.com/stock-share-price/digitide-solutions-ltd/digitide/544413/,Digitide Solutions Limited,1478.43
544414,Bluspring Enterprises Ltd,Active,B,10.0,INE0U4101014,,BLUSPRING,Equity,https://www.bseindia.com/stock-share-price/bluspring-enterprises-ltd/bluspring/544414/,Bluspring Enterprises Limited,1717.82
544415,Nippon India BSE Sensex Next 30 ETF,Active,B,10.0,INF204KC1EZ3,,SNXT30BEES,Equity,https://www.bseindia.com/stock-share-price/nippon-india-bse-sensex-next-30-etf/snxt30bees/544415/,Nippon India Mutual Fund,
544416,Krishival Foods Ltd,Active,B,10.0,INE0GGO01015,,KRISHIVAL,Equity,https://www.bseindia.com/stock-share-price/krishival-foods-ltd/krishival/544416/,KRISHIVAL FOODS LIMITED,996.94
544417,Aten Papers & Foam Ltd,Active,MT,10.0,INE0XCV01014,,ATENPAPERS,Equity,https://www.bseindia.com/stock-share-price/aten-papers--foam-ltd/atenpapers/544417/,Aten Papers & Foam Limited,21.28
544418,Oswal Pumps Ltd,Active,B,1.0,INE0BYP01024,,OSWALPUMPS,Equity,https://www.bseindia.com/stock-share-price/oswal-pumps-ltd/oswalpumps/544418/,Oswal Pumps Limited,3680.65
544419,ArisInfra Solutions Ltd,Active,B,2.0,INE0H9P01028,,ARIS,Equity,https://www.bseindia.com/stock-share-price/arisinfra-solutions-ltd/aris/544419/,ArisInfra Solutions Limited,1080.50
544420,Raymond Realty Ltd,Active,B,10.0,INE1SY401010,,RAYMONDREL,Equity,https://www.bseindia.com/stock-share-price/raymond-realty-ltd/raymondrel/544420/,Raymond Realty Limited,4583.27
544421,Ellenbarrie Industrial Gases Ltd,Active,B,2.0,INE236E01022,,ELLEN,Equity,https://www.bseindia.com/stock-share-price/ellenbarrie-industrial-gases-ltd/ellen/544421/,ELLENBARRIE INDUSTRIAL GASES LIMITED,3957.47
544422,Abram Food Ltd,Active,M,10.0,INE0ZDY01011,,ABRFL,Equity,https://www.bseindia.com/stock-share-price/abram-food-ltd/abrfl/544422/,Abram Food Limited,21.64
544423,Kalpataru Ltd,Active,B,10.0,INE227J01012,,KALPATARU,Equity,https://www.bseindia.com/stock-share-price/kalpataru-ltd/kalpataru/544423/,Kalpataru Limited,5835.83
544424,Globe Civil Projects Ltd,Active,B,10.0,INE0V3U01015,,GLOBECIVIL,Equity,https://www.bseindia.com/stock-share-price/globe-civil-projects-ltd/globecivil/544424/,GLOBE CIVIL PROJECTS LIMITED,235.89
544425,AJC Jewel Manufacturers Ltd,Active,M,10.0,INE0XRR01010,,AJCJEWEL,Equity,https://www.bseindia.com/stock-share-price/ajc-jewel-manufacturers-ltd/ajcjewel/544425/,AJC Jewel Manufacturers Limited,69.51
544426,Icon Facilitators Ltd,Active,M,10.0,INE0Y0E01012,,ICON,Equity,https://www.bseindia.com/stock-share-price/icon-facilitators-ltd/icon/544426/,Icon Facilitators Limited,55.25
544427,ICICI Prudential Nifty Top 15 Equal Weight ETF,Active,B,10.0,INF109K1A344,,TOP15IETF,Equity,https://www.bseindia.com/stock-share-price/icici-prudential-nifty-top-15-equal-weight-etf/top15ietf/544427/,ICICI Prudential Mutual Fund,
544428,Supertech Ev Ltd,Active,M,10.0,INE0SC101013,,SEVL,Equity,https://www.bseindia.com/stock-share-price/supertech-ev-ltd/sevl/544428/,SUPERTECH EV LIMITED,47.80
544429,HDB Financial Services Ltd,Active,A,10.0,INE756I01012,,HDBFS,Equity,https://www.bseindia.com/stock-share-price/hdb-financial-services-ltd/hdbfs/544429/,HDB FINANCIAL SERVICES LIMITED,56064.31
544430,Sambhv Steel Tubes Ltd,Active,B,10.0,INE12NJ01018,,SAMBHV,Equity,https://www.bseindia.com/stock-share-price/sambhv-steel-tubes-ltd/sambhv/544430/,SAMBHV STEEL TUBES LIMITED,3493.33
544431,Ace Alpha Tech Ltd,Active,M,10.0,INE0S9X01011,,ACEALPHA,Equity,https://www.bseindia.com/stock-share-price/ace-alpha-tech-ltd/acealpha/544431/,Ace Alpha Tech Limited,244.06
544432,Indogulf Cropsciences Ltd,Active,B,10.0,INE05J901018,,IGCL,Equity,https://www.bseindia.com/stock-share-price/indogulf-cropsciences-ltd/igcl/544432/,Indogulf Cropsciences Limited,471.33
544433,Valencia India Ltd,Active,M,10.0,INE130701019,,VALINDIA,Equity,https://www.bseindia.com/stock-share-price/valencia-india-ltd/valindia/544433/,Valencia India Limited,23.59
544434,Neetu Yoshi Ltd,Active,MT,5.0,INE0UZO01024,,NEETUYOSHI,Equity,https://www.bseindia.com/stock-share-price/neetu-yoshi-ltd/neetuyoshi/544434/,Neetu Yoshi Limited,633.62
544435,Adcounty Media India Ltd,Active,M,10.0,INE0W1601012,,ADCOUNTY,Equity,https://www.bseindia.com/stock-share-price/adcounty-media-india-ltd/adcounty/544435/,ADCOUNTY MEDIA INDIA LIMITED,198.01
544436,Vandan Foods Ltd,Active,M,10.0,INE0RDJ01019,,VANDAN,Equity,https://www.bseindia.com/stock-share-price/vandan-foods-ltd/vandan/544436/,VANDAN FOODS LIMITED,19.88
544437,Marc Loire Fashions Ltd,Active,M,10.0,INE0TBQ01014,,MARCLOIRE,Equity,https://www.bseindia.com/stock-share-price/marc-loire-fashions-ltd/marcloire/544437/,MARC LOIRE FASHIONS LIMITED,24.85
544438,Mirae Asset Nifty India Internet ETF,Active,B,10.0,INF769K01PB6,,INTERNET,Equity,https://www.bseindia.com/stock-share-price/mirae-asset-nifty-india-internet-etf/internet/544438/,Mirae Asset Mutual Fund,
544439,Crizac Ltd,Active,B,2.0,INE0S4R01014,,CRIZAC,Equity,https://www.bseindia.com/stock-share-price/crizac-ltd/crizac/544439/,CRIZAC LIMITED,3238.05
544440,Cryogenic Ogs Ltd,Active,MT,10.0,INE0TL001013,,CRYOGENIC,Equity,https://www.bseindia.com/stock-share-price/cryogenic-ogs-ltd/cryogenic/544440/,CRYOGENIC OGS LIMITED,485.52
544441,Meta Infotech Ltd,Active,MT,10.0,INE162901016,,METAINFO,Equity,https://www.bseindia.com/stock-share-price/meta-infotech-ltd/metainfo/544441/,META INFOTECH LIMITED,196.59
544442,Chemkart India Ltd,Active,MT,10.0,INE0VWL01017,,CHEMKART,Equity,https://www.bseindia.com/stock-share-price/chemkart-india-ltd/chemkart/544442/,Chemkart India Limited,241.86
544443,Travel Food Services Ltd,Active,B,1.0,INE103V01028,,TRAVELFOOD,Equity,https://www.bseindia.com/stock-share-price/travel-food-services-ltd/travelfood/544443/,TRAVEL FOOD SERVICES LIMITED,17539.05
544444,Glen Industries Ltd,Active,M,10.0,INE0UMC01019,,GLEN,Equity,https://www.bseindia.com/stock-share-price/glen-industries-ltd/glen/544444/,Glen Industries Limited,264.72
544445,Asston Pharmaceuticals Ltd,Active,M,10.0,INE0SJX01015,,APL,Equity,https://www.bseindia.com/stock-share-price/asston-pharmaceuticals-ltd/apl/544445/,ASSTON PHARMACEUTICALS LIMITED,69.80
544446,Advent Hotels International Ltd,Active,B,10.0,INE28GN01010,,ADVENTHTL,Equity,https://www.bseindia.com/stock-share-price/advent-hotels-international-ltd/adventhtl/544446/,Advent Hotels International Limited,789.45
544447,Smartworks Coworking Spaces Ltd,Active,B,10.0,INE0NAZ01010,,SMARTWORKS,Equity,https://www.bseindia.com/stock-share-price/smartworks-coworking-spaces-ltd/smartworks/544447/,SMARTWORKS COWORKING SPACES LIMITED,5516.57
544448,Pashupati Cotspin Ltd,Active,B,1.0,INE124Y01028,,PASHUPATI,Equity,https://www.bseindia.com/stock-share-price/pashupati-cotspin-ltd/pashupati/544448/,Pashupati Cotspin Limited,1342.43
544449,Anthem Biosciences Ltd,Active,A,2.0,INE0CZ201020,,ANTHEM,Equity,https://www.bseindia.com/stock-share-price/anthem-biosciences-ltd/anthem/544449/,Anthem Biosciences Limited,46506.51
544450,Chembond Chemicals Ltd,Active,T,5.0,INE0TGX01019,,CHEMBONDCH,Equity,https://www.bseindia.com/stock-share-price/chembond-chemicals-ltd/chembondch/544450/,CHEMBOND CHEMICALS  LIMITED,624.94
544451,Monika Alcobev Ltd,Active,M,10.0,INE0LCG01010,,MONIKA,Equity,https://www.bseindia.com/stock-share-price/monika-alcobev-ltd/monika/544451/,MONIKA ALCOBEV LIMITED,403.58
544452,Swastika Castal Ltd,Active,MT,10.0,INE0PTF01017,,SWASTIKAAL,Equity,https://www.bseindia.com/stock-share-price/swastika-castal-ltd/swastikaal/544452/,Swastika Castal Limited,80.33
544453,Monarch Surveyors and Engineering Consultants Ltd,Active,M,10.0,INE0V0L01028,,MSECL,Equity,https://www.bseindia.com/stock-share-price/monarch-surveyors-and-engineering-consultants-ltd/msecl/544453/,Monarch Surveyors and Engineering Consultants Limited,322.19
544454,Indiqube Spaces Ltd,Active,B,1.0,INE06ST01018,,INDIQUBE,Equity,https://www.bseindia.com/stock-share-price/indiqube-spaces-ltd/indiqube/544454/,INDIQUBE SPACES LIMITED,3873.20
544455,GNG Electronics Ltd,Active,B,2.0,INE18JU01028,,EBGNG,Equity,https://www.bseindia.com/stock-share-price/gng-electronics-ltd/ebgng/544455/,GNG Electronics Limited,5970.21
544456,R M Drip and Sprinklers Systems Ltd,Active,T,1.0,INE219Y01026,,RMDRIP,Equity,https://www.bseindia.com/stock-share-price/r-m-drip-and-sprinklers-systems-ltd/rmdrip/544456/,R M DRIP AND SPRINKLERS SYSTEMS LIMITED,773.38
544457,Brigade Hotel Ventures Ltd,Active,B,10.0,INE03NU01014,,BRIGHOTEL,Equity,https://www.bseindia.com/stock-share-price/brigade-hotel-ventures-ltd/brighotel/544457/,Brigade Hotel Ventures Limited,2342.11
544458,Shree Refrigerations Ltd,Active,M,2.0,INE0FMZ01045,,SHREEREF,Equity,https://www.bseindia.com/stock-share-price/shree-refrigerations-ltd/shreeref/544458/,SHREE REFRIGERATIONS LIMITED,1188.44
544459,Shanti Gold International Ltd,Active,B,10.0,INE06ZD01017,,SHANTIGOLD,Equity,https://www.bseindia.com/stock-share-price/shanti-gold-international-ltd/shantigold/544459/,SHANTI GOLD INTERNATIONAL LIMITED,1674.84
544460,Patel Chem Specialities Ltd,Active,MT,10.0,INE161701011,,PATELCHEM,Equity,https://www.bseindia.com/stock-share-price/patel-chem-specialities-ltd/patelchem/544460/,PATEL CHEM SPECIALITIES LIMITED,230.52
544461,Euro Panel Products Ltd,Active,B,10.0,INE505V01016,,EUROBOND,Equity,https://www.bseindia.com/stock-share-price/euro-panel-products-ltd/eurobond/544461/,Euro Panel Products Limited,395.68
544463,Repono Ltd,Active,MT,10.0,INE15WN01014,,REPONO,Equity,https://www.bseindia.com/stock-share-price/repono-ltd/repono/544463/,REPONO LIMITED,76.13
544464,Umiya Mobile Ltd,Active,M,10.0,INE1P1A01018,,UML,Equity,https://www.bseindia.com/stock-share-price/umiya-mobile-ltd/uml/544464/,Umiya Mobile Limited,82.33
544465,Laxmi India Finance Ltd,Active,T,5.0,INE06WU01026,,LAXMIINDIA,Equity,https://www.bseindia.com/stock-share-price/laxmi-india-finance-ltd/laxmiindia/544465/,LAXMI INDIA FINANCE LIMITED,705.73
544466,Aditya Infotech Ltd,Active,A,1.0,INE819V01029,,CPPLUS,Equity,https://www.bseindia.com/stock-share-price/aditya-infotech-ltd/cpplus/544466/,Aditya Infotech Limited,43043.12
544467,National Securities Depository Ltd,Active,A,2.0,INE301O01023,,NSDL,Equity,https://www.bseindia.com/stock-share-price/national-securities-depository-ltd/nsdl/544467/,National Securities Depository Limited,16416.00
544468,B. D. Industries (Pune) Ltd,Active,M,10.0,INE1LJ801017,,BDI,Equity,https://www.bseindia.com/stock-share-price/b-d-industries-(pune)-ltd/bdi/544468/,B. D. Industries (Pune) Limited,155.46
544469,Sri Lotus Developers and Realty Ltd,Active,B,1.0,INE0V9Q01010,,LOTUSDEV,Equity,https://www.bseindia.com/stock-share-price/sri-lotus-developers-and-realty-ltd/lotusdev/544469/,Sri Lotus Developers and Realty Limited,9566.77
544470,M & B Engineering Ltd,Active,B,10.0,INE08N601015,,MBEL,Equity,https://www.bseindia.com/stock-share-price/m--b-engineering-ltd/mbel/544470/,M & B ENGINEERING LIMITED,1649.87
544471,Takyon Networks Ltd,Active,M,10.0,INE14OX01013,,TAKYON,Equity,https://www.bseindia.com/stock-share-price/takyon-networks-ltd/takyon/544471/,TAKYON NETWORKS LIMITED,28.69
544472,Mehul Colours Ltd,Active,M,10.0,INE1KH601014,,MEHUL,Equity,https://www.bseindia.com/stock-share-price/mehul-colours-ltd/mehul/544472/,MEHUL COLOURS LIMITED,55.91
544473,Groww BSE Power ETF,Active,B,10.0,INF666M01LM6,,GROWWPOWER,Equity,https://www.bseindia.com/stock-share-price/groww-bse-power-etf/growwpower/544473/,Groww Mutual Fund,
544474,BLT Logistics Ltd,Active,MT,10.0,INE0W4K01013,,BLT,Equity,https://www.bseindia.com/stock-share-price/blt-logistics-ltd/blt/544474/,BLT Logistics Limited,13.39
544475,Essex Marine Ltd,Active,MT,10.0,INE1IBY01019,,ESSEX,Equity,https://www.bseindia.com/stock-share-price/essex-marine-ltd/essex/544475/,ESSEX MARINE LIMITED,60.36
544476,Jeena Sikho Lifecare Ltd,Active,A,2.0,INE0J5801029,,JSLL,Equity,https://www.bseindia.com/stock-share-price/jeena-sikho-lifecare-ltd/jsll/544476/,Jeena Sikho Lifecare Limited,7511.49
544477,Highway Infrastructure Ltd,Active,B,5.0,INE00RL01028,,HILINFRA,Equity,https://www.bseindia.com/stock-share-price/highway-infrastructure-ltd/hilinfra/544477/,Highway Infrastructure Limited,327.69
544479,All Time Plastics Ltd,Active,B,2.0,INE0GV601021,,ALLTIME,Equity,https://www.bseindia.com/stock-share-price/all-time-plastics-ltd/alltime/544479/,ALL TIME PLASTICS LIMITED,1426.76
544480,JSW Cement Ltd,Active,A,10.0,INE718I01012,,JSWCEMENT,Equity,https://www.bseindia.com/stock-share-price/jsw-cement-ltd/jswcement/544480/,JSW CEMENT LIMITED,18085.04
544482,Star Imaging And Path Lab Ltd,Active,MT,10.0,INE0YG001013,,STARIMAGIN,Equity,https://www.bseindia.com/stock-share-price/star-imaging-and-path-lab-ltd/starimagin/544482/,STAR IMAGING AND PATH LAB LIMITED,146.47
544483,Icodex Publishing Solutions Ltd,Active,M,10.0,INE111601014,,ICODEX,Equity,https://www.bseindia.com/stock-share-price/icodex-publishing-solutions-ltd/icodex/544483/,ICODEX PUBLISHING SOLUTIONS LIMITED,60.36
544484,BlueStone Jewellery and Lifestyle Ltd,Active,A,1.0,INE304W01038,,BLUESTONE,Equity,https://www.bseindia.com/stock-share-price/bluestone-jewellery-and-lifestyle-ltd/bluestone/544484/,BlueStone Jewellery and Lifestyle Limited,12591.84
544485,Regaal Resources Ltd,Active,T,5.0,INE0MHO01029,,REGAAL,Equity,https://www.bseindia.com/stock-share-price/regaal-resources-ltd/regaal/544485/,REGAAL RESOURCES LIMITED,887.09
544487,Patel Retail Ltd,Active,B,10.0,INE0R8B01010,,PATELRMART,Equity,https://www.bseindia.com/stock-share-price/patel-retail-ltd/patelrmart/544487/,PATEL RETAIL LIMITED,736.65
544488,Vikram Solar Ltd,Active,A,10.0,INE078V01014,,VIKRAMSOLR,Equity,https://www.bseindia.com/stock-share-price/vikram-solar-ltd/vikramsolr/544488/,Vikram Solar Limited,6304.97
544489,LGT Global Hospitality Ltd,Active,M,10.0,INE191201016,,LGT,Equity,https://www.bseindia.com/stock-share-price/lgt-global-hospitality-ltd/lgt/544489/,LGT GLOBAL HOSPITALITY LIMITED,36.76
544490,Shreeji Shipping Global Ltd,Active,B,10.0,INE1B6101010,,SHREEJISPG,Equity,https://www.bseindia.com/stock-share-price/shreeji-shipping-global-ltd/shreejispg/544490/,Shreeji Shipping Global Limited,10992.91
544491,Gem Aromatics Ltd,Active,B,2.0,INE06XZ01023,,GEMAROMA,Equity,https://www.bseindia.com/stock-share-price/gem-aromatics-ltd/gemaroma/544491/,Gem Aromatics Limited,953.85
544492,Mangal Electrical Industries Ltd,Active,B,10.0,INE0PKD01011,,MEIL,Equity,https://www.bseindia.com/stock-share-price/mangal-electrical-industries-ltd/meil/544492/,MANGAL ELECTRICAL INDUSTRIES LIMITED,763.01
544493,Nippon India Nifty India Manufacturing ETF,Active,B,10.0,INF204KC1GH6,,MANUFGBEES,Equity,https://www.bseindia.com/stock-share-price/nippon-india-nifty-india-manufacturing-etf/manufgbees/544493/,Nippon India Mutual Fund,
544494,Globtier Infotech Ltd,Active,MT,10.0,INE12P601017,,GLOBTIER,Equity,https://www.bseindia.com/stock-share-price/globtier-infotech-ltd/globtier/544494/,Globtier Infotech limited,24.19
544495,NIS Management Ltd,Active,M,10.0,INE0M3X01010,,NISMGMT,Equity,https://www.bseindia.com/stock-share-price/nis-management-ltd/nismgmt/544495/,NIS MANAGEMENT LIMITED,95.24
544496,Vikran Engineering Ltd,Active,B,1.0,INE01R501028,,VIKRAN,Equity,https://www.bseindia.com/stock-share-price/vikran-engineering-ltd/vikran/544496/,Vikran Engineering Limited,1851.80
544497,Anlon Healthcare Ltd,Active,B,2.0,INE0Y8W01025,,AHCL,Equity,https://www.bseindia.com/stock-share-price/anlon-healthcare-ltd/ahcl/544497/,ANLON HEALTHCARE LIMITED,756.35
544498,Oval Projects Engineering Ltd,Active,M,10.0,INE0RTI01017,,OVAL,Equity,https://www.bseindia.com/stock-share-price/oval-projects-engineering-ltd/oval/544498/,OVAL PROJECTS ENGINEERING LIMITED,110.08
544499,Career Point Edutech Ltd,Active,B,10.0,INE0P6P01016,,CPEDU,Equity,https://www.bseindia.com/stock-share-price/career-point-edutech-ltd/cpedu/544499/,Career Point Edutech Limited,388.24
544500,Abril Paper Tech Ltd,Active,M,10.0,INE15MX01014,,ABRIL,Equity,https://www.bseindia.com/stock-share-price/abril-paper-tech-ltd/abril/544500/,ABRIL PAPER TECH LIMITED,28.34
544501,Sugs Lloyd Ltd,Active,MT,10.0,INE0XX801016,,SUGSLLOYD,Equity,https://www.bseindia.com/stock-share-price/sugs-lloyd-ltd/sugslloyd/544501/,SUGS LLOYD LIMITED,379.08
544502,Amanta Healthcare Ltd,Active,T,10.0,INE084K01015,,AMANTA,Equity,https://www.bseindia.com/stock-share-price/amanta-healthcare-ltd/amanta/544502/,Amanta Healthcare Limited,658.93
544503,Rachit Prints Ltd,Active,MT,10.0,INE0ZN101029,,RACHIT,Equity,https://www.bseindia.com/stock-share-price/rachit-prints-ltd/rachit/544503/,Rachit Prints Limited,93.80
544504,Goel Construction Company Ltd,Active,MT,10.0,INE0ZOM01013,,GOELCONS,Equity,https://www.bseindia.com/stock-share-price/goel-construction-company-ltd/goelcons/544504/,GOEL CONSTRUCTION COMPANY LIMITED,664.68
544505,Austere Systems Ltd,Active,M,10.0,INE104201012,,AUSTERE,Equity,https://www.bseindia.com/stock-share-price/austere-systems-ltd/austere/544505/,AUSTERE SYSTEMS LIMITED,46.24
544506,Sharvaya Metals Ltd,Active,MT,10.0,INE0UJF01018,,SHARVAYA,Equity,https://www.bseindia.com/stock-share-price/sharvaya-metals-ltd/sharvaya/544506/,SHARVAYA METALS LIMITED,133.35
544507,Zerodha Nifty Smallcap 100 ETF,Active,B,10.0,INF0R8F01141,,SML100CASE,Equity,https://www.bseindia.com/stock-share-price/zerodha-nifty-smallcap-100-etf/sml100case/544507/,Zerodha Mutual Fund,
544508,Vashishtha Luxury Fashion Ltd,Active,M,10.0,INE0WRP01016,,VASHISHTHA,Equity,https://www.bseindia.com/stock-share-price/vashishtha-luxury-fashion-ltd/vashishtha/544508/,VASHISHTHA LUXURY FASHION LIMITED,13.24
544509,Krupalu Metals Ltd,Active,M,10.0,INE0XZB01017,,KRUPALU,Equity,https://www.bseindia.com/stock-share-price/krupalu-metals-ltd/krupalu/544509/,Krupalu Metals Limited,16.44
544510,Nilachal Carbo Metalicks Ltd,Active,M,10.0,INE346R01013,,NCML,Equity,https://www.bseindia.com/stock-share-price/nilachal-carbo-metalicks-ltd/ncml/544510/,NILACHAL CARBO METALICKS LIMITED,213.38
544511,Karbonsteel Engineering Ltd,Active,M,10.0,INE0V8A01016,,KARBON,Equity,https://www.bseindia.com/stock-share-price/karbonsteel-engineering-ltd/karbon/544511/,Karbonsteel Engineering Limited,134.64
544512,Shringar House of Mangalsutra Ltd,Active,B,10.0,INE1B3L01017,,SHRINGARMS,Equity,https://www.bseindia.com/stock-share-price/shringar-house-of-mangalsutra-ltd/shringarms/544512/,SHRINGAR HOUSE OF MANGALSUTRA LIMITED,2231.44
544513,Dev Accelerator Ltd,Active,B,2.0,INE0VOV01021,,DEVX,Equity,https://www.bseindia.com/stock-share-price/dev-accelerator-ltd/devx/544513/,Dev Accelerator Limited,326.48
544514,Jay Ambe Supermarkets Ltd,Active,MT,10.0,INE1DRH01011,,CITYSQUARE,Equity,https://www.bseindia.com/stock-share-price/jay-ambe-supermarkets-ltd/citysquare/544514/,JAY AMBE SUPERMARKETS LIMITED,95.28
544515,Urban Company Ltd,Active,A,1.0,INE0CAZ01013,,URBANCO,Equity,https://www.bseindia.com/stock-share-price/urban-company-ltd/urbanco/544515/,Urban Company Limited,21999.21
544516,Airfloa Rail Technology Ltd,Active,M,10.0,INE0XBS01012,,AIRFLOA,Equity,https://www.bseindia.com/stock-share-price/airfloa-rail-technology-ltd/airfloa/544516/,AIRFLOA RAIL TECHNOLOGY LIMITED,734.08
544517,Shankara Buildpro Ltd,Active,B,10.0,INE24OJ01011,,BUILDPRO,Equity,https://www.bseindia.com/stock-share-price/shankara-buildpro-ltd/buildpro/544517/,Shankara Buildpro Limited,3224.31
544518,L. T. Elevator Ltd,Active,MT,10.0,INE0TJ801010,,LTELEVATOR,Equity,https://www.bseindia.com/stock-share-price/l-t-elevator-ltd/ltelevator/544518/,L. T. ELEVATOR LIMITED,575.85
544519,Euro Pratik Sales Ltd,Active,B,1.0,INE198501012,,EUROPRATIK,Equity,https://www.bseindia.com/stock-share-price/euro-pratik-sales-ltd/europratik/544519/,EURO PRATIK SALES LIMITED,3148.27
544520,Sampat Aluminium Ltd,Active,MT,10.0,INE10XS01012,,SAMPAT,Equity,https://www.bseindia.com/stock-share-price/sampat-aluminium-ltd/sampat/544520/,SAMPAT ALUMINIUM LIMITED,32.57
544521,VMS TMT Ltd,Active,T,10.0,INE0SJA01013,,VMSTMT,Equity,https://www.bseindia.com/stock-share-price/vms-tmt-ltd/vmstmt/544521/,VMS TMT LIMITED,223.29
544522,A B Cotspin India Ltd,Active,B,10.0,INE08PH01015,,ABCOTS,Equity,https://www.bseindia.com/stock-share-price/a-b-cotspin-india-ltd/abcots/544522/,A B Cotspin India Limited,439.93
544523,Ivalue Infosolutions Ltd,Active,B,2.0,INE056801025,,IVALUE,Equity,https://www.bseindia.com/stock-share-price/ivalue-infosolutions-ltd/ivalue/544523/,IVALUE INFOSOLUTIONS LIMITED,1495.78
544524,JD Cables Ltd,Active,M,10.0,INE14VP01014,,JDCABLES,Equity,https://www.bseindia.com/stock-share-price/jd-cables-ltd/jdcables/544524/,JD CABLES LIMITED,470.42
544525,GK Energy Ltd,Active,B,2.0,INE1AG301022,,GKENERGY,Equity,https://www.bseindia.com/stock-share-price/gk-energy-ltd/gkenergy/544525/,GK ENERGY LIMITED,2634.60
544526,Saatvik Green Energy Ltd,Active,B,2.0,INE13B501022,,SAATVIKGL,Equity,https://www.bseindia.com/stock-share-price/saatvik-green-energy-ltd/saatvikgl/544526/,Saatvik Green Energy Limited,5436.92
544527,Atlanta Electricals Ltd,Active,B,2.0,INE0Z4F01028,,ATLANTAELE,Equity,https://www.bseindia.com/stock-share-price/atlanta-electricals-ltd/atlantaele/544527/,Atlanta Electricals Limited,12239.25
544528,Ganesh Consumer Products Ltd,Active,B,10.0,INE652V01016,,GANESHCP,Equity,https://www.bseindia.com/stock-share-price/ganesh-consumer-products-ltd/ganeshcp/544528/,Ganesh Consumer Products Limited,665.80
544529,Aptus Pharma Ltd,Active,MT,10.0,INE15XJ01010,,APPL,Equity,https://www.bseindia.com/stock-share-price/aptus-pharma-ltd/appl/544529/,Aptus Pharma Limited,489.63
544530,Anand Rathi Share And Stock Brokers Ltd,Active,B,5.0,INE549H01021,,ARSSBL,Equity,https://www.bseindia.com/stock-share-price/anand-rathi-share-and-stock-brokers-ltd/arssbl/544530/,ANAND RATHI SHARE AND STOCK BROKERS LIMITED,3222.06
544531,True Colors Ltd,Active,M,10.0,INE1LDV01015,,TRUECOLORS,Equity,https://www.bseindia.com/stock-share-price/true-colors-ltd/truecolors/544531/,TRUE COLORS LIMITED,382.76
544532,Solarworld Energy Solutions Ltd,Active,B,5.0,INE0TY101024,,SOLARWORLD,Equity,https://www.bseindia.com/stock-share-price/solarworld-energy-solutions-ltd/solarworld/544532/,Solarworld Energy Solutions Limited,1466.93
544533,Seshaasai Technologies Ltd,Active,B,10.0,INE04VU01023,,STYL,Equity,https://www.bseindia.com/stock-share-price/seshaasai-technologies-ltd/styl/544533/,Seshaasai Technologies Limited,6279.68
544534,Jaro Institute of Technology Management and Research Ltd,Active,B,10.0,INE00YJ01010,,JARO,Equity,https://www.bseindia.com/stock-share-price/jaro-institute-of-technology-management-and-research-ltd/jaro/544534/,Jaro Institute of Technology Management and Research Limited,1009.74
544535,Bharatrohan Airborne Innovations Ltd,Active,M,10.0,INE0QMV01017,,BHARATROHAN,Equity,https://www.bseindia.com/stock-share-price/bharatrohan-airborne-innovations-ltd/bharatrohan/544535/,BHARATROHAN AIRBORNE INNOVATIONS LIMITED,242.06
544536,Wealth First Portfolio Managers Ltd,Active,B,10.0,INE658T01017,,WEALTH,Equity,https://www.bseindia.com/stock-share-price/wealth-first-portfolio-managers-ltd/wealth/544536/,Wealth First Portfolio Managers Limited,1032.47
544537,Jain Resource Recycling Ltd,Active,B,2.0,INE0YD401026,,JAINREC,Equity,https://www.bseindia.com/stock-share-price/jain-resource-recycling-ltd/jainrec/544537/,Jain Resource Recycling Limited,10892.63
544538,Praruh Technologies Ltd,Active,M,10.0,INE0TI501017,,PRARUH,Equity,https://www.bseindia.com/stock-share-price/praruh-technologies-ltd/praruh/544538/,PRARUH TECHNOLOGIES LIMITED,111.44
544539,Solvex Edibles Ltd,Active,MT,10.0,INE1IIQ01028,,SOLVEX,Equity,https://www.bseindia.com/stock-share-price/solvex-edibles-ltd/solvex/544539/,Solvex Edibles Limited,17.80
544540,Epack Prefab Technologies Ltd,Active,B,2.0,INE0MLS01022,,EPACKPEB,Equity,https://www.bseindia.com/stock-share-price/epack-prefab-technologies-ltd/epackpeb/544540/,Epack Prefab Technologies Limited,2499.12
544541,Systematic Industries Ltd,Active,MT,10.0,INE1KLZ01011,,SYSTEMATIC,Equity,https://www.bseindia.com/stock-share-price/systematic-industries-ltd/systematic/544541/,SYSTEMATIC INDUSTRIES LIMITED,500.44
544542,Justo Realfintech Ltd,Active,M,10.0,INE0W5Q01017,,JUSTO,Equity,https://www.bseindia.com/stock-share-price/justo-realfintech-ltd/justo/544542/,Justo Realfintech Limited,172.92
544543,BMW Ventures Ltd,Active,B,10.0,INE965W01036,,BMWVENTLTD,Equity,https://www.bseindia.com/stock-share-price/bmw-ventures-ltd/bmwventltd/544543/,BMW VENTURES LIMITED,523.41
544544,Telge Projects Ltd,Active,MT,10.0,INE0SRP01014,,TELGE,Equity,https://www.bseindia.com/stock-share-price/telge-projects-ltd/telge/544544/,TELGE PROJECTS LIMITED,160.61
544545,Trualt Bioenergy Ltd,Active,B,10.0,INE0MWH01014,,TRUALT,Equity,https://www.bseindia.com/stock-share-price/trualt-bioenergy-ltd/trualt/544545/,TRUALT BIOENERGY LIMITED,3987.07
544546,Chatterbox Technologies Ltd,Active,M,10.0,INE1B4801017,,CHTR,Equity,https://www.bseindia.com/stock-share-price/chatterbox-technologies-ltd/chtr/544546/,Chatterbox Technologies Limited,74.25
544547,Jinkushal Industries Ltd,Active,T,10.0,INE1FF001016,,JKIPL,Equity,https://www.bseindia.com/stock-share-price/jinkushal-industries-ltd/jkipl/544547/,Jinkushal Industries Limited,373.69
544548,Gujarat Peanut And Agri Products Ltd,Active,M,10.0,INE0SIK01014,,GPAPL,Equity,https://www.bseindia.com/stock-share-price/gujarat-peanut-and-agri-products-ltd/gpapl/544548/,GUJARAT PEANUT AND AGRI PRODUCTS LIMITED,74.91
544549,Earkart Ltd,Active,M,10.0,INE1A8F01035,,EARKART,Equity,https://www.bseindia.com/stock-share-price/earkart-ltd/earkart/544549/,EARKART LIMITED,192.49
544550,Pace Digitek Ltd,Active,B,2.0,INE0S3G01027,,PACEDIGITK,Equity,https://www.bseindia.com/stock-share-price/pace-digitek-ltd/pacedigitk/544550/,Pace Digitek Limited,4038.58
544551,Bhavik Enterprises Ltd,Active,M,10.0,INE18PB01017,,BHAVIK,Equity,https://www.bseindia.com/stock-share-price/bhavik-enterprises-ltd/bhavik/544551/,BHAVIK ENTERPRISES LIMITED,291.12
544552,Rukmani Devi Garg Agro Impex Ltd,Active,M,10.0,INE0S5T01017,,RDGAIL,Equity,https://www.bseindia.com/stock-share-price/rukmani-devi-garg-agro-impex-ltd/rdgail/544552/,RUKMANI DEVI GARG AGRO IMPEX LIMITED,97.64
544553,M P K Steels (I) Ltd,Active,M,10.0,INE1PJP01015,,MPKSTEELS,Equity,https://www.bseindia.com/stock-share-price/m-p-k-steels-(i)-ltd/mpksteels/544553/,M P K STEELS (I) LIMITED,97.74
544554,KVS Castings Ltd,Active,M,10.0,INE163701019,,KVSCASTING,Equity,https://www.bseindia.com/stock-share-price/kvs-castings-ltd/kvscasting/544554/,KVS Castings Limited,123.12
544555,Ameenji Rubber Ltd,Active,M,10.0,INE14QA01016,,AMEENJI,Equity,https://www.bseindia.com/stock-share-price/ameenji-rubber-ltd/ameenji/544555/,AMEENJI RUBBER LIMITED,156.40
544556,Dhillon Freight Carrier Ltd,Active,M,10.0,INE0SPJ01011,,DHILLON,Equity,https://www.bseindia.com/stock-share-price/dhillon-freight-carrier-ltd/dhillon/544556/,Dhillon Freight Carrier Limited,12.04
544557,Glottis Ltd,Active,T,2.0,INE0TQE01026,,GLOTTIS,Equity,https://www.bseindia.com/stock-share-price/glottis-ltd/glottis/544557/,Glottis Limited,625.01
544558,Fabtech Technologies Ltd,Active,B,10.0,INE0HF201011,,FABTECH,Equity,https://www.bseindia.com/stock-share-price/fabtech-technologies-ltd/fabtech/544558/,Fabtech Technologies Limited,669.43
544559,Om Metallogic Ltd,Active,MT,10.0,INE0R8Q01018,,OML,Equity,https://www.bseindia.com/stock-share-price/om-metallogic-ltd/oml/544559/,OM METALLOGIC LIMITED,26.18
544560,Sodhani Capital Ltd,Active,M,10.0,INE0QU501030,,SODHACAP,Equity,https://www.bseindia.com/stock-share-price/sodhani-capital-ltd/sodhacap/544560/,SODHANI CAPITAL LIMITED,52.12
544561,Chiraharit Ltd,Active,M,1.0,INE12P101018,,CHIRAHARIT,Equity,https://www.bseindia.com/stock-share-price/chiraharit-ltd/chiraharit/544561/,Chiraharit Limited,43.95
544562,Advance Agrolife Ltd,Active,B,10.0,INE1B0W01010,,ADVANCE,Equity,https://www.bseindia.com/stock-share-price/advance-agrolife-ltd/advance/544562/,Advance Agrolife Limited,833.14
544563,Zelio E Mobility Ltd,Active,MT,10.0,INE1B3501014,,ZELIO,Equity,https://www.bseindia.com/stock-share-price/zelio-e-mobility-ltd/zelio/544563/,Zelio E Mobility Limited,1473.10
544564,Om Freight Forwarders Ltd,Active,T,10.0,INE1BZC01019,,OMFREIGHT,Equity,https://www.bseindia.com/stock-share-price/om-freight-forwarders-ltd/omfreight/544564/,Om Freight Forwarders Limited,302.98
544565,Valplast Technologies Ltd,Active,M,10.0,INE0QP701017,,VALPLAST,Equity,https://www.bseindia.com/stock-share-price/valplast-technologies-ltd/valplast/544565/,Valplast Technologies Limited,72.62
544566,Sunsky Logistics Ltd,Active,M,2.0,INE10CM01027,,SUNSKY,Equity,https://www.bseindia.com/stock-share-price/sunsky-logistics-ltd/sunsky/544566/,Sunsky Logistics Limited,49.73
544567,Infinity Infoway Ltd,Active,M,10.0,INE16XA01017,,INFINITY,Equity,https://www.bseindia.com/stock-share-price/infinity-infoway-ltd/infinity/544567/,Infinity Infoway Limited,218.12
544568,DSM Fresh Foods Ltd,Active,M,10.0,INE0SUM01015,,ZAPPFRESH,Equity,https://www.bseindia.com/stock-share-price/dsm-fresh-foods-ltd/zappfresh/544568/,DSM Fresh Foods Limited,160.45
544569,Tata Motors Ltd,Active,B,2.0,INE1TAE01010,,TMCV,Equity,https://www.bseindia.com/stock-share-price/tata-motors-ltd/tmcv/544569/,Tata Motors Limited,169293.73
544570,WeWork India Management Ltd,Active,B,10.0,INE085001019,,WEWORK,Equity,https://www.bseindia.com/stock-share-price/wework-india-management-ltd/wework/544570/,WeWork India Management Limited,10343.68
544571,NSB BPO Solutions Ltd,Active,M,10.0,INE0SLP01017,,NSBBPO,Equity,https://www.bseindia.com/stock-share-price/nsb-bpo-solutions-ltd/nsbbpo/544571/,NSB BPO Solutions Limited,135.41
544572,SKF India (Industrial) Ltd,Active,B,10.0,INE2J8701016,,SKFINDUS,Equity,https://www.bseindia.com/stock-share-price/skf-india-(industrial)-ltd/skfindus/544572/,SKF INDIA (INDUSTRIAL) LIMITED,13508.68
544574,Tata Capital Ltd,Active,A,10.0,INE976I01016,,TATACAP,Equity,https://www.bseindia.com/stock-share-price/tata-capital-ltd/tatacap/544574/,Tata Capital Limited,162536.04
544575,Mittal Sections Ltd,Active,MT,10.0,INE833Q01012,,MITTALSTL,Equity,https://www.bseindia.com/stock-share-price/mittal-sections-ltd/mittalstl/544575/,Mittal Sections Limited,32.70
544576,LG Electronics India Ltd,Active,B,10.0,INE324D01010,,LGEINDIA,Equity,https://www.bseindia.com/stock-share-price/lg-electronics-india-ltd/lgeindia/544576/,LG Electronics India Limited,107181.55
544577,Worth Peripherals Ltd,Active,B,10.0,INE196Y01018,,WORTHPERI,Equity,https://www.bseindia.com/stock-share-price/worth-peripherals-ltd/worthperi/544577/,Worth Peripherals Limited,233.90
544578,Rubicon Research Ltd,Active,B,1.0,INE506V01022,,RUBICON,Equity,https://www.bseindia.com/stock-share-price/rubicon-research-ltd/rubicon/544578/,RUBICON RESEARCH LIMITED,25376.87
544580,Canara Robeco Asset Management Company Ltd,Active,B,10.0,INE218I01013,,CRAMC,Equity,https://www.bseindia.com/stock-share-price/canara-robeco-asset-management-company-ltd/cramc/544580/,Canara Robeco Asset Management Company Limited,5244.68
544581,DSP Nifty500 Flexicap Quality 30 ETF,Active,B,10.0,INF740KA1WU9,,FLEXIADD,Equity,https://www.bseindia.com/stock-share-price/dsp-nifty500-flexicap-quality-30-etf/flexiadd/544581/,DSP Mutual Fund,
544582,Shlokka Dyes Ltd,Active,M,10.0,INE1EUB01016,,SHLOKKA,Equity,https://www.bseindia.com/stock-share-price/shlokka-dyes-ltd/shlokka/544582/,SHLOKKA DYES LIMITED,55.77
544583,Canara HSBC Life Insurance Company Ltd,Active,B,10.0,INE01TY01017,,CANHLIFE,Equity,https://www.bseindia.com/stock-share-price/canara-hsbc-life-insurance-company-ltd/canhlife/544583/,Canara HSBC Life Insurance Company Limited,14240.50
544584,SK Minerals & Additives Ltd,Active,MT,10.0,INE13YH01017,,SKM,Equity,https://www.bseindia.com/stock-share-price/sk-minerals--additives-ltd/skm/544584/,SK Minerals & Additives Limited,537.21
544585,Sihora Industries Ltd,Active,M,10.0,INE0SFA01011,,SIHORA,Equity,https://www.bseindia.com/stock-share-price/sihora-industries-ltd/sihora/544585/,SIHORA INDUSTRIES LIMITED,31.43
544586,Zerodha Nifty 50 ETF,Active,B,10.0,INF0R8F01166,,NIFTYCASE,Equity,https://www.bseindia.com/stock-share-price/zerodha-nifty-50-etf/niftycase/544586/,Zerodha Mutual Fund,
544587,Midwest Ltd,Active,B,5.0,INE0XAD01024,,MIDWESTLTD,Equity,https://www.bseindia.com/stock-share-price/midwest-ltd/midwestltd/544587/,Midwest Limited,4372.75
544588,SBI Mutual Fund,Active,B,10.0,INF200K30015,,MHLSRG,Equity,https://www.bseindia.com/stock-share-price/sbi-mutual-fund/mhlsrg/544588/,SBI Mutual Fund,
544589,SBI Mutual Fund,Active,B,10.0,INF200K30023,,MHLSRD,Equity,https://www.bseindia.com/stock-share-price/sbi-mutual-fund/mhlsrd/544589/,SBI Mutual Fund,
544590,SBI Mutual Fund,Active,B,10.0,INF200K30031,,MHLSRDR,Equity,https://www.bseindia.com/stock-share-price/sbi-mutual-fund/mhlsrdr/544590/,SBI Mutual Fund,
544591,SBI Mutual Fund,Active,B,10.0,INF200K30049,,MHLSDG,Equity,https://www.bseindia.com/stock-share-price/sbi-mutual-fund/mhlsdg/544591/,SBI Mutual Fund,
544592,SBI Mutual Fund,Active,B,10.0,INF200K30056,,MHLSDD,Equity,https://www.bseindia.com/stock-share-price/sbi-mutual-fund/mhlsdd/544592/,SBI Mutual Fund,
544593,SBI Mutual Fund,Active,B,10.0,INF200K30064,,MHLSDDR,Equity,https://www.bseindia.com/stock-share-price/sbi-mutual-fund/mhlsddr/544593/,SBI Mutual Fund,
544594,Game Changers Texfab Ltd,Active,M,10.0,INE1GUJ01014,,TRADEUNO,Equity,https://www.bseindia.com/stock-share-price/game-changers-texfab-ltd/tradeuno/544594/,GAME CHANGERS TEXFAB LIMITED,216.50
544595,Orkla India Ltd,Active,B,1.0,INE16NZ01023,,ORKLAINDIA,Equity,https://www.bseindia.com/stock-share-price/orkla-india-ltd/orklaindia/544595/,Orkla India Limited,7670.71
544596,Safecure Services Ltd,Active,M,10.0,INE0SVZ01015,,SAFECURE,Equity,https://www.bseindia.com/stock-share-price/safecure-services-ltd/safecure/544596/,Safecure Services Limited,23.95
544597,Piramal Finance Ltd,Active,B,2.0,INE202B01038,,PIRAMALFIN,Equity,https://www.bseindia.com/stock-share-price/piramal-finance-ltd/piramalfin/544597/,Piramal Finance Limited,47903.80
544598,Accuracy Shipping Ltd,Active,T,1.0,INE648Z01023,,ACCURACY,Equity,https://www.bseindia.com/stock-share-price/accuracy-shipping-ltd/accuracy/544598/,Accuracy Shipping Limited,70.16
544599,Studds Accessories Ltd,Active,B,5.0,INE00Q601028,,STUDDS,Equity,https://www.bseindia.com/stock-share-price/studds-accessories-ltd/studds/544599/,Studds Accessories Limited,1756.54
544600,Lenskart Solutions Ltd,Active,B,2.0,INE956O01016,,LENSKART,Equity,https://www.bseindia.com/stock-share-price/lenskart-solutions-ltd/lenskart/544600/,Lenskart Solutions Limited,98237.71
544602,Allcargo Global Ltd,Active,B,2.0,INE1YPB01014,,AGL,Equity,https://www.bseindia.com/stock-share-price/allcargo-global-ltd/agl/544602/,Allcargo Global Limited,1419.14
544603,Billionbrains Garage Ventures Ltd,Active,B,2.0,INE0HOQ01053,,GROWW,Equity,https://www.bseindia.com/stock-share-price/billionbrains-garage-ventures-ltd/groww/544603/,Billionbrains Garage Ventures Limited,118665.08
544604,Mirae Asset Nifty Energy ETF,Active,B,10.0,INF769K01PR2,,ENERGY,Equity,https://www.bseindia.com/stock-share-price/mirae-asset-nifty-energy-etf/energy/544604/,Mirae Asset Mutual Fund,
544605,Mirae Asset Nifty Smallcap 250 ETF,Active,B,10.0,INF769K01PQ4,,SMALL250,Equity,https://www.bseindia.com/stock-share-price/mirae-asset-nifty-smallcap-250-etf/small250/544605/,Mirae Asset Mutual Fund,
544606,Pine Labs Ltd,Active,B,1.0,INE15B701018,,PINELABS,Equity,https://www.bseindia.com/stock-share-price/pine-labs-ltd/pinelabs/544606/,Pine Labs Limited,18011.72
544607,Shining Tools Ltd,Active,MT,10.0,INE0D8001018,,SHTL,Equity,https://www.bseindia.com/stock-share-price/shining-tools-ltd/shtl/544607/,SHINING TOOLS LIMITED,48.66
544608,Emmvee Photovoltaic Power Ltd,Active,B,2.0,INE1C6T01020,,EMMVEE,Equity,https://www.bseindia.com/stock-share-price/emmvee-photovoltaic-power-ltd/emmvee/544608/,Emmvee Photovoltaic Power Limited,22712.38
544609,Physicswallah Ltd,Active,B,1.0,INE0LP301011,,PWL,Equity,https://www.bseindia.com/stock-share-price/physicswallah-ltd/pwl/544609/,Physicswallah Limited,36406.13
544610,Workmates Core2Cloud Solution Ltd,Active,M,10.0,INE1I1301016,,WORKMATES,Equity,https://www.bseindia.com/stock-share-price/workmates-core2cloud-solution-ltd/workmates/544610/,WORKMATES CORE2CLOUD SOLUTION LIMITED,426.32
544611,Mahamaya Lifesciences Ltd,Active,M,10.0,INE0U9D01019,,MAHALIFE,Equity,https://www.bseindia.com/stock-share-price/mahamaya-lifesciences-ltd/mahalife/544611/,MAHAMAYA LIFESCIENCES LIMITED,408.42
544612,Tenneco Clean Air India Ltd,Active,B,10.0,INE19RI01016,,TENNIND,Equity,https://www.bseindia.com/stock-share-price/tenneco-clean-air-india-ltd/tennind/544612/,Tenneco Clean Air India Limited,23039.75
544613,Fujiyama Power Systems Ltd,Active,B,1.0,INE12UR01024,,UTLSOLAR,Equity,https://www.bseindia.com/stock-share-price/fujiyama-power-systems-ltd/utlsolar/544613/,Fujiyama Power Systems Limited,12309.83
544614,Capillary Technologies India Ltd,Active,B,2.0,INE0ILV01024,,CAPILLARY,Equity,https://www.bseindia.com/stock-share-price/capillary-technologies-india-ltd/capillary/544614/,Capillary Technologies India Limited,4614.54
544615,KSR Footwear Ltd,Active,B,10.0,INE1SPP01016,,KSR,Equity,https://www.bseindia.com/stock-share-price/ksr-footwear-ltd/ksr/544615/,KSR Footwear Limited,53.66
544616,Gallard Steel Ltd,Active,M,10.0,INE0BUQ01012,,GALLARD,Equity,https://www.bseindia.com/stock-share-price/gallard-steel-ltd/gallard/544616/,Gallard Steel Limited,151.00
544617,Excelsoft Technologies Ltd,Active,B,10.0,INE606N01019,,EXCELSOFT,Equity,https://www.bseindia.com/stock-share-price/excelsoft-technologies-ltd/excelsoft/544617/,Excelsoft Technologies Limited,958.19
544618,Edelweiss BSE Sensex ETF,Active,B,10.0,INF754K01VY8,,ESENSEX,Equity,https://www.bseindia.com/stock-share-price/edelweiss-bse-sensex-etf/esensex/544618/,Edelweiss Mutual Fund,
544619,Sudeep Pharma Ltd,Active,B,1.0,INE0QPI01025,,SUDEEPPHRM,Equity,https://www.bseindia.com/stock-share-price/sudeep-pharma-ltd/sudeepphrm/544619/,Sudeep Pharma Limited,10998.37
544620,DSP MSCI India ETF,Active,B,10.0,INF740KA1WV7,,MSCIADD,Equity,https://www.bseindia.com/stock-share-price/dsp-msci-india-etf/msciadd/544620/,DSP Mutual Fund,
544621,SSMD Agrotech India Ltd,Active,M,10.0,INE1U2R01013,,SSMD,Equity,https://www.bseindia.com/stock-share-price/ssmd-agrotech-india-ltd/ssmd/544621/,SSMD AGROTECH INDIA LIMITED,56.94
544622,Kwality Walls (India) Ltd,Active,B,1.0,INE2KCE01013,,KWIL,Equity,https://www.bseindia.com/stock-share-price/kwality-walls-(india)-ltd/kwil/544622/,Kwality Wall’s (India) Limited,8174.23
544623,Mother Nutri Foods Ltd,Active,M,10.0,INE0UH001016,,MNFL,Equity,https://www.bseindia.com/stock-share-price/mother-nutri-foods-ltd/mnfl/544623/,Mother Nutri Foods Limited,202.44
544624,K K Silk Mills Ltd,Active,MT,10.0,INE0EOJ01014,,KKSILK,Equity,https://www.bseindia.com/stock-share-price/k-k-silk-mills-ltd/kksilk/544624/,K K SILK MILLS LIMITED,21.88
544625,Logiciel Solutions Ltd,Active,M,10.0,INE1BA901016,,LOGICIEL,Equity,https://www.bseindia.com/stock-share-price/logiciel-solutions-ltd/logiciel/544625/,Logiciel Solutions Limited,23.90
544626,Exato Technologies Ltd,Active,MT,10.0,INE1E4401010,,EXATO,Equity,https://www.bseindia.com/stock-share-price/exato-technologies-ltd/exato/544626/,EXATO TECHNOLOGIES LIMITED,636.08
544627,Purple Wave Infocom Ltd,Active,MT,10.0,INE0VDK01019,,PURPLEWAVE,Equity,https://www.bseindia.com/stock-share-price/purple-wave-infocom-ltd/purplewave/544627/,PURPLE WAVE INFOCOM LIMITED,216.36
544628,Astron Multigrain Ltd,Active,MT,10.0,INE0RUY01012,,ASTRONMULT,Equity,https://www.bseindia.com/stock-share-price/astron-multigrain-ltd/astronmult/544628/,Astron Multigrain Limited,14.47
544629,Ravelcare Ltd,Active,M,10.0,INE0W4D01018,,RAVEL,Equity,https://www.bseindia.com/stock-share-price/ravelcare-ltd/ravel/544629/,Ravelcare Limited,81.28
544630,Helloji Holidays Ltd,Active,M,10.0,INE1FJE01010,,HELLOJI,Equity,https://www.bseindia.com/stock-share-price/helloji-holidays-ltd/helloji/544630/,HELLOJI HOLIDAYS LIMITED,40.82
544631,Creative Newtech Ltd,Active,B,10.0,INE985W01018,,CNL,Equity,https://www.bseindia.com/stock-share-price/creative-newtech-ltd/cnl/544631/,CREATIVE NEWTECH LIMITED,1632.39
544632,Meesho Ltd,Active,B,1.0,INE0VDM01015,,MEESHO,Equity,https://www.bseindia.com/stock-share-price/meesho-ltd/meesho/544632/,Meesho Limited,86068.77
544633,Vidya Wires Ltd,Active,B,1.0,INE14UN01029,,VIDYAWIRES,Equity,https://www.bseindia.com/stock-share-price/vidya-wires-ltd/vidyawires/544633/,VIDYA WIRES LIMITED,2016.11
544634,Aequs Ltd,Active,B,10.0,INE947N01017,,AEQUS,Equity,https://www.bseindia.com/stock-share-price/aequs-ltd/aequs/544634/,Aequs Limited,16028.91
544635,Luxury Time Ltd,Active,M,10.0,INE1CJB01013,,LUXURY,Equity,https://www.bseindia.com/stock-share-price/luxury-time-ltd/luxury/544635/,Luxury Time Limited,52.01
544636,Western Overseas Study Abroad Ltd,Active,M,10.0,INE1MF401019,,WOSAL,Equity,https://www.bseindia.com/stock-share-price/western-overseas-study-abroad-ltd/wosal/544636/,Western Overseas Study Abroad Limited,9.56
544637,Methodhub Software Ltd,Active,M,10.0,INE0QZR01017,,METHODHUB,Equity,https://www.bseindia.com/stock-share-price/methodhub-software-ltd/methodhub/544637/,Methodhub Software Limited,131.97
544640,Riddhi Display Equipments Ltd,Active,M,10.0,INE1DKT01011,,RDEL,Equity,https://www.bseindia.com/stock-share-price/riddhi-display-equipments-ltd/rdel/544640/,Riddhi Display Equipments Limited,30.59
544641,K. V. Toys India Ltd,Active,M,10.0,INE1IE301018,,KVTOYS,Equity,https://www.bseindia.com/stock-share-price/k-v-toys-india-ltd/kvtoys/544641/,K. V. TOYS INDIA LIMITED,178.63
544642,Wakefit Innovations Ltd,Active,B,1.0,INE0E7301029,,WAKEFIT,Equity,https://www.bseindia.com/stock-share-price/wakefit-innovations-ltd/wakefit/544642/,Wakefit Innovations Limited,4246.02
544643,Prodocs Solutions Ltd,Active,M,10.0,INE10XK01019,,PRODOCS,Equity,https://www.bseindia.com/stock-share-price/prodocs-solutions-ltd/prodocs/544643/,PRODOCS SOLUTIONS LIMITED,119.15
544644,Corona Remedies Ltd,Active,B,10.0,INE02ZQ01018,,CORONA,Equity,https://www.bseindia.com/stock-share-price/corona-remedies-ltd/corona/544644/,Corona Remedies Limited,12513.35
544645,Park Medi World Ltd,Active,B,2.0,INE119201023,,PARKHOSPS,Equity,https://www.bseindia.com/stock-share-price/park-medi-world-ltd/parkhosps/544645/,PARK MEDI WORLD LIMITED,12590.78
544646,Shipwaves Online Ltd,Active,M,1.0,INE0O9L01010,,SHIPWAVES,Equity,https://www.bseindia.com/stock-share-price/shipwaves-online-ltd/shipwaves/544646/,Shipwaves Online Limited,41.18
544647,Nephrocare Health Services Ltd,Active,B,2.0,INE428V01029,,NEPHROPLUS,Equity,https://www.bseindia.com/stock-share-price/nephrocare-health-services-ltd/nephroplus/544647/,Nephrocare Health Services Limited,6938.57
544648,Unisem Agritech Ltd,Active,M,5.0,INE1FHV01026,,UNISEM,Equity,https://www.bseindia.com/stock-share-price/unisem-agritech-ltd/unisem/544648/,UNISEM AGRITECH LIMITED,58.93
544649,Titanium Hybrid Long-Short Fund Direct Plan Growth,Active,B,10.0,INF277K30047,,TSIFDG,Equity,https://www.bseindia.com/stock-share-price/titanium-hybrid-long-short-fund-direct-plan-growth/tsifdg/544649/,Tata Mutual Fund,
544650,Titanium Hybrid Long-Short Fund Direct Plan IDCW Reinvestment,Active,B,10.0,INF277K30054,,TSIFDIR,Equity,https://www.bseindia.com/stock-share-price/titanium-hybrid-long-short-fund-direct-plan-idcw-reinvestment/tsifdir/544650/,Tata Mutual Fund,
544651,Titanium Hybrid Long-Short Fund Regular Plan Growth,Active,B,10.0,INF277K30013,,TSIFRG,Equity,https://www.bseindia.com/stock-share-price/titanium-hybrid-long-short-fund-regular-plan-growth/tsifrg/544651/,Tata Mutual Fund,
544652,Titanium Hybrid Long-Short Fund Regular Plan IDCW Payout,Active,B,10.0,INF277K30039,,TSIFRIP,Equity,https://www.bseindia.com/stock-share-price/titanium-hybrid-long-short-fund-regular-plan-idcw-payout/tsifrip/544652/,Tata Mutual Fund,
544653,Titanium Hybrid Long-Short Fund Regular Plan IDCW Reinvestment,Active,B,10.0,INF277K30021,,TSIFRIR,Equity,https://www.bseindia.com/stock-share-price/titanium-hybrid-long-short-fund-regular-plan-idcw-reinvestment/tsifrir/544653/,Tata Mutual Fund,
544654,DSP Nifty Smallcap 250 ETF,Active,B,10.0,INF740KA1WX3,,SMALLADD,Equity,https://www.bseindia.com/stock-share-price/dsp-nifty-smallcap-250-etf/smalladd/544654/,DSP Mutual Fund,
544655,DSP Nifty Midcap 150 ETF,Active,B,10.0,INF740KA1WW5,,MIDCAPADD,Equity,https://www.bseindia.com/stock-share-price/dsp-nifty-midcap-150-etf/midcapadd/544655/,DSP Mutual Fund,
544656,HRS Aluglaze Ltd,Active,M,10.0,INE1E1V01017,,HRS,Equity,https://www.bseindia.com/stock-share-price/hrs-aluglaze-ltd/hrs/544656/,HRS ALUGLAZE LIMITED,483.98
544657,Pajson Agro India Ltd,Active,M,10.0,INE14LM01012,,PAJSON,Equity,https://www.bseindia.com/stock-share-price/pajson-agro-india-ltd/pajson/544657/,Pajson Agro India Limited,476.19
544658,ICICI Prudential Asset Management Company Ltd,Active,A,1.0,INE346A01027,,ICICIAMC,Equity,https://www.bseindia.com/stock-share-price/icici-prudential-asset-management-company-ltd/iciciamc/544658/,ICICI Prudential Asset Management Company Limited,152219.27
544659,Stanbik Agro Ltd,Active,M,10.0,INE16QA01011,,STANBIK,Equity,https://www.bseindia.com/stock-share-price/stanbik-agro-ltd/stanbik/544659/,STANBIK AGRO LIMITED,37.18
544660,Mirae Asset Nifty Top 20 Equal Weight ETF,Active,B,10.0,INF769K01PZ5,,TOP20,Equity,https://www.bseindia.com/stock-share-price/mirae-asset-nifty-top-20-equal-weight-etf/top20/544660/,Mirae Asset Mutual Fund,
544661,Mirae Asset BSE 500 Dividend Leaders 50 ETF,Active,B,10.0,INF769K01PY8,,DIVIDEND,Equity,https://www.bseindia.com/stock-share-price/mirae-asset-bse-500-dividend-leaders-50-etf/dividend/544661/,Mirae Asset Mutual Fund,
544662,Simandhar Impex Ltd,Active,X,10.0,INE0VI201010,,SIMANDHAR,Equity,https://www.bseindia.com/stock-share-price/simandhar-impex-ltd/simandhar/544662/,SIMANDHAR IMPEX LIMITED,52.56
544663,Neptune Logitek Ltd,Active,MT,10.0,INE1NQ501012,,NEPLOG,Equity,https://www.bseindia.com/stock-share-price/neptune-logitek-ltd/neplog/544663/,NEPTUNE LOGITEK LIMITED,45.36
544664,KSH International Ltd,Active,B,5.0,INE987S01020,,KSHINTL,Equity,https://www.bseindia.com/stock-share-price/ksh-international-ltd/kshintl/544664/,KSH INTERNATIONAL LIMITED,6087.51
544665,Global Ocean Logistics India Ltd,Active,M,10.0,INE1ITY01011,,GLOBALLOG,Equity,https://www.bseindia.com/stock-share-price/global-ocean-logistics-india-ltd/globallog/544665/,Global Ocean Logistics India Limited,176.20
544666,Gujarat Kidney and Super Speciality Ltd,Active,B,2.0,INE0V0W01025,,GKSL,Equity,https://www.bseindia.com/stock-share-price/gujarat-kidney-and-super-speciality-ltd/gksl/544666/,GUJARAT KIDNEY AND SUPER SPECIALITY LIMITED,1052.16
544667,Dachepalli Publishers Ltd,Active,MT,10.0,INE1F9M01018,,DACHEPALLI,Equity,https://www.bseindia.com/stock-share-price/dachepalli-publishers-ltd/dachepalli/544667/,Dachepalli Publishers Limited,114.55
544668,Nanta Tech Ltd,Active,MT,10.0,INE0YJA01011,,NANTA,Equity,https://www.bseindia.com/stock-share-price/nanta-tech-ltd/nanta/544668/,NANTA TECH LIMITED,205.49
544669,Admach Systems Ltd,Active,MT,10.0,INE0XLO01010,,ADMACH,Equity,https://www.bseindia.com/stock-share-price/admach-systems-ltd/admach/544669/,ADMACH SYSTEMS LIMITED,258.72
544670,Bai-Kakaji Polymers Ltd,Active,M,10.0,INE1IJQ01026,,BAIKAKAJI,Equity,https://www.bseindia.com/stock-share-price/bai-kakaji-polymers-ltd/baikakaji/544670/,BAI-KAKAJI POLYMERS LIMITED,511.14
544671,Apollo Techno Industries Ltd,Active,M,10.0,INE0X4A01013,,ATIL,Equity,https://www.bseindia.com/stock-share-price/apollo-techno-industries-ltd/atil/544671/,APOLLO TECHNO INDUSTRIES LIMITED,169.06
544673,Modern Diagnostic & Research Centre Ltd,Active,M,10.0,INE1HK501016,,MDRC,Equity,https://www.bseindia.com/stock-share-price/modern-diagnostic--research-centre-ltd/mdrc/544673/,MODERN DIAGNOSTIC & RESEARCH CENTRE LIMITED,78.52
544674,DSP Nifty Next 50 ETF,Active,B,10.0,INF740KA1XU7,,NEXT50ADD,Equity,https://www.bseindia.com/stock-share-price/dsp-nifty-next-50-etf/next50add/544674/,DSP Mutual Fund,
544675,Gabion Technologies India Ltd,Active,M,10.0,INE1H1501013,,GTIL,Equity,https://www.bseindia.com/stock-share-price/gabion-technologies-india-ltd/gtil/544675/,Gabion Technologies India Limited,111.32
544676,Yajur Fibres Ltd,Active,MT,10.0,INE0CNJ01010,,YAJUR,Equity,https://www.bseindia.com/stock-share-price/yajur-fibres-ltd/yajur/544676/,YAJUR FIBRES LIMITED,85.06
544677,Defrail Technologies Ltd,Active,M,10.0,INE0ZE201010,,DEFRAIL,Equity,https://www.bseindia.com/stock-share-price/defrail-technologies-ltd/defrail/544677/,Defrail Technologies Limited,48.47
544678,Bharat Coking Coal Ltd,Active,B,10.0,INE05XR01022,,BHARATCOAL,Equity,https://www.bseindia.com/stock-share-price/bharat-coking-coal-ltd/bharatcoal/544678/,BHARAT COKING COAL LIMITED,15964.20
544679,Amagi Media Labs Ltd,Active,B,5.0,INE121R01077,,AMAGI,Equity,https://www.bseindia.com/stock-share-price/amagi-media-labs-ltd/amagi/544679/,Amagi Media Labs Limited,14049.05
544680,Narmadesh Brass Industries Ltd,Active,MT,10.0,INE0S1B01014,,NARMADESH,Equity,https://www.bseindia.com/stock-share-price/narmadesh-brass-industries-ltd/narmadesh/544680/,Narmadesh Brass Industries Limited,89.92
544681,INDO SMC Ltd,Active,MT,10.0,INE0WKY01013,,INDOSMC,Equity,https://www.bseindia.com/stock-share-price/indo-smc-ltd/indosmc/544681/,INDO SMC Limited,1015.81
544682,GRE Renew Enertech Ltd,Active,MT,10.0,INE0U8P01015,,GRERENEW,Equity,https://www.bseindia.com/stock-share-price/gre-renew-enertech-ltd/grerenew/544682/,GRE Renew Enertech Limited,249.33
544683,Aritas Vinyl Ltd,Active,MT,10.0,INE1D8001016,,ARITAS,Equity,https://www.bseindia.com/stock-share-price/aritas-vinyl-ltd/aritas/544683/,Aritas Vinyl Limited,26.88
544684,Digilogic Systems Ltd,Active,M,2.0,INE1OOT01028,,DIGILOGIC,Equity,https://www.bseindia.com/stock-share-price/digilogic-systems-ltd/digilogic/544684/,DIGILOGIC SYSTEMS LIMITED,471.47
544685,Shadowfax Technologies Ltd,Active,B,10.0,INE12UN01015,,SHADOWFAX,Equity,https://www.bseindia.com/stock-share-price/shadowfax-technologies-ltd/shadowfax/544685/,SHADOWFAX TECHNOLOGIES LIMITED,14062.31
544686,Shayona Engineering Ltd,Active,M,10.0,INE0UCL01011,,SHAYONAENG,Equity,https://www.bseindia.com/stock-share-price/shayona-engineering-ltd/shayonaeng/544686/,SHAYONA ENGINEERING LIMITED,56.44
544687,Hannah Joseph Hospital Ltd,Active,MT,10.0,INE0JVH01012,,HANNAH,Equity,https://www.bseindia.com/stock-share-price/hannah-joseph-hospital-ltd/hannah/544687/,Hannah Joseph Hospital Limited,241.74
544688,Kasturi Metal Composite Ltd,Active,M,10.0,INE0T1301023,,KASTURI,Equity,https://www.bseindia.com/stock-share-price/kasturi-metal-composite-ltd/kasturi/544688/,KASTURI METAL COMPOSITE LIMITED,56.65
544689,Arudha Hybrid Long- Short Fund Regular Plan-Growth,Active,B,10.0,INF194K30010,,ARSIFHRG,Equity,https://www.bseindia.com/stock-share-price/arudha-hybrid-long--short-fund-regular-plan-growth/arsifhrg/544689/,Bandhan Mutual Fund,
544690,Arudha Hybrid Long- Short Fund Regular Plan-Monthly IDCW,Active,B,10.0,INF194K30051,,ARSIFHRMD,Equity,https://www.bseindia.com/stock-share-price/arudha-hybrid-long--short-fund-regular-plan-monthly-idcw/arsifhrmd/544690/,Bandhan Mutual Fund,
544691,Arudha Hybrid Long- Short Fund Direct Plan-Growth,Active,B,10.0,INF194K30184,,ARSIFHDG,Equity,https://www.bseindia.com/stock-share-price/arudha-hybrid-long--short-fund-direct-plan-growth/arsifhdg/544691/,Bandhan Mutual Fund,
544692,Arudha Hybrid Long- Short Fund Direct Plan-Half yearly IDCW,Active,B,10.0,INF194K30242,,ARSIFHRHD,Equity,https://www.bseindia.com/stock-share-price/arudha-hybrid-long--short-fund-direct-plan-half-yearly-idcw/arsifhrhd/544692/,Bandhan Mutual Fund,
544693,Kanishk Aluminium India Ltd,Active,MT,10.0,INE163401016,,KANISHK,Equity,https://www.bseindia.com/stock-share-price/kanishk-aluminium-india-ltd/kanishk/544693/,KANISHK ALUMINIUM INDIA LIMITED,33.06
544694,Accretion Nutraveda Ltd,Active,MT,10.0,INE1KVQ01019,,ANL,Equity,https://www.bseindia.com/stock-share-price/accretion-nutraveda-ltd/anl/544694/,Accretion Nutraveda Limited,219.73
544695,Msafe Equipments Ltd,Active,MT,10.0,INE2B5L01011,,MSAFE,Equity,https://www.bseindia.com/stock-share-price/msafe-equipments-ltd/msafe/544695/,Msafe Equipments Limited,412.08
544696,iSIF Hybrid Long-Short Fund - Growth,Active,B,10.0,INF109K30018,,ISIFHLSG,Equity,https://www.bseindia.com/stock-share-price/isif-hybrid-long-short-fund---growth/isifhlsg/544696/,ICICI Prudential Mutual Fund,
544697,iSIF Hybrid Long-Short Fund - Direct Plan - Growth,Active,B,10.0,INF109K30026,,ISIFHLSDG,Equity,https://www.bseindia.com/stock-share-price/isif-hybrid-long-short-fund---direct-plan---growth/isifhlsdg/544697/,ICICI Prudential Mutual Fund,
544698,PAN HR Solution Ltd,Active,MT,10.0,INE1N9E01015,,PANHR,Equity,https://www.bseindia.com/stock-share-price/pan-hr-solution-ltd/panhr/544698/,PAN HR SOLUTION LIMITED,40.89
544699,Aye Finance Ltd,Active,B,2.0,INE501X01029,,AYE,Equity,https://www.bseindia.com/stock-share-price/aye-finance-ltd/aye/544699/,Aye Finance Limited,4100.32
544700,Fractal Analytics Ltd,Active,B,1.0,INE212S01015,,FRACTAL,Equity,https://www.bseindia.com/stock-share-price/fractal-analytics-ltd/fractal/544700/,Fractal Analytics Limited,13862.11
544701,Mirae Asset Nifty 500 Healthcare ETF,Active,B,10.0,INF769K01QA6,,HEALTHCARE,Equity,"https://www.bseindia.com/stock-share-price/mirae-asset-nifty-500-healthcare-etf
/healthcare/544701/",Mirae Asset Mutual Fund,
544702,DCM Shriram International Ltd,Active,T,2.0,INE0OU201013,,DCMSIL,Equity,https://www.bseindia.com/stock-share-price/dcm-shriram-international-ltd/dcmsil/544702/,DCM SHRIRAM INTERNATIONAL LIMITED,744.74
544703,DCM Shriram Fine Chemicals Ltd,Active,T,2.0,INE0OFM01015,,DSFCL,Equity,https://www.bseindia.com/stock-share-price/dcm-shriram-fine-chemicals-ltd/dsfcl/544703/,DCM SHRIRAM FINE CHEMICALS LIMITED,225.92
544704,Mirae Asset Nifty India Infrastructure & LogisticsETF,Active,B,10.0,INF769K01QB4,,INFRA,Equity,"https://www.bseindia.com/stock-share-price/mirae-asset-nifty-india-infrastructure--logistics
etf/infra/544704/",Mirae Asset Mutual Fund,
544705,Mirae Asset BSE India Defence ETF,Active,B,10.0,INF769K01QC2,,DEFENCE,Equity,https://www.bseindia.com/stock-share-price/mirae-asset-bse-india-defence-etf/defence/544705/,Mirae Asset Mutual Fund,
544706,Aditya Birla Sun Life MSCI India ETF,Active,B,10.0,INF209KC1662,,ABSLMSCIN,Equity,https://www.bseindia.com/stock-share-price/aditya-birla-sun-life-msci-india-etf/abslmscin/544706/,Aditya Birla Sun Life Mutual Fund,
544707,Fractal Industries Ltd,Active,M,10.0,INE1W3Q01011,,FIL,Equity,https://www.bseindia.com/stock-share-price/fractal-industries-ltd/fil/544707/,Fractal Industries Limited,168.99
544708,Yashhtej Industries (India) Ltd,Active,M,10.0,INE1O6P01016,,YASHHTEJ,Equity,https://www.bseindia.com/stock-share-price/yashhtej-industries-(india)-ltd/yashhtej/544708/,Yashhtej Industries (India) Limited,151.45
544709,Gaudium IVF and Women Health Ltd,Active,T,5.0,INE0P8B01020,,GAUDIUMIVF,Equity,https://www.bseindia.com/stock-share-price/gaudium-ivf-and-women-health-ltd/gaudiumivf/544709/,Gaudium IVF and Women Health Limited,964.43
544710,Accord Transformer & Switchgear Ltd,Active,M,10.0,INE132201018,,ACCORDTS,Equity,https://www.bseindia.com/stock-share-price/accord-transformer--switchgear-ltd/accordts/544710/,ACCORD TRANSFORMER & SWITCHGEAR LIMITED,134.28
544711,Kiaasa Retail Ltd,Active,M,10.0,INE1C3F01018,,KIAASA,Equity,https://www.bseindia.com/stock-share-price/kiaasa-retail-ltd/kiaasa/544711/,KIAASA RETAIL LIMITED,59.07
544716,Shree Ram Twistex Ltd,Active,B,10.0,INE19GK01015,,SRTL,Equity,https://www.bseindia.com/stock-share-price/shree-ram-twistex-ltd/srtl/544716/,SHREE RAM TWISTEX LIMITED,159.66
544717,Clean Max Enviro Energy Solutions Ltd,Active,B,1.0,INE647U01026,,CLEANMAX,Equity,https://www.bseindia.com/stock-share-price/clean-max-enviro-energy-solutions-ltd/cleanmax/544717/,Clean Max Enviro Energy Solutions Limited,15875.58
544718,PNGS Reva Diamond Jewellery Ltd,Active,B,10.0,INE1RDG01013,,PNGSREVA,Equity,https://www.bseindia.com/stock-share-price/pngs-reva-diamond-jewellery-ltd/pngsreva/544718/,PNGS Reva Diamond Jewellery Limited,1587.30
544719,Aditya Birla Sun Life BSE Top 10 Banks ETF,Active,B,10.0,INF209KC1670,,ABSL10BANK,Equity,https://www.bseindia.com/stock-share-price/aditya-birla-sun-life-bse-top-10-banks-etf/absl10bank/544719/,Aditya Birla Sun Life Mutual Fund,
544720,Omnitech Engineering Ltd,Active,B,5.0,INE0UH301010,,OMNI,Equity,https://www.bseindia.com/stock-share-price/omnitech-engineering-ltd/omni/544720/,Omnitech Engineering Limited,7731.60
544721,Groww BSE Hospitals ETF,Active,B,10.0,INF666M01OD9,,GROWWHOSPI,Equity,https://www.bseindia.com/stock-share-price/groww-bse-hospitals-etf/growwhospi/544721/,Groww Mutual Fund,
544722,SBI Nifty Midcap 150 Momentum 50 ETF,Active,B,10.0,INF200KB1AJ0,,SBIMIDMOM,Equity,https://www.bseindia.com/stock-share-price/sbi-nifty-midcap-150-momentum-50-etf/sbimidmom/544722/,SBI Mutual Fund,
544723,Sedemac Mechatronics Ltd,Active,B,10.0,INE00XB01019,,SEDEMAC,Equity,https://www.bseindia.com/stock-share-price/sedemac-mechatronics-ltd/sedemac/544723/,SEDEMAC MECHATRONICS LIMITED,12341.06
544724,Elfin Agro India Ltd,Active,MT,5.0,INE1FEW01013,,ELFIN,Equity,https://www.bseindia.com/stock-share-price/elfin-agro-india-ltd/elfin/544724/,Elfin Agro India Limited,159.29
544725,DSP BSE Top 10 Banks ETF,Active,B,10.0,INF740KA1YH2,,BANK10ADD,Equity,https://www.bseindia.com/stock-share-price/dsp-bse-top-10-banks-etf/bank10add/544725/,DSP Mutual Fund,
544726,Kotyark Industries Ltd,Active,T,10.0,INE0J0B01017,,KOTYARK,Equity,https://www.bseindia.com/stock-share-price/kotyark-industries-ltd/kotyark/544726/,Kotyark Industries Limited,466.87
544731,Rajputana Stainless Ltd,Active,B,10.0,INE313L01016,,RSL,Equity,https://www.bseindia.com/stock-share-price/rajputana-stainless-ltd/rsl/544731/,RAJPUTANA STAINLESS LIMITED,1280.26
544732,Innovision Ltd,Active,B,10.0,INE0ADB01012,,INNOVISION,Equity,https://www.bseindia.com/stock-share-price/innovision-ltd/innovision/544732/,Innovision Limited,678.08
544733,GSP Crop Science Ltd,Active,B,10.0,INE713R01022,,GSPCROP,Equity,https://www.bseindia.com/stock-share-price/gsp-crop-science-ltd/gspcrop/544733/,GSP CROP SCIENCE LIMITED,2752.51
544735,Novus Loyalty Ltd,Active,M,10.0,INE1TFS01019,,NOVUS,Equity,https://www.bseindia.com/stock-share-price/novus-loyalty-ltd/novus/544735/,Novus Loyalty Limited,223.92
544737,Mirae Asset Nifty 500 Value 50 ETF,Active,B,10.0,INF769K01QV2,,VALUE,Equity,https://www.bseindia.com/stock-share-price/mirae-asset-nifty-500-value-50-etf/value/544737/,Mirae Asset Mutual Fund,
544738,Speciality Medicines Ltd,Active,M,10.0,INE0R0M01014,,SPML,Equity,https://www.bseindia.com/stock-share-price/speciality-medicines-ltd/spml/544738/,SPECIALITY MEDICINES LIMITED,147.60
544739,Central Mine Planning & Design Institute Ltd,Active,B,2.0,INE05HV01027,,CMPDI,Equity,https://www.bseindia.com/stock-share-price/central-mine-planning--design-institute-ltd/cmpdi/544739/,Central Mine Planning & Design Institute Limited,17485.86
544740,Tipco Engineering India Ltd,Active,MT,10.0,INE1U6D01014,,TIPCO,Equity,https://www.bseindia.com/stock-share-price/tipco-engineering-india-ltd/tipco/544740/,Tipco Engineering India Limited,358.24
544741,Highness Microelectronics Ltd,Active,MT,10.0,INE1KI801019,,HIGHNESS,Equity,https://www.bseindia.com/stock-share-price/highness-microelectronics-ltd/highness/544741/,Highness Microelectronics Limited,92.94
544742,Sai Parenterals Ltd,Active,B,5.0,INE0H9F01037,,SAIPARENT,Equity,https://www.bseindia.com/stock-share-price/sai-parenterals-ltd/saiparent/544742/,Sai Parenteral's Limited,2391.86
544743,Amir Chand Jagdish Kumar (Exports) Ltd,Active,B,10.0,INE05TO01019,,AEROPLANE,Equity,https://www.bseindia.com/stock-share-price/amir-chand-jagdish-kumar-(exports)-ltd/aeroplane/544743/,Amir Chand Jagdish Kumar (Exports) Limited,2046.18
544744,Powerica Ltd,Active,B,5.0,INE921L01032,,POWERICA,Equity,https://www.bseindia.com/stock-share-price/powerica-ltd/powerica/544744/,Powerica Ltd.,6617.40
544745,SBI Nifty Midcap 150 ETF,Active,B,10.0,INF200KB1AK8,,SBINMID150,Equity,https://www.bseindia.com/stock-share-price/sbi-nifty-midcap-150-etf/sbinmid150/544745/,SBI Mutual Fund,
544746,Safety Controls & Devices Ltd,Active,M,10.0,INE0UMH01018,,SCDL,Equity,https://www.bseindia.com/stock-share-price/safety-controls--devices-ltd/scdl/544746/,SAFETY CONTROLS & DEVICES LIMITED,138.53
544747,Emiac Technologies Ltd,Active,M,10.0,INE1OSW01015,,EMIAC,Equity,https://www.bseindia.com/stock-share-price/emiac-technologies-ltd/emiac/544747/,EMIAC TECHNOLOGIES LIMITED,112.64
544748,One Point One Solutions Ltd,Active,B,2.0,INE840Y01029,,ONEPOINT,Equity,https://www.bseindia.com/stock-share-price/one-point-one-solutions-ltd/onepoint/544748/,ONE POINT ONE SOLUTIONS LIMITED,1482.17
544749,Arudha Hybrid Long- Short Fund Direct Plan-Annual IDCW,Active,B,10.0,INF194K30259,,ARSIFHDAD,Equity,https://www.bseindia.com/stock-share-price/arudha-hybrid-long--short-fund-direct-plan-annual-idcw/arsifhdad/544749/,Bandhan Mutual Fund,
544750,Om Power Transmission Ltd,Active,B,10.0,INE25E901019,,OMPOWER,Equity,https://www.bseindia.com/stock-share-price/om-power-transmission-ltd/ompower/544750/,OM POWER TRANSMISSION LIMITED,592.44
544751,Mehul Telecom Ltd,Active,M,10.0,INE1K0V01011,,MTL,Equity,https://www.bseindia.com/stock-share-price/mehul-telecom-ltd/mtl/544751/,MEHUL TELECOM LIMITED,91.97
544754,OnEMI Technology Solutions Ltd,Active,B,1.0,INE12F801023,,KISSHT,Equity,https://www.bseindia.com/stock-share-price/onemi-technology-solutions-ltd/kissht/544754/,OnEMI Technology Solutions Limited,5128.62
544755,Recode Studios Ltd,Active,M,10.0,INE2B6701015,,RECODE,Equity,https://www.bseindia.com/stock-share-price/recode-studios-ltd/recode/544755/,RECODE STUDIOS LIMITED,256.16
544756,United Polyfab Gujarat Ltd,Active,T,1.0,INE368U01029,,UNITEDPOLY,Equity,https://www.bseindia.com/stock-share-price/united-polyfab-gujarat-ltd/unitedpoly/544756/,United Polyfab Gujarat Limited,667.43
544757,Bombay Super Hybrid Seeds Ltd,Active,T,1.0,INE032Z01020,,BSHSL,Equity,https://www.bseindia.com/stock-share-price/bombay-super-hybrid-seeds-ltd/bshsl/544757/,BOMBAY SUPER HYBRID SEEDS LIMITED,903.51
544759,Goldline Pharmaceutical Ltd,Active,M,10.0,INE1CLW01015,,GLPL,Equity,https://www.bseindia.com/stock-share-price/goldline-pharmaceutical-ltd/glpl/544759/,GOLDLINE PHARMACEUTICAL LIMITED,39.56
544760,DSP Nifty FMCG ETF,Active,B,10.0,INF740KA1ZA4,,FMCGADD,Equity,https://www.bseindia.com/stock-share-price/dsp-nifty-fmcg-etf/fmcgadd/544760/,DSP Mutual Fund,
544761,Edelweiss Nifty Next 50 ETF,Active,B,10.0,INF754K01XF3,,ENEXT50,Equity,https://www.bseindia.com/stock-share-price/edelweiss-nifty-next-50-etf/enext50/544761/,Edelweiss Mutual Fund,
544762,SBI Nifty200 Value 30 ETF,Active,B,10.0,INF200KB1AX1,,SBIVALETF,Equity,https://www.bseindia.com/stock-share-price/sbi-nifty200-value-30-etf/sbivaletf/544762/,SBI Mutual Fund,
544763,SBI Nifty Smallcap 250 ETF,Active,B,10.0,INF200KB1AY9,,SBISMLETF,Equity,https://www.bseindia.com/stock-share-price/sbi-nifty-smallcap-250-etf/sbismletf/544763/,SBI Mutual Fund,
544764,Mangalam Worldwide Ltd,Active,B,1.0,INE0JYY01029,,MWL,Equity,https://www.bseindia.com/stock-share-price/mangalam-worldwide-ltd/mwl/544764/,Mangalam Worldwide Limited,1278.32
544765,Vegorama Punjabi Angithi Ltd,Active,M,10.0,INE1L3801017,,VPAL,Equity,https://www.bseindia.com/stock-share-price/vegorama-punjabi-angithi-ltd/vpal/544765/,Vegorama Punjabi Angithi Limited,333.96
544766,360 ONE MSCI India ETF,Active,B,10.0,INF579M01BP5,,MSCI360,Equity,https://www.bseindia.com/stock-share-price/360-one-msci-india-etf/msci360/544766/,360 ONE Mutual Fund,
544767,Autofurnish Ltd,Active,M,10.0,INE18HI01019,,AFLTD,Equity,https://www.bseindia.com/stock-share-price/autofurnish-ltd/afltd/544767/,Autofurnish Limited,79.67
544768,M.R.Maniveni Foods Ltd,Active,M,10.0,INE0YD301010,,MANIVENI,Equity,https://www.bseindia.com/stock-share-price/mrmaniveni-foods-ltd/maniveni/544768/,M.R.MANIVENI FOODS LIMITED,58.72
544769,Harikanta Overseas Ltd,Active,M,10.0,INE1UYW01010,,HARIKANTA,Equity,https://www.bseindia.com/stock-share-price/harikanta-overseas-ltd/harikanta/544769/,HARIKANTA OVERSEAS LIMITED,68.07
544770,Yaashvi Jewellers Ltd,Active,M,10.0,INE1T6L01010,,YAASHVI,Equity,https://www.bseindia.com/stock-share-price/yaashvi-jewellers-ltd/yaashvi/544770/,YAASHVI JEWELLERS LIMITED,145.50
544771,Rajnandini Fashion India Ltd,Active,M,10.0,INE1GM501015,,RFIL,Equity,https://www.bseindia.com/stock-share-price/rajnandini-fashion-india-ltd/rfil/544771/,Rajnandini Fashion India Limited,36.02
544772,Aureate Tradde Ltd,Active,M,10.0,INE1KVL01010,,AUREATE,Equity,https://www.bseindia.com/stock-share-price/aureate-tradde-ltd/aureate/544772/,AUREATE TRADDE LIMITED,45.13
544773,Merritronix Ltd,Active,M,10.0,INE1RQS01010,,MRTX,Equity,https://www.bseindia.com/stock-share-price/merritronix-ltd/mrtx/544773/,Merritronix Limited,662.41
544774,SMR Jewels Ltd,Active,M,10.0,INE11XK01017,,SMR,Equity,https://www.bseindia.com/stock-share-price/smr-jewels-ltd/smr/544774/,SMR Jewels Limited,162.51
544775,iSIF Active Asset Allocator Long-Short Fund - Growth,Active,B,10.0,INF109K30059,,ISIFAAFG,Equity,https://www.bseindia.com/stock-share-price/isif-active-asset-allocator-long-short-fund---growth/isifaafg/544775/,ICICI Prudential Mutual Fund,
544776,iSIF Active Asset Allocator Long-Short Fund - Direct Plan - Growth,Active,B,10.0,INF109K30067,,ISIFAAFDG,Equity,https://www.bseindia.com/stock-share-price/isif-active-asset-allocator-long-short-fund---direct-plan---growth/isifaafdg/544776/,ICICI Prudential Mutual Fund,
544777,CMR Green Technologies Ltd,Active,B,2.0,INE00WV01027,,CMRGREEN,Equity,https://www.bseindia.com/stock-share-price/cmr-green-technologies-ltd/cmrgreen/544777/,CMR Green Technologies Limited,5064.56
544778,Vahh Chemicals Ltd,Active,M,10.0,INE0H3U01013,,VAHH,Equity,https://www.bseindia.com/stock-share-price/vahh-chemicals-ltd/vahh/544778/,Vahh Chemicals Limited,43.61
544779,UHM Vacation Ltd,Active,M,10.0,INE0YZ901011,,UHMVL,Equity,https://www.bseindia.com/stock-share-price/uhm-vacation-ltd/uhmvl/544779/,UHM Vacation Limited,24.24
544780,Vedanta Aluminium Metal Ltd,Active,B,1.0,INE1CDF01017,,VAML,Equity,https://www.bseindia.com/stock-share-price/vedanta-aluminium-metal-ltd/vaml/544780/,Vedanta Aluminium Metal Limited,187894.15
544781,Vedanta Power Ltd,Active,B,10.0,INE694L01019,,VEDPOWER,Equity,https://www.bseindia.com/stock-share-price/vedanta-power-ltd/vedpower/544781/,Vedanta Power Limited,13987.46
544782,Vedanta Oil and Gas Ltd,Active,B,1.0,INE704J01044,,VOGL,Equity,https://www.bseindia.com/stock-share-price/vedanta-oil-and-gas-ltd/vogl/544782/,Vedanta Oil and Gas Limited,14018.74
544783,E2E Networks Ltd,Active,B,1.0,INE255Z01027,,E2E,Equity,https://www.bseindia.com/stock-share-price/e2e-networks-ltd/e2e/544783/,E2E Networks Limited,12447.98
544784,Vedanta Iron And Steel Ltd,Active,B,1.0,INE1CLE01013,,VISL,Equity,https://www.bseindia.com/stock-share-price/vedanta-iron-and-steel-ltd/visl/544784/,Vedanta Iron and Steel Limited,14034.38
544785,Hexagon Nutrition Ltd,Active,T,1.0,INE0JUI01012,,HEXAGON,Equity,https://www.bseindia.com/stock-share-price/hexagon-nutrition-ltd/hexagon/544785/,Hexagon Nutrition Limited,797.62
544786,Schneider Electric President Systems Ltd,Active,B,10.0,INE155D01018,,SELECTRIC,Equity,https://www.bseindia.com/stock-share-price/schneider-electric-president-systems-ltd/selectric/544786/,Schneider Electric President Systems Ltd,2893.91
544787,Platinum Hybrid Long-Short Fund- Regular plan growth,Active,B,10.0,INF769K30019,,PHLSRG,Equity,https://www.bseindia.com/stock-share-price/platinum-hybrid-long-short-fund--regular-plan-growth/phlsrg/544787/,Mirae Asset Mutual Fund,
544788,Platinum Hybrid Long-Short Fund- Regular plan IDCW reinvestments,Active,B,10.0,INF769K30027,,PHLSRDI,Equity,https://www.bseindia.com/stock-share-price/platinum-hybrid-long-short-fund--regular-plan-idcw-reinvestments/phlsrdi/544788/,Mirae Asset Mutual Fund,
544789,Platinum Hybrid Long-Short Fund – Regular plan IDCW payout,Active,B,10.0,INF769K30035,,PHLSRDP,Equity,https://www.bseindia.com/stock-share-price/platinum-hybrid-long-short-fund-–-regular-plan-idcw-payout/phlsrdp/544789/,Mirae Asset Mutual Fund,
544790,Platinum Hybrid Long-Short Fund – Direct Plan growth,Active,B,10.0,INF769K30043,,PHLSDG,Equity,https://www.bseindia.com/stock-share-price/platinum-hybrid-long-short-fund-–-direct-plan-growth/phlsdg/544790/,Mirae Asset Mutual Fund,
544791,Platinum Hybrid Long-Short Fund – Direct Plan IDCW reinvestments,Active,B,10.0,INF769K30050,,PHLSDDI,Equity,https://www.bseindia.com/stock-share-price/platinum-hybrid-long-short-fund-–-direct-plan-idcw-reinvestments/phlsddi/544791/,Mirae Asset Mutual Fund,
544792,Platinum Hybrid Long-Short Fund – Direct Plan IDCW payout,Active,B,10.0,INF769K30068,,PHLSDDP,Equity,https://www.bseindia.com/stock-share-price/platinum-hybrid-long-short-fund-–-direct-plan-idcw-payout/phlsddp/544792/,Mirae Asset Mutual Fund,
544793,Susan Electricals India Ltd,Active,M,10.0,INE2L0V01019,,SUSAN,Equity,https://www.bseindia.com/stock-share-price/susan-electricals-india-ltd/susan/544793/,Susan Electricals India Limited,486.92
544794,Horizon Reclaim (India) Ltd,Active,M,10.0,INE1SEO01013,,HORIZON,Equity,https://www.bseindia.com/stock-share-price/horizon-reclaim-(india)-ltd/horizon/544794/,HORIZON RECLAIM (INDIA) LIMITED,276.34
544795,ICICI Prudential Nifty Smallcap 250 ETF,Active,B,10.0,INF109K1A476,,SMALLIETF,Equity,https://www.bseindia.com/stock-share-price/icici-prudential-nifty-smallcap-250-etf/smallietf/544795/,ICICI Prudential Mutual Fund,
544796,Liotech Industries Ltd,Active,M,10.0,INE0TKX01011,,LIOTECH,Equity,https://www.bseindia.com/stock-share-price/liotech-industries-ltd/liotech/544796/,LIOTECH INDUSTRIES LIMITED,41.13
544797,Leapfrog Engineering Services Ltd,Active,M,1.0,INE0X6O01027,,LESL,Equity,https://www.bseindia.com/stock-share-price/leapfrog-engineering-services-ltd/lesl/544797/,LEAPFROG ENGINEERING SERVICES LIMITED,319.17
544798,Diksha Polymers Ltd,Active,M,10.0,INE1OSI01014,,DIKSHA,Equity,https://www.bseindia.com/stock-share-price/diksha-polymers-ltd/diksha/544798/,DIKSHA POLYMERS LIMITED,72.75
544799,Turtlemint Fintech Solutions Ltd,Active,B,1.0,INE0OC301013,,TURTLEMINT,Equity,https://www.bseindia.com/stock-share-price/turtlemint-fintech-solutions-ltd/turtlemint/544799/,Turtlemint Fintech Solutions Limited,3317.30
544800,Anubhav Plast Ltd,Active,M,10.0,INE1O7201010,,ANUBHAV,Equity,https://www.bseindia.com/stock-share-price/anubhav-plast-ltd/anubhav/544800/,ANUBHAV PLAST LIMITED,56.65
544802,Waterways Leisure Tourism Ltd,Active,B,10.0,INE0LZF01013,,CORDELIA,Equity,https://www.bseindia.com/stock-share-price/waterways-leisure-tourism-ltd/cordelia/544802/,Waterways Leisure Tourism Limited,6135.44
544803,Advit Jewels Ltd,Active,B,10.0,INE1SJO01012,,RAMBHAJO,Equity,https://www.bseindia.com/stock-share-price/advit-jewels-ltd/rambhajo/544803/,Advit Jewels Limited,853.90
544804,Riyaasat Lifestyle Ltd,Active,M,10.0,INE0KYI01012,,RIYAASAT,Equity,https://www.bseindia.com/stock-share-price/riyaasat-lifestyle-ltd/riyaasat/544804/,Riyaasat Lifestyle Limited,65.54
544805,Jivial Industries Ltd,Active,M,10.0,INE0V3T01017,,JIVIAL,Equity,https://www.bseindia.com/stock-share-price/jivial-industries-ltd/jivial/544805/,Jivial Industries Limited,39.45
544806,CSM Technologies Ltd,Active,B,10.0,INE0ZK601013,,CSM,Equity,https://www.bseindia.com/stock-share-price/csm-technologies-ltd/csm/544806/,CSM TECHNOLOGIES LIMITED,530.23
544807,Crazy Snacks Ltd,Active,M,10.0,INE0RBX01014,,CRAZY,Equity,https://www.bseindia.com/stock-share-price/crazy-snacks-ltd/crazy/544807/,CRAZY SNACKS LIMITED,146.02
544808,Aastha Spintex Ltd,Active,B,10.0,INE2FMX01012,,AASTHA,Equity,https://www.bseindia.com/stock-share-price/aastha-spintex-ltd/aastha/544808/,AASTHA SPINTEX LIMITED,365.94
544809,Adon Agro Commodities Ltd,Active,M,10.0,INE1SME01017,,ADON,Equity,https://www.bseindia.com/stock-share-price/adon-agro-commodities-ltd/adon/544809/,ADON AGRO COMMODITIES LIMITED,197.12
544810,Sampark India Logistics Ltd,Active,M,10.0,INE147701010,,SILL,Equity,https://www.bseindia.com/stock-share-price/sampark-india-logistics-ltd/sill/544810/,Sampark India Logistics Limited,112.35
544811,Kratikal Tech Ltd,Active,M,10.0,INE1L0M01019,,KRATIKAL,Equity,https://www.bseindia.com/stock-share-price/kratikal-tech-ltd/kratikal/544811/,KRATIKAL TECH LIMITED,178.50
544812,Atharva Poly-Plast Ltd,Active,M,10.0,INE226801012,,ATHARVA,Equity,https://www.bseindia.com/stock-share-price/atharva-poly-plast-ltd/atharva/544812/,Atharva Poly-Plast Limited,134.31
544813,Seemax Resources Ltd,Active,M,10.0,INE1EVO01017,,SEEMAX,Equity,https://www.bseindia.com/stock-share-price/seemax-resources-ltd/seemax/544813/,Seemax Resources Limited,25.33
544814,Knack Packaging Ltd,Active,B,10.0,INE17QZ01016,,KNACK,Equity,https://www.bseindia.com/stock-share-price/knack-packaging-ltd/knack/544814/,KNACK PACKAGING LIMITED,2545.20
544815,Infinity Hybrid Long-Short Fund Direct Growth,Active,B,10.0,INF174K30012,,INSIFHLSDG,Equity,https://www.bseindia.com/stock-share-price/infinity-hybrid-long-short-fund-direct-growth/insifhlsdg/544815/,Kotak Mahindra Mutual Fund,
544817,Infinity Hybrid Long-Short Fund-Direct- IDCW Reinvestment,Active,B,10.0,INF174K30038,,INSIFHLSDR,Equity,https://www.bseindia.com/stock-share-price/infinity-hybrid-long-short-fund-direct--idcw-reinvestment/insifhlsdr/544817/,Kotak Mahindra Mutual Fund,
544818,Infinity Hybrid Long-Short Fund-Regular-Growth,Active,B,10.0,INF174K30046,,INSIFHLSRG,Equity,https://www.bseindia.com/stock-share-price/infinity-hybrid-long-short-fund-regular-growth/insifhlsrg/544818/,Kotak Mahindra Mutual Fund,
544819,Infinity Hybrid Long-Short Fund-Regular - IDCW Payout,Active,B,10.0,INF174K30053,,INSIFHLSRD,Equity,https://www.bseindia.com/stock-share-price/infinity-hybrid-long-short-fund-regular---idcw-payout/insifhlsrd/544819/,Kotak Mahindra Mutual Fund,
544820,Infinity Hybrid Long-Short Fund-Regular-IDCW Reinvestment,Active,B,10.0,INF174K30061,,INSIFHLSRR,Equity,https://www.bseindia.com/stock-share-price/infinity-hybrid-long-short-fund-regular-idcw-reinvestment/insifhlsrr/544820/,Kotak Mahindra Mutual Fund,
544821,Kusumgar Ltd,Active,B,1.0,INE0ISX01025,,KUSUMGAR,Equity,https://www.bseindia.com/stock-share-price/kusumgar-ltd/kusumgar/544821/,Kusumgar Limited,6827.06
544822,Laser Power & Infra Ltd,Active,B,5.0,INE17IR01028,,LASERPOWER,Equity,https://www.bseindia.com/stock-share-price/laser-power--infra-ltd/laserpower/544822/,Laser Power & Infra Limited,4104.37
544823,Devson Catalyst Ltd,Active,M,10.0,INE2KRP01017,,DEVSON,Equity,https://www.bseindia.com/stock-share-price/devson-catalyst-ltd/devson/544823/,DEVSON CATALYST LIMITED,332.77
544825,Alpine Texworld Ltd,Active,B,10.0,INE1JCQ01037,,ALPINETEX,Equity,https://www.bseindia.com/stock-share-price/alpine-texworld-ltd/alpinetex/544825/,ALPINE TEXWORLD LIMITED,253.39
544826,Millworks Technologies Ltd,Active,M,10.0,INE1SRC01010,,MILLWORKS,Equity,https://www.bseindia.com/stock-share-price/millworks-technologies-ltd/millworks/544826/,MILLWORKS TECHNOLOGIES LIMITED,1385.66
544827,Bajaj Finserv BSE Top 10 Banks ETF,Active,B,10.0,INF0QA701CI0,,BANK10BETF,Equity,https://www.bseindia.com/stock-share-price/bajaj-finserv-bse-top-10-banks-etf/bank10betf/544827/,Bajaj Finserv Mutual Fund,
544829,SBI Funds Management Ltd,Active,A,1.0,INE640G01020,,SBIFUNDS,Equity,https://www.bseindia.com/stock-share-price/sbi-funds-management-ltd/sbifunds/544829/,SBI Funds Management Limited,115915.86
544830,Mirae Asset BSE Midcap 150 Momentum 30 ETF,Active,B,10.0,INF769K01RC0,,MOMMIDCAP,Equity,https://www.bseindia.com/stock-share-price/mirae-asset-bse-midcap-150-momentum-30-etf/mommidcap/544830/,Mirae Asset Mutual Fund,
544831,Meenakshi India Ltd,Active,T,10.0,INE208H01016,,MEEIND,Equity,https://www.bseindia.com/stock-share-price/meenakshi-india-ltd/meeind/544831/,MEENAKSHI INDIA LIMITED,466.82
544832,Sotefin Bharat Ltd,Active,M,10.0,INE12Z301012,,SOTEFIN,Equity,https://www.bseindia.com/stock-share-price/sotefin-bharat-ltd/sotefin/544832/,Sotefin Bharat Limited,374.83
544833,Caliber Mining And Logistics Ltd,Active,B,10.0,INE11XY01018,,CMLL,Equity,https://www.bseindia.com/stock-share-price/caliber-mining-and-logistics-ltd/cmll/544833/,CALIBER MINING AND LOGISTICS LIMITED,3800.95
544834,Gulf Lloyds (India) Ltd,Active,MT,10.0,INE1WDC01012,,GULFLLOYDS,Equity,https://www.bseindia.com/stock-share-price/gulf-lloyds-(india)-ltd/gulflloyds/544834/,GULF LLOYDS (INDIA) LIMITED,42.43
544835,Shree Balaji (Mala) Textiles Ltd,Active,MT,10.0,INE1N3Y01016,,MALA,Equity,https://www.bseindia.com/stock-share-price/shree-balaji-(mala)-textiles-ltd/mala/544835/,Shree Balaji (Mala) Textiles Limited,101.97
544837,INDO-MIM Ltd,Active,B,1.0,INE084101034,,INDOMIM,Equity,https://www.bseindia.com/stock-share-price/indo-mim-ltd/indomim/544837/,INDO-MIM Limited,43568.71
544838,Xtranet Technologies Ltd,Active,T,10.0,INE0NG701011,,XTRANET,Equity,https://www.bseindia.com/stock-share-price/xtranet-technologies-ltd/xtranet/544838/,XTRANET TECHNOLOGIES LIMITED,678.15
544839,Lohia Corp Ltd,Active,B,1.0,INE0QJW01029,,LCL,Equity,https://www.bseindia.com/stock-share-price/lohia-corp-ltd/lcl/544839/,Lohia Corp Limited,5639.07
544840,Silverstorm Parks And Resorts Ltd,Active,MT,10.0,INE1EJ401023,,SSPRL,Equity,https://www.bseindia.com/stock-share-price/silverstorm-parks-and-resorts-ltd/ssprl/544840/,SILVERSTORM PARKS AND RESORTS LIMITED,266.57
544842,HDFC Nifty Metal ETF,Active,B,124.88,INF179KC1KT4,,HDFCNIMEG,Equity,https://www.bseindia.com/stock-share-price/hdfc-nifty-metal-etf/hdfcnimeg/544842/,HDFC Mutual Fund,
544843,Advance Technoforge Ltd,Active,MT,10.0,INE13ZJ01010,,ADVANCETL,Equity,https://www.bseindia.com/stock-share-price/advance-technoforge-ltd/advancetl/544843/,ADVANCE TECHNOFORGE LIMITED,69.15
544844,Poojaa Precision Engg. Ltd,Active,MT,10.0,INE288301026,,PPEL,Equity,https://www.bseindia.com/stock-share-price/poojaa-precision-engg-ltd/ppel/544844/,POOJAA PRECISION ENGG. LIMITED,938.31
544845,ICICI Prudential BSE Insurance ETF,Active,B,10.0,INF109K1A567,,INSUREIETF,Equity,https://www.bseindia.com/stock-share-price/icici-prudential-bse-insurance-etf/insureietf/544845/,ICICI Prudential Mutual Fund,
544846,Edelweiss BSE LargeMid (60:40) Stable Dividend 50 ETF,Active,B,10.0,INF754K01XI7,,ELMDIV,Equity,https://www.bseindia.com/stock-share-price/edelweiss-bse-largemid-(60:40)-stable-dividend-50-etf/elmdiv/544846/,Edelweiss Mutual Fund,
544847,Manipal Health Enterprises Ltd,Active,B,2.0,INE459N01021,,MANIPALHOS,Equity,https://www.bseindia.com/stock-share-price/manipal-health-enterprises-ltd/manipalhos/544847/,Manipal Health Enterprises Limited,85677.09
544848,H. R. Hygiene Products Ltd,Active,MT,10.0,INE17DP01015,,HRHYGIENE,Equity,https://www.bseindia.com/stock-share-price/h-r-hygiene-products-ltd/hrhygiene/544848/,H. R. HYGIENE PRODUCTS LIMITED,189.83
544849,Edelweiss BSE Top 10 Bank ETF,Active,B,10.0,INF754K01XH9,,EBANK10,Equity,https://www.bseindia.com/stock-share-price/edelweiss-bse-top-10-bank-etf/ebank10/544849/,Edelweiss Mutual Fund,
544850,Aarvi Encon Ltd,Active,B,10.0,INE754X01016,,AARVI,Equity,https://www.bseindia.com/stock-share-price/aarvi-encon-ltd/aarvi/544850/,Aarvi Encon Limited,239.44
544851,MV Electrosystems Ltd,Active,B,5.0,INE0OWZ01020,,MVELECTRO,Equity,https://www.bseindia.com/stock-share-price/mv-electrosystems-ltd/mvelectro/544851/,MV ELECTROSYSTEMS LIMITED,1699.03
544852,Oneindig Technologies Ltd,Active,MT,10.0,INE0UR501013,,ONEINDIG,Equity,https://www.bseindia.com/stock-share-price/oneindig-technologies-ltd/oneindig/544852/,Oneindig Technologies Limited,137.64
544853,Juniper Green Energy Ltd,Active,B,10.0,INE05C901015,,JNPR,Equity,https://www.bseindia.com/stock-share-price/juniper-green-energy-ltd/jnpr/544853/,Juniper Green Energy Limited,14771.20
544854,Dhaval Packaging Ltd,Active,MT,10.0,INE1HX301016,,DHAVAL,Equity,https://www.bseindia.com/stock-share-price/dhaval-packaging-ltd/dhaval/544854/,Dhaval Packaging Limited,153.41
555555,ICICI Prudential BSE Sensex ETF,Active,A,10.0,INF346A01034,,SENSEXIETF,Equity,https://www.bseindia.com/stock-share-price/icici-prudential-bse-sensex-etf/sensexietf/555555/,ICICI Prudential Mutual Fund,507.74
570002,Future Enterprises Ltd_DVR,Active,Z,2.0,IN9623B01058,,FELDVR,Equity,https://www.bseindia.com/stock-share-price/future-enterprises-ltd_dvr/feldvr/570002/,Future Enterprises Limited,9.17
570004,Jain Irrigation Systems Ltd_DVR,Active,B,2.0,IN9175A01010,,JISLDVREQS,Equity,https://www.bseindia.com/stock-share-price/jain-irrigation-systems-ltd_dvr/jisldvreqs/570004/,Jain Irrigation Systems Ltd.,45.26
570005,GACM Technologies Ltd,Active,T,1.0,INE224E01036,,GATECHDVR,Equity,https://www.bseindia.com/stock-share-price/gacm-technologies-ltd/gatechdvr/570005/,GACM Technologies Limited,9.48
590003,Karur Vysya Bank Ltd,Active,B,2.0,INE036D01028,,KARURVYSYA,Equity,https://www.bseindia.com/stock-share-price/karur-vysya-bank-ltd/karurvysya/590003/,Karur Vysya Bank Ltd.,32301.26
590005,Veedol Corporation Ltd,Active,B,2.0,INE484C01030,,VEEDOL,Equity,https://www.bseindia.com/stock-share-price/veedol-corporation-ltd/veedol/590005/,VEEDOL CORPORATION LIMITED,2597.40
590006,Amrutanjan Health Care Ltd,Active,B,1.0,INE098F01031,,AMRUTANJAN,Equity,https://www.bseindia.com/stock-share-price/amrutanjan-health-care-ltd/amrutanjan/590006/,Amrutanjan Health Care Limited,1519.70
590013,Xpro India Ltd,Active,B,10.0,INE445C01015,,XPROINDIA,Equity,https://www.bseindia.com/stock-share-price/xpro-india-ltd/xproindia/590013/,Xpro India Ltd.,2619.76
590018,Hisar Metal Industries Ltd,Active,B,10.0,INE598C01011,,HISARMETAL,Equity,https://www.bseindia.com/stock-share-price/hisar-metal-industries-ltd/hisarmetal/590018/,Hisar Metal Industries Ltd.,78.84
590021,Bharat Rasayan Ltd,Active,B,5.0,INE838B01021,,BHARATRAS,Equity,https://www.bseindia.com/stock-share-price/bharat-rasayan-ltd/bharatras/590021/,Bharat Rasayan Limited,2281.49
590022,Eastern Silk Industries Ltd,Active,T,2.0,INE962C01035,,EASTSILK,Equity,https://www.bseindia.com/stock-share-price/eastern-silk-industries-ltd/eastsilk/590022/,Eastern Silk Industries Limited,25.72
590024,Fertilizers and Chemicals Travancore Ltd,Active,B,10.0,INE188A01015,,FACT,Equity,https://www.bseindia.com/stock-share-price/fertilizers-and-chemicals-travancore-ltd/fact/590024/,Fertilizers and Chemicals Travancore Limited,54528.76
590025,Ginni Filaments Ltd,Active,T,10.0,INE424C01010,,GINNIFILA,Equity,https://www.bseindia.com/stock-share-price/ginni-filaments-ltd/ginnifila/590025/,Ginni Filaments Ltd.,385.00
590030,Southern Petrochemicals Industries Corporation Ltd,Active,B,10.0,INE147A01011,,SPIC,Equity,https://www.bseindia.com/stock-share-price/southern-petrochemicals-industries-corporation-ltd/spic/590030/,Southern Petrochemical Industries Corporation Limited,1395.55
590031,De Nora India Ltd,Active,B,10.0,INE244A01016,,DENORA,Equity,https://www.bseindia.com/stock-share-price/de-nora-india-ltd/denora/590031/,De Nora India Limited,466.74
590041,Kavveri Defence & Wireless Technologies Ltd,Active,B,10.0,INE641C01019,,KAVDEFENCE,Equity,https://www.bseindia.com/stock-share-price/kavveri-defence--wireless-technologies-ltd/kavdefence/590041/,Kavveri Defence & Wireless Technologies Limited,114.83
590051,Saksoft Ltd,Active,B,1.0,INE667G01023,,SAKSOFT,Equity,https://www.bseindia.com/stock-share-price/saksoft-ltd/saksoft/590051/,Saksoft Limited,2197.50
590056,Salona Cotspin Ltd,Active,B,10.0,INE498E01010,,SALONA,Equity,https://www.bseindia.com/stock-share-price/salona-cotspin-ltd/salona/590056/,Salona Cotspin Ltd.,131.10
590057,Equippp Social Impact Technologies Ltd,Active,T,1.0,INE217G01035,,EQUIPPP,Equity,https://www.bseindia.com/stock-share-price/equippp-social-impact-technologies-ltd/equippp/590057/,EQUIPPP SOCIAL IMPACT TECHNOLOGIES LIMITED,237.12
590062,Andhra Sugars Ltd,Active,B,2.0,INE715B01021,,ANDHRSUGAR,Equity,https://www.bseindia.com/stock-share-price/andhra-sugars-ltd/andhrsugar/590062/,The Andhra Sugars Ltd.,1178.34
590065,India Motor Parts & Accessories Ltd,Active,B,10.0,INE547E01014,,IMPAL,Equity,https://www.bseindia.com/stock-share-price/india-motor-parts--accessories-ltd/impal/590065/,INDIA MOTOR PARTS & ACCESSORIES LTD,1383.41
590066,KCP Ltd,Active,B,1.0,INE805C01028,,KCP,Equity,https://www.bseindia.com/stock-share-price/kcp-ltd/kcp/590066/,K.C.P. LTD,1951.87
590068,Khaitan (India) Ltd,Active,B,10.0,INE731C01018,,KHAITANLTD,Equity,https://www.bseindia.com/stock-share-price/khaitan-(india)-ltd/khaitanltd/590068/,Khaitan (India) Ltd.,75.29
590070,Radaan Mediaworks India Ltd,Active,B,2.0,INE874F01027,,RADAAN,Equity,https://www.bseindia.com/stock-share-price/radaan-mediaworks-india-ltd/radaan/590070/,RADAAN MEDIAWORKS (I) LIMITED,12.77
590071,Sundaram Finance Ltd,Active,B,10.0,INE660A01013,,SUNDARMFIN,Equity,https://www.bseindia.com/stock-share-price/sundaram-finance-ltd/sundarmfin/590071/,SUNDARAM FINANCE LTD,51539.97
590072,Sundaram Brake Linings Ltd,Active,T,10.0,INE073D01013,,SUNDRMBRAK,Equity,https://www.bseindia.com/stock-share-price/sundaram-brake-linings-ltd/sundrmbrak/590072/,SUNDARAM BRAKE LININGS LTD,301.82
590073,Wheels India Ltd,Active,B,10.0,INE715A01015,,WHEELS,Equity,https://www.bseindia.com/stock-share-price/wheels-india-ltd/wheels/590073/,WHEELS INDIA LTD,3435.77
590075,Lambodhara Textile Ltd,Active,B,5.0,INE112F01022,,LAMBODHARA,Equity,https://www.bseindia.com/stock-share-price/lambodhara-textile-ltd/lambodhara/590075/,Lambodhara Textiles Ltd.,98.20
590078,Maithan Alloys Ltd,Active,B,10.0,INE683C01011,,MAITHANALL,Equity,https://www.bseindia.com/stock-share-price/maithan-alloys-ltd/maithanall/590078/,Maithan Alloys Limited,2818.73
590086,Orissa Minerals Development Company Ltd,Active,B,1.0,INE725E01024,,ORISSAMINE,Equity,https://www.bseindia.com/stock-share-price/orissa-minerals-development-company-ltd/orissamine/590086/,Orissa Minerals Development Company Limited,2585.58
590103,Nippon India ETF Nifty 50 BeES,Active,B,1.0,INF204KB14I2,,NIFTYBEES,Equity,https://www.bseindia.com/stock-share-price/nippon-india-etf-nifty-50-bees/niftybees/590103/,Reliance Mutual Fund-Permitted,132.91
590104,Nippon India ETF Nifty Next 50 Junior BeES,Active,B,1.25,INF732E01045,,JUNIORBEES,Equity,https://www.bseindia.com/stock-share-price/nippon-india-etf-nifty-next-50-junior-bees/juniorbees/590104/,Reliance Mutual Fund-Permitted,440.34
590106,Nippon India ETF Nifty Bank BeES,Active,B,1.0,INF204KB15I9,,BANKBEES,Equity,https://www.bseindia.com/stock-share-price/nippon-india-etf-nifty-bank-bees/bankbees/590106/,Reliance Mutual Fund-Permitted,99.47
590107,Kotak Nifty PSU Bank ETF,Active,B,1.0,INF174KA1A86,,PSUBANK,Equity,https://www.bseindia.com/stock-share-price/kotak-nifty-psu-bank-etf/psubank/590107/,Kotak Mahindra Mutual Fund - Permitted,13.84
590108,Nippon India ETF Nifty PSU Bank BeES,Active,B,1.0,INF204KB16I7,,PSUBNKBEES,Equity,https://www.bseindia.com/stock-share-price/nippon-india-etf-nifty-psu-bank-bees/psubnkbees/590108/,Reliance Mutual Fund-Permitted,82.65
590109,Nippon India ETF Nifty 50 Shariah BeES,Active,B,10.0,INF732E01128,,SHARIABEES,Equity,https://www.bseindia.com/stock-share-price/nippon-india-etf-nifty-50-shariah-bees/shariabees/590109/,Reliance Mutual Fund-Permitted,4.86
590110,Quantum Nifty 50 ETF,Active,B,1.0,INF082J01499,,QNIFTY,Equity,https://www.bseindia.com/stock-share-price/quantum-nifty-50-etf/qnifty/590110/,Quantum Asset Management Co. Pvt. Ltd.,0.68
590115,Motilal Oswal Nifty 50 ETF,Active,B,7.0,INF247L01536,,MOM50,Equity,https://www.bseindia.com/stock-share-price/motilal-oswal-nifty-50-etf/mom50/590115/,Motilal Oswal Mutual Fund-Permitted,1325.99
590134,Madras Fertilizers Ltd,Active,B,10.0,INE414A01015,,MADRASFERT,Equity,https://www.bseindia.com/stock-share-price/madras-fertilizers-ltd/madrasfert/590134/,Madras Fertilizers Ltd,1079.38
590136,Kotak Nifty Bank ETF,Active,B,1.0,INF174KA1ZB7,,BANKNIFTY1,Equity,https://www.bseindia.com/stock-share-price/kotak-nifty-bank-etf/banknifty1/590136/,Kotak Mahindra Mutual Fund - Permitted,
590137,SBI-ETF NIFTY BANK,Active,B,10.0,INF200KA1580,,SETFNIFBK,Equity,https://www.bseindia.com/stock-share-price/sbi-etf-nifty-bank/setfnifbk/590137/,SBI Mutual Fund-Permitted,
590138,SBI-ETF NIFTY 50,Active,B,10.0,INF200KA1FS1,,SETFNIF50,Equity,https://www.bseindia.com/stock-share-price/sbi-etf-nifty-50/setfnif50/590138/,SBI Mutual Fund-Permitted,
590139,Kotak Nifty 1D Rate Liquid ETF,Active,B,1000.0,INF174KA1LV5,,LIQUID1,Equity,https://www.bseindia.com/stock-share-price/kotak-nifty-1d-rate-liquid-etf/liquid1/590139/,Kotak Mahindra Mutual Fund - Permitted,
590141,Nippon India ETF Nifty IT,Active,B,10.0,INF204KB15V2,,ITBEES,Equity,https://www.bseindia.com/stock-share-price/nippon-india-etf-nifty-it/itbees/590141/,Nippon India Mutual Fund - Permitted,
590142,Nippon India Nifty Pharma ETF,Active,B,10.0,INF204KC1089,,PHARMABEES,Equity,https://www.bseindia.com/stock-share-price/nippon-india-nifty-pharma-etf/pharmabees/590142/,Nippon India Mutual Fund - Permitted,
590144,Nippon India ETF Nifty Midcap 150,Active,B,10.0,INF204KB1V68,,MID150BEES,Equity,https://www.bseindia.com/stock-share-price/nippon-india-etf-nifty-midcap-150/mid150bees/590144/,Nippon India Mutual Fund - Permitted,
590148,Motilal Oswal Nifty Smallcap 250 ETF,Active,B,10.0,INF247L01CH6,,MOSMALL250,Equity,https://www.bseindia.com/stock-share-price/motilal-oswal-nifty-smallcap-250-etf/mosmall250/590148/,Motilal Oswal Mutual Fund-Permitted,
590149,Motilal Oswal Nifty Capital Market ETF,Active,B,10.0,INF247L01EV3,,MOCAPITAL,Equity,https://www.bseindia.com/stock-share-price/motilal-oswal-nifty-capital-market-etf/mocapital/590149/,Motilal Oswal Mutual Fund-Permitted,
590150,Motilal Oswal Nifty Realty ETF,Active,B,10.0,INF247L01CI4,,MOREALTY,Equity,https://www.bseindia.com/stock-share-price/motilal-oswal-nifty-realty-etf/morealty/590150/,Motilal Oswal Mutual Fund-Permitted,
590151,Motilal Oswal Nifty 500 Momentum 50 ETF,Active,B,10.0,INF247L01DK8,,MOMENTUM50,Equity,https://www.bseindia.com/stock-share-price/motilal-oswal-nifty-500-momentum-50-etf/momentum50/590151/,Motilal Oswal Mutual Fund-Permitted,
590152,Motilal Oswal Nifty India Defence ETF,Active,B,10.0,INF247L01DJ0,,MODEFENCE,Equity,https://www.bseindia.com/stock-share-price/motilal-oswal-nifty-india-defence-etf/modefence/590152/,Motilal Oswal Mutual Fund-Permitted,
590153,Motilal Oswal Nifty 500 ETF,Active,B,10.0,INF247L01BU1,,MONIFTY500,Equity,https://www.bseindia.com/stock-share-price/motilal-oswal-nifty-500-etf/monifty500/590153/,Motilal Oswal Mutual Fund-Permitted,
590154,Kotak Nifty Alpha 50 ETF,Active,B,10.0,INF174KA1IA5,,ALPHA,Equity,https://www.bseindia.com/stock-share-price/kotak-nifty-alpha-50-etf/alpha/590154/,Kotak Mahindra Mutual Fund - Permitted,
590157,Groww Nifty India Defence ETF,Active,B,10.0,INF666M01IO8,,GROWWDEFNC,Equity,https://www.bseindia.com/stock-share-price/groww-nifty-india-defence-etf/growwdefnc/590157/,GROWW MUTUAL FUND  PERMITTED,
590158,Groww Nifty India Railways PSU ETF,Active,B,10.0,INF666M01JJ6,,GROWWRAIL,Equity,https://www.bseindia.com/stock-share-price/groww-nifty-india-railways-psu-etf/growwrail/590158/,GROWW MUTUAL FUND  PERMITTED,
590160,Tata Nifty 50 Exchange Traded Fund,Active,B,10.0,INF277K015R5,,NETF,Equity,https://www.bseindia.com/stock-share-price/tata-nifty-50-exchange-traded-fund/netf/590160/,Tata Mutual Fund - Permitted,
750942,Dhanlaxmi Bank Ltd,Active,R,0.05,INE680A20011,,DHAN-RE,,https://www.bseindia.com/stock-share-price/dhanlaxmi-bank-ltd/dhan-re/750942/,Dhanlaxmi Bank Limited,
751127,Minolta Finance Ltd,Active,R,0.05,INE514C20018,,MINOLT-RE,,https://www.bseindia.com/stock-share-price/minolta-finance-ltd/minolt-re/751127/,Minolta Finance Ltd.,
780014,Has Lifestyle Ltd,Active,IP,10.0,INE888Q01016,,HASJUICE,Equity,,Has Lifestyle Limited,
780016,Web Element Solutions Ltd,Active,IP,10.0,INE562Q01017,,WEBSL,Equity,,Web Element Solutions Limited,
780018,Adhiraj Distributors Ltd,Active,IP,10.0,INE067R01015,,ADHIRAJ,Equity,,Adhiraj Distributors Limited,
890217,Aplab Ltd,Active,XT,10.0,IN9273A01047,,APLABPP,Equity,https://www.bseindia.com/stock-share-price/aplab-ltd/aplabpp/890217/,Aplab Ltd.,52.09
890221,Spandana Sphoorty Financial Ltd,Active,B,10.0,IN9572J01019,,SSFLPP,Equity,https://www.bseindia.com/stock-share-price/spandana-sphoorty-financial-ltd/ssflpp/890221/,Spandana Sphoorty Financial Limited,234.88
890226,Suraj Industries Ltd,Active,XT,10.0,IN9170U01035,,SURAJINDPP,Equity,https://www.bseindia.com/stock-share-price/suraj-industries-ltd/surajindpp/890226/,Suraj Industries Limited.,51.17
890228,Allcargo Terminals Ltd,Active,B,2.0,IN90NN701011,,ATLPP,Equity,https://www.bseindia.com/stock-share-price/allcargo-terminals-ltd/atlpp/890228/,Allcargo Terminals Limited,39.48
890230,Ace Software Exports ltd,Active,X,10.0,IN9849B01026,,ACESEPP,Equity,https://www.bseindia.com/stock-share-price/ace-software-exports-ltd/acesepp/890230/,Ace Software Exports ltd.,43.77
890231,ANIRIT VENTURES Ltd,Active,XT,10.0,IN9161F01019,,ANIRITPP,Equity,https://www.bseindia.com/stock-share-price/anirit-ventures-ltd/aniritpp/890231/,ANIRIT VENTURES LIMITED,27.92
890234,Vertex Securities Ltd,Active,XT,2.0,IN9316D01014,,VERTEXPP,Equity,https://www.bseindia.com/stock-share-price/vertex-securities-ltd/vertexpp/890234/,Vertex Securities Ltd.,10.51
890238,GS Auto International Ltd,Active,X,5.0,IN9736H01014,,GSAILPP,Equity,https://www.bseindia.com/stock-share-price/gs-auto-international-ltd/gsailpp/890238/,G.S. Auto International Ltd.,24.59
