[2026-08-11T11:25:06.289Z] COMPANY: "Aegis Logistics Ltd" | QUERIES: ["Aegis Logistics Ltd" official website] | CANDIDATES: [https://aegislogistics.com] | SELECTED: "https://aegislogistics.com" | CONFIDENCE: HIGH | TIME: 1ms | REASON: Resolved via readymade-fallback
[2026-08-11T11:25:16.952Z] COMPANY: "Utique Enterprises Ltd" | QUERIES: ["Utique Enterprises Ltd" official website] | CANDIDATES: [https://utiqueshop.com] | SELECTED: "https://utiqueshop.com" | CONFIDENCE: HIGH | TIME: 0ms | REASON: Resolved via readymade-fallback
[2026-08-11T11:25:25.925Z] COMPANY: "Bombay Dyeing & Manufacturing Company Ltd" | QUERIES: ["Bombay Dyeing & Manufacturing Company Ltd" official website] | CANDIDATES: [https://bombaydyeing.com] | SELECTED: "https://bombaydyeing.com" | CONFIDENCE: HIGH | TIME: 0ms | REASON: Resolved via readymade-fallback
[2026-08-11T11:25:43.491Z] COMPANY: "Asian Hotels (North) Ltd" | QUERIES: ["Asian Hotels (North) Ltd" official website] | CANDIDATES: [https://asianhotelsnorth.com] | SELECTED: "https://asianhotelsnorth.com" | CONFIDENCE: HIGH | TIME: 0ms | REASON: Resolved via readymade-fallback
[2026-08-11T11:25:54.534Z] COMPANY: "Atul Ltd" | QUERIES: ["Atul Ltd" official website] | CANDIDATES: [https://atulsongaday.me] | SELECTED: "https://atulsongaday.me" | CONFIDENCE: HIGH | TIME: 0ms | REASON: Resolved via readymade-fallback
[2026-08-11T11:26:03.839Z] COMPANY: "Bajaj Electricals Ltd" | QUERIES: ["Bajaj Electricals Ltd" official website] | CANDIDATES: [https://bajajelectricals.com] | SELECTED: "https://bajajelectricals.com" | CONFIDENCE: HIGH | TIME: 0ms | REASON: Resolved via readymade-fallback
[2026-08-11T11:26:25.003Z] COMPANY: "Bajaj Hindusthan Sugar Ltd" | QUERIES: ["Bajaj Hindusthan Sugar Ltd" official website] | CANDIDATES: [https://bajajhindusthan.com] | SELECTED: "https://bajajhindusthan.com" | CONFIDENCE: HIGH | TIME: 0ms | REASON: Resolved via readymade-fallback
[2026-08-11T11:28:45.827Z] COMPANY: "Force Motors Ltd" | QUERIES: ["Force Motors Ltd" official website] | CANDIDATES: [https://forcemotors.com] | SELECTED: "https://forcemotors.com" | CONFIDENCE: HIGH | TIME: 0ms | REASON: Resolved via readymade-fallback
[2026-08-11T11:28:50.979Z] COMPANY: "Bajaj Finance Ltd" | QUERIES: ["Bajaj Finance Ltd" official website] | CANDIDATES: [https://bajajhousingfinance.in] | SELECTED: "https://bajajhousingfinance.in" | CONFIDENCE: HIGH | TIME: 0ms | REASON: Resolved via readymade-fallback
[2026-08-11T11:29:15.514Z] COMPANY: "Balrampur Chini Mills Ltd" | QUERIES: ["Balrampur Chini Mills Ltd" official website] | CANDIDATES: [https://chini.com] | SELECTED: "https://chini.com" | CONFIDENCE: HIGH | TIME: 0ms | REASON: Resolved via readymade-fallback
[2026-08-11T11:29:19.164Z] COMPANY: "BEML Ltd" | QUERIES: ["BEML Ltd" official website] | CANDIDATES: [https://bemlindia.in] | SELECTED: "https://bemlindia.in" | CONFIDENCE: HIGH | TIME: 0ms | REASON: Resolved via readymade-fallback
[2026-08-11T11:29:52.051Z] COMPANY: "Bharat Electronics Ltd" | QUERIES: ["Bharat Electronics Ltd" official website] | CANDIDATES: [https://beil.co.in] | SELECTED: "https://beil.co.in" | CONFIDENCE: HIGH | TIME: 0ms | REASON: Resolved via readymade-fallback
[2026-08-11T11:29:54.192Z] COMPANY: "Bhansali Engineering Polymers Ltd" | QUERIES: ["Bhansali Engineering Polymers Ltd" official website] | CANDIDATES: [https://bhansaliabs.com] | SELECTED: "https://bhansaliabs.com" | CONFIDENCE: HIGH | TIME: 0ms | REASON: Resolved via readymade-fallback
[2026-08-11T11:30:18.933Z] COMPANY: "Birla Cable Ltd" | QUERIES: ["Birla Cable Ltd" official website] | CANDIDATES: [https://birlacable.com] | SELECTED: "https://birlacable.com" | CONFIDENCE: HIGH | TIME: 1ms | REASON: Resolved via readymade-fallback
[2026-08-11T11:30:34.614Z] COMPANY: "Blue Star Ltd" | QUERIES: ["Blue Star Ltd" official website] | CANDIDATES: [https://bluestarindia.com] | SELECTED: "https://bluestarindia.com" | CONFIDENCE: HIGH | TIME: 0ms | REASON: Resolved via readymade-fallback
[2026-08-11T11:30:47.941Z] COMPANY: "Disa India Ltd" | QUERIES: ["Disa India Ltd" official website] | CANDIDATES: [https://disa-india.com] | SELECTED: "https://disa-india.com" | CONFIDENCE: HIGH | TIME: 0ms | REASON: Resolved via readymade-fallback
[2026-08-11T11:30:49.606Z] COMPANY: "BPL Ltd" | QUERIES: ["BPL Ltd" official website] | CANDIDATES: [https://bpl.org] | SELECTED: "https://bpl.org" | CONFIDENCE: HIGH | TIME: 0ms | REASON: Resolved via readymade-fallback
[2026-08-11T11:31:00.838Z] COMPANY: "Oriental Aromatics Ltd" | QUERIES: ["Oriental Aromatics Ltd" official website] | CANDIDATES: [https://orientalaromatics.com] | SELECTED: "https://orientalaromatics.com" | CONFIDENCE: HIGH | TIME: 0ms | REASON: Resolved via readymade-fallback
[2026-08-11T11:31:11.173Z] COMPANY: "Century Extrusions Ltd" | QUERIES: ["Century Extrusions Ltd" official website] | CANDIDATES: [https://centuryextrusions.com] | SELECTED: "https://centuryextrusions.com" | CONFIDENCE: HIGH | TIME: 0ms | REASON: Resolved via readymade-fallback
[2026-08-11T11:31:26.662Z] COMPANY: "CESC Ltd" | QUERIES: ["CESC Ltd" official website] | CANDIDATES: [https://cesc.co.in] | SELECTED: "https://cesc.co.in" | CONFIDENCE: HIGH | TIME: 0ms | REASON: Resolved via readymade-fallback
[2026-08-11T11:31:34.471Z] COMPANY: "Chambal Fertilisers & Chemicals Ltd" | QUERIES: ["Chambal Fertilisers & Chemicals Ltd" official website] | CANDIDATES: [https://chambalfertilisers.com] | SELECTED: "https://chambalfertilisers.com" | CONFIDENCE: HIGH | TIME: 0ms | REASON: Resolved via readymade-fallback
[2026-08-11T11:31:46.278Z] COMPANY: "Exide Industries Ltd" | QUERIES: ["Exide Industries Ltd" official website] | CANDIDATES: [https://exideindustries.com] | SELECTED: "https://exideindustries.com" | CONFIDENCE: HIGH | TIME: 0ms | REASON: Resolved via readymade-fallback
[2026-08-11T11:31:53.045Z] COMPANY: "Cipla Ltd" | QUERIES: ["Cipla Ltd" official website] | CANDIDATES: [https://cipla.com] | SELECTED: "https://cipla.com" | CONFIDENCE: HIGH | TIME: 0ms | REASON: Resolved via readymade-fallback
[2026-08-11T11:32:04.661Z] COMPANY: "DIC India Ltd" | QUERIES: ["DIC India Ltd" official website] | CANDIDATES: [https://dicindialtd.co] | SELECTED: "https://dicindialtd.co" | CONFIDENCE: HIGH | TIME: 0ms | REASON: Resolved via readymade-fallback
[2026-08-11T11:32:07.645Z] COMPANY: "Crisil Ltd" | QUERIES: ["Crisil Ltd" official website] | CANDIDATES: [https://crisil.com] | SELECTED: "https://crisil.com" | CONFIDENCE: HIGH | TIME: 0ms | REASON: Resolved via readymade-fallback
[2026-08-11T11:32:22.638Z] COMPANY: "CG Power and Industrial Solutions Ltd" | QUERIES: ["CG Power and Industrial Solutions Ltd" official website] | CANDIDATES: [https://cgglobal.com] | SELECTED: "https://cgglobal.com" | CONFIDENCE: HIGH | TIME: 0ms | REASON: Resolved via readymade-fallback
[2026-08-11T11:32:42.181Z] COMPANY: "Dabur India Ltd" | QUERIES: ["Dabur India Ltd" official website] | CANDIDATES: [https://dabur.com] | SELECTED: "https://dabur.com" | CONFIDENCE: HIGH | TIME: 0ms | REASON: Resolved via readymade-fallback
[2026-08-11T11:32:46.219Z] COMPANY: "Arvind Ltd" | QUERIES: ["Arvind Ltd" official website] | CANDIDATES: [https://arvind.com] | SELECTED: "https://arvind.com" | CONFIDENCE: HIGH | TIME: 0ms | REASON: Resolved via readymade-fallback
[2026-08-11T11:33:02.161Z] COMPANY: "Bharat Heavy Electricals Ltd" | QUERIES: ["Bharat Heavy Electricals Ltd" official website] | CANDIDATES: [https://bhel.com] | SELECTED: "https://bhel.com" | CONFIDENCE: HIGH | TIME: 0ms | REASON: Resolved via readymade-fallback
[2026-08-11T11:34:05.971Z] COMPANY: "Hindustan Petroleum Corporation Ltd" | QUERIES: ["Hindustan Petroleum Corporation Ltd" official website] | CANDIDATES: [https://hindustanpetroleum.com] | SELECTED: "https://hindustanpetroleum.com" | CONFIDENCE: HIGH | TIME: 0ms | REASON: Resolved via readymade-fallback
[2026-08-11T11:34:08.140Z] COMPANY: "IFCI Ltd" | QUERIES: ["IFCI Ltd" official website] | CANDIDATES: [https://ifciltd.com] | SELECTED: "https://ifciltd.com" | CONFIDENCE: HIGH | TIME: 0ms | REASON: Resolved via readymade-fallback
[2026-08-11T11:34:16.254Z] COMPANY: "Mangalore Refinery and Petrochemicals Ltd" | QUERIES: ["Mangalore Refinery and Petrochemicals Ltd" official website] | CANDIDATES: [https://mrpl.co.in] | SELECTED: "https://mrpl.co.in" | CONFIDENCE: HIGH | TIME: 0ms | REASON: Resolved via readymade-fallback
[2026-08-11T11:34:23.568Z] COMPANY: "State Bank of India" | QUERIES: ["State Bank of India" official website] | CANDIDATES: [https://onlinesbi.sbi] | SELECTED: "https://onlinesbi.sbi" | CONFIDENCE: HIGH | TIME: 0ms | REASON: Resolved via readymade-fallback
[2026-08-11T11:34:40.248Z] COMPANY: "Steel Authority of India Ltd" | QUERIES: ["Steel Authority of India Ltd" official website] | CANDIDATES: [https://sail.co.in] | SELECTED: "https://sail.co.in" | CONFIDENCE: HIGH | TIME: 0ms | REASON: Resolved via readymade-fallback
[2026-08-11T11:35:17.765Z] COMPANY: "Titan Company Ltd" | QUERIES: ["Titan Company Ltd" official website] | CANDIDATES: [https://titancompany.in] | SELECTED: "https://titancompany.in" | CONFIDENCE: HIGH | TIME: 0ms | REASON: Resolved via readymade-fallback
[2026-08-11T11:35:19.930Z] COMPANY: "IDBI Bank Ltd" | QUERIES: ["IDBI Bank Ltd" official website] | CANDIDATES: [https://idbibank.in] | SELECTED: "https://idbibank.in" | CONFIDENCE: HIGH | TIME: 0ms | REASON: Resolved via readymade-fallback
[2026-08-11T11:35:20.988Z] COMPANY: "DCW Ltd" | QUERIES: ["DCW Ltd" official website] | CANDIDATES: [https://dcwltd.com] | SELECTED: "https://dcwltd.com" | CONFIDENCE: HIGH | TIME: 0ms | REASON: Resolved via readymade-fallback
[2026-08-11T11:35:24.541Z] COMPANY: "Dhampur Sugar Mills Ltd" | QUERIES: ["Dhampur Sugar Mills Ltd" official website] | CANDIDATES: [https://dhampursugar.com] | SELECTED: "https://dhampursugar.com" | CONFIDENCE: HIGH | TIME: 0ms | REASON: Resolved via readymade-fallback
[2026-08-11T11:35:41.554Z] COMPANY: "Dr Reddys Laboratories Ltd" | QUERIES: ["Dr Reddys Laboratories Ltd" official website] | CANDIDATES: [https://drreddys.com] | SELECTED: "https://drreddys.com" | CONFIDENCE: HIGH | TIME: 0ms | REASON: Resolved via readymade-fallback
[2026-08-11T11:36:06.089Z] COMPANY: "EID Parry India Ltd" | QUERIES: ["EID Parry India Ltd" official website] | CANDIDATES: [https://eidparry.com] | SELECTED: "https://eidparry.com" | CONFIDENCE: HIGH | TIME: 0ms | REASON: Resolved via readymade-fallback
[2026-08-11T11:36:29.679Z] COMPANY: "Procter & Gamble Health Ltd" | QUERIES: ["Procter & Gamble Health Ltd" official website] | CANDIDATES: [https://pg.com] | SELECTED: "https://pg.com" | CONFIDENCE: HIGH | TIME: 0ms | REASON: Resolved via readymade-fallback
[2026-08-11T11:37:00.589Z] COMPANY: "EPL Ltd" | QUERIES: ["EPL Ltd" official website] | CANDIDATES: [https://eplglobal.com] | SELECTED: "https://eplglobal.com" | CONFIDENCE: HIGH | TIME: 0ms | REASON: Resolved via readymade-fallback
[2026-08-11T11:37:13.844Z] COMPANY: "Ester Industries Ltd" | QUERIES: ["Ester Industries Ltd" official website] | CANDIDATES: [https://ester.co] | SELECTED: "https://ester.co" | CONFIDENCE: HIGH | TIME: 0ms | REASON: Resolved via readymade-fallback
[2026-08-11T11:39:35.287Z] COMPANY: "FGP Ltd" | QUERIES: ["FGP Ltd" official website] | CANDIDATES: [https://fgpltd.co.uk] | SELECTED: "https://fgpltd.co.uk" | CONFIDENCE: HIGH | TIME: 0ms | REASON: Resolved via readymade-fallback
[2026-08-11T11:39:43.446Z] COMPANY: "PH Capital Ltd" | QUERIES: ["PH Capital Ltd" official website] | CANDIDATES: [https://phoenix.edu] | SELECTED: "https://phoenix.edu" | CONFIDENCE: HIGH | TIME: 0ms | REASON: Resolved via readymade-fallback
[2026-08-11T11:39:48.161Z] COMPANY: "John Cockerill India Ltd" | QUERIES: ["John Cockerill India Ltd" official website] | CANDIDATES: [https://johncockerillindia.com] | SELECTED: "https://johncockerillindia.com" | CONFIDENCE: HIGH | TIME: 0ms | REASON: Resolved via readymade-fallback
[2026-08-11T11:40:08.828Z] COMPANY: "Uflex Ltd" | QUERIES: ["Uflex Ltd" official website] | CANDIDATES: [https://uflexltd.com] | SELECTED: "https://uflexltd.com" | CONFIDENCE: HIGH | TIME: 0ms | REASON: Resolved via readymade-fallback
[2026-08-11T11:40:24.794Z] COMPANY: "Foseco India Ltd" | QUERIES: ["Foseco India Ltd" official website] | CANDIDATES: [https://fosecoindia.com] | SELECTED: "https://fosecoindia.com" | CONFIDENCE: HIGH | TIME: 0ms | REASON: Resolved via readymade-fallback
[2026-08-11T11:40:34.703Z] COMPANY: "Golden Tobacco Ltd" | QUERIES: ["Golden Tobacco Ltd" official website] | CANDIDATES: [https://goldentobacco.in] | SELECTED: "https://goldentobacco.in" | CONFIDENCE: HIGH | TIME: 1ms | REASON: Resolved via readymade-fallback
[2026-08-11T11:40:47.182Z] COMPANY: "Ganesh Benzoplast Ltd" | QUERIES: ["Ganesh Benzoplast Ltd" official website] | CANDIDATES: [https://ganeshbenzoplast.com] | SELECTED: "https://ganeshbenzoplast.com" | CONFIDENCE: HIGH | TIME: 0ms | REASON: Resolved via readymade-fallback
[2026-08-11T11:41:02.655Z] COMPANY: "Metroglobal Ltd" | QUERIES: ["Metroglobal Ltd" official website] | CANDIDATES: [https://metrogloballimited.com] | SELECTED: "https://metrogloballimited.com" | CONFIDENCE: HIGH | TIME: 0ms | REASON: Resolved via readymade-fallback
[2026-08-11T11:43:25.307Z] COMPANY: "GTL Ltd" | QUERIES: ["GTL Ltd" official website] | CANDIDATES: [https://gtlaw.com] | SELECTED: "https://gtlaw.com" | CONFIDENCE: HIGH | TIME: 0ms | REASON: Resolved via readymade-fallback
[2026-08-11T11:43:26.299Z] COMPANY: "Godrej Industries Ltd" | QUERIES: ["Godrej Industries Ltd" official website] | CANDIDATES: [https://godrej.com] | SELECTED: "https://godrej.com" | CONFIDENCE: HIGH | TIME: 0ms | REASON: Resolved via readymade-fallback
[2026-08-11T11:43:26.799Z] COMPANY: "Kansai Nerolac Paints Ltd" | QUERIES: ["Kansai Nerolac Paints Ltd" official website] | CANDIDATES: [https://nerolacbd.com] | SELECTED: "https://nerolacbd.com" | CONFIDENCE: HIGH | TIME: 0ms | REASON: Resolved via readymade-fallback
[2026-08-11T11:43:59.799Z] COMPANY: "Goodricke Group Ltd" | QUERIES: ["Goodricke Group Ltd" official website] | CANDIDATES: [https://goodricketea.com] | SELECTED: "https://goodricketea.com" | CONFIDENCE: HIGH | TIME: 0ms | REASON: Resolved via readymade-fallback
[2026-08-11T11:44:06.637Z] COMPANY: "GTN Industries Ltd" | QUERIES: ["GTN Industries Ltd" official website] | CANDIDATES: [https://gtnf.org] | SELECTED: "https://gtnf.org" | CONFIDENCE: HIGH | TIME: 0ms | REASON: Resolved via readymade-fallback
[2026-08-11T11:44:20.650Z] COMPANY: "GHCL Ltd" | QUERIES: ["GHCL Ltd" official website] | CANDIDATES: [https://ghc.sa] | SELECTED: "https://ghc.sa" | CONFIDENCE: HIGH | TIME: 0ms | REASON: Resolved via readymade-fallback
[2026-08-11T11:44:26.325Z] COMPANY: "GFL Ltd" | QUERIES: ["GFL Ltd" official website] | CANDIDATES: [https://gflenv.com] | SELECTED: "https://gflenv.com" | CONFIDENCE: HIGH | TIME: 0ms | REASON: Resolved via readymade-fallback
[2026-08-11T11:44:28.026Z] COMPANY: "HCL Infosystems Ltd" | QUERIES: ["HCL Infosystems Ltd" official website] | CANDIDATES: [https://hclinfosystems.in] | SELECTED: "https://hclinfosystems.in" | CONFIDENCE: HIGH | TIME: 0ms | REASON: Resolved via readymade-fallback
[2026-08-11T11:44:55.091Z] COMPANY: "HDFC Bank Ltd" | QUERIES: ["HDFC Bank Ltd" official website] | CANDIDATES: [https://hdfcbank.com] | SELECTED: "https://hdfcbank.com" | CONFIDENCE: HIGH | TIME: 0ms | REASON: Resolved via readymade-fallback
[2026-08-11T11:45:22.154Z] COMPANY: "Hero MotoCorp Ltd" | QUERIES: ["Hero MotoCorp Ltd" official website] | CANDIDATES: [https://heromotocorp.com] | SELECTED: "https://heromotocorp.com" | CONFIDENCE: HIGH | TIME: 0ms | REASON: Resolved via readymade-fallback
[2026-08-11T11:45:41.214Z] COMPANY: "HFCL Ltd" | QUERIES: ["HFCL Ltd" official website] | CANDIDATES: [https://hfcl.com] | SELECTED: "https://hfcl.com" | CONFIDENCE: HIGH | TIME: 0ms | REASON: Resolved via readymade-fallback
[2026-08-11T11:45:58.959Z] COMPANY: "Himadri Speciality Chemical Ltd" | QUERIES: ["Himadri Speciality Chemical Ltd" official website] | CANDIDATES: [https://himadri.com] | SELECTED: "https://himadri.com" | CONFIDENCE: HIGH | TIME: 0ms | REASON: Resolved via readymade-fallback
[2026-08-11T11:46:29.600Z] COMPANY: "Hindustan Construction Company Ltd" | QUERIES: ["Hindustan Construction Company Ltd" official website] | CANDIDATES: [https://hccindia.com] | SELECTED: "https://hccindia.com" | CONFIDENCE: HIGH | TIME: 0ms | REASON: Resolved via readymade-fallback
[2026-08-11T11:46:36.520Z] COMPANY: "Agi Greenpac Ltd" | QUERIES: ["Agi Greenpac Ltd" official website] | CANDIDATES: [https://agigreenpac.com] | SELECTED: "https://agigreenpac.com" | CONFIDENCE: HIGH | TIME: 0ms | REASON: Resolved via readymade-fallback
[2026-08-11T11:46:55.857Z] COMPANY: "Hindustan Zinc Ltd" | QUERIES: ["Hindustan Zinc Ltd" official website] | CANDIDATES: [https://hzlindia.com] | SELECTED: "https://hzlindia.com" | CONFIDENCE: HIGH | TIME: 0ms | REASON: Resolved via readymade-fallback
[2026-08-11T11:47:08.986Z] COMPANY: "HMT Ltd" | QUERIES: ["HMT Ltd" official website] | CANDIDATES: [https://hmtvlive.com] | SELECTED: "https://hmtvlive.com" | CONFIDENCE: HIGH | TIME: 0ms | REASON: Resolved via readymade-fallback
[2026-08-11T11:47:12.435Z] COMPANY: "Prag Bosimi Synthetics Ltd" | QUERIES: ["Prag Bosimi Synthetics Ltd" official website] | CANDIDATES: [https://pragbosimi.com] | SELECTED: "https://pragbosimi.com" | CONFIDENCE: HIGH | TIME: 0ms | REASON: Resolved via readymade-fallback
[2026-08-11T11:47:22.650Z] COMPANY: "HLV Ltd" | QUERIES: ["HLV Ltd" official website] | CANDIDATES: [https://hlv.de] | SELECTED: "https://hlv.de" | CONFIDENCE: HIGH | TIME: 1ms | REASON: Resolved via readymade-fallback
[2026-08-11T11:47:40.939Z] COMPANY: "IG Petrochemicals Ltd" | QUERIES: ["IG Petrochemicals Ltd" official website] | CANDIDATES: [https://igpetro.com] | SELECTED: "https://igpetro.com" | CONFIDENCE: HIGH | TIME: 0ms | REASON: Resolved via readymade-fallback
[2026-08-11T11:48:00.621Z] COMPANY: "India Glycols Ltd" | QUERIES: ["India Glycols Ltd" official website] | CANDIDATES: [https://indiaglycols.com] | SELECTED: "https://indiaglycols.com" | CONFIDENCE: HIGH | TIME: 0ms | REASON: Resolved via readymade-fallback
[2026-08-11T11:48:19.946Z] COMPANY: "Margo Finance Ltd" | QUERIES: ["Margo Finance Ltd" official website] | CANDIDATES: [https://margotelena.com] | SELECTED: "https://margotelena.com" | CONFIDENCE: HIGH | TIME: 0ms | REASON: Resolved via readymade-fallback
[2026-08-11T11:48:52.039Z] COMPANY: "Infosys Ltd" | QUERIES: ["Infosys Ltd" official website] | CANDIDATES: [https://infosys.com] | SELECTED: "https://infosys.com" | CONFIDENCE: HIGH | TIME: 0ms | REASON: Resolved via readymade-fallback
[2026-08-11T11:48:52.318Z] COMPANY: "Ingersoll-Rand (India) Ltd" | QUERIES: ["Ingersoll-Rand (India) Ltd" official website] | CANDIDATES: [https://ingersollrand.com] | SELECTED: "https://ingersollrand.com" | CONFIDENCE: HIGH | TIME: 0ms | REASON: Resolved via readymade-fallback
[2026-08-11T11:48:52.666Z] COMPANY: "International Travel House Ltd" | QUERIES: ["International Travel House Ltd" official website] | CANDIDATES: [https://internationaltravelhouse.in] | SELECTED: "https://internationaltravelhouse.in" | CONFIDENCE: HIGH | TIME: 0ms | REASON: Resolved via readymade-fallback
[2026-08-11T11:51:12.772Z] COMPANY: "Ion Exchange India Ltd" | QUERIES: ["Ion Exchange India Ltd" official website] | CANDIDATES: [https://ionexchangeglobal.com] | SELECTED: "https://ionexchangeglobal.com" | CONFIDENCE: HIGH | TIME: 0ms | REASON: Resolved via readymade-fallback
[2026-08-11T11:53:01.267Z] COMPANY: "Jain Irrigation Systems Ltd" | QUERIES: ["Jain Irrigation Systems Ltd" official website] | CANDIDATES: [https://jains.com] | SELECTED: "https://jains.com" | CONFIDENCE: HIGH | TIME: 0ms | REASON: Resolved via readymade-fallback
[2026-08-11T11:53:06.661Z] COMPANY: "Jasch Industries Ltd" | QUERIES: ["Jasch Industries Ltd" official website] | CANDIDATES: [https://9jaschoolnews.com.ng] | SELECTED: "https://9jaschoolnews.com.ng" | CONFIDENCE: HIGH | TIME: 0ms | REASON: Resolved via readymade-fallback
[2026-08-11T11:53:13.466Z] COMPANY: "Jindal Poly Films Ltd" | QUERIES: ["Jindal Poly Films Ltd" official website] | CANDIDATES: [https://jindalpoly.com] | SELECTED: "https://jindalpoly.com" | CONFIDENCE: HIGH | TIME: 0ms | REASON: Resolved via readymade-fallback
[2026-08-11T11:53:25.644Z] COMPANY: "JSW Steel Ltd" | QUERIES: ["JSW Steel Ltd" official website] | CANDIDATES: [https://jswsteel.in] | SELECTED: "https://jswsteel.in" | CONFIDENCE: HIGH | TIME: 0ms | REASON: Resolved via readymade-fallback
[2026-08-11T11:53:40.906Z] COMPANY: "Kajaria Ceramics Ltd" | QUERIES: ["Kajaria Ceramics Ltd" official website] | CANDIDATES: [https://kajariaceramics.com] | SELECTED: "https://kajariaceramics.com" | CONFIDENCE: HIGH | TIME: 0ms | REASON: Resolved via readymade-fallback
[2026-08-11T11:53:43.878Z] COMPANY: "Kakatiya Cement Sugar & Industries Ltd" | QUERIES: ["Kakatiya Cement Sugar & Industries Ltd" official website] | CANDIDATES: [https://kakatiyacements.com] | SELECTED: "https://kakatiyacements.com" | CONFIDENCE: HIGH | TIME: 0ms | REASON: Resolved via readymade-fallback
[2026-08-11T11:53:50.136Z] COMPANY: "Kanel Industries Ltd" | QUERIES: ["Kanel Industries Ltd" official website] | CANDIDATES: [https://kaneland.org] | SELECTED: "https://kaneland.org" | CONFIDENCE: HIGH | TIME: 0ms | REASON: Resolved via readymade-fallback
[2026-08-11T11:53:56.683Z] COMPANY: "KG Denim Ltd" | QUERIES: ["KG Denim Ltd" official website] | CANDIDATES: [https://kgdenim.com] | SELECTED: "https://kgdenim.com" | CONFIDENCE: HIGH | TIME: 0ms | REASON: Resolved via readymade-fallback
[2026-08-11T11:54:04.490Z] COMPANY: "Kinetic Engineering Ltd" | QUERIES: ["Kinetic Engineering Ltd" official website] | CANDIDATES: [https://kineticengineering.com] | SELECTED: "https://kineticengineering.com" | CONFIDENCE: HIGH | TIME: 0ms | REASON: Resolved via readymade-fallback
[2026-08-11T11:54:14.818Z] COMPANY: "Kirloskar Brothers Ltd" | QUERIES: ["Kirloskar Brothers Ltd" official website] | CANDIDATES: [https://kirloskarpumps.com] | SELECTED: "https://kirloskarpumps.com" | CONFIDENCE: HIGH | TIME: 0ms | REASON: Resolved via readymade-fallback
[2026-08-11T11:54:19.934Z] COMPANY: "Kirloskar Industries Ltd" | QUERIES: ["Kirloskar Industries Ltd" official website] | CANDIDATES: [https://kirloskarpumps.com] | SELECTED: "https://kirloskarpumps.com" | CONFIDENCE: HIGH | TIME: 0ms | REASON: Resolved via readymade-fallback
[2026-08-11T11:54:26.113Z] COMPANY: "Kirloskar Ferrous Industries Ltd" | QUERIES: ["Kirloskar Ferrous Industries Ltd" official website] | CANDIDATES: [https://kirloskarferrous.com] | SELECTED: "https://kirloskarferrous.com" | CONFIDENCE: HIGH | TIME: 0ms | REASON: Resolved via readymade-fallback
[2026-08-11T11:54:47.237Z] COMPANY: "Kotak Mahindra Bank Ltd" | QUERIES: ["Kotak Mahindra Bank Ltd" official website] | CANDIDATES: [https://kotak.com] | SELECTED: "https://kotak.com" | CONFIDENCE: HIGH | TIME: 0ms | REASON: Resolved via readymade-fallback
[2026-08-11T11:54:51.216Z] COMPANY: "KSB Ltd" | QUERIES: ["KSB Ltd" official website] | CANDIDATES: [https://ksbw.com] | SELECTED: "https://ksbw.com" | CONFIDENCE: HIGH | TIME: 0ms | REASON: Resolved via readymade-fallback
[2026-08-11T11:55:09.515Z] COMPANY: "LMW Ltd" | QUERIES: ["LMW Ltd" official website] | CANDIDATES: [https://lebensmittelwarnung.de] | SELECTED: "https://lebensmittelwarnung.de" | CONFIDENCE: HIGH | TIME: 0ms | REASON: Resolved via readymade-fallback
[2026-08-11T11:55:31.510Z] COMPANY: "LIC Housing Finance Ltd" | QUERIES: ["LIC Housing Finance Ltd" official website] | CANDIDATES: [https://lichousing.com] | SELECTED: "https://lichousing.com" | CONFIDENCE: HIGH | TIME: 0ms | REASON: Resolved via readymade-fallback
[2026-08-11T11:55:46.017Z] COMPANY: "Lupin Ltd" | QUERIES: ["Lupin Ltd" official website] | CANDIDATES: [https://lupinepet.com] | SELECTED: "https://lupinepet.com" | CONFIDENCE: HIGH | TIME: 0ms | REASON: Resolved via readymade-fallback
[2026-08-11T11:56:05.103Z] COMPANY: "Lyka Labs Ltd" | QUERIES: ["Lyka Labs Ltd" official website] | CANDIDATES: [https://lykalabs.com] | SELECTED: "https://lykalabs.com" | CONFIDENCE: HIGH | TIME: 0ms | REASON: Resolved via readymade-fallback
[2026-08-11T11:56:18.416Z] COMPANY: "The Ramco Cements Ltd" | QUERIES: ["The Ramco Cements Ltd" official website] | CANDIDATES: [https://ramcocements.in] | SELECTED: "https://ramcocements.in" | CONFIDENCE: HIGH | TIME: 0ms | REASON: Resolved via readymade-fallback
[2026-08-11T11:56:20.667Z] COMPANY: "Hybrid Financial Services Ltd" | QUERIES: ["Hybrid Financial Services Ltd" official website] | CANDIDATES: [https://hybridfinance.co.in] | SELECTED: "https://hybridfinance.co.in" | CONFIDENCE: HIGH | TIME: 0ms | REASON: Resolved via readymade-fallback
[2026-08-11T11:56:30.419Z] COMPANY: "Mafatlal Industries Ltd" | QUERIES: ["Mafatlal Industries Ltd" official website] | CANDIDATES: [https://mafatlals.com] | SELECTED: "https://mafatlals.com" | CONFIDENCE: HIGH | TIME: 0ms | REASON: Resolved via readymade-fallback
[2026-08-11T11:56:56.432Z] COMPANY: "Maharashtra Scooters Ltd" | QUERIES: ["Maharashtra Scooters Ltd" official website] | CANDIDATES: [https://mahascooters.com] | SELECTED: "https://mahascooters.com" | CONFIDENCE: HIGH | TIME: 0ms | REASON: Resolved via readymade-fallback
[2026-08-11T11:56:56.766Z] COMPANY: "Majestic Auto Ltd" | QUERIES: ["Majestic Auto Ltd" official website] | CANDIDATES: [https://majesticautos.com] | SELECTED: "https://majesticautos.com" | CONFIDENCE: HIGH | TIME: 0ms | REASON: Resolved via readymade-fallback
[2026-08-11T11:57:00.331Z] COMPANY: "Manali Petrochemicals Ltd" | QUERIES: ["Manali Petrochemicals Ltd" official website] | CANDIDATES: [https://manalipetro.com] | SELECTED: "https://manalipetro.com" | CONFIDENCE: HIGH | TIME: 0ms | REASON: Resolved via readymade-fallback
[2026-08-11T11:57:19.619Z] COMPANY: "Max Financial Services Ltd" | QUERIES: ["Max Financial Services Ltd" official website] | CANDIDATES: [https://maxfinancialservices.com] | SELECTED: "https://maxfinancialservices.com" | CONFIDENCE: HIGH | TIME: 0ms | REASON: Resolved via readymade-fallback
[2026-08-11T11:57:20.721Z] COMPANY: "Mid India Industries Ltd" | QUERIES: ["Mid India Industries Ltd" official website] | CANDIDATES: [https://midindia.com] | SELECTED: "https://midindia.com" | CONFIDENCE: HIGH | TIME: 0ms | REASON: Resolved via readymade-fallback
[2026-08-11T11:57:31.342Z] COMPANY: "Century Enka Ltd" | QUERIES: ["Century Enka Ltd" official website] | CANDIDATES: [https://centuryenka.com] | SELECTED: "https://centuryenka.com" | CONFIDENCE: HIGH | TIME: 1ms | REASON: Resolved via readymade-fallback
[2026-08-11T11:57:32.985Z] COMPANY: "Lords Chloro Alkali Ltd" | QUERIES: ["Lords Chloro Alkali Ltd" official website] | CANDIDATES: [https://lordschloro.com] | SELECTED: "https://lordschloro.com" | CONFIDENCE: HIGH | TIME: 0ms | REASON: Resolved via readymade-fallback
[2026-08-11T11:57:51.366Z] COMPANY: "Spicejet Ltd" | QUERIES: ["Spicejet Ltd" official website] | CANDIDATES: [https://spicejet.com] | SELECTED: "https://spicejet.com" | CONFIDENCE: HIGH | TIME: 0ms | REASON: Resolved via readymade-fallback
[2026-08-11T11:57:55.162Z] COMPANY: "MRF Ltd" | QUERIES: ["MRF Ltd" official website] | CANDIDATES: [https://mrfood.com] | SELECTED: "https://mrfood.com" | CONFIDENCE: HIGH | TIME: 0ms | REASON: Resolved via readymade-fallback
[2026-08-11T11:58:05.880Z] COMPANY: "HeidelbergCement India Ltd" | QUERIES: ["HeidelbergCement India Ltd" official website] | CANDIDATES: [https://mycemco.com] | SELECTED: "https://mycemco.com" | CONFIDENCE: HIGH | TIME: 0ms | REASON: Resolved via readymade-fallback
[2026-08-11T11:58:12.390Z] COMPANY: "NCC Ltd" | QUERIES: ["NCC Ltd" official website] | CANDIDATES: [https://ncclimited.com] | SELECTED: "https://ncclimited.com" | CONFIDENCE: HIGH | TIME: 0ms | REASON: Resolved via readymade-fallback
[2026-08-11T11:58:14.541Z] COMPANY: "Vedanta Ltd" | QUERIES: ["Vedanta Ltd" official website] | CANDIDATES: [https://vedantalimited.com] | SELECTED: "https://vedantalimited.com" | CONFIDENCE: HIGH | TIME: 0ms | REASON: Resolved via readymade-fallback
[2026-08-11T11:58:34.704Z] COMPANY: "Grasim Industries Ltd" | QUERIES: ["Grasim Industries Ltd" official website] | CANDIDATES: [https://grasim.com] | SELECTED: "https://grasim.com" | CONFIDENCE: HIGH | TIME: 0ms | REASON: Resolved via readymade-fallback
[2026-08-11T11:58:39.719Z] COMPANY: "NIIT Ltd" | QUERIES: ["NIIT Ltd" official website] | CANDIDATES: [https://niit.com] | SELECTED: "https://niit.com" | CONFIDENCE: HIGH | TIME: 0ms | REASON: Resolved via readymade-fallback
[2026-08-11T11:58:57.549Z] COMPANY: "Jaykay Enterprises Ltd" | QUERIES: ["Jaykay Enterprises Ltd" official website] | CANDIDATES: [https://jaykaydowdall.com] | SELECTED: "https://jaykaydowdall.com" | CONFIDENCE: HIGH | TIME: 0ms | REASON: Resolved via readymade-fallback
[2026-08-11T11:58:59.891Z] COMPANY: "Nirlon Ltd" | QUERIES: ["Nirlon Ltd" official website] | CANDIDATES: [https://nirlonkitchenware.com] | SELECTED: "https://nirlonkitchenware.com" | CONFIDENCE: HIGH | TIME: 0ms | REASON: Resolved via readymade-fallback
[2026-08-11T11:59:11.376Z] COMPANY: "Oil and Natural Gas Corporation Ltd" | QUERIES: ["Oil and Natural Gas Corporation Ltd" official website] | CANDIDATES: [https://ongcindia.com] | SELECTED: "https://ongcindia.com" | CONFIDENCE: HIGH | TIME: 0ms | REASON: Resolved via readymade-fallback
[2026-08-11T11:59:28.315Z] COMPANY: "Oriental Hotels Ltd" | QUERIES: ["Oriental Hotels Ltd" official website] | CANDIDATES: [https://oriental-hotels.com] | SELECTED: "https://oriental-hotels.com" | CONFIDENCE: HIGH | TIME: 0ms | REASON: Resolved via readymade-fallback
[2026-08-11T11:59:48.643Z] COMPANY: "Oswal Agro Mills Ltd" | QUERIES: ["Oswal Agro Mills Ltd" official website] | CANDIDATES: [https://oswalagromills.com] | SELECTED: "https://oswalagromills.com" | CONFIDENCE: HIGH | TIME: 0ms | REASON: Resolved via readymade-fallback
[2026-08-11T11:59:59.130Z] COMPANY: "Panyam Cements & Mineral Industries Ltd" | QUERIES: ["Panyam Cements & Mineral Industries Ltd" official website] | CANDIDATES: [https://panyamcements.com] | SELECTED: "https://panyamcements.com" | CONFIDENCE: HIGH | TIME: 0ms | REASON: Resolved via readymade-fallback
[2026-08-11T12:00:08.898Z] COMPANY: "Reliance Industries Ltd" | QUERIES: ["Reliance Industries Ltd" official website] | CANDIDATES: [https://reliancedigital.in] | SELECTED: "https://reliancedigital.in" | CONFIDENCE: HIGH | TIME: 0ms | REASON: Resolved via readymade-fallback
[2026-08-11T12:00:10.570Z] COMPANY: "Raymond Ltd" | QUERIES: ["Raymond Ltd" official website] | CANDIDATES: [https://raymond.in] | SELECTED: "https://raymond.in" | CONFIDENCE: HIGH | TIME: 0ms | REASON: Resolved via readymade-fallback
[2026-08-11T12:00:18.959Z] COMPANY: "Pidilite Industries Ltd" | QUERIES: ["Pidilite Industries Ltd" official website] | CANDIDATES: [https://pidilite.com] | SELECTED: "https://pidilite.com" | CONFIDENCE: HIGH | TIME: 0ms | REASON: Resolved via readymade-fallback
[2026-08-11T12:00:29.652Z] COMPANY: "Pix Transmissions Ltd" | QUERIES: ["Pix Transmissions Ltd" official website] | CANDIDATES: [https://pixtrans.com] | SELECTED: "https://pixtrans.com" | CONFIDENCE: HIGH | TIME: 0ms | REASON: Resolved via readymade-fallback
[2026-08-11T12:00:50.132Z] COMPANY: "Birla Corporation Ltd" | QUERIES: ["Birla Corporation Ltd" official website] | CANDIDATES: [https://birlasoft.com] | SELECTED: "https://birlasoft.com" | CONFIDENCE: HIGH | TIME: 1ms | REASON: Resolved via readymade-fallback
[2026-08-11T12:00:52.172Z] COMPANY: "Surya Roshni Ltd" | QUERIES: ["Surya Roshni Ltd" official website] | CANDIDATES: [https://surya.co.in] | SELECTED: "https://surya.co.in" | CONFIDENCE: HIGH | TIME: 0ms | REASON: Resolved via readymade-fallback
[2026-08-11T12:01:04.521Z] COMPANY: "Prime Securities Ltd" | QUERIES: ["Prime Securities Ltd" official website] | CANDIDATES: [https://primesec.com] | SELECTED: "https://primesec.com" | CONFIDENCE: HIGH | TIME: 0ms | REASON: Resolved via readymade-fallback
[2026-08-11T12:01:27.260Z] COMPANY: "Prism Johnson Ltd" | QUERIES: ["Prism Johnson Ltd" official website] | CANDIDATES: [https://prismjohnson.in] | SELECTED: "https://prismjohnson.in" | CONFIDENCE: HIGH | TIME: 0ms | REASON: Resolved via readymade-fallback
[2026-08-11T12:01:43.963Z] COMPANY: "Rain Industries Ltd" | QUERIES: ["Rain Industries Ltd" official website] | CANDIDATES: [https://rainbowshops.com] | SELECTED: "https://rainbowshops.com" | CONFIDENCE: HIGH | TIME: 0ms | REASON: Resolved via readymade-fallback
[2026-08-11T12:02:11.193Z] COMPANY: "AMJ Land Holdings Ltd" | QUERIES: ["AMJ Land Holdings Ltd" official website] | CANDIDATES: [https://amjlandscaping.com] | SELECTED: "https://amjlandscaping.com" | CONFIDENCE: HIGH | TIME: 0ms | REASON: Resolved via readymade-fallback
[2026-08-11T12:02:29.878Z] COMPANY: "Punjab Communications Ltd" | QUERIES: ["Punjab Communications Ltd" official website] | CANDIDATES: [https://puncom.com] | SELECTED: "https://puncom.com" | CONFIDENCE: HIGH | TIME: 0ms | REASON: Resolved via readymade-fallback
[2026-08-11T12:02:49.226Z] COMPANY: "RSWM Ltd" | QUERIES: ["RSWM Ltd" official website] | CANDIDATES: [https://rswm.in] | SELECTED: "https://rswm.in" | CONFIDENCE: HIGH | TIME: 0ms | REASON: Resolved via readymade-fallback
[2026-08-11T12:02:55.114Z] COMPANY: "Rajshree Sugars & Chemicals Ltd" | QUERIES: ["Rajshree Sugars & Chemicals Ltd" official website] | CANDIDATES: [https://rajshreesugars.com] | SELECTED: "https://rajshreesugars.com" | CONFIDENCE: HIGH | TIME: 0ms | REASON: Resolved via readymade-fallback
[2026-08-11T12:03:00.091Z] COMPANY: "Rallis India Ltd" | QUERIES: ["Rallis India Ltd" official website] | CANDIDATES: [https://rallis.com] | SELECTED: "https://rallis.com" | CONFIDENCE: HIGH | TIME: 0ms | REASON: Resolved via readymade-fallback
[2026-08-11T12:03:01.638Z] COMPANY: "Shree Rama Newsprint Ltd" | QUERIES: ["Shree Rama Newsprint Ltd" official website] | CANDIDATES: [https://ramanewsprint.com] | SELECTED: "https://ramanewsprint.com" | CONFIDENCE: HIGH | TIME: 0ms | REASON: Resolved via readymade-fallback
[2026-08-11T12:03:17.151Z] COMPANY: "Rama Paper Mills Ltd" | QUERIES: ["Rama Paper Mills Ltd" official website] | CANDIDATES: [https://ramapaper.com] | SELECTED: "https://ramapaper.com" | CONFIDENCE: HIGH | TIME: 0ms | REASON: Resolved via readymade-fallback
[2026-08-11T12:03:21.639Z] COMPANY: "Rapicut Carbides Ltd" | QUERIES: ["Rapicut Carbides Ltd" official website] | CANDIDATES: [https://rapicutcarbides.com] | SELECTED: "https://rapicutcarbides.com" | CONFIDENCE: HIGH | TIME: 0ms | REASON: Resolved via readymade-fallback
[2026-08-11T12:03:36.612Z] COMPANY: "Rubfila International Ltd" | QUERIES: ["Rubfila International Ltd" official website] | CANDIDATES: [https://rubfila.com] | SELECTED: "https://rubfila.com" | CONFIDENCE: HIGH | TIME: 0ms | REASON: Resolved via readymade-fallback
[2026-08-11T12:03:37.040Z] COMPANY: "Patanjali Foods Ltd" | QUERIES: ["Patanjali Foods Ltd" official website] | CANDIDATES: [https://patanjalifoods.com] | SELECTED: "https://patanjalifoods.com" | CONFIDENCE: HIGH | TIME: 0ms | REASON: Resolved via readymade-fallback
[2026-08-11T12:03:39.370Z] COMPANY: "Salora International Ltd" | QUERIES: ["Salora International Ltd" official website] | CANDIDATES: [https://salora.com] | SELECTED: "https://salora.com" | CONFIDENCE: HIGH | TIME: 0ms | REASON: Resolved via readymade-fallback
[2026-08-11T12:03:41.161Z] COMPANY: "Samtel India Ltd" | QUERIES: ["Samtel India Ltd" official website] | CANDIDATES: [https://samtel.co] | SELECTED: "https://samtel.co" | CONFIDENCE: HIGH | TIME: 0ms | REASON: Resolved via readymade-fallback
[2026-08-11T12:04:03.184Z] COMPANY: "Jindal Saw Ltd" | QUERIES: ["Jindal Saw Ltd" official website] | CANDIDATES: [https://jindalsaw.com] | SELECTED: "https://jindalsaw.com" | CONFIDENCE: HIGH | TIME: 0ms | REASON: Resolved via readymade-fallback
[2026-08-11T12:04:04.926Z] COMPANY: "JK Lakshmi Cement Ltd" | QUERIES: ["JK Lakshmi Cement Ltd" official website] | CANDIDATES: [https://jklakshmicement.com] | SELECTED: "https://jklakshmicement.com" | CONFIDENCE: HIGH | TIME: 0ms | REASON: Resolved via readymade-fallback
[2026-08-11T12:04:08.545Z] COMPANY: "Shree Cement Ltd" | QUERIES: ["Shree Cement Ltd" official website] | CANDIDATES: [https://shreecementlimited.com] | SELECTED: "https://shreecementlimited.com" | CONFIDENCE: HIGH | TIME: 0ms | REASON: Resolved via readymade-fallback
[2026-08-11T12:04:17.900Z] COMPANY: "Shree Krishna Paper Mills & Industries Ltd" | QUERIES: ["Shree Krishna Paper Mills & Industries Ltd" official website] | CANDIDATES: [https://skpmil.com] | SELECTED: "https://skpmil.com" | CONFIDENCE: HIGH | TIME: 0ms | REASON: Resolved via readymade-fallback
[2026-08-11T12:04:33.793Z] COMPANY: "Reliance Infrastructure Ltd" | QUERIES: ["Reliance Infrastructure Ltd" official website] | CANDIDATES: [https://rinfra.com] | SELECTED: "https://rinfra.com" | CONFIDENCE: HIGH | TIME: 0ms | REASON: Resolved via readymade-fallback
[2026-08-11T12:04:50.238Z] COMPANY: "Steelco Gujarat Ltd" | QUERIES: ["Steelco Gujarat Ltd" official website] | CANDIDATES: [https://steelcogujarat.com] | SELECTED: "https://steelcogujarat.com" | CONFIDENCE: HIGH | TIME: 0ms | REASON: Resolved via readymade-fallback
[2026-08-11T12:07:21.742Z] COMPANY: "Tata Power Company Ltd" | QUERIES: ["Tata Power Company Ltd" official website] | CANDIDATES: [https://tatapower.com] | SELECTED: "https://tatapower.com" | CONFIDENCE: HIGH | TIME: 222ms | REASON: Resolved via readymade-fallback
[2026-08-11T12:07:36.691Z] COMPANY: "SPML Infra Ltd" | QUERIES: ["SPML Infra Ltd" official website] | CANDIDATES: [https://spml.co.in] | SELECTED: "https://spml.co.in" | CONFIDENCE: HIGH | TIME: 0ms | REASON: Resolved via readymade-fallback
[2026-08-11T12:07:54.254Z] COMPANY: "Sundram Fasteners Ltd" | QUERIES: ["Sundram Fasteners Ltd" official website] | CANDIDATES: [https://sundram.com] | SELECTED: "https://sundram.com" | CONFIDENCE: HIGH | TIME: 0ms | REASON: Resolved via readymade-fallback
[2026-08-11T12:07:56.660Z] COMPANY: "Supreme Petrochem Ltd" | QUERIES: ["Supreme Petrochem Ltd" official website] | CANDIDATES: [https://supremepetrochem.com] | SELECTED: "https://supremepetrochem.com" | CONFIDENCE: HIGH | TIME: 0ms | REASON: Resolved via readymade-fallback
[2026-08-11T12:09:04.501Z] COMPANY: "Tata Elxsi Ltd" | QUERIES: ["Tata Elxsi Ltd" official website] | CANDIDATES: [https://tataelxsi.com] | SELECTED: "https://tataelxsi.com" | CONFIDENCE: HIGH | TIME: 0ms | REASON: Resolved via readymade-fallback
[2026-08-11T12:09:33.847Z] COMPANY: "ACC Ltd" | QUERIES: ["ACC Ltd" official website] | CANDIDATES: [https://accltd.net] | SELECTED: "https://accltd.net" | CONFIDENCE: HIGH | TIME: 0ms | REASON: Resolved via readymade-fallback
[2026-08-11T12:09:45.249Z] COMPANY: "Thermax Ltd" | QUERIES: ["Thermax Ltd" official website] | CANDIDATES: [https://thermaxxjackets.com] | SELECTED: "https://thermaxxjackets.com" | CONFIDENCE: HIGH | TIME: 0ms | REASON: Resolved via readymade-fallback
[2026-08-11T12:10:07.214Z] COMPANY: "Thirumalai Chemicals Ltd" | QUERIES: ["Thirumalai Chemicals Ltd" official website] | CANDIDATES: [https://thirumalaichemicals.com] | SELECTED: "https://thirumalaichemicals.com" | CONFIDENCE: HIGH | TIME: 0ms | REASON: Resolved via readymade-fallback
[2026-08-11T12:10:30.709Z] COMPANY: "Thomas Cook (India) Ltd" | QUERIES: ["Thomas Cook (India) Ltd" official website] | CANDIDATES: [https://thomascook.in] | SELECTED: "https://thomascook.in" | CONFIDENCE: HIGH | TIME: 0ms | REASON: Resolved via readymade-fallback
[2026-08-11T12:11:21.377Z] COMPANY: "Timex Group India Ltd" | QUERIES: ["Timex Group India Ltd" official website] | CANDIDATES: [https://timexindia.com] | SELECTED: "https://timexindia.com" | CONFIDENCE: HIGH | TIME: 0ms | REASON: Resolved via readymade-fallback
[2026-08-11T12:11:25.196Z] COMPANY: "Torrent Pharmaceuticals Ltd" | QUERIES: ["Torrent Pharmaceuticals Ltd" official website] | CANDIDATES: [https://torrentfreak.com] | SELECTED: "https://torrentfreak.com" | CONFIDENCE: HIGH | TIME: 0ms | REASON: Resolved via readymade-fallback
[2026-08-11T12:11:35.041Z] COMPANY: "TPI India Ltd" | QUERIES: ["TPI India Ltd" official website] | CANDIDATES: [https://tpiindia.in] | SELECTED: "https://tpiindia.in" | CONFIDENCE: HIGH | TIME: 0ms | REASON: Resolved via readymade-fallback
[2026-08-11T12:11:48.395Z] COMPANY: "Transchem Ltd" | QUERIES: ["Transchem Ltd" official website] | CANDIDATES: [https://transchem.net] | SELECTED: "https://transchem.net" | CONFIDENCE: HIGH | TIME: 0ms | REASON: Resolved via readymade-fallback
[2026-08-11T12:11:58.279Z] COMPANY: "Ambuja Cements Ltd" | QUERIES: ["Ambuja Cements Ltd" official website] | CANDIDATES: [https://ambujacement.com] | SELECTED: "https://ambujacement.com" | CONFIDENCE: HIGH | TIME: 0ms | REASON: Resolved via readymade-fallback
[2026-08-11T12:12:07.244Z] COMPANY: "UTL Industries Ltd" | QUERIES: ["UTL Industries Ltd" official website] | CANDIDATES: [https://utleon.edu.mx] | SELECTED: "https://utleon.edu.mx" | CONFIDENCE: HIGH | TIME: 0ms | REASON: Resolved via readymade-fallback
[2026-08-11T12:12:25.756Z] COMPANY: "Uniphos Enterprises Ltd" | QUERIES: ["Uniphos Enterprises Ltd" official website] | CANDIDATES: [https://uniphosagroindustries.com] | SELECTED: "https://uniphosagroindustries.com" | CONFIDENCE: HIGH | TIME: 0ms | REASON: Resolved via readymade-fallback
[2026-08-11T12:12:33.502Z] COMPANY: "Vardhman Holdings Ltd" | QUERIES: ["Vardhman Holdings Ltd" official website] | CANDIDATES: [https://vmou.ac.in] | SELECTED: "https://vmou.ac.in" | CONFIDENCE: HIGH | TIME: 0ms | REASON: Resolved via readymade-fallback
[2026-08-11T12:12:39.697Z] COMPANY: "Hindalco Industries Ltd" | QUERIES: ["Hindalco Industries Ltd" official website] | CANDIDATES: [https://hindalco.com] | SELECTED: "https://hindalco.com" | CONFIDENCE: HIGH | TIME: 0ms | REASON: Resolved via readymade-fallback
[2026-08-11T12:12:57.444Z] COMPANY: "West Coast Paper Mills Ltd" | QUERIES: ["West Coast Paper Mills Ltd" official website] | CANDIDATES: [https://westcoastpaper.com] | SELECTED: "https://westcoastpaper.com" | CONFIDENCE: HIGH | TIME: 0ms | REASON: Resolved via readymade-fallback
[2026-08-11T12:13:11.134Z] COMPANY: "Hindustan Organic Chemicals Ltd" | QUERIES: ["Hindustan Organic Chemicals Ltd" official website] | CANDIDATES: [https://hoclindia.com] | SELECTED: "https://hoclindia.com" | CONFIDENCE: HIGH | TIME: 0ms | REASON: Resolved via readymade-fallback
[2026-08-11T12:13:19.200Z] COMPANY: "MPIL Corporation Ltd" | QUERIES: ["MPIL Corporation Ltd" official website] | CANDIDATES: [https://mpillwellness.com] | SELECTED: "https://mpillwellness.com" | CONFIDENCE: HIGH | TIME: 0ms | REASON: Resolved via readymade-fallback
[2026-08-11T12:13:20.705Z] COMPANY: "Pasupati Acrylon Ltd" | QUERIES: ["Pasupati Acrylon Ltd" official website] | CANDIDATES: [https://pasupatiacrylon.com] | SELECTED: "https://pasupatiacrylon.com" | CONFIDENCE: HIGH | TIME: 0ms | REASON: Resolved via readymade-fallback
[2026-08-11T12:13:38.742Z] COMPANY: "Procter & Gamble Hygiene and Health Care Ltd" | QUERIES: ["Procter & Gamble Hygiene and Health Care Ltd" official website] | CANDIDATES: [https://pg.com] | SELECTED: "https://pg.com" | CONFIDENCE: HIGH | TIME: 0ms | REASON: Resolved via readymade-fallback
[2026-08-11T12:14:03.281Z] COMPANY: "Mukand Ltd" | QUERIES: ["Mukand Ltd" official website] | CANDIDATES: [https://mlncollegeynr.ac.in] | SELECTED: "https://mlncollegeynr.ac.in" | CONFIDENCE: HIGH | TIME: 0ms | REASON: Resolved via readymade-fallback
[2026-08-11T12:16:23.269Z] COMPANY: "Black Box Ltd" | QUERIES: ["Black Box Ltd" official website] | CANDIDATES: [https://blackboxstocks.com] | SELECTED: "https://blackboxstocks.com" | CONFIDENCE: HIGH | TIME: 1ms | REASON: Resolved via readymade-fallback
[2026-08-11T12:16:47.627Z] COMPANY: "Ucal  Ltd" | QUERIES: ["Ucal  Ltd" official website] | CANDIDATES: [https://ucalgary.ca] | SELECTED: "https://ucalgary.ca" | CONFIDENCE: HIGH | TIME: 0ms | REASON: Resolved via readymade-fallback
[2026-08-11T12:17:03.013Z] COMPANY: "Harrisons Malayalam Ltd" | QUERIES: ["Harrisons Malayalam Ltd" official website] | CANDIDATES: [https://harrisonsmalayalam.com] | SELECTED: "https://harrisonsmalayalam.com" | CONFIDENCE: HIGH | TIME: 0ms | REASON: Resolved via readymade-fallback
[2026-08-11T12:17:07.658Z] COMPANY: "Federal Bank Ltd" | QUERIES: ["Federal Bank Ltd" official website] | CANDIDATES: [https://federalbank.co.in] | SELECTED: "https://federalbank.co.in" | CONFIDENCE: HIGH | TIME: 0ms | REASON: Resolved via readymade-fallback
[2026-08-11T12:17:22.626Z] COMPANY: "Tata Steel Ltd" | QUERIES: ["Tata Steel Ltd" official website] | CANDIDATES: [https://tatasteel.com] | SELECTED: "https://tatasteel.com" | CONFIDENCE: HIGH | TIME: 0ms | REASON: Resolved via readymade-fallback
[2026-08-11T12:17:27.021Z] COMPANY: "Ashok Leyland Ltd" | QUERIES: ["Ashok Leyland Ltd" official website] | CANDIDATES: [https://ashokleyland.com] | SELECTED: "https://ashokleyland.com" | CONFIDENCE: HIGH | TIME: 0ms | REASON: Resolved via readymade-fallback
[2026-08-11T12:17:28.470Z] COMPANY: "Tata Communications Ltd" | QUERIES: ["Tata Communications Ltd" official website] | CANDIDATES: [https://tatacommunications.com] | SELECTED: "https://tatacommunications.com" | CONFIDENCE: HIGH | TIME: 0ms | REASON: Resolved via readymade-fallback
[2026-08-11T12:17:32.952Z] COMPANY: "Bharat Forge Ltd" | QUERIES: ["Bharat Forge Ltd" official website] | CANDIDATES: [https://bharatforge.com] | SELECTED: "https://bharatforge.com" | CONFIDENCE: HIGH | TIME: 0ms | REASON: Resolved via readymade-fallback
[2026-08-11T12:17:35.923Z] COMPANY: "Escorts Kubota Ltd" | QUERIES: ["Escorts Kubota Ltd" official website] | CANDIDATES: [https://escortsgroup.com] | SELECTED: "https://escortsgroup.com" | CONFIDENCE: HIGH | TIME: 0ms | REASON: Resolved via readymade-fallback
[2026-08-11T12:19:57.419Z] COMPANY: "Hindustan Motors Ltd" | QUERIES: ["Hindustan Motors Ltd" official website] | CANDIDATES: [https://hindmotor.com] | SELECTED: "https://hindmotor.com" | CONFIDENCE: HIGH | TIME: 0ms | REASON: Resolved via readymade-fallback
[2026-08-11T12:20:05.555Z] COMPANY: "Larsen & Toubro Ltd" | QUERIES: ["Larsen & Toubro Ltd" official website] | CANDIDATES: [https://larsentoubro.com] | SELECTED: "https://larsentoubro.com" | CONFIDENCE: HIGH | TIME: 0ms | REASON: Resolved via readymade-fallback
[2026-08-11T12:20:18.271Z] COMPANY: "Mahindra & Mahindra Ltd" | QUERIES: ["Mahindra & Mahindra Ltd" official website] | CANDIDATES: [https://mahindra.com] | SELECTED: "https://mahindra.com" | CONFIDENCE: HIGH | TIME: 0ms | REASON: Resolved via readymade-fallback
[2026-08-11T12:20:18.890Z] COMPANY: "Bosch Ltd" | QUERIES: ["Bosch Ltd" official website] | CANDIDATES: [https://bosch.com] | SELECTED: "https://bosch.com" | CONFIDENCE: HIGH | TIME: 0ms | REASON: Resolved via readymade-fallback
[2026-08-11T12:20:31.625Z] COMPANY: "Premier Ltd" | QUERIES: ["Premier Ltd" official website] | CANDIDATES: [https://premierlimited.co.uk] | SELECTED: "https://premierlimited.co.uk" | CONFIDENCE: HIGH | TIME: 0ms | REASON: Resolved via readymade-fallback
[2026-08-11T12:20:42.014Z] COMPANY: "Siemens Ltd" | QUERIES: ["Siemens Ltd" official website] | CANDIDATES: [https://siemens.com] | SELECTED: "https://siemens.com" | CONFIDENCE: HIGH | TIME: 0ms | REASON: Resolved via readymade-fallback
[2026-08-11T12:21:03.943Z] COMPANY: "Voltas Ltd" | QUERIES: ["Voltas Ltd" official website] | CANDIDATES: [https://voltas.com] | SELECTED: "https://voltas.com" | CONFIDENCE: HIGH | TIME: 0ms | REASON: Resolved via readymade-fallback
[2026-08-11T12:21:10.380Z] COMPANY: "Excel Industries Ltd" | QUERIES: ["Excel Industries Ltd" official website] | CANDIDATES: [https://excellenceresorts.com] | SELECTED: "https://excellenceresorts.com" | CONFIDENCE: HIGH | TIME: 1ms | REASON: Resolved via readymade-fallback
[2026-08-11T12:21:34.431Z] COMPANY: "GlaxoSmithKline Pharmaceuticals Ltd" | QUERIES: ["GlaxoSmithKline Pharmaceuticals Ltd" official website] | CANDIDATES: [https://farmenergy.co.uk] | SELECTED: "https://farmenergy.co.uk" | CONFIDENCE: HIGH | TIME: 0ms | REASON: Resolved via readymade-fallback
[2026-08-11T12:21:38.631Z] COMPANY: "Sanofi India Ltd" | QUERIES: ["Sanofi India Ltd" official website] | CANDIDATES: [https://sanofiindialtd.com] | SELECTED: "https://sanofiindialtd.com" | CONFIDENCE: HIGH | TIME: 0ms | REASON: Resolved via readymade-fallback
[2026-08-11T12:23:59.515Z] COMPANY: "Pfizer Ltd" | QUERIES: ["Pfizer Ltd" official website] | CANDIDATES: [https://pfizerltd.co.in] | SELECTED: "https://pfizerltd.co.in" | CONFIDENCE: HIGH | TIME: 0ms | REASON: Resolved via readymade-fallback
[2026-08-11T12:24:11.195Z] COMPANY: "Gujarat State Fertilizers & Chemicals Ltd" | QUERIES: ["Gujarat State Fertilizers & Chemicals Ltd" official website] | CANDIDATES: [https://gsfclimited.com] | SELECTED: "https://gsfclimited.com" | CONFIDENCE: HIGH | TIME: 0ms | REASON: Resolved via readymade-fallback
[2026-08-11T12:24:15.202Z] COMPANY: "NOCIL Ltd" | QUERIES: ["NOCIL Ltd" official website] | CANDIDATES: [https://nocil.com] | SELECTED: "https://nocil.com" | CONFIDENCE: HIGH | TIME: 0ms | REASON: Resolved via readymade-fallback
[2026-08-11T12:24:17.047Z] COMPANY: "Tata Chemicals Ltd" | QUERIES: ["Tata Chemicals Ltd" official website] | CANDIDATES: [https://tatachemicals.com] | SELECTED: "https://tatachemicals.com" | CONFIDENCE: HIGH | TIME: 0ms | REASON: Resolved via readymade-fallback
[2026-08-11T12:24:33.679Z] COMPANY: "Tamilnadu Petroproducts Ltd" | QUERIES: ["Tamilnadu Petroproducts Ltd" official website] | CANDIDATES: [https://tnpetro.com] | SELECTED: "https://tnpetro.com" | CONFIDENCE: HIGH | TIME: 0ms | REASON: Resolved via readymade-fallback
[2026-08-11T12:24:45.087Z] COMPANY: "Zuari Industries Ltd" | QUERIES: ["Zuari Industries Ltd" official website] | CANDIDATES: [https://zuari.in] | SELECTED: "https://zuari.in" | CONFIDENCE: HIGH | TIME: 0ms | REASON: Resolved via readymade-fallback
[2026-08-11T12:24:47.085Z] COMPANY: "Tata Consumer Products Ltd" | QUERIES: ["Tata Consumer Products Ltd" official website] | CANDIDATES: [https://tataconsumer.com] | SELECTED: "https://tataconsumer.com" | CONFIDENCE: HIGH | TIME: 0ms | REASON: Resolved via readymade-fallback
[2026-08-11T12:24:49.769Z] COMPANY: "Asian Paints Ltd" | QUERIES: ["Asian Paints Ltd" official website] | CANDIDATES: [https://asianpaints.com] | SELECTED: "https://asianpaints.com" | CONFIDENCE: HIGH | TIME: 1ms | REASON: Resolved via readymade-fallback
[2026-08-11T12:25:04.207Z] COMPANY: "Britannia Industries Ltd" | QUERIES: ["Britannia Industries Ltd" official website] | CANDIDATES: [https://britannia.co.in] | SELECTED: "https://britannia.co.in" | CONFIDENCE: HIGH | TIME: 0ms | REASON: Resolved via readymade-fallback
[2026-08-11T12:25:17.039Z] COMPANY: "Colgate Palmolive (India) Ltd" | QUERIES: ["Colgate Palmolive (India) Ltd" official website] | CANDIDATES: [https://colgatepalmolive.com] | SELECTED: "https://colgatepalmolive.com" | CONFIDENCE: HIGH | TIME: 0ms | REASON: Resolved via readymade-fallback
[2026-08-11T12:25:19.558Z] COMPANY: "EIH Ltd" | QUERIES: ["EIH Ltd" official website] | CANDIDATES: [https://eihltd.com] | SELECTED: "https://eihltd.com" | CONFIDENCE: HIGH | TIME: 0ms | REASON: Resolved via readymade-fallback
[2026-08-11T12:25:21.195Z] COMPANY: "Indian Hotels Company Ltd" | QUERIES: ["Indian Hotels Company Ltd" official website] | CANDIDATES: [https://ihcltata.com] | SELECTED: "https://ihcltata.com" | CONFIDENCE: HIGH | TIME: 0ms | REASON: Resolved via readymade-fallback
[2026-08-11T12:25:21.520Z] COMPANY: "ITC Ltd" | QUERIES: ["ITC Ltd" official website] | CANDIDATES: [https://itc-ltd.co.uk] | SELECTED: "https://itc-ltd.co.uk" | CONFIDENCE: HIGH | TIME: 0ms | REASON: Resolved via readymade-fallback
[2026-08-11T12:25:35.452Z] COMPANY: "Apollo Tyres Ltd" | QUERIES: ["Apollo Tyres Ltd" official website] | CANDIDATES: [https://apollotyres.com] | SELECTED: "https://apollotyres.com" | CONFIDENCE: HIGH | TIME: 0ms | REASON: Resolved via readymade-fallback
[2026-08-11T12:25:42.706Z] COMPANY: "Ceat Ltd" | QUERIES: ["Ceat Ltd" official website] | CANDIDATES: [https://ceat.com] | SELECTED: "https://ceat.com" | CONFIDENCE: HIGH | TIME: 1ms | REASON: Resolved via readymade-fallback
[2026-08-11T12:25:45.479Z] COMPANY: "Modi Rubber Ltd" | QUERIES: ["Modi Rubber Ltd" official website] | CANDIDATES: [https://modiplus.in] | SELECTED: "https://modiplus.in" | CONFIDENCE: HIGH | TIME: 0ms | REASON: Resolved via readymade-fallback
[2026-08-11T12:26:04.025Z] COMPANY: "Finolex Industries Ltd" | QUERIES: ["Finolex Industries Ltd" official website] | CANDIDATES: [https://finolex.com] | SELECTED: "https://finolex.com" | CONFIDENCE: HIGH | TIME: 0ms | REASON: Resolved via readymade-fallback
[2026-08-11T12:26:05.962Z] COMPANY: "Centrum Capital Ltd" | QUERIES: ["Centrum Capital Ltd" official website] | CANDIDATES: [https://centrum.cz] | SELECTED: "https://centrum.cz" | CONFIDENCE: HIGH | TIME: 0ms | REASON: Resolved via readymade-fallback
[2026-08-11T12:26:26.944Z] COMPANY: "TCI Finance Ltd" | QUERIES: ["TCI Finance Ltd" official website] | CANDIDATES: [https://tci.ir] | SELECTED: "https://tci.ir" | CONFIDENCE: HIGH | TIME: 0ms | REASON: Resolved via readymade-fallback
[2026-08-11T12:28:47.950Z] COMPANY: "Antariksh Industries Ltd" | QUERIES: ["Antariksh Industries Ltd" official website] | CANDIDATES: [https://antariksh.co.in] | SELECTED: "https://antariksh.co.in" | CONFIDENCE: HIGH | TIME: 0ms | REASON: Resolved via readymade-fallback
[2026-08-11T12:28:48.298Z] COMPANY: "Industrial & Prudential Investment Company Ltd" | QUERIES: ["Industrial & Prudential Investment Company Ltd" official website] | CANDIDATES: [https://industrialrelations.nsw.gov.au] | SELECTED: "https://industrialrelations.nsw.gov.au" | CONFIDENCE: HIGH | TIME: 0ms | REASON: Resolved via readymade-fallback
[2026-08-11T12:28:50.437Z] COMPANY: "Tata Investment Corporation Ltd" | QUERIES: ["Tata Investment Corporation Ltd" official website] | CANDIDATES: [https://tatainvestment.com] | SELECTED: "https://tatainvestment.com" | CONFIDENCE: HIGH | TIME: 0ms | REASON: Resolved via readymade-fallback
[2026-08-11T12:29:07.375Z] COMPANY: "Motor & General Finance Ltd" | QUERIES: ["Motor & General Finance Ltd" official website] | CANDIDATES: [https://motortrend.com] | SELECTED: "https://motortrend.com" | CONFIDENCE: HIGH | TIME: 0ms | REASON: Resolved via readymade-fallback
[2026-08-11T12:29:26.652Z] COMPANY: "Walchand Peoplefirst Ltd" | QUERIES: ["Walchand Peoplefirst Ltd" official website] | CANDIDATES: [https://walchandpeoplefirst.com] | SELECTED: "https://walchandpeoplefirst.com" | CONFIDENCE: HIGH | TIME: 0ms | REASON: Resolved via readymade-fallback
[2026-08-11T12:29:36.983Z] COMPANY: "E & E Enterprises Ltd" | QUERIES: ["E & E Enterprises Ltd" official website] | CANDIDATES: [https://eandeproject.com] | SELECTED: "https://eandeproject.com" | CONFIDENCE: HIGH | TIME: 0ms | REASON: Resolved via readymade-fallback
[2026-08-11T12:29:56.493Z] COMPANY: "The Bombay Burmah Trading Corporation Ltd" | QUERIES: ["The Bombay Burmah Trading Corporation Ltd" official website] | CANDIDATES: [https://bbtcl.com] | SELECTED: "https://bbtcl.com" | CONFIDENCE: HIGH | TIME: 0ms | REASON: Resolved via readymade-fallback
[2026-08-11T12:30:11.363Z] COMPANY: "Greaves Cotton Ltd" | QUERIES: ["Greaves Cotton Ltd" official website] | CANDIDATES: [https://greavescotton.com] | SELECTED: "https://greavescotton.com" | CONFIDENCE: HIGH | TIME: 0ms | REASON: Resolved via readymade-fallback
[2026-08-11T12:30:42.962Z] COMPANY: "Muller & Phipps India Ltd" | QUERIES: ["Muller & Phipps India Ltd" official website] | CANDIDATES: [https://mullerseeds.com] | SELECTED: "https://mullerseeds.com" | CONFIDENCE: HIGH | TIME: 0ms | REASON: Resolved via readymade-fallback
[2026-08-11T12:30:56.840Z] COMPANY: "Springform Technology Ltd" | QUERIES: ["Springform Technology Ltd" official website] | CANDIDATES: [https://springform.co.uk] | SELECTED: "https://springform.co.uk" | CONFIDENCE: HIGH | TIME: 0ms | REASON: Resolved via readymade-fallback
[2026-08-11T12:31:05.517Z] COMPANY: "IndiaNivesh Ltd" | QUERIES: ["IndiaNivesh Ltd" official website] | CANDIDATES: [https://indianivesh.in] | SELECTED: "https://indianivesh.in" | CONFIDENCE: HIGH | TIME: 0ms | REASON: Resolved via readymade-fallback
[2026-08-11T12:33:27.774Z] COMPANY: "Coastal Corporation Ltd" | QUERIES: ["Coastal Corporation Ltd" official website] | CANDIDATES: [https://coastal24.com] | SELECTED: "https://coastal24.com" | CONFIDENCE: HIGH | TIME: 0ms | REASON: Resolved via readymade-fallback
[2026-08-11T12:33:33.330Z] COMPANY: "Chowgule Steamships Ltd" | QUERIES: ["Chowgule Steamships Ltd" official website] | CANDIDATES: [https://chowgulesteamships.co.in] | SELECTED: "https://chowgulesteamships.co.in" | CONFIDENCE: HIGH | TIME: 0ms | REASON: Resolved via readymade-fallback
[2026-08-11T12:35:53.578Z] COMPANY: "ASI Industries Ltd" | QUERIES: ["ASI Industries Ltd" official website] | CANDIDATES: [https://asics.com] | SELECTED: "https://asics.com" | CONFIDENCE: HIGH | TIME: 0ms | REASON: Resolved via readymade-fallback
[2026-08-11T12:36:01.961Z] COMPANY: "Sagar Cements Ltd" | QUERIES: ["Sagar Cements Ltd" official website] | CANDIDATES: [https://sagarcements.in] | SELECTED: "https://sagarcements.in" | CONFIDENCE: HIGH | TIME: 0ms | REASON: Resolved via readymade-fallback
[2026-08-11T12:38:24.990Z] COMPANY: "Deccan Cements Ltd" | QUERIES: ["Deccan Cements Ltd" official website] | CANDIDATES: [https://deccancements.com] | SELECTED: "https://deccancements.com" | CONFIDENCE: HIGH | TIME: 0ms | REASON: Resolved via readymade-fallback
[2026-08-11T12:38:40.173Z] COMPANY: "Mangalam Cement Ltd" | QUERIES: ["Mangalam Cement Ltd" official website] | CANDIDATES: [https://mangalamcement.com] | SELECTED: "https://mangalamcement.com" | CONFIDENCE: HIGH | TIME: 0ms | REASON: Resolved via readymade-fallback
[2026-08-11T12:38:53.117Z] COMPANY: "NCL Industries Ltd" | QUERIES: ["NCL Industries Ltd" official website] | CANDIDATES: [https://nclind.com] | SELECTED: "https://nclind.com" | CONFIDENCE: HIGH | TIME: 0ms | REASON: Resolved via readymade-fallback
[2026-08-11T12:39:11.477Z] COMPANY: "Borosil Renewables Ltd" | QUERIES: ["Borosil Renewables Ltd" official website] | CANDIDATES: [https://borosilrenewables.com] | SELECTED: "https://borosilrenewables.com" | CONFIDENCE: HIGH | TIME: 0ms | REASON: Resolved via readymade-fallback
[2026-08-11T12:39:27.724Z] COMPANY: "Lerthai Finance Ltd" | QUERIES: ["Lerthai Finance Ltd" official website] | CANDIDATES: [https://lerthai.com.hk] | SELECTED: "https://lerthai.com.hk" | CONFIDENCE: HIGH | TIME: 0ms | REASON: Resolved via readymade-fallback
[2026-08-11T12:39:36.430Z] COMPANY: "Andhra Paper Ltd" | QUERIES: ["Andhra Paper Ltd" official website] | CANDIDATES: [https://andhrapaper.com] | SELECTED: "https://andhrapaper.com" | CONFIDENCE: HIGH | TIME: 0ms | REASON: Resolved via readymade-fallback
[2026-08-11T12:39:53.485Z] COMPANY: "Balkrishna Industries Ltd" | QUERIES: ["Balkrishna Industries Ltd" official website] | CANDIDATES: [https://balkrishn.com] | SELECTED: "https://balkrishn.com" | CONFIDENCE: HIGH | TIME: 0ms | REASON: Resolved via readymade-fallback
[2026-08-11T12:40:12.495Z] COMPANY: "Orient Paper & Industries Ltd" | QUERIES: ["Orient Paper & Industries Ltd" official website] | CANDIDATES: [https://orientpaperinc.com] | SELECTED: "https://orientpaperinc.com" | CONFIDENCE: HIGH | TIME: 0ms | REASON: Resolved via readymade-fallback
[2026-08-11T12:40:23.870Z] COMPANY: "Nath Industries Ltd" | QUERIES: ["Nath Industries Ltd" official website] | CANDIDATES: [https://nathanjames.com] | SELECTED: "https://nathanjames.com" | CONFIDENCE: HIGH | TIME: 0ms | REASON: Resolved via readymade-fallback
[2026-08-11T12:40:29.574Z] COMPANY: "Vapi Enterprise Ltd" | QUERIES: ["Vapi Enterprise Ltd" official website] | CANDIDATES: [https://vapienterprise.com] | SELECTED: "https://vapienterprise.com" | CONFIDENCE: HIGH | TIME: 1ms | REASON: Resolved via readymade-fallback
[2026-08-11T12:40:41.872Z] COMPANY: "DCM Ltd" | QUERIES: ["DCM Ltd" official website] | CANDIDATES: [https://3dcmltd.com] | SELECTED: "https://3dcmltd.com" | CONFIDENCE: HIGH | TIME: 0ms | REASON: Resolved via readymade-fallback
[2026-08-11T12:40:56.177Z] COMPANY: "Forbes & Company Ltd" | QUERIES: ["Forbes & Company Ltd" official website] | CANDIDATES: [https://forbes.com] | SELECTED: "https://forbes.com" | CONFIDENCE: HIGH | TIME: 0ms | REASON: Resolved via readymade-fallback
[2026-08-11T12:40:57.758Z] COMPANY: "United Interactive Ltd" | QUERIES: ["United Interactive Ltd" official website] | CANDIDATES: [https://uigtc.com] | SELECTED: "https://uigtc.com" | CONFIDENCE: HIGH | TIME: 0ms | REASON: Resolved via readymade-fallback
[2026-08-11T12:40:59.098Z] COMPANY: "Jamshri Realty Ltd" | QUERIES: ["Jamshri Realty Ltd" official website] | CANDIDATES: [https://jamshri.in] | SELECTED: "https://jamshri.in" | CONFIDENCE: HIGH | TIME: 0ms | REASON: Resolved via readymade-fallback
[2026-08-11T12:41:15.179Z] COMPANY: "Kesoram Industries Ltd" | QUERIES: ["Kesoram Industries Ltd" official website] | CANDIDATES: [https://kesocorp.com] | SELECTED: "https://kesocorp.com" | CONFIDENCE: HIGH | TIME: 0ms | REASON: Resolved via readymade-fallback
[2026-08-11T12:41:29.056Z] COMPANY: "Peninsula Land Ltd" | QUERIES: ["Peninsula Land Ltd" official website] | CANDIDATES: [https://peninsula.co.in] | SELECTED: "https://peninsula.co.in" | CONFIDENCE: HIGH | TIME: 0ms | REASON: Resolved via readymade-fallback
[2026-08-11T12:41:44.002Z] COMPANY: "The Phoenix Mills Ltd" | QUERIES: ["The Phoenix Mills Ltd" official website] | CANDIDATES: [https://thephoenixmills.com] | SELECTED: "https://thephoenixmills.com" | CONFIDENCE: HIGH | TIME: 0ms | REASON: Resolved via readymade-fallback
[2026-08-11T12:41:59.076Z] COMPANY: "Ruby Mills Ltd" | QUERIES: ["Ruby Mills Ltd" official website] | CANDIDATES: [https://rubymills.com] | SELECTED: "https://rubymills.com" | CONFIDENCE: HIGH | TIME: 0ms | REASON: Resolved via readymade-fallback
[2026-08-11T12:42:00.238Z] COMPANY: "Swan Corp Ltd" | QUERIES: ["Swan Corp Ltd" official website] | CANDIDATES: [https://swansonvitamins.com] | SELECTED: "https://swansonvitamins.com" | CONFIDENCE: HIGH | TIME: 0ms | REASON: Resolved via readymade-fallback
[2026-08-11T12:42:07.434Z] COMPANY: "Victoria Mills Ltd" | QUERIES: ["Victoria Mills Ltd" official website] | CANDIDATES: [https://hiddenbattles.com] | SELECTED: "https://hiddenbattles.com" | CONFIDENCE: HIGH | TIME: 0ms | REASON: Resolved via readymade-fallback
[2026-08-11T12:44:25.471Z] COMPANY: "SV Trading & Agencies Ltd" | QUERIES: ["SV Trading & Agencies Ltd" official website] | CANDIDATES: [https://svtrading.co.uk] | SELECTED: "https://svtrading.co.uk" | CONFIDENCE: HIGH | TIME: 0ms | REASON: Resolved via readymade-fallback
[2026-08-11T12:44:37.089Z] COMPANY: "Veer Energy & Infrastructure Ltd" | QUERIES: ["Veer Energy & Infrastructure Ltd" official website] | CANDIDATES: [https://veerenergy.net] | SELECTED: "https://veerenergy.net" | CONFIDENCE: HIGH | TIME: 0ms | REASON: Resolved via readymade-fallback
[2026-08-11T12:47:00.542Z] COMPANY: "SW Investments Ltd" | QUERIES: ["SW Investments Ltd" official website] | CANDIDATES: [https://swinvestments.net] | SELECTED: "https://swinvestments.net" | CONFIDENCE: HIGH | TIME: 0ms | REASON: Resolved via readymade-fallback
[2026-08-11T12:47:10.724Z] COMPANY: "Unijolly Investments Company Ltd" | QUERIES: ["Unijolly Investments Company Ltd" official website] | CANDIDATES: [https://unijollyinvestments.com] | SELECTED: "https://unijollyinvestments.com" | CONFIDENCE: HIGH | TIME: 0ms | REASON: Resolved via readymade-fallback
[2026-08-11T12:47:13.991Z] COMPANY: "EL CID Investments Ltd" | QUERIES: ["EL CID Investments Ltd" official website] | CANDIDATES: [https://elcidinvestments.com] | SELECTED: "https://elcidinvestments.com" | CONFIDENCE: HIGH | TIME: 0ms | REASON: Resolved via readymade-fallback
[2026-08-11T12:47:29.125Z] COMPANY: "Mediaone Global Entertainment Ltd" | QUERIES: ["Mediaone Global Entertainment Ltd" official website] | CANDIDATES: [https://mediaoneglobal.net] | SELECTED: "https://mediaoneglobal.net" | CONFIDENCE: HIGH | TIME: 0ms | REASON: Resolved via readymade-fallback
[2026-08-11T12:47:36.865Z] COMPANY: "Banswara Syntex Ltd" | QUERIES: ["Banswara Syntex Ltd" official website] | CANDIDATES: [https://banswarasyntex.com] | SELECTED: "https://banswarasyntex.com" | CONFIDENCE: HIGH | TIME: 0ms | REASON: Resolved via readymade-fallback
[2026-08-11T12:48:08.275Z] COMPANY: "SRF Ltd" | QUERIES: ["SRF Ltd" official website] | CANDIDATES: [https://srf.ch] | SELECTED: "https://srf.ch" | CONFIDENCE: HIGH | TIME: 0ms | REASON: Resolved via readymade-fallback
[2026-08-11T12:48:12.284Z] COMPANY: "Swadeshi Polytex Ltd" | QUERIES: ["Swadeshi Polytex Ltd" official website] | CANDIDATES: [https://splindia.co.in] | SELECTED: "https://splindia.co.in" | CONFIDENCE: HIGH | TIME: 0ms | REASON: Resolved via readymade-fallback
[2026-08-11T12:48:25.757Z] COMPANY: "Bharat Bijlee Ltd" | QUERIES: ["Bharat Bijlee Ltd" official website] | CANDIDATES: [https://bharatbijlee.com] | SELECTED: "https://bharatbijlee.com" | CONFIDENCE: HIGH | TIME: 0ms | REASON: Resolved via readymade-fallback
[2026-08-11T12:48:35.445Z] COMPANY: "GEE Ltd" | QUERIES: ["GEE Ltd" official website] | CANDIDATES: [https://geeltd.co.uk] | SELECTED: "https://geeltd.co.uk" | CONFIDENCE: HIGH | TIME: 0ms | REASON: Resolved via readymade-fallback
[2026-08-11T12:48:46.549Z] COMPANY: "Hind Rectifiers Ltd" | QUERIES: ["Hind Rectifiers Ltd" official website] | CANDIDATES: [https://hirect.com] | SELECTED: "https://hirect.com" | CONFIDENCE: HIGH | TIME: 0ms | REASON: Resolved via readymade-fallback
[2026-08-11T12:48:50.290Z] COMPANY: "Zensar Technologies Ltd" | QUERIES: ["Zensar Technologies Ltd" official website] | CANDIDATES: [https://zensar.com] | SELECTED: "https://zensar.com" | CONFIDENCE: HIGH | TIME: 0ms | REASON: Resolved via readymade-fallback
[2026-08-11T12:48:52.734Z] COMPANY: "Jyoti Ltd" | QUERIES: ["Jyoti Ltd" official website] | CANDIDATES: [https://filmynonstop.com] | SELECTED: "https://filmynonstop.com" | CONFIDENCE: HIGH | TIME: 0ms | REASON: Resolved via readymade-fallback
[2026-08-11T12:49:02.390Z] COMPANY: "JSL Industries Ltd" | QUERIES: ["JSL Industries Ltd" official website] | CANDIDATES: [https://jslps.org] | SELECTED: "https://jslps.org" | CONFIDENCE: HIGH | TIME: 0ms | REASON: Resolved via readymade-fallback
[2026-08-11T12:49:05.717Z] COMPANY: "Kaycee Industries Ltd" | QUERIES: ["Kaycee Industries Ltd" official website] | CANDIDATES: [https://kayceenterprises.com] | SELECTED: "https://kayceenterprises.com" | CONFIDENCE: HIGH | TIME: 0ms | REASON: Resolved via readymade-fallback
[2026-08-11T12:49:16.080Z] COMPANY: "Indokem Ltd" | QUERIES: ["Indokem Ltd" official website] | CANDIDATES: [https://indokemika-group.com] | SELECTED: "https://indokemika-group.com" | CONFIDENCE: HIGH | TIME: 0ms | REASON: Resolved via readymade-fallback
[2026-08-11T12:49:32.404Z] COMPANY: "Nelco Ltd" | QUERIES: ["Nelco Ltd" official website] | CANDIDATES: [https://nelcoproducts.com] | SELECTED: "https://nelcoproducts.com" | CONFIDENCE: HIGH | TIME: 0ms | REASON: Resolved via readymade-fallback
[2026-08-11T12:49:38.872Z] COMPANY: "Permanent Magnets Ltd" | QUERIES: ["Permanent Magnets Ltd" official website] | CANDIDATES: [https://pmlindia.com] | SELECTED: "https://pmlindia.com" | CONFIDENCE: HIGH | TIME: 0ms | REASON: Resolved via readymade-fallback
[2026-08-11T12:50:04.897Z] COMPANY: "High Energy Batteries India Ltd" | QUERIES: ["High Energy Batteries India Ltd" official website] | CANDIDATES: [https://highenergy.com] | SELECTED: "https://highenergy.com" | CONFIDENCE: HIGH | TIME: 0ms | REASON: Resolved via readymade-fallback
[2026-08-11T12:50:15.511Z] COMPANY: "Universal Cables Ltd" | QUERIES: ["Universal Cables Ltd" official website] | CANDIDATES: [https://unistar.co.in] | SELECTED: "https://unistar.co.in" | CONFIDENCE: HIGH | TIME: 0ms | REASON: Resolved via readymade-fallback
[2026-08-11T12:50:32.352Z] COMPANY: "W. S. Industries (India) Ltd" | QUERIES: ["W. S. Industries (India) Ltd" official website] | CANDIDATES: [https://wsj.com] | SELECTED: "https://wsj.com" | CONFIDENCE: HIGH | TIME: 0ms | REASON: Resolved via readymade-fallback
[2026-08-11T12:50:32.668Z] COMPANY: "Delton Cables Ltd" | QUERIES: ["Delton Cables Ltd" official website] | CANDIDATES: [https://deltoncables.com] | SELECTED: "https://deltoncables.com" | CONFIDENCE: HIGH | TIME: 0ms | REASON: Resolved via readymade-fallback
[2026-08-11T12:50:36.249Z] COMPANY: "Lakshmi Electrical Control Systems Ltd" | QUERIES: ["Lakshmi Electrical Control Systems Ltd" official website] | CANDIDATES: [https://lecsindia.com] | SELECTED: "https://lecsindia.com" | CONFIDENCE: HIGH | TIME: 0ms | REASON: Resolved via readymade-fallback
[2026-08-11T12:50:43.811Z] COMPANY: "Delta Manufacturing Ltd" | QUERIES: ["Delta Manufacturing Ltd" official website] | CANDIDATES: [https://delta-manufacturing.com] | SELECTED: "https://delta-manufacturing.com" | CONFIDENCE: HIGH | TIME: 0ms | REASON: Resolved via readymade-fallback
[2026-08-11T12:50:45.276Z] COMPANY: "Ravindra Energy Ltd" | QUERIES: ["Ravindra Energy Ltd" official website] | CANDIDATES: [https://ravindraenergy.com] | SELECTED: "https://ravindraenergy.com" | CONFIDENCE: HIGH | TIME: 0ms | REASON: Resolved via readymade-fallback
[2026-08-11T12:51:02.875Z] COMPANY: "Empower India Ltd" | QUERIES: ["Empower India Ltd" official website] | CANDIDATES: [https://empowerindia.in] | SELECTED: "https://empowerindia.in" | CONFIDENCE: HIGH | TIME: 0ms | REASON: Resolved via readymade-fallback
[2026-08-11T12:51:36.397Z] COMPANY: "Nyssa Corporation Ltd" | QUERIES: ["Nyssa Corporation Ltd" official website] | CANDIDATES: [https://nyssacare.com] | SELECTED: "https://nyssacare.com" | CONFIDENCE: HIGH | TIME: 0ms | REASON: Resolved via readymade-fallback
[2026-08-11T12:52:23.550Z] COMPANY: "Krishna Ventures Ltd" | QUERIES: ["Krishna Ventures Ltd" official website] | CANDIDATES: [https://krishnaventuresltd.com] | SELECTED: "https://krishnaventuresltd.com" | CONFIDENCE: HIGH | TIME: 0ms | REASON: Resolved via readymade-fallback
[2026-08-11T12:54:47.525Z] COMPANY: "Ganesh Holdings Ltd" | QUERIES: ["Ganesh Holdings Ltd" official website] | CANDIDATES: [https://ganeshholdings.com] | SELECTED: "https://ganeshholdings.com" | CONFIDENCE: HIGH | TIME: 0ms | REASON: Resolved via readymade-fallback
[2026-08-11T12:54:59.461Z] COMPANY: "Uni Abex Alloy Products Ltd" | QUERIES: ["Uni Abex Alloy Products Ltd" official website] | CANDIDATES: [https://uniabex.com] | SELECTED: "https://uniabex.com" | CONFIDENCE: HIGH | TIME: 0ms | REASON: Resolved via readymade-fallback
[2026-08-11T12:57:20.586Z] COMPANY: "Sarda Energy & Minerals Ltd" | QUERIES: ["Sarda Energy & Minerals Ltd" official website] | CANDIDATES: [https://seml.co.in] | SELECTED: "https://seml.co.in" | CONFIDENCE: HIGH | TIME: 0ms | REASON: Resolved via readymade-fallback
[2026-08-11T12:57:48.748Z] COMPANY: "Indian Hume Pipe Company Ltd" | QUERIES: ["Indian Hume Pipe Company Ltd" official website] | CANDIDATES: [https://indianhumepipe.com] | SELECTED: "https://indianhumepipe.com" | CONFIDENCE: HIGH | TIME: 0ms | REASON: Resolved via readymade-fallback
[2026-08-11T12:58:24.434Z] COMPANY: "Investment & Precision Castings Ltd" | QUERIES: ["Investment & Precision Castings Ltd" official website] | CANDIDATES: [https://investment.nsw.gov.au] | SELECTED: "https://investment.nsw.gov.au" | CONFIDENCE: HIGH | TIME: 0ms | REASON: Resolved via readymade-fallback
[2026-08-11T12:58:35.963Z] COMPANY: "Kaira Can Company Ltd" | QUERIES: ["Kaira Can Company Ltd" official website] | CANDIDATES: [https://kairacan.com] | SELECTED: "https://kairacan.com" | CONFIDENCE: HIGH | TIME: 0ms | REASON: Resolved via readymade-fallback
[2026-08-11T12:59:02.487Z] COMPANY: "National Standard (India) Ltd" | QUERIES: ["National Standard (India) Ltd" official website] | CANDIDATES: [https://nsai.ie] | SELECTED: "https://nsai.ie" | CONFIDENCE: HIGH | TIME: 0ms | REASON: Resolved via readymade-fallback
[2026-08-11T12:59:13.671Z] COMPANY: "Rathi Steel & Power Ltd" | QUERIES: ["Rathi Steel & Power Ltd" official website] | CANDIDATES: [https://rathisteelandpower.com] | SELECTED: "https://rathisteelandpower.com" | CONFIDENCE: HIGH | TIME: 0ms | REASON: Resolved via readymade-fallback
[2026-08-11T12:59:48.767Z] COMPANY: "Duncan Engineering Ltd" | QUERIES: ["Duncan Engineering Ltd" official website] | CANDIDATES: [https://duncanengg.com] | SELECTED: "https://duncanengg.com" | CONFIDENCE: HIGH | TIME: 0ms | REASON: Resolved via readymade-fallback
[2026-08-11T12:59:57.355Z] COMPANY: "Stovec Industries Ltd" | QUERIES: ["Stovec Industries Ltd" official website] | CANDIDATES: [https://stoveconnection.com.au] | SELECTED: "https://stoveconnection.com.au" | CONFIDENCE: HIGH | TIME: 0ms | REASON: Resolved via readymade-fallback
[2026-08-11T13:00:40.909Z] COMPANY: "Automotive Axles Ltd" | QUERIES: ["Automotive Axles Ltd" official website] | CANDIDATES: [https://autoaxle.com] | SELECTED: "https://autoaxle.com" | CONFIDENCE: HIGH | TIME: 0ms | REASON: Resolved via readymade-fallback
[2026-08-11T13:01:30.521Z] COMPANY: "Setco Automotive Ltd" | QUERIES: ["Setco Automotive Ltd" official website] | CANDIDATES: [https://setcoauto.com] | SELECTED: "https://setcoauto.com" | CONFIDENCE: HIGH | TIME: 0ms | REASON: Resolved via readymade-fallback
[2026-08-11T13:02:31.043Z] COMPANY: "TIL Ltd" | QUERIES: ["TIL Ltd" official website] | CANDIDATES: [https://tillys.com] | SELECTED: "https://tillys.com" | CONFIDENCE: HIGH | TIME: 0ms | REASON: Resolved via readymade-fallback
[2026-08-11T13:02:32.809Z] COMPANY: "Eicher Motors Ltd" | QUERIES: ["Eicher Motors Ltd" official website] | CANDIDATES: [https://eicher.in] | SELECTED: "https://eicher.in" | CONFIDENCE: HIGH | TIME: 0ms | REASON: Resolved via readymade-fallback
[2026-08-11T13:02:34.661Z] COMPANY: "Jainex Aamcol Ltd" | QUERIES: ["Jainex Aamcol Ltd" official website] | CANDIDATES: [https://jainexaamcol.com] | SELECTED: "https://jainexaamcol.com" | CONFIDENCE: HIGH | TIME: 0ms | REASON: Resolved via readymade-fallback
[2026-08-11T13:02:50.186Z] COMPANY: "Dynamatic Technologies Ltd" | QUERIES: ["Dynamatic Technologies Ltd" official website] | CANDIDATES: [https://dynamatic.com] | SELECTED: "https://dynamatic.com" | CONFIDENCE: HIGH | TIME: 0ms | REASON: Resolved via readymade-fallback
[2026-08-11T13:03:16.396Z] COMPANY: "GMM Pfaudler Ltd" | QUERIES: ["GMM Pfaudler Ltd" official website] | CANDIDATES: [https://gmmpfaudler.com] | SELECTED: "https://gmmpfaudler.com" | CONFIDENCE: HIGH | TIME: 0ms | REASON: Resolved via readymade-fallback
[2026-08-11T13:03:49.982Z] COMPANY: "Kirloskar Pneumatic Company Ltd" | QUERIES: ["Kirloskar Pneumatic Company Ltd" official website] | CANDIDATES: [https://kirloskarpneumatic.com] | SELECTED: "https://kirloskarpneumatic.com" | CONFIDENCE: HIGH | TIME: 0ms | REASON: Resolved via readymade-fallback
[2026-08-11T13:03:56.979Z] COMPANY: "KPT Industries Ltd" | QUERIES: ["KPT Industries Ltd" official website] | CANDIDATES: [https://kptv.com] | SELECTED: "https://kptv.com" | CONFIDENCE: HIGH | TIME: 0ms | REASON: Resolved via readymade-fallback
[2026-08-11T13:04:06.360Z] COMPANY: "NESCO Ltd" | QUERIES: ["NESCO Ltd" official website] | CANDIDATES: [https://neskk.co.jp] | SELECTED: "https://neskk.co.jp" | CONFIDENCE: HIGH | TIME: 0ms | REASON: Resolved via readymade-fallback
[2026-08-11T13:04:30.599Z] COMPANY: "Wendt (India) Ltd" | QUERIES: ["Wendt (India) Ltd" official website] | CANDIDATES: [https://wwwendt.de] | SELECTED: "https://wwwendt.de" | CONFIDENCE: HIGH | TIME: 0ms | REASON: Resolved via readymade-fallback
[2026-08-11T13:04:34.733Z] COMPANY: "Responsive Industries Ltd" | QUERIES: ["Responsive Industries Ltd" official website] | CANDIDATES: [https://responsivedesignchecker.com] | SELECTED: "https://responsivedesignchecker.com" | CONFIDENCE: HIGH | TIME: 0ms | REASON: Resolved via readymade-fallback
[2026-08-11T13:04:52.532Z] COMPANY: "Maharashtra Corporation Ltd" | QUERIES: ["Maharashtra Corporation Ltd" official website] | CANDIDATES: [https://maharashtra.gov.in] | SELECTED: "https://maharashtra.gov.in" | CONFIDENCE: HIGH | TIME: 0ms | REASON: Resolved via readymade-fallback
[2026-08-11T13:06:16.128Z] COMPANY: "Westlife Foodworld Ltd" | QUERIES: ["Westlife Foodworld Ltd" official website] | CANDIDATES: [https://westlife.co.in] | SELECTED: "https://westlife.co.in" | CONFIDENCE: HIGH | TIME: 0ms | REASON: Resolved via readymade-fallback
[2026-08-11T13:06:23.759Z] COMPANY: "Zee Entertainment Enterprises Ltd" | QUERIES: ["Zee Entertainment Enterprises Ltd" official website] | CANDIDATES: [https://zee.com] | SELECTED: "https://zee.com" | CONFIDENCE: HIGH | TIME: 0ms | REASON: Resolved via readymade-fallback
[2026-08-11T13:06:25.158Z] COMPANY: "SVP Global Textiles Ltd" | QUERIES: ["SVP Global Textiles Ltd" official website] | CANDIDATES: [https://svpglobal.co.in] | SELECTED: "https://svpglobal.co.in" | CONFIDENCE: HIGH | TIME: 0ms | REASON: Resolved via readymade-fallback
[2026-08-11T13:08:50.049Z] COMPANY: "Multiplus Holdings Ltd" | QUERIES: ["Multiplus Holdings Ltd" official website] | CANDIDATES: [https://multipluscard.hr] | SELECTED: "https://multipluscard.hr" | CONFIDENCE: HIGH | TIME: 0ms | REASON: Resolved via readymade-fallback
[2026-08-11T13:09:17.417Z] COMPANY: "Skyline Millars Ltd" | QUERIES: ["Skyline Millars Ltd" official website] | CANDIDATES: [https://skylinemillarsltd.com] | SELECTED: "https://skylinemillarsltd.com" | CONFIDENCE: HIGH | TIME: 0ms | REASON: Resolved via readymade-fallback
[2026-08-11T13:09:37.918Z] COMPANY: "Taparia Tools Ltd" | QUERIES: ["Taparia Tools Ltd" official website] | CANDIDATES: [https://tapariatools.com] | SELECTED: "https://tapariatools.com" | CONFIDENCE: HIGH | TIME: 0ms | REASON: Resolved via readymade-fallback
[2026-08-11T13:09:59.429Z] COMPANY: "Bharat Gears Ltd" | QUERIES: ["Bharat Gears Ltd" official website] | CANDIDATES: [https://bharatgears.com] | SELECTED: "https://bharatgears.com" | CONFIDENCE: HIGH | TIME: 0ms | REASON: Resolved via readymade-fallback
[2026-08-11T13:10:04.540Z] COMPANY: "Brady & Morris Engineering Company Ltd" | QUERIES: ["Brady & Morris Engineering Company Ltd" official website] | CANDIDATES: [https://bradypac.org] | SELECTED: "https://bradypac.org" | CONFIDENCE: HIGH | TIME: 0ms | REASON: Resolved via readymade-fallback
[2026-08-11T13:10:08.027Z] COMPANY: "Elecon Engineering Company Ltd" | QUERIES: ["Elecon Engineering Company Ltd" official website] | CANDIDATES: [https://elecon.com] | SELECTED: "https://elecon.com" | CONFIDENCE: HIGH | TIME: 1ms | REASON: Resolved via readymade-fallback
[2026-08-11T13:10:17.928Z] COMPANY: "Grauer & Weil India Ltd" | QUERIES: ["Grauer & Weil India Ltd" official website] | CANDIDATES: [https://growel.com] | SELECTED: "https://growel.com" | CONFIDENCE: HIGH | TIME: 0ms | REASON: Resolved via readymade-fallback
[2026-08-11T13:10:29.622Z] COMPANY: "Him Teknoforge Ltd" | QUERIES: ["Him Teknoforge Ltd" official website] | CANDIDATES: [https://himteknoforge.com] | SELECTED: "https://himteknoforge.com" | CONFIDENCE: HIGH | TIME: 0ms | REASON: Resolved via readymade-fallback
[2026-08-11T13:10:34.306Z] COMPANY: "Hercules Investments Ltd" | QUERIES: ["Hercules Investments Ltd" official website] | CANDIDATES: [https://hercules-investments.com] | SELECTED: "https://hercules-investments.com" | CONFIDENCE: HIGH | TIME: 0ms | REASON: Resolved via readymade-fallback
[2026-08-11T13:10:40.684Z] COMPANY: "Algoquant Fintech Ltd" | QUERIES: ["Algoquant Fintech Ltd" official website] | CANDIDATES: [https://algoquantfintech.com] | SELECTED: "https://algoquantfintech.com" | CONFIDENCE: HIGH | TIME: 0ms | REASON: Resolved via readymade-fallback
[2026-08-11T13:11:20.955Z] COMPANY: "IFB Industries Ltd" | QUERIES: ["IFB Industries Ltd" official website] | CANDIDATES: [https://ifb.ir] | SELECTED: "https://ifb.ir" | CONFIDENCE: HIGH | TIME: 0ms | REASON: Resolved via readymade-fallback
[2026-08-11T13:12:25.024Z] COMPANY: "Singer India Ltd" | QUERIES: ["Singer India Ltd" official website] | CANDIDATES: [https://btindia.in] | SELECTED: "https://btindia.in" | CONFIDENCE: HIGH | TIME: 0ms | REASON: Resolved via readymade-fallback
[2026-08-11T13:14:47.633Z] COMPANY: "Josts Engineering Company Ltd" | QUERIES: ["Josts Engineering Company Ltd" official website] | CANDIDATES: [https://josts.com] | SELECTED: "https://josts.com" | CONFIDENCE: HIGH | TIME: 0ms | REASON: Resolved via readymade-fallback
[2026-08-11T13:14:57.026Z] COMPANY: "Rane Holdings Ltd" | QUERIES: ["Rane Holdings Ltd" official website] | CANDIDATES: [https://ranepa.ru] | SELECTED: "https://ranepa.ru" | CONFIDENCE: HIGH | TIME: 0ms | REASON: Resolved via readymade-fallback
[2026-08-11T13:16:26.454Z] COMPANY: "Rolcon Engineering Company Ltd" | QUERIES: ["Rolcon Engineering Company Ltd" official website] | CANDIDATES: [https://rolconengineering.com] | SELECTED: "https://rolconengineering.com" | CONFIDENCE: HIGH | TIME: 0ms | REASON: Resolved via readymade-fallback
[2026-08-11T13:18:50.015Z] COMPANY: "SNL Bearings Ltd" | QUERIES: ["SNL Bearings Ltd" official website] | CANDIDATES: [https://snlbearings.in] | SELECTED: "https://snlbearings.in" | CONFIDENCE: HIGH | TIME: 0ms | REASON: Resolved via readymade-fallback
[2026-08-11T13:19:22.324Z] COMPANY: "Jaipan Industries Ltd" | QUERIES: ["Jaipan Industries Ltd" official website] | CANDIDATES: [https://jaipan.com] | SELECTED: "https://jaipan.com" | CONFIDENCE: HIGH | TIME: 0ms | REASON: Resolved via readymade-fallback
[2026-08-11T13:19:35.140Z] COMPANY: "TRF Ltd" | QUERIES: ["TRF Ltd" official website] | CANDIDATES: [https://trf1.jus.br] | SELECTED: "https://trf1.jus.br" | CONFIDENCE: HIGH | TIME: 0ms | REASON: Resolved via readymade-fallback
[2026-08-11T13:19:42.887Z] COMPANY: "WPIL Ltd" | QUERIES: ["WPIL Ltd" official website] | CANDIDATES: [https://wpilib.org] | SELECTED: "https://wpilib.org" | CONFIDENCE: HIGH | TIME: 0ms | REASON: Resolved via readymade-fallback
[2026-08-11T13:20:26.437Z] COMPANY: "Triton Valves Ltd" | QUERIES: ["Triton Valves Ltd" official website] | CANDIDATES: [https://tritonvalves.com] | SELECTED: "https://tritonvalves.com" | CONFIDENCE: HIGH | TIME: 0ms | REASON: Resolved via readymade-fallback
[2026-08-11T13:21:16.514Z] COMPANY: "Sudal Industries Ltd" | QUERIES: ["Sudal Industries Ltd" official website] | CANDIDATES: [https://sudalpes.com] | SELECTED: "https://sudalpes.com" | CONFIDENCE: HIGH | TIME: 0ms | REASON: Resolved via readymade-fallback
[2026-08-11T13:21:57.905Z] COMPANY: "Prakash Industries Ltd" | QUERIES: ["Prakash Industries Ltd" official website] | CANDIDATES: [https://prakashinfotech.com] | SELECTED: "https://prakashinfotech.com" | CONFIDENCE: HIGH | TIME: 0ms | REASON: Resolved via readymade-fallback
[2026-08-11T13:22:10.614Z] COMPANY: "Prabhu Steel Industries Ltd" | QUERIES: ["Prabhu Steel Industries Ltd" official website] | CANDIDATES: [https://prabhusteels.com] | SELECTED: "https://prabhusteels.com" | CONFIDENCE: HIGH | TIME: 0ms | REASON: Resolved via readymade-fallback
[2026-08-11T13:22:36.958Z] COMPANY: "Arshiya Ltd" | QUERIES: ["Arshiya Ltd" official website] | CANDIDATES: [https://arshiyalimited.com] | SELECTED: "https://arshiyalimited.com" | CONFIDENCE: HIGH | TIME: 0ms | REASON: Resolved via readymade-fallback
[2026-08-11T13:22:52.096Z] COMPANY: "Genesys International Corporation Ltd" | QUERIES: ["Genesys International Corporation Ltd" official website] | CANDIDATES: [https://igenesys.com] | SELECTED: "https://igenesys.com" | CONFIDENCE: HIGH | TIME: 0ms | REASON: Resolved via readymade-fallback
[2026-08-11T13:23:55.213Z] COMPANY: "Ishwarshakti Holdings & Traders Ltd" | QUERIES: ["Ishwarshakti Holdings & Traders Ltd" official website] | CANDIDATES: [https://ishwarshakti.com] | SELECTED: "https://ishwarshakti.com" | CONFIDENCE: HIGH | TIME: 0ms | REASON: Resolved via readymade-fallback
[2026-08-11T13:24:05.213Z] COMPANY: "Apis India Ltd" | QUERIES: ["Apis India Ltd" official website] | CANDIDATES: [https://apisindia.com] | SELECTED: "https://apisindia.com" | CONFIDENCE: HIGH | TIME: 0ms | REASON: Resolved via readymade-fallback
[2026-08-11T13:25:22.864Z] COMPANY: "Kanani Industries Ltd" | QUERIES: ["Kanani Industries Ltd" official website] | CANDIDATES: [https://kanankarnal.com] | SELECTED: "https://kanankarnal.com" | CONFIDENCE: HIGH | TIME: 0ms | REASON: Resolved via readymade-fallback
[2026-08-11T13:25:36.841Z] COMPANY: "Sarvamangal Mercantile Company Ltd" | QUERIES: ["Sarvamangal Mercantile Company Ltd" official website] | CANDIDATES: [https://sarvamangalmercantile.com] | SELECTED: "https://sarvamangalmercantile.com" | CONFIDENCE: HIGH | TIME: 0ms | REASON: Resolved via readymade-fallback
[2026-08-11T13:25:49.901Z] COMPANY: "Arihant Superstructures Ltd" | QUERIES: ["Arihant Superstructures Ltd" official website] | CANDIDATES: [https://asl.net.in] | SELECTED: "https://asl.net.in" | CONFIDENCE: HIGH | TIME: 0ms | REASON: Resolved via readymade-fallback
[2026-08-11T13:27:50.739Z] COMPANY: "Bliss GVS Pharma Ltd" | QUERIES: ["Bliss GVS Pharma Ltd" official website] | CANDIDATES: [https://blissgvs.com] | SELECTED: "https://blissgvs.com" | CONFIDENCE: HIGH | TIME: 0ms | REASON: Resolved via readymade-fallback
[2026-08-11T13:28:08.229Z] COMPANY: "Alembic Ltd" | QUERIES: ["Alembic Ltd" official website] | CANDIDATES: [https://alembicpharmaceuticals.com] | SELECTED: "https://alembicpharmaceuticals.com" | CONFIDENCE: HIGH | TIME: 0ms | REASON: Resolved via readymade-fallback
[2026-08-11T13:28:42.759Z] COMPANY: "Amines & Plasticizers Ltd" | QUERIES: ["Amines & Plasticizers Ltd" official website] | CANDIDATES: [https://aminess.com] | SELECTED: "https://aminess.com" | CONFIDENCE: HIGH | TIME: 0ms | REASON: Resolved via readymade-fallback
[2026-08-11T13:29:21.130Z] COMPANY: "Anuh Pharma Ltd" | QUERIES: ["Anuh Pharma Ltd" official website] | CANDIDATES: [https://anuheajams.com] | SELECTED: "https://anuheajams.com" | CONFIDENCE: HIGH | TIME: 0ms | REASON: Resolved via readymade-fallback
[2026-08-11T13:29:52.108Z] COMPANY: "Modison Ltd" | QUERIES: ["Modison Ltd" official website] | CANDIDATES: [https://modison.com] | SELECTED: "https://modison.com" | CONFIDENCE: HIGH | TIME: 0ms | REASON: Resolved via readymade-fallback
[2026-08-11T13:30:07.262Z] COMPANY: "Bayer CropScience Ltd" | QUERIES: ["Bayer CropScience Ltd" official website] | CANDIDATES: [https://bayer.rs] | SELECTED: "https://bayer.rs" | CONFIDENCE: HIGH | TIME: 0ms | REASON: Resolved via readymade-fallback
[2026-08-11T13:30:27.679Z] COMPANY: "Coromandel International Ltd" | QUERIES: ["Coromandel International Ltd" official website] | CANDIDATES: [https://coromandel.biz] | SELECTED: "https://coromandel.biz" | CONFIDENCE: HIGH | TIME: 0ms | REASON: Resolved via readymade-fallback
[2026-08-11T13:30:31.655Z] COMPANY: "DMCC Speciality Chemicals Ltd" | QUERIES: ["DMCC Speciality Chemicals Ltd" official website] | CANDIDATES: [https://dmcc.com] | SELECTED: "https://dmcc.com" | CONFIDENCE: HIGH | TIME: 0ms | REASON: Resolved via readymade-fallback
[2026-08-11T13:30:43.435Z] COMPANY: "Fermenta Biotech Ltd" | QUERIES: ["Fermenta Biotech Ltd" official website] | CANDIDATES: [https://fermentabiotech.com] | SELECTED: "https://fermentabiotech.com" | CONFIDENCE: HIGH | TIME: 0ms | REASON: Resolved via readymade-fallback
[2026-08-11T13:30:49.343Z] COMPANY: "GOCL Corporation Ltd" | QUERIES: ["GOCL Corporation Ltd" official website] | CANDIDATES: [https://goclove.com] | SELECTED: "https://goclove.com" | CONFIDENCE: HIGH | TIME: 0ms | REASON: Resolved via readymade-fallback
[2026-08-11T13:31:22.148Z] COMPANY: "Jayshree Chemicals Ltd" | QUERIES: ["Jayshree Chemicals Ltd" official website] | CANDIDATES: [https://jayshreechemicals.in] | SELECTED: "https://jayshreechemicals.in" | CONFIDENCE: HIGH | TIME: 0ms | REASON: Resolved via readymade-fallback
[2026-08-11T13:31:29.028Z] COMPANY: "Kanoria Chemicals & Industries Ltd" | QUERIES: ["Kanoria Chemicals & Industries Ltd" official website] | CANDIDATES: [https://kanoriachem.com] | SELECTED: "https://kanoriachem.com" | CONFIDENCE: HIGH | TIME: 0ms | REASON: Resolved via readymade-fallback
[2026-08-11T13:31:37.973Z] COMPANY: "KELTECH Energies Ltd" | QUERIES: ["KELTECH Energies Ltd" official website] | CANDIDATES: [https://keltechenergies.com] | SELECTED: "https://keltechenergies.com" | CONFIDENCE: HIGH | TIME: 0ms | REASON: Resolved via readymade-fallback
[2026-08-11T13:31:52.548Z] COMPANY: "Kemp & Company Ltd" | QUERIES: ["Kemp & Company Ltd" official website] | CANDIDATES: [https://kemper.com] | SELECTED: "https://kemper.com" | CONFIDENCE: HIGH | TIME: 0ms | REASON: Resolved via readymade-fallback
[2026-08-11T13:31:54.459Z] COMPANY: "Nitta Gelatin India Ltd" | QUERIES: ["Nitta Gelatin India Ltd" official website] | CANDIDATES: [https://gelatin.in] | SELECTED: "https://gelatin.in" | CONFIDENCE: HIGH | TIME: 0ms | REASON: Resolved via readymade-fallback
[2026-08-11T13:32:07.530Z] COMPANY: "MP Agro Industries Ltd" | QUERIES: ["MP Agro Industries Ltd" official website] | CANDIDATES: [https://mpagro.com.br] | SELECTED: "https://mpagro.com.br" | CONFIDENCE: HIGH | TIME: 0ms | REASON: Resolved via readymade-fallback
[2026-08-11T13:32:31.338Z] COMPANY: "AG Ventures Ltd" | QUERIES: ["AG Ventures Ltd" official website] | CANDIDATES: [https://agventures.africa] | SELECTED: "https://agventures.africa" | CONFIDENCE: HIGH | TIME: 0ms | REASON: Resolved via readymade-fallback
[2026-08-11T13:32:52.780Z] COMPANY: "PB Global Ltd" | QUERIES: ["PB Global Ltd" official website] | CANDIDATES: [https://pbltd.in] | SELECTED: "https://pbltd.in" | CONFIDENCE: HIGH | TIME: 0ms | REASON: Resolved via readymade-fallback
[2026-08-11T13:33:02.614Z] COMPANY: "Amal Ltd" | QUERIES: ["Amal Ltd" official website] | CANDIDATES: [https://amalgamatedbank.com] | SELECTED: "https://amalgamatedbank.com" | CONFIDENCE: HIGH | TIME: 0ms | REASON: Resolved via readymade-fallback
[2026-08-11T13:33:07.769Z] COMPANY: "Polychem Ltd" | QUERIES: ["Polychem Ltd" official website] | CANDIDATES: [https://polychemalloy.com] | SELECTED: "https://polychemalloy.com" | CONFIDENCE: HIGH | TIME: 0ms | REASON: Resolved via readymade-fallback
[2026-08-11T13:33:24.174Z] COMPANY: "Punjab Chemicals & Crop Protection Ltd" | QUERIES: ["Punjab Chemicals & Crop Protection Ltd" official website] | CANDIDATES: [https://punjabchemicals.com] | SELECTED: "https://punjabchemicals.com" | CONFIDENCE: HIGH | TIME: 0ms | REASON: Resolved via readymade-fallback
[2026-08-11T13:33:52.940Z] COMPANY: "Sudarshan Chemical Industries Ltd" | QUERIES: ["Sudarshan Chemical Industries Ltd" official website] | CANDIDATES: [https://sudarshan.com] | SELECTED: "https://sudarshan.com" | CONFIDENCE: HIGH | TIME: 2ms | REASON: Resolved via readymade-fallback
[2026-08-11T13:34:26.562Z] COMPANY: "Ultramarine & Pigments Ltd" | QUERIES: ["Ultramarine & Pigments Ltd" official website] | CANDIDATES: [https://ultra-marine.ch] | SELECTED: "https://ultra-marine.ch" | CONFIDENCE: HIGH | TIME: 0ms | REASON: Resolved via readymade-fallback
[2026-08-11T13:34:35.356Z] COMPANY: "Transpek Industry Ltd" | QUERIES: ["Transpek Industry Ltd" official website] | CANDIDATES: [https://transpek.com] | SELECTED: "https://transpek.com" | CONFIDENCE: HIGH | TIME: 0ms | REASON: Resolved via readymade-fallback
[2026-08-11T13:34:49.563Z] COMPANY: "Unichem Laboratories Ltd" | QUERIES: ["Unichem Laboratories Ltd" official website] | CANDIDATES: [https://unichemlabs.com] | SELECTED: "https://unichemlabs.com" | CONFIDENCE: HIGH | TIME: 0ms | REASON: Resolved via readymade-fallback
[2026-08-11T13:34:51.686Z] COMPANY: "Alkyl Amines Chemicals Ltd" | QUERIES: ["Alkyl Amines Chemicals Ltd" official website] | CANDIDATES: [https://alkylamines.com] | SELECTED: "https://alkylamines.com" | CONFIDENCE: HIGH | TIME: 0ms | REASON: Resolved via readymade-fallback
[2026-08-11T13:39:13.748Z] COMPANY: "Tuticorin Alkali Chemicals And Fertilizers Ltd" | QUERIES: ["Tuticorin Alkali Chemicals And Fertilizers Ltd" official website] | CANDIDATES: [https://tacfert.in] | SELECTED: "https://tacfert.in" | CONFIDENCE: HIGH | TIME: 0ms | REASON: Resolved via readymade-fallback
[2026-08-11T13:39:35.032Z] COMPANY: "Primo Chemicals Ltd" | QUERIES: ["Primo Chemicals Ltd" official website] | CANDIDATES: [https://primochemicals.in] | SELECTED: "https://primochemicals.in" | CONFIDENCE: HIGH | TIME: 0ms | REASON: Resolved via readymade-fallback
[2026-08-11T13:39:53.510Z] COMPANY: "TANFAC Industries Ltd" | QUERIES: ["TANFAC Industries Ltd" official website] | CANDIDATES: [https://tanfac.com] | SELECTED: "https://tanfac.com" | CONFIDENCE: HIGH | TIME: 0ms | REASON: Resolved via readymade-fallback
[2026-08-11T13:40:12.217Z] COMPANY: "Gujarat Petrosynthese Ltd" | QUERIES: ["Gujarat Petrosynthese Ltd" official website] | CANDIDATES: [https://gpl.in] | SELECTED: "https://gpl.in" | CONFIDENCE: HIGH | TIME: 0ms | REASON: Resolved via readymade-fallback
[2026-08-11T13:42:36.054Z] COMPANY: "Continental Chemicals Ltd" | QUERIES: ["Continental Chemicals Ltd" official website] | CANDIDATES: [https://continentalchem.com] | SELECTED: "https://continentalchem.com" | CONFIDENCE: HIGH | TIME: 0ms | REASON: Resolved via readymade-fallback
[2026-08-11T13:42:46.686Z] COMPANY: "Indo Gulf Industries Ltd" | QUERIES: ["Indo Gulf Industries Ltd" official website] | CANDIDATES: [https://indoasiantimes.com] | SELECTED: "https://indoasiantimes.com" | CONFIDENCE: HIGH | TIME: 0ms | REASON: Resolved via readymade-fallback
[2026-08-11T13:42:56.876Z] COMPANY: "Advance Petrochemicals Ltd" | QUERIES: ["Advance Petrochemicals Ltd" official website] | CANDIDATES: [https://advancepetro.com] | SELECTED: "https://advancepetro.com" | CONFIDENCE: HIGH | TIME: 0ms | REASON: Resolved via readymade-fallback
[2026-08-11T13:45:17.490Z] COMPANY: "Apt Packaging Ltd" | QUERIES: ["Apt Packaging Ltd" official website] | CANDIDATES: [https://aptpackaging.in] | SELECTED: "https://aptpackaging.in" | CONFIDENCE: HIGH | TIME: 0ms | REASON: Resolved via readymade-fallback
[2026-08-11T13:45:23.355Z] COMPANY: "Bluechip Tex Industries Ltd" | QUERIES: ["Bluechip Tex Industries Ltd" official website] | CANDIDATES: [https://bluechiptexindustrieslimited.com] | SELECTED: "https://bluechiptexindustrieslimited.com" | CONFIDENCE: HIGH | TIME: 0ms | REASON: Resolved via readymade-fallback
[2026-08-11T13:45:45.098Z] COMPANY: "Jagatjit Industries Ltd" | QUERIES: ["Jagatjit Industries Ltd" official website] | CANDIDATES: [https://jagatjit.com] | SELECTED: "https://jagatjit.com" | CONFIDENCE: HIGH | TIME: 0ms | REASON: Resolved via readymade-fallback
[2026-08-11T13:46:02.147Z] COMPANY: "Kesar Enterprises Ltd" | QUERIES: ["Kesar Enterprises Ltd" official website] | CANDIDATES: [https://kesari.in] | SELECTED: "https://kesari.in" | CONFIDENCE: HIGH | TIME: 0ms | REASON: Resolved via readymade-fallback
[2026-08-11T13:46:10.800Z] COMPANY: "Walchandnagar Industries Ltd" | QUERIES: ["Walchandnagar Industries Ltd" official website] | CANDIDATES: [https://walchand.com] | SELECTED: "https://walchand.com" | CONFIDENCE: HIGH | TIME: 0ms | REASON: Resolved via readymade-fallback
[2026-08-11T13:46:27.918Z] COMPANY: "Associated Alcohols & Breweries Ltd" | QUERIES: ["Associated Alcohols & Breweries Ltd" official website] | CANDIDATES: [https://associatedalcohols.com] | SELECTED: "https://associatedalcohols.com" | CONFIDENCE: HIGH | TIME: 0ms | REASON: Resolved via readymade-fallback
[2026-08-11T13:46:49.354Z] COMPANY: "Thakkers Group Ltd" | QUERIES: ["Thakkers Group Ltd" official website] | CANDIDATES: [https://thakkersdevelopers.com] | SELECTED: "https://thakkersdevelopers.com" | CONFIDENCE: HIGH | TIME: 0ms | REASON: Resolved via readymade-fallback
[2026-08-11T13:47:33.620Z] COMPANY: "Foods & Inns Ltd" | QUERIES: ["Foods & Inns Ltd" official website] | CANDIDATES: [https://foodservicedirect.com] | SELECTED: "https://foodservicedirect.com" | CONFIDENCE: HIGH | TIME: 0ms | REASON: Resolved via readymade-fallback
[2026-08-11T13:47:47.174Z] COMPANY: "IVP Ltd" | QUERIES: ["IVP Ltd" official website] | CANDIDATES: [https://ivpress.com] | SELECTED: "https://ivpress.com" | CONFIDENCE: HIGH | TIME: 0ms | REASON: Resolved via readymade-fallback
[2026-08-11T13:48:08.998Z] COMPANY: "Olympic Oil Industries Ltd" | QUERIES: ["Olympic Oil Industries Ltd" official website] | CANDIDATES: [https://olympicoil.us] | SELECTED: "https://olympicoil.us" | CONFIDENCE: HIGH | TIME: 0ms | REASON: Resolved via readymade-fallback
[2026-08-11T13:48:20.734Z] COMPANY: "Milkfood Ltd" | QUERIES: ["Milkfood Ltd" official website] | CANDIDATES: [https://milk-food.de] | SELECTED: "https://milk-food.de" | CONFIDENCE: HIGH | TIME: 0ms | REASON: Resolved via readymade-fallback
[2026-08-11T13:48:35.912Z] COMPANY: "Polson Ltd" | QUERIES: ["Polson Ltd" official website] | CANDIDATES: [https://polsonltd.com] | SELECTED: "https://polsonltd.com" | CONFIDENCE: HIGH | TIME: 0ms | REASON: Resolved via readymade-fallback
[2026-08-11T13:48:47.056Z] COMPANY: "Signature Green Corporation Ltd" | QUERIES: ["Signature Green Corporation Ltd" official website] | CANDIDATES: [https://siggreen.com] | SELECTED: "https://siggreen.com" | CONFIDENCE: HIGH | TIME: 0ms | REASON: Resolved via readymade-fallback
[2026-08-11T13:49:03.410Z] COMPANY: "Wipro Ltd" | QUERIES: ["Wipro Ltd" official website] | CANDIDATES: [https://healthplan.com] | SELECTED: "https://healthplan.com" | CONFIDENCE: HIGH | TIME: 0ms | REASON: Resolved via readymade-fallback
[2026-08-11T13:51:24.989Z] COMPANY: "Dhanuka Agritech Ltd" | QUERIES: ["Dhanuka Agritech Ltd" official website] | CANDIDATES: [https://dhanuka.com] | SELECTED: "https://dhanuka.com" | CONFIDENCE: HIGH | TIME: 0ms | REASON: Resolved via readymade-fallback
[2026-08-11T13:51:26.909Z] COMPANY: "TTK Healthcare Ltd" | QUERIES: ["TTK Healthcare Ltd" official website] | CANDIDATES: [https://ttk.ru] | SELECTED: "https://ttk.ru" | CONFIDENCE: HIGH | TIME: 0ms | REASON: Resolved via readymade-fallback
[2026-08-11T13:53:49.957Z] COMPANY: "Lime Chemicals Ltd" | QUERIES: ["Lime Chemicals Ltd" official website] | CANDIDATES: [https://limechem.com] | SELECTED: "https://limechem.com" | CONFIDENCE: HIGH | TIME: 0ms | REASON: Resolved via readymade-fallback
[2026-08-11T13:54:01.069Z] COMPANY: "Kanpur Plastipack Ltd" | QUERIES: ["Kanpur Plastipack Ltd" official website] | CANDIDATES: [https://kanplas.com] | SELECTED: "https://kanplas.com" | CONFIDENCE: HIGH | TIME: 0ms | REASON: Resolved via readymade-fallback
[2026-08-11T13:54:08.372Z] COMPANY: "Tainwala Chemicals and Plastics (India) Ltd" | QUERIES: ["Tainwala Chemicals and Plastics (India) Ltd" official website] | CANDIDATES: [https://tainwala.in] | SELECTED: "https://tainwala.in" | CONFIDENCE: HIGH | TIME: 0ms | REASON: Resolved via readymade-fallback
[2026-08-11T13:54:20.017Z] COMPANY: "Jagsonpal Pharmaceuticals Ltd" | QUERIES: ["Jagsonpal Pharmaceuticals Ltd" official website] | CANDIDATES: [https://jagsonpal.com] | SELECTED: "https://jagsonpal.com" | CONFIDENCE: HIGH | TIME: 0ms | REASON: Resolved via readymade-fallback
[2026-08-11T13:54:36.155Z] COMPANY: "Khaitan Chemicals & Fertilizers Ltd" | QUERIES: ["Khaitan Chemicals & Fertilizers Ltd" official website] | CANDIDATES: [https://khaitanchemfert.com] | SELECTED: "https://khaitanchemfert.com" | CONFIDENCE: HIGH | TIME: 0ms | REASON: Resolved via readymade-fallback
[2026-08-11T13:55:52.712Z] COMPANY: "United Leasing & Industries Ltd" | QUERIES: ["United Leasing & Industries Ltd" official website] | CANDIDATES: [https://unitedevv.com] | SELECTED: "https://unitedevv.com" | CONFIDENCE: HIGH | TIME: 0ms | REASON: Resolved via readymade-fallback
[2026-08-11T13:56:20.112Z] COMPANY: "Gillette India Ltd" | QUERIES: ["Gillette India Ltd" official website] | CANDIDATES: [https://gillette.co.in] | SELECTED: "https://gillette.co.in" | CONFIDENCE: HIGH | TIME: 3ms | REASON: Resolved via readymade-fallback
[2026-08-11T13:56:43.852Z] COMPANY: "Wires & Fabriks SA Ltd" | QUERIES: ["Wires & Fabriks SA Ltd" official website] | CANDIDATES: [https://wireshark.org] | SELECTED: "https://wireshark.org" | CONFIDENCE: HIGH | TIME: 0ms | REASON: Resolved via readymade-fallback
[2026-08-11T13:56:48.312Z] COMPANY: "Ansal Housing Ltd" | QUERIES: ["Ansal Housing Ltd" official website] | CANDIDATES: [https://ansals.com] | SELECTED: "https://ansals.com" | CONFIDENCE: HIGH | TIME: 0ms | REASON: Resolved via readymade-fallback
[2026-08-11T13:56:51.205Z] COMPANY: "Computer Point Ltd" | QUERIES: ["Computer Point Ltd" official website] | CANDIDATES: [https://computerpoint.ac.in] | SELECTED: "https://computerpoint.ac.in" | CONFIDENCE: HIGH | TIME: 0ms | REASON: Resolved via readymade-fallback
[2026-08-11T13:57:13.857Z] COMPANY: "Addi Industries Ltd" | QUERIES: ["Addi Industries Ltd" official website] | CANDIDATES: [https://addictinggames.com] | SELECTED: "https://addictinggames.com" | CONFIDENCE: HIGH | TIME: 0ms | REASON: Resolved via readymade-fallback
[2026-08-11T13:57:15.145Z] COMPANY: "Unitech Ltd" | QUERIES: ["Unitech Ltd" official website] | CANDIDATES: [https://unitech-mo.ru] | SELECTED: "https://unitech-mo.ru" | CONFIDENCE: HIGH | TIME: 0ms | REASON: Resolved via readymade-fallback
[2026-08-11T13:58:00.181Z] COMPANY: "VIP Industries Ltd" | QUERIES: ["VIP Industries Ltd" official website] | CANDIDATES: [https://vippers.jp] | SELECTED: "https://vippers.jp" | CONFIDENCE: HIGH | TIME: 0ms | REASON: Resolved via readymade-fallback
[2026-08-11T13:58:10.565Z] COMPANY: "Fiberweb India Ltd" | QUERIES: ["Fiberweb India Ltd" official website] | CANDIDATES: [https://fiberweb.co.za] | SELECTED: "https://fiberweb.co.za" | CONFIDENCE: HIGH | TIME: 0ms | REASON: Resolved via readymade-fallback
[2026-08-11T13:58:26.721Z] COMPANY: "Gyftr Ltd" | QUERIES: ["Gyftr Ltd" official website] | CANDIDATES: [https://gyftr.com] | SELECTED: "https://gyftr.com" | CONFIDENCE: HIGH | TIME: 0ms | REASON: Resolved via readymade-fallback
[2026-08-11T13:58:33.104Z] COMPANY: "East Buildtech Ltd" | QUERIES: ["East Buildtech Ltd" official website] | CANDIDATES: [https://ebl.co.in] | SELECTED: "https://ebl.co.in" | CONFIDENCE: HIGH | TIME: 0ms | REASON: Resolved via readymade-fallback
[2026-08-11T13:58:57.304Z] COMPANY: "Manipal Finance Corporation Ltd" | QUERIES: ["Manipal Finance Corporation Ltd" official website] | CANDIDATES: [https://manipal.edu] | SELECTED: "https://manipal.edu" | CONFIDENCE: HIGH | TIME: 0ms | REASON: Resolved via readymade-fallback
[2026-08-11T13:59:31.595Z] COMPANY: "Bajaj Steel Industries Ltd" | QUERIES: ["Bajaj Steel Industries Ltd" official website] | CANDIDATES: [https://bajajngp.com] | SELECTED: "https://bajajngp.com" | CONFIDENCE: HIGH | TIME: 0ms | REASON: Resolved via readymade-fallback
[2026-08-11T13:59:34.615Z] COMPANY: "Key Corporation Ltd" | QUERIES: ["Key Corporation Ltd" official website] | CANDIDATES: [https://key.com] | SELECTED: "https://key.com" | CONFIDENCE: HIGH | TIME: 0ms | REASON: Resolved via readymade-fallback
[2026-08-11T13:59:45.072Z] COMPANY: "Gujarat Hotels Ltd" | QUERIES: ["Gujarat Hotels Ltd" official website] | CANDIDATES: [https://gujarathotelsltd.in] | SELECTED: "https://gujarathotelsltd.in" | CONFIDENCE: HIGH | TIME: 0ms | REASON: Resolved via readymade-fallback
[2026-08-11T14:00:02.154Z] COMPANY: "Fynx Capital Ltd" | QUERIES: ["Fynx Capital Ltd" official website] | CANDIDATES: [https://fynxt.com] | SELECTED: "https://fynxt.com" | CONFIDENCE: HIGH | TIME: 0ms | REASON: Resolved via readymade-fallback
[2026-08-11T14:00:05.446Z] COMPANY: "Ras Resorts & Apart Hotels Ltd" | QUERIES: ["Ras Resorts & Apart Hotels Ltd" official website] | CANDIDATES: [https://rasresorts.com] | SELECTED: "https://rasresorts.com" | CONFIDENCE: HIGH | TIME: 0ms | REASON: Resolved via readymade-fallback
[2026-08-11T14:00:09.293Z] COMPANY: "Jolly Plastic Industries Ltd" | QUERIES: ["Jolly Plastic Industries Ltd" official website] | CANDIDATES: [https://jollyplastic.com] | SELECTED: "https://jollyplastic.com" | CONFIDENCE: HIGH | TIME: 0ms | REASON: Resolved via readymade-fallback
[2026-08-11T14:00:37.784Z] COMPANY: "Paramount Cosmetics India Ltd" | QUERIES: ["Paramount Cosmetics India Ltd" official website] | CANDIDATES: [https://parammount.com] | SELECTED: "https://parammount.com" | CONFIDENCE: HIGH | TIME: 0ms | REASON: Resolved via readymade-fallback
[2026-08-11T14:00:56.505Z] COMPANY: "Jupiter Industries & Leasing Ltd" | QUERIES: ["Jupiter Industries & Leasing Ltd" official website] | CANDIDATES: [https://jupiterindustries.com] | SELECTED: "https://jupiterindustries.com" | CONFIDENCE: HIGH | TIME: 0ms | REASON: Resolved via readymade-fallback
[2026-08-11T14:00:58.505Z] COMPANY: "Simmonds Marshall Ltd" | QUERIES: ["Simmonds Marshall Ltd" official website] | CANDIDATES: [https://simmondsmarshall.com] | SELECTED: "https://simmondsmarshall.com" | CONFIDENCE: HIGH | TIME: 0ms | REASON: Resolved via readymade-fallback
[2026-08-11T14:01:01.817Z] COMPANY: "B & A Ltd" | QUERIES: ["B & A Ltd" official website] | CANDIDATES: [https://booking.com] | SELECTED: "https://booking.com" | CONFIDENCE: HIGH | TIME: 0ms | REASON: Resolved via readymade-fallback
[2026-08-11T14:01:25.135Z] COMPANY: "Hawkins Cookers Ltd" | QUERIES: ["Hawkins Cookers Ltd" official website] | CANDIDATES: [https://hawkinscookers.com] | SELECTED: "https://hawkinscookers.com" | CONFIDENCE: HIGH | TIME: 0ms | REASON: Resolved via readymade-fallback
[2026-08-11T14:02:02.285Z] COMPANY: "Warren Tea Ltd" | QUERIES: ["Warren Tea Ltd" official website] | CANDIDATES: [https://warrentea.com] | SELECTED: "https://warrentea.com" | CONFIDENCE: HIGH | TIME: 0ms | REASON: Resolved via readymade-fallback
[2026-08-11T14:04:23.584Z] COMPANY: "Cochin Malabar Estates & Industries Ltd" | QUERIES: ["Cochin Malabar Estates & Industries Ltd" official website] | CANDIDATES: [https://cochinmalabar.in] | SELECTED: "https://cochinmalabar.in" | CONFIDENCE: HIGH | TIME: 1ms | REASON: Resolved via readymade-fallback
[2026-08-11T14:04:30.285Z] COMPANY: "Neelamalai Agro Industries Ltd" | QUERIES: ["Neelamalai Agro Industries Ltd" official website] | CANDIDATES: [https://neelamalaiagro.com] | SELECTED: "https://neelamalaiagro.com" | CONFIDENCE: HIGH | TIME: 0ms | REASON: Resolved via readymade-fallback
[2026-08-11T14:04:45.524Z] COMPANY: "I S T Ltd" | QUERIES: ["I S T Ltd" official website] | CANDIDATES: [https://ist.co.uk] | SELECTED: "https://ist.co.uk" | CONFIDENCE: HIGH | TIME: 0ms | REASON: Resolved via readymade-fallback
[2026-08-11T14:04:55.945Z] COMPANY: "Cosmo First Ltd" | QUERIES: ["Cosmo First Ltd" official website] | CANDIDATES: [https://cosmofirst.com] | SELECTED: "https://cosmofirst.com" | CONFIDENCE: HIGH | TIME: 0ms | REASON: Resolved via readymade-fallback
[2026-08-11T14:04:57.257Z] COMPANY: "Apollo Hospitals Enterprise Ltd" | QUERIES: ["Apollo Hospitals Enterprise Ltd" official website] | CANDIDATES: [https://apollohospitals.com] | SELECTED: "https://apollohospitals.com" | CONFIDENCE: HIGH | TIME: 0ms | REASON: Resolved via readymade-fallback
[2026-08-11T14:05:25.486Z] COMPANY: "Nitin Castings Ltd" | QUERIES: ["Nitin Castings Ltd" official website] | CANDIDATES: [https://nitincastings.com] | SELECTED: "https://nitincastings.com" | CONFIDENCE: HIGH | TIME: 0ms | REASON: Resolved via readymade-fallback
[2026-08-11T14:05:45.178Z] COMPANY: "Everest Industries Ltd" | QUERIES: ["Everest Industries Ltd" official website] | CANDIDATES: [https://everestgrp.com] | SELECTED: "https://everestgrp.com" | CONFIDENCE: HIGH | TIME: 0ms | REASON: Resolved via readymade-fallback
[2026-08-11T14:05:45.531Z] COMPANY: "AYM Syntex Ltd" | QUERIES: ["AYM Syntex Ltd" official website] | CANDIDATES: [https://aymsyntex.com] | SELECTED: "https://aymsyntex.com" | CONFIDENCE: HIGH | TIME: 0ms | REASON: Resolved via readymade-fallback
[2026-08-11T14:05:57.504Z] COMPANY: "HB Leasing & Finance Company Ltd" | QUERIES: ["HB Leasing & Finance Company Ltd" official website] | CANDIDATES: [https://hbleasingkent.co.uk] | SELECTED: "https://hbleasingkent.co.uk" | CONFIDENCE: HIGH | TIME: 0ms | REASON: Resolved via readymade-fallback
[2026-08-11T14:06:08.769Z] COMPANY: "Shricon Industries Ltd" | QUERIES: ["Shricon Industries Ltd" official website] | CANDIDATES: [https://shriconsultant.com] | SELECTED: "https://shriconsultant.com" | CONFIDENCE: HIGH | TIME: 0ms | REASON: Resolved via readymade-fallback
[2026-08-11T14:06:15.777Z] COMPANY: "Sulabh Engineers & Services Ltd" | QUERIES: ["Sulabh Engineers & Services Ltd" official website] | CANDIDATES: [https://sulabh.org.in] | SELECTED: "https://sulabh.org.in" | CONFIDENCE: HIGH | TIME: 0ms | REASON: Resolved via readymade-fallback
[2026-08-11T14:06:32.370Z] COMPANY: "Frontier Capital Ltd" | QUERIES: ["Frontier Capital Ltd" official website] | CANDIDATES: [https://flyfrontier.com] | SELECTED: "https://flyfrontier.com" | CONFIDENCE: HIGH | TIME: 0ms | REASON: Resolved via readymade-fallback
[2026-08-11T14:07:01.887Z] COMPANY: "Thakral Services India Ltd" | QUERIES: ["Thakral Services India Ltd" official website] | CANDIDATES: [https://thakralone.com] | SELECTED: "https://thakralone.com" | CONFIDENCE: HIGH | TIME: 0ms | REASON: Resolved via readymade-fallback
[2026-08-11T14:07:19.317Z] COMPANY: "Golden Legand Leasing & finance Ltd" | QUERIES: ["Golden Legand Leasing & finance Ltd" official website] | CANDIDATES: [https://gllfl.com] | SELECTED: "https://gllfl.com" | CONFIDENCE: HIGH | TIME: 0ms | REASON: Resolved via readymade-fallback
[2026-08-11T14:07:31.015Z] COMPANY: "Netlink Solutions India Ltd" | QUERIES: ["Netlink Solutions India Ltd" official website] | CANDIDATES: [https://netlink.com] | SELECTED: "https://netlink.com" | CONFIDENCE: HIGH | TIME: 0ms | REASON: Resolved via readymade-fallback
[2026-08-11T14:07:59.758Z] COMPANY: "Lancor Holdings Ltd" | QUERIES: ["Lancor Holdings Ltd" official website] | CANDIDATES: [https://lancor.es] | SELECTED: "https://lancor.es" | CONFIDENCE: HIGH | TIME: 1ms | REASON: Resolved via readymade-fallback
[2026-08-11T14:08:23.499Z] COMPANY: "Banas Finance Ltd" | QUERIES: ["Banas Finance Ltd" official website] | CANDIDATES: [https://banasthali.org] | SELECTED: "https://banasthali.org" | CONFIDENCE: HIGH | TIME: 0ms | REASON: Resolved via readymade-fallback
[2026-08-11T14:08:30.176Z] COMPANY: "Visaka Industries Ltd" | QUERIES: ["Visaka Industries Ltd" official website] | CANDIDATES: [https://visakai.com] | SELECTED: "https://visakai.com" | CONFIDENCE: HIGH | TIME: 0ms | REASON: Resolved via readymade-fallback
[2026-08-11T14:08:40.651Z] COMPANY: "GRP Ltd" | QUERIES: ["GRP Ltd" official website] | CANDIDATES: [https://grp.com.sg] | SELECTED: "https://grp.com.sg" | CONFIDENCE: HIGH | TIME: 0ms | REASON: Resolved via readymade-fallback
[2026-08-11T14:09:00.019Z] COMPANY: "Indag Rubber Ltd" | QUERIES: ["Indag Rubber Ltd" official website] | CANDIDATES: [https://indagrubber.com] | SELECTED: "https://indagrubber.com" | CONFIDENCE: HIGH | TIME: 0ms | REASON: Resolved via readymade-fallback
[2026-08-11T14:09:01.835Z] COMPANY: "PTL Enterprises Ltd" | QUERIES: ["PTL Enterprises Ltd" official website] | CANDIDATES: [https://lamongenergi.co.id] | SELECTED: "https://lamongenergi.co.id" | CONFIDENCE: HIGH | TIME: 0ms | REASON: Resolved via readymade-fallback
[2026-08-11T14:09:41.948Z] COMPANY: "Sanathnagar Enterprises Ltd" | QUERIES: ["Sanathnagar Enterprises Ltd" official website] | CANDIDATES: [https://sanathnagar.in] | SELECTED: "https://sanathnagar.in" | CONFIDENCE: HIGH | TIME: 0ms | REASON: Resolved via readymade-fallback
[2026-08-11T14:10:02.219Z] COMPANY: "Cravatex Ltd" | QUERIES: ["Cravatex Ltd" official website] | CANDIDATES: [https://cravatex.com] | SELECTED: "https://cravatex.com" | CONFIDENCE: HIGH | TIME: 0ms | REASON: Resolved via readymade-fallback
[2026-08-11T14:10:20.013Z] COMPANY: "Caprihans India Ltd" | QUERIES: ["Caprihans India Ltd" official website] | CANDIDATES: [https://caprihansindia.com] | SELECTED: "https://caprihansindia.com" | CONFIDENCE: HIGH | TIME: 0ms | REASON: Resolved via readymade-fallback
[2026-08-11T14:10:28.000Z] COMPANY: "Graphite India Ltd" | QUERIES: ["Graphite India Ltd" official website] | CANDIDATES: [https://graphiteindia.com] | SELECTED: "https://graphiteindia.com" | CONFIDENCE: HIGH | TIME: 0ms | REASON: Resolved via readymade-fallback
[2026-08-11T14:12:48.019Z] COMPANY: "Empire Industries Ltd" | QUERIES: ["Empire Industries Ltd" official website] | CANDIDATES: [https://empireflippers.com] | SELECTED: "https://empireflippers.com" | CONFIDENCE: HIGH | TIME: 1ms | REASON: Resolved via readymade-fallback
[2026-08-11T14:13:12.840Z] COMPANY: "Garware Technical Fibres Ltd" | QUERIES: ["Garware Technical Fibres Ltd" official website] | CANDIDATES: [https://garwarefibres.com] | SELECTED: "https://garwarefibres.com" | CONFIDENCE: HIGH | TIME: 0ms | REASON: Resolved via readymade-fallback
[2026-08-11T14:13:42.193Z] COMPANY: "Garware Marine Industries Ltd" | QUERIES: ["Garware Marine Industries Ltd" official website] | CANDIDATES: [https://garwaremarine.com] | SELECTED: "https://garwaremarine.com" | CONFIDENCE: HIGH | TIME: 0ms | REASON: Resolved via readymade-fallback
[2026-08-11T14:13:58.396Z] COMPANY: "Goa Carbon Ltd" | QUERIES: ["Goa Carbon Ltd" official website] | CANDIDATES: [https://goacarbon.com] | SELECTED: "https://goacarbon.com" | CONFIDENCE: HIGH | TIME: 1ms | REASON: Resolved via readymade-fallback
[2026-08-11T14:13:58.695Z] COMPANY: "Hardcastle & Waud Manufacturing Company Ltd" | QUERIES: ["Hardcastle & Waud Manufacturing Company Ltd" official website] | CANDIDATES: [https://hardcastleshober.com] | SELECTED: "https://hardcastleshober.com" | CONFIDENCE: HIGH | TIME: 0ms | REASON: Resolved via readymade-fallback
[2026-08-11T14:14:07.899Z] COMPANY: "HEG Ltd" | QUERIES: ["HEG Ltd" official website] | CANDIDATES: [https://hegltd.com] | SELECTED: "https://hegltd.com" | CONFIDENCE: HIGH | TIME: 0ms | REASON: Resolved via readymade-fallback
[2026-08-11T14:14:08.404Z] COMPANY: "Hindustan Composites Ltd" | QUERIES: ["Hindustan Composites Ltd" official website] | CANDIDATES: [https://hindcompo.com] | SELECTED: "https://hindcompo.com" | CONFIDENCE: HIGH | TIME: 0ms | REASON: Resolved via readymade-fallback
[2026-08-11T14:14:23.292Z] COMPANY: "Indian Card Clothing Company Ltd" | QUERIES: ["Indian Card Clothing Company Ltd" official website] | CANDIDATES: [https://cardindia.com] | SELECTED: "https://cardindia.com" | CONFIDENCE: HIGH | TIME: 0ms | REASON: Resolved via readymade-fallback
[2026-08-11T14:14:39.549Z] COMPANY: "International Conveyors Ltd" | QUERIES: ["International Conveyors Ltd" official website] | CANDIDATES: [https://iclbelting.com] | SELECTED: "https://iclbelting.com" | CONFIDENCE: HIGH | TIME: 0ms | REASON: Resolved via readymade-fallback
[2026-08-11T14:14:41.580Z] COMPANY: "Jay Shree Tea & Industries Ltd" | QUERIES: ["Jay Shree Tea & Industries Ltd" official website] | CANDIDATES: [https://jayshreetea.com] | SELECTED: "https://jayshreetea.com" | CONFIDENCE: HIGH | TIME: 0ms | REASON: Resolved via readymade-fallback
[2026-08-11T14:14:45.564Z] COMPANY: "Mapro Industries Ltd" | QUERIES: ["Mapro Industries Ltd" official website] | CANDIDATES: [https://maprogress.com] | SELECTED: "https://maprogress.com" | CONFIDENCE: HIGH | TIME: 0ms | REASON: Resolved via readymade-fallback
[2026-08-11T14:15:02.903Z] COMPANY: "RJ Shah & Company Ltd" | QUERIES: ["RJ Shah & Company Ltd" official website] | CANDIDATES: [https://rjshahidshah.com] | SELECTED: "https://rjshahidshah.com" | CONFIDENCE: HIGH | TIME: 0ms | REASON: Resolved via readymade-fallback
[2026-08-11T14:15:15.385Z] COMPANY: "Shalimar Paints Ltd" | QUERIES: ["Shalimar Paints Ltd" official website] | CANDIDATES: [https://shalimarpaints.com] | SELECTED: "https://shalimarpaints.com" | CONFIDENCE: HIGH | TIME: 0ms | REASON: Resolved via readymade-fallback
[2026-08-11T14:17:40.446Z] COMPANY: "Hindoostan Mills Ltd" | QUERIES: ["Hindoostan Mills Ltd" official website] | CANDIDATES: [https://hindoostan.com] | SELECTED: "https://hindoostan.com" | CONFIDENCE: HIGH | TIME: 0ms | REASON: Resolved via readymade-fallback
[2026-08-11T14:17:53.819Z] COMPANY: "Supreme Industries Ltd" | QUERIES: ["Supreme Industries Ltd" official website] | CANDIDATES: [https://supremecourt.gov] | SELECTED: "https://supremecourt.gov" | CONFIDENCE: HIGH | TIME: 1ms | REASON: Resolved via readymade-fallback
[2026-08-11T14:17:55.194Z] COMPANY: "Thacker & Company Ltd" | QUERIES: ["Thacker & Company Ltd" official website] | CANDIDATES: [https://600thackerofficesfl.com] | SELECTED: "https://600thackerofficesfl.com" | CONFIDENCE: HIGH | TIME: 0ms | REASON: Resolved via readymade-fallback
[2026-08-11T14:18:05.515Z] COMPANY: "Trade Wings Ltd" | QUERIES: ["Trade Wings Ltd" official website] | CANDIDATES: [https://tradewings.in] | SELECTED: "https://tradewings.in" | CONFIDENCE: HIGH | TIME: 0ms | REASON: Resolved via readymade-fallback
[2026-08-11T14:18:06.289Z] COMPANY: "VST Industries Ltd" | QUERIES: ["VST Industries Ltd" official website] | CANDIDATES: [https://vstu.ru] | SELECTED: "https://vstu.ru" | CONFIDENCE: HIGH | TIME: 0ms | REASON: Resolved via readymade-fallback
[2026-08-11T14:18:15.005Z] COMPANY: "Swasti Vinayaka Synthetics Ltd" | QUERIES: ["Swasti Vinayaka Synthetics Ltd" official website] | CANDIDATES: [https://swastivinayaka.com] | SELECTED: "https://swastivinayaka.com" | CONFIDENCE: HIGH | TIME: 0ms | REASON: Resolved via readymade-fallback
[2026-08-11T14:18:25.545Z] COMPANY: "Msl Global Ltd" | QUERIES: ["Msl Global Ltd" official website] | CANDIDATES: [https://mslglobal.com] | SELECTED: "https://mslglobal.com" | CONFIDENCE: HIGH | TIME: 0ms | REASON: Resolved via readymade-fallback
[2026-08-11T14:18:54.097Z] COMPANY: "Premier Capital Services Ltd" | QUERIES: ["Premier Capital Services Ltd" official website] | CANDIDATES: [https://premierleague.com] | SELECTED: "https://premierleague.com" | CONFIDENCE: HIGH | TIME: 0ms | REASON: Resolved via readymade-fallback
[2026-08-11T14:19:25.714Z] COMPANY: "Jindal Drilling & Industries Ltd" | QUERIES: ["Jindal Drilling & Industries Ltd" official website] | CANDIDATES: [https://jindaldrilling.com] | SELECTED: "https://jindaldrilling.com" | CONFIDENCE: HIGH | TIME: 0ms | REASON: Resolved via readymade-fallback
[2026-08-11T14:21:48.301Z] COMPANY: "Jumbo Finance Ltd" | QUERIES: ["Jumbo Finance Ltd" official website] | CANDIDATES: [https://jumbo.com] | SELECTED: "https://jumbo.com" | CONFIDENCE: HIGH | TIME: 0ms | REASON: Resolved via readymade-fallback
[2026-08-11T14:23:03.932Z] COMPANY: "Sakthi Finance Ltd" | QUERIES: ["Sakthi Finance Ltd" official website] | CANDIDATES: [https://sakthicadd.com] | SELECTED: "https://sakthicadd.com" | CONFIDENCE: HIGH | TIME: 0ms | REASON: Resolved via readymade-fallback
[2026-08-11T14:23:06.780Z] COMPANY: "Aeroflex Enterprises Ltd" | QUERIES: ["Aeroflex Enterprises Ltd" official website] | CANDIDATES: [https://aeroflex.co.il] | SELECTED: "https://aeroflex.co.il" | CONFIDENCE: HIGH | TIME: 0ms | REASON: Resolved via readymade-fallback
[2026-08-11T14:23:11.903Z] COMPANY: "JMD Ventures Ltd" | QUERIES: ["JMD Ventures Ltd" official website] | CANDIDATES: [https://jmdventures.ca] | SELECTED: "https://jmdventures.ca" | CONFIDENCE: HIGH | TIME: 0ms | REASON: Resolved via readymade-fallback
[2026-08-11T14:23:21.637Z] COMPANY: "Shiva Texyarn Ltd" | QUERIES: ["Shiva Texyarn Ltd" official website] | CANDIDATES: [https://shivatex.in] | SELECTED: "https://shivatex.in" | CONFIDENCE: HIGH | TIME: 0ms | REASON: Resolved via readymade-fallback
[2026-08-11T14:23:23.068Z] COMPANY: "First Custodian Fund India Ltd" | QUERIES: ["First Custodian Fund India Ltd" official website] | CANDIDATES: [https://firstcustodianfund.com] | SELECTED: "https://firstcustodianfund.com" | CONFIDENCE: HIGH | TIME: 0ms | REASON: Resolved via readymade-fallback
[2026-08-11T14:23:32.432Z] COMPANY: "Axis Solutions Ltd" | QUERIES: ["Axis Solutions Ltd" official website] | CANDIDATES: [https://axisbank.com] | SELECTED: "https://axisbank.com" | CONFIDENCE: HIGH | TIME: 0ms | REASON: Resolved via readymade-fallback
[2026-08-11T14:24:10.318Z] COMPANY: "WSFx Global Pay Ltd" | QUERIES: ["WSFx Global Pay Ltd" official website] | CANDIDATES: [https://wsfx.in] | SELECTED: "https://wsfx.in" | CONFIDENCE: HIGH | TIME: 0ms | REASON: Resolved via readymade-fallback
[2026-08-11T14:24:14.310Z] COMPANY: "Parshwanath Corporation Ltd" | QUERIES: ["Parshwanath Corporation Ltd" official website] | CANDIDATES: [https://parshwanath.co.in] | SELECTED: "https://parshwanath.co.in" | CONFIDENCE: HIGH | TIME: 0ms | REASON: Resolved via readymade-fallback
[2026-08-11T14:24:31.970Z] COMPANY: "Millennium Online Solutions ( India ) Ltd" | QUERIES: ["Millennium Online Solutions ( India ) Ltd" official website] | CANDIDATES: [https://mosil.co] | SELECTED: "https://mosil.co" | CONFIDENCE: HIGH | TIME: 0ms | REASON: Resolved via readymade-fallback
[2026-08-11T14:24:48.736Z] COMPANY: "ICDS Ltd" | QUERIES: ["ICDS Ltd" official website] | CANDIDATES: [https://icdsoft.com] | SELECTED: "https://icdsoft.com" | CONFIDENCE: HIGH | TIME: 0ms | REASON: Resolved via readymade-fallback
[2026-08-11T14:25:19.181Z] COMPANY: "Can Fin Homes Ltd" | QUERIES: ["Can Fin Homes Ltd" official website] | CANDIDATES: [https://canfinhomes.com] | SELECTED: "https://canfinhomes.com" | CONFIDENCE: HIGH | TIME: 0ms | REASON: Resolved via readymade-fallback
[2026-08-11T14:25:54.795Z] COMPANY: "IL&FS Investment Managers Ltd" | QUERIES: ["IL&FS Investment Managers Ltd" official website] | CANDIDATES: [https://illinois.gov] | SELECTED: "https://illinois.gov" | CONFIDENCE: HIGH | TIME: 0ms | REASON: Resolved via readymade-fallback
[2026-08-11T14:26:16.677Z] COMPANY: "Shriram Finance Ltd" | QUERIES: ["Shriram Finance Ltd" official website] | CANDIDATES: [https://shriramfinance.in] | SELECTED: "https://shriramfinance.in" | CONFIDENCE: HIGH | TIME: 0ms | REASON: Resolved via readymade-fallback
[2026-08-11T14:26:28.222Z] COMPANY: "Sagar Systech Ltd" | QUERIES: ["Sagar Systech Ltd" official website] | CANDIDATES: [https://sagarsystech.com] | SELECTED: "https://sagarsystech.com" | CONFIDENCE: HIGH | TIME: 0ms | REASON: Resolved via readymade-fallback
[2026-08-11T14:26:49.341Z] COMPANY: "VLS Finance Ltd" | QUERIES: ["VLS Finance Ltd" official website] | CANDIDATES: [https://vlsisoftech.com] | SELECTED: "https://vlsisoftech.com" | CONFIDENCE: HIGH | TIME: 0ms | REASON: Resolved via readymade-fallback
[2026-08-11T14:26:58.568Z] COMPANY: "India Cements Capital Ltd" | QUERIES: ["India Cements Capital Ltd" official website] | CANDIDATES: [https://indiacements.co.in] | SELECTED: "https://indiacements.co.in" | CONFIDENCE: HIGH | TIME: 0ms | REASON: Resolved via readymade-fallback
[2026-08-11T14:27:10.369Z] COMPANY: "Ad-Manum Finance Ltd" | QUERIES: ["Ad-Manum Finance Ltd" official website] | CANDIDATES: [https://admanumfinance.com] | SELECTED: "https://admanumfinance.com" | CONFIDENCE: HIGH | TIME: 0ms | REASON: Resolved via readymade-fallback
[2026-08-11T14:27:21.942Z] COMPANY: "Inter Globe Finance Ltd" | QUERIES: ["Inter Globe Finance Ltd" official website] | CANDIDATES: [https://interglobeserver.com] | SELECTED: "https://interglobeserver.com" | CONFIDENCE: HIGH | TIME: 0ms | REASON: Resolved via readymade-fallback
[2026-08-11T14:27:30.533Z] COMPANY: "Crest Ventures Ltd" | QUERIES: ["Crest Ventures Ltd" official website] | CANDIDATES: [https://crest.co.in] | SELECTED: "https://crest.co.in" | CONFIDENCE: HIGH | TIME: 0ms | REASON: Resolved via readymade-fallback
[2026-08-11T14:27:34.164Z] COMPANY: "Vakrangee Ltd" | QUERIES: ["Vakrangee Ltd" official website] | CANDIDATES: [https://vakrangee.in] | SELECTED: "https://vakrangee.in" | CONFIDENCE: HIGH | TIME: 0ms | REASON: Resolved via readymade-fallback
[2026-08-11T14:27:36.305Z] COMPANY: "Sylph Industries Ltd" | QUERIES: ["Sylph Industries Ltd" official website] | CANDIDATES: [https://wizevo.com] | SELECTED: "https://wizevo.com" | CONFIDENCE: HIGH | TIME: 0ms | REASON: Resolved via readymade-fallback
[2026-08-11T14:31:00.921Z] COMPANY: "Dharani Finance Ltd" | QUERIES: ["Dharani Finance Ltd" official website] | CANDIDATES: [https://dharaniherbbals.in] | SELECTED: "https://dharaniherbbals.in" | CONFIDENCE: HIGH | TIME: 0ms | REASON: Resolved via readymade-fallback
[2026-08-11T14:31:27.377Z] COMPANY: "Capital Trust Ltd" | QUERIES: ["Capital Trust Ltd" official website] | CANDIDATES: [https://capitaltrustltd.com] | SELECTED: "https://capitaltrustltd.com" | CONFIDENCE: HIGH | TIME: 0ms | REASON: Resolved via readymade-fallback
[2026-08-11T14:33:49.121Z] COMPANY: "Ushakiran Finance Ltd" | QUERIES: ["Ushakiran Finance Ltd" official website] | CANDIDATES: [https://uflfinance.com] | SELECTED: "https://uflfinance.com" | CONFIDENCE: HIGH | TIME: 0ms | REASON: Resolved via readymade-fallback
[2026-08-11T14:36:09.029Z] COMPANY: "Vivo Bio Tech Ltd" | QUERIES: ["Vivo Bio Tech Ltd" official website] | CANDIDATES: [https://vivobio.com] | SELECTED: "https://vivobio.com" | CONFIDENCE: HIGH | TIME: 0ms | REASON: Resolved via readymade-fallback
[2026-08-11T14:38:34.839Z] COMPANY: "Veerhealth Care Ltd" | QUERIES: ["Veerhealth Care Ltd" official website] | CANDIDATES: [https://veerhealthcare.net] | SELECTED: "https://veerhealthcare.net" | CONFIDENCE: HIGH | TIME: 0ms | REASON: Resolved via readymade-fallback
[2026-08-11T14:40:54.289Z] COMPANY: "Pan India Corporation Ltd" | QUERIES: ["Pan India Corporation Ltd" official website] | CANDIDATES: [https://panindia.in] | SELECTED: "https://panindia.in" | CONFIDENCE: HIGH | TIME: 0ms | REASON: Resolved via readymade-fallback
[2026-08-11T14:41:02.789Z] COMPANY: "NDA Securities Ltd" | QUERIES: ["NDA Securities Ltd" official website] | CANDIDATES: [https://ndaindia.com] | SELECTED: "https://ndaindia.com" | CONFIDENCE: HIGH | TIME: 0ms | REASON: Resolved via readymade-fallback
[2026-08-11T14:41:20.676Z] COMPANY: "Supra Trends Ltd" | QUERIES: ["Supra Trends Ltd" official website] | CANDIDATES: [https://supratrends.com] | SELECTED: "https://supratrends.com" | CONFIDENCE: HIGH | TIME: 0ms | REASON: Resolved via readymade-fallback
[2026-08-11T14:41:42.666Z] COMPANY: "GSB Finance Ltd" | QUERIES: ["GSB Finance Ltd" official website] | CANDIDATES: [https://gsb.gov.tr] | SELECTED: "https://gsb.gov.tr" | CONFIDENCE: HIGH | TIME: 0ms | REASON: Resolved via readymade-fallback
[2026-08-11T14:44:04.436Z] COMPANY: "Morarka Finance Ltd" | QUERIES: ["Morarka Finance Ltd" official website] | CANDIDATES: [https://morarkafinance.in] | SELECTED: "https://morarkafinance.in" | CONFIDENCE: HIGH | TIME: 0ms | REASON: Resolved via readymade-fallback
[2026-08-11T14:44:05.055Z] COMPANY: "Monarch Networth Capital Ltd" | QUERIES: ["Monarch Networth Capital Ltd" official website] | CANDIDATES: [https://mnclgroup.com] | SELECTED: "https://mnclgroup.com" | CONFIDENCE: HIGH | TIME: 0ms | REASON: Resolved via readymade-fallback
[2026-08-11T14:44:50.282Z] COMPANY: "Pro Fin Capital Services Ltd" | QUERIES: ["Pro Fin Capital Services Ltd" official website] | CANDIDATES: [https://profinance.ru] | SELECTED: "https://profinance.ru" | CONFIDENCE: HIGH | TIME: 0ms | REASON: Resolved via readymade-fallback
[2026-08-11T14:47:13.666Z] COMPANY: "Crescentis Capital Ltd" | QUERIES: ["Crescentis Capital Ltd" official website] | CANDIDATES: [https://crescentisland.co] | SELECTED: "https://crescentisland.co" | CONFIDENCE: HIGH | TIME: 0ms | REASON: Resolved via readymade-fallback
[2026-08-11T14:47:31.900Z] COMPANY: "Mantra Capital Ltd" | QUERIES: ["Mantra Capital Ltd" official website] | CANDIDATES: [https://mantracapital.uk] | SELECTED: "https://mantracapital.uk" | CONFIDENCE: HIGH | TIME: 0ms | REASON: Resolved via readymade-fallback
[2026-08-11T14:47:39.343Z] COMPANY: "Avonmore Capital & Management Services Ltd" | QUERIES: ["Avonmore Capital & Management Services Ltd" official website] | CANDIDATES: [https://avonmorecapital.in] | SELECTED: "https://avonmorecapital.in" | CONFIDENCE: HIGH | TIME: 0ms | REASON: Resolved via readymade-fallback
[2026-08-11T14:50:00.786Z] COMPANY: "Libord Finance Ltd" | QUERIES: ["Libord Finance Ltd" official website] | CANDIDATES: [https://libordbroking.com] | SELECTED: "https://libordbroking.com" | CONFIDENCE: HIGH | TIME: 0ms | REASON: Resolved via readymade-fallback
[2026-08-11T14:50:36.109Z] COMPANY: "Yash Management & Satellite Ltd" | QUERIES: ["Yash Management & Satellite Ltd" official website] | CANDIDATES: [https://halliganlofts.com] | SELECTED: "https://halliganlofts.com" | CONFIDENCE: HIGH | TIME: 0ms | REASON: Resolved via readymade-fallback
[2026-08-11T14:50:56.679Z] COMPANY: "ISL Consulting Ltd" | QUERIES: ["ISL Consulting Ltd" official website] | CANDIDATES: [https://islconsulting.in] | SELECTED: "https://islconsulting.in" | CONFIDENCE: HIGH | TIME: 0ms | REASON: Resolved via readymade-fallback
[2026-08-11T14:53:16.133Z] COMPANY: "Sugal & Damani Share Brokers Ltd" | QUERIES: ["Sugal & Damani Share Brokers Ltd" official website] | CANDIDATES: [https://sugaldamani.com] | SELECTED: "https://sugaldamani.com" | CONFIDENCE: HIGH | TIME: 0ms | REASON: Resolved via readymade-fallback
[2026-08-11T14:53:26.741Z] COMPANY: "Nettlinx Ltd" | QUERIES: ["Nettlinx Ltd" official website] | CANDIDATES: [https://nettlinx.com] | SELECTED: "https://nettlinx.com" | CONFIDENCE: HIGH | TIME: 0ms | REASON: Resolved via readymade-fallback
[2026-08-11T14:53:55.789Z] COMPANY: "BGIL Films & Technologies Ltd" | QUERIES: ["BGIL Films & Technologies Ltd" official website] | CANDIDATES: [https://bgilfilms.com] | SELECTED: "https://bgilfilms.com" | CONFIDENCE: HIGH | TIME: 0ms | REASON: Resolved via readymade-fallback
[2026-08-11T14:53:56.449Z] COMPANY: "Scan Steels Ltd" | QUERIES: ["Scan Steels Ltd" official website] | CANDIDATES: [https://scansteels.com] | SELECTED: "https://scansteels.com" | CONFIDENCE: HIGH | TIME: 0ms | REASON: Resolved via readymade-fallback
[2026-08-11T14:54:18.853Z] COMPANY: "GIC Housing Finance Ltd" | QUERIES: ["GIC Housing Finance Ltd" official website] | CANDIDATES: [https://gichfindia.com] | SELECTED: "https://gichfindia.com" | CONFIDENCE: HIGH | TIME: 0ms | REASON: Resolved via readymade-fallback
[2026-08-11T14:54:20.161Z] COMPANY: "Ajcon Global Services Ltd" | QUERIES: ["Ajcon Global Services Ltd" official website] | CANDIDATES: [https://ajcononline.com] | SELECTED: "https://ajcononline.com" | CONFIDENCE: HIGH | TIME: 0ms | REASON: Resolved via readymade-fallback
[2026-08-11T14:54:27.962Z] COMPANY: "Chartered Capital & Investment Ltd" | QUERIES: ["Chartered Capital & Investment Ltd" official website] | CANDIDATES: [https://charteredcapital.net] | SELECTED: "https://charteredcapital.net" | CONFIDENCE: HIGH | TIME: 0ms | REASON: Resolved via readymade-fallback
[2026-08-11T14:54:35.896Z] COMPANY: "YOGI Ltd" | QUERIES: ["YOGI Ltd" official website] | CANDIDATES: [https://yogi24.co.uk] | SELECTED: "https://yogi24.co.uk" | CONFIDENCE: HIGH | TIME: 0ms | REASON: Resolved via readymade-fallback
[2026-08-11T14:55:06.954Z] COMPANY: "Relic Technologies Ltd" | QUERIES: ["Relic Technologies Ltd" official website] | CANDIDATES: [https://relicradio.com] | SELECTED: "https://relicradio.com" | CONFIDENCE: HIGH | TIME: 1ms | REASON: Resolved via readymade-fallback
[2026-08-11T14:55:12.783Z] COMPANY: "Nimbus Projects Ltd" | QUERIES: ["Nimbus Projects Ltd" official website] | CANDIDATES: [https://nimbusprojectsltd.com] | SELECTED: "https://nimbusprojectsltd.com" | CONFIDENCE: HIGH | TIME: 0ms | REASON: Resolved via readymade-fallback
[2026-08-11T14:55:26.837Z] COMPANY: "Baid Finserv Ltd" | QUERIES: ["Baid Finserv Ltd" official website] | CANDIDATES: [https://baidfinserv.com] | SELECTED: "https://baidfinserv.com" | CONFIDENCE: HIGH | TIME: 0ms | REASON: Resolved via readymade-fallback
[2026-08-11T14:55:31.760Z] COMPANY: "Vipul Ltd" | QUERIES: ["Vipul Ltd" official website] | CANDIDATES: [https://vipulgroup.in] | SELECTED: "https://vipulgroup.in" | CONFIDENCE: HIGH | TIME: 0ms | REASON: Resolved via readymade-fallback
[2026-08-11T14:55:35.528Z] COMPANY: "Ugro Capital Ltd" | QUERIES: ["Ugro Capital Ltd" official website] | CANDIDATES: [https://ugroupcu.com] | SELECTED: "https://ugroupcu.com" | CONFIDENCE: HIGH | TIME: 0ms | REASON: Resolved via readymade-fallback
[2026-08-11T14:55:55.254Z] COMPANY: "Shalibhadra Finance Ltd" | QUERIES: ["Shalibhadra Finance Ltd" official website] | CANDIDATES: [https://shalibhadrainternational.com] | SELECTED: "https://shalibhadrainternational.com" | CONFIDENCE: HIGH | TIME: 0ms | REASON: Resolved via readymade-fallback
[2026-08-11T14:56:11.288Z] COMPANY: "Mansi Finance (Chennai) Ltd" | QUERIES: ["Mansi Finance (Chennai) Ltd" official website] | CANDIDATES: [https://mansionglobal.com] | SELECTED: "https://mansionglobal.com" | CONFIDENCE: HIGH | TIME: 1ms | REASON: Resolved via readymade-fallback
[2026-08-11T14:56:11.737Z] COMPANY: "Muthoot Capital Services Ltd" | QUERIES: ["Muthoot Capital Services Ltd" official website] | CANDIDATES: [https://muthootfinance.com] | SELECTED: "https://muthootfinance.com" | CONFIDENCE: HIGH | TIME: 0ms | REASON: Resolved via readymade-fallback
[2026-08-11T14:56:22.440Z] COMPANY: "Master Trust Ltd" | QUERIES: ["Master Trust Ltd" official website] | CANDIDATES: [https://mastertrust.co.in] | SELECTED: "https://mastertrust.co.in" | CONFIDENCE: HIGH | TIME: 0ms | REASON: Resolved via readymade-fallback
[2026-08-11T14:56:23.411Z] COMPANY: "EFC (I) Ltd" | QUERIES: ["EFC (I) Ltd" official website] | CANDIDATES: [https://ef.com.cn] | SELECTED: "https://ef.com.cn" | CONFIDENCE: HIGH | TIME: 0ms | REASON: Resolved via readymade-fallback
[2026-08-11T14:56:42.121Z] COMPANY: "Skybiotech Healthcare Ltd" | QUERIES: ["Skybiotech Healthcare Ltd" official website] | CANDIDATES: [https://skybiotech.net] | SELECTED: "https://skybiotech.net" | CONFIDENCE: HIGH | TIME: 0ms | REASON: Resolved via readymade-fallback
[2026-08-11T14:56:49.719Z] COMPANY: "Royal India Corporation Ltd" | QUERIES: ["Royal India Corporation Ltd" official website] | CANDIDATES: [https://royalindia.pl] | SELECTED: "https://royalindia.pl" | CONFIDENCE: HIGH | TIME: 0ms | REASON: Resolved via readymade-fallback
[2026-08-11T14:57:04.518Z] COMPANY: "Tandhan Industries Ltd" | QUERIES: ["Tandhan Industries Ltd" official website] | CANDIDATES: [https://tandhanpolyplast.com] | SELECTED: "https://tandhanpolyplast.com" | CONFIDENCE: HIGH | TIME: 0ms | REASON: Resolved via readymade-fallback
[2026-08-11T14:57:05.408Z] COMPANY: "Wardwizard Healthcare Ltd" | QUERIES: ["Wardwizard Healthcare Ltd" official website] | CANDIDATES: [https://wardwizard.in] | SELECTED: "https://wardwizard.in" | CONFIDENCE: HIGH | TIME: 1ms | REASON: Resolved via readymade-fallback
[2026-08-11T14:57:08.635Z] COMPANY: "Vishvprabha Ventures Ltd" | QUERIES: ["Vishvprabha Ventures Ltd" official website] | CANDIDATES: [https://vishvprabhaventures.com] | SELECTED: "https://vishvprabhaventures.com" | CONFIDENCE: HIGH | TIME: 0ms | REASON: Resolved via readymade-fallback
[2026-08-11T14:57:17.233Z] COMPANY: "Deccan Gold Mines Ltd" | QUERIES: ["Deccan Gold Mines Ltd" official website] | CANDIDATES: [https://deccangoldmines.com] | SELECTED: "https://deccangoldmines.com" | CONFIDENCE: HIGH | TIME: 0ms | REASON: Resolved via readymade-fallback
[2026-08-11T14:57:48.947Z] COMPANY: "UPL Ltd" | QUERIES: ["UPL Ltd" official website] | CANDIDATES: [https://upland.me] | SELECTED: "https://upland.me" | CONFIDENCE: HIGH | TIME: 0ms | REASON: Resolved via readymade-fallback
[2026-08-11T14:58:07.479Z] COMPANY: "Global Defence Industries Ltd" | QUERIES: ["Global Defence Industries Ltd" official website] | CANDIDATES: [https://globaldefenceacademy.com] | SELECTED: "https://globaldefenceacademy.com" | CONFIDENCE: HIGH | TIME: 0ms | REASON: Resolved via readymade-fallback
[2026-08-11T14:58:19.477Z] COMPANY: "Triochem Products Ltd" | QUERIES: ["Triochem Products Ltd" official website] | CANDIDATES: [https://triochemproducts.com] | SELECTED: "https://triochemproducts.com" | CONFIDENCE: HIGH | TIME: 0ms | REASON: Resolved via readymade-fallback
[2026-08-11T14:58:27.033Z] COMPANY: "Aviva Industries Ltd" | QUERIES: ["Aviva Industries Ltd" official website] | CANDIDATES: [https://avivaromm.com] | SELECTED: "https://avivaromm.com" | CONFIDENCE: HIGH | TIME: 0ms | REASON: Resolved via readymade-fallback
[2026-08-11T14:58:47.880Z] COMPANY: "Signet Industries Ltd" | QUERIES: ["Signet Industries Ltd" official website] | CANDIDATES: [https://signetjewelers.com] | SELECTED: "https://signetjewelers.com" | CONFIDENCE: HIGH | TIME: 0ms | REASON: Resolved via readymade-fallback
[2026-08-11T14:58:49.949Z] COMPANY: "Avance Technologies Ltd" | QUERIES: ["Avance Technologies Ltd" official website] | CANDIDATES: [https://avancefuneralhome.com] | SELECTED: "https://avancefuneralhome.com" | CONFIDENCE: HIGH | TIME: 0ms | REASON: Resolved via readymade-fallback
[2026-08-11T14:59:07.214Z] COMPANY: "M Lakhamsi Industries Ltd" | QUERIES: ["M Lakhamsi Industries Ltd" official website] | CANDIDATES: [https://lakhamsi.com] | SELECTED: "https://lakhamsi.com" | CONFIDENCE: HIGH | TIME: 0ms | REASON: Resolved via readymade-fallback
[2026-08-11T14:59:42.581Z] COMPANY: "Securekloud Technologies Ltd" | QUERIES: ["Securekloud Technologies Ltd" official website] | CANDIDATES: [https://securekloud.com] | SELECTED: "https://securekloud.com" | CONFIDENCE: HIGH | TIME: 0ms | REASON: Resolved via readymade-fallback
[2026-08-11T14:59:46.614Z] COMPANY: "Abans Enterprises Ltd" | QUERIES: ["Abans Enterprises Ltd" official website] | CANDIDATES: [https://aban.net] | SELECTED: "https://aban.net" | CONFIDENCE: HIGH | TIME: 0ms | REASON: Resolved via readymade-fallback
[2026-08-11T15:00:02.181Z] COMPANY: "Capricorn Systems Global Solutions Ltd" | QUERIES: ["Capricorn Systems Global Solutions Ltd" official website] | CANDIDATES: [https://capricornsys-global.com] | SELECTED: "https://capricornsys-global.com" | CONFIDENCE: HIGH | TIME: 0ms | REASON: Resolved via readymade-fallback
[2026-08-11T15:02:25.905Z] COMPANY: "Vama Industries Ltd" | QUERIES: ["Vama Industries Ltd" official website] | CANDIDATES: [https://vam.ac.uk] | SELECTED: "https://vam.ac.uk" | CONFIDENCE: HIGH | TIME: 1ms | REASON: Resolved via readymade-fallback
[2026-08-11T15:02:45.910Z] COMPANY: "Sunteck Realty Ltd" | QUERIES: ["Sunteck Realty Ltd" official website] | CANDIDATES: [https://sunteckindia.com] | SELECTED: "https://sunteckindia.com" | CONFIDENCE: HIGH | TIME: 1ms | REASON: Resolved via readymade-fallback
[2026-08-11T15:02:50.426Z] COMPANY: "Bentley Commercial Enterprises Ltd" | QUERIES: ["Bentley Commercial Enterprises Ltd" official website] | CANDIDATES: [https://bentleycommercial.co.uk] | SELECTED: "https://bentleycommercial.co.uk" | CONFIDENCE: HIGH | TIME: 0ms | REASON: Resolved via readymade-fallback
[2026-08-11T15:03:12.059Z] COMPANY: "Silveroak Commercials Ltd" | QUERIES: ["Silveroak Commercials Ltd" official website] | CANDIDATES: [https://silveroakcre.com] | SELECTED: "https://silveroakcre.com" | CONFIDENCE: HIGH | TIME: 0ms | REASON: Resolved via readymade-fallback
[2026-08-11T15:03:23.243Z] COMPANY: "Veritas (India) Ltd" | QUERIES: ["Veritas (India) Ltd" official website] | CANDIDATES: [https://veritaspress.com] | SELECTED: "https://veritaspress.com" | CONFIDENCE: HIGH | TIME: 0ms | REASON: Resolved via readymade-fallback
[2026-08-11T15:03:26.090Z] COMPANY: "Jai Corp Ltd" | QUERIES: ["Jai Corp Ltd" official website] | CANDIDATES: [https://jailexchange.com] | SELECTED: "https://jailexchange.com" | CONFIDENCE: HIGH | TIME: 0ms | REASON: Resolved via readymade-fallback
[2026-08-11T15:03:27.772Z] COMPANY: "Ashirwad Capital Ltd" | QUERIES: ["Ashirwad Capital Ltd" official website] | CANDIDATES: [https://ashirwadagency.com] | SELECTED: "https://ashirwadagency.com" | CONFIDENCE: HIGH | TIME: 0ms | REASON: Resolved via readymade-fallback
[2026-08-11T15:03:31.472Z] COMPANY: "Autoriders International Ltd" | QUERIES: ["Autoriders International Ltd" official website] | CANDIDATES: [https://autoriders.in] | SELECTED: "https://autoriders.in" | CONFIDENCE: HIGH | TIME: 0ms | REASON: Resolved via readymade-fallback
[2026-08-11T15:03:55.216Z] COMPANY: "Bhagyanagar India Ltd" | QUERIES: ["Bhagyanagar India Ltd" official website] | CANDIDATES: [https://bhagyanagarindia.com] | SELECTED: "https://bhagyanagarindia.com" | CONFIDENCE: HIGH | TIME: 0ms | REASON: Resolved via readymade-fallback
[2026-08-11T15:04:28.540Z] COMPANY: "Typhoon Holdings Ltd" | QUERIES: ["Typhoon Holdings Ltd" official website] | CANDIDATES: [https://typhoontexas.com] | SELECTED: "https://typhoontexas.com" | CONFIDENCE: HIGH | TIME: 0ms | REASON: Resolved via readymade-fallback
[2026-08-11T15:04:43.427Z] COMPANY: "SG Mart Ltd" | QUERIES: ["SG Mart Ltd" official website] | CANDIDATES: [https://interiorblender.com] | SELECTED: "https://interiorblender.com" | CONFIDENCE: HIGH | TIME: 0ms | REASON: Resolved via readymade-fallback
[2026-08-11T15:04:51.935Z] COMPANY: "Sheraton Properties & Finance Ltd" | QUERIES: ["Sheraton Properties & Finance Ltd" official website] | CANDIDATES: [https://sheratonproperties.com] | SELECTED: "https://sheratonproperties.com" | CONFIDENCE: HIGH | TIME: 0ms | REASON: Resolved via readymade-fallback
[2026-08-11T15:05:05.550Z] COMPANY: "Starteck Finance Ltd" | QUERIES: ["Starteck Finance Ltd" official website] | CANDIDATES: [https://starteckworkspace.com] | SELECTED: "https://starteckworkspace.com" | CONFIDENCE: HIGH | TIME: 0ms | REASON: Resolved via readymade-fallback
[2026-08-11T15:05:19.707Z] COMPANY: "Apollo Finvest India Ltd" | QUERIES: ["Apollo Finvest India Ltd" official website] | CANDIDATES: [https://apollofinvest.com] | SELECTED: "https://apollofinvest.com" | CONFIDENCE: HIGH | TIME: 0ms | REASON: Resolved via readymade-fallback
[2026-08-11T15:05:30.047Z] COMPANY: "Enbee Trade & Finance Ltd" | QUERIES: ["Enbee Trade & Finance Ltd" official website] | CANDIDATES: [https://enbeetrade.com] | SELECTED: "https://enbeetrade.com" | CONFIDENCE: HIGH | TIME: 0ms | REASON: Resolved via readymade-fallback
[2026-08-11T15:07:52.086Z] COMPANY: "Lloyds Enterprises Ltd" | QUERIES: ["Lloyds Enterprises Ltd" official website] | CANDIDATES: [https://lloydsbank.com] | SELECTED: "https://lloydsbank.com" | CONFIDENCE: HIGH | TIME: 0ms | REASON: Resolved via readymade-fallback
[2026-08-11T15:08:06.224Z] COMPANY: "Betex India Ltd" | QUERIES: ["Betex India Ltd" official website] | CANDIDATES: [https://betexindia.com] | SELECTED: "https://betexindia.com" | CONFIDENCE: HIGH | TIME: 0ms | REASON: Resolved via readymade-fallback
[2026-08-11T15:08:17.503Z] COMPANY: "Garnet International Ltd" | QUERIES: ["Garnet International Ltd" official website] | CANDIDATES: [https://garnetint.com] | SELECTED: "https://garnetint.com" | CONFIDENCE: HIGH | TIME: 0ms | REASON: Resolved via readymade-fallback
[2026-08-11T15:08:45.377Z] COMPANY: "Shalimar Productions Ltd" | QUERIES: ["Shalimar Productions Ltd" official website] | CANDIDATES: [https://shalimarpro.com] | SELECTED: "https://shalimarpro.com" | CONFIDENCE: HIGH | TIME: 0ms | REASON: Resolved via readymade-fallback
[2026-08-11T15:08:58.654Z] COMPANY: "Meenakshi Steel Industries Ltd" | QUERIES: ["Meenakshi Steel Industries Ltd" official website] | CANDIDATES: [https://meenakshisteel.co.in] | SELECTED: "https://meenakshisteel.co.in" | CONFIDENCE: HIGH | TIME: 0ms | REASON: Resolved via readymade-fallback
[2026-08-11T15:08:59.554Z] COMPANY: "Donear Industries Ltd" | QUERIES: ["Donear Industries Ltd" official website] | CANDIDATES: [https://donear.com] | SELECTED: "https://donear.com" | CONFIDENCE: HIGH | TIME: 0ms | REASON: Resolved via readymade-fallback
[2026-08-11T15:09:21.007Z] COMPANY: "Super Sales India Ltd" | QUERIES: ["Super Sales India Ltd" official website] | CANDIDATES: [https://supersales.co.in] | SELECTED: "https://supersales.co.in" | CONFIDENCE: HIGH | TIME: 0ms | REASON: Resolved via readymade-fallback
[2026-08-11T15:09:33.562Z] COMPANY: "State Trading Corporation of India Ltd" | QUERIES: ["State Trading Corporation of India Ltd" official website] | CANDIDATES: [https://stclimited.co.in] | SELECTED: "https://stclimited.co.in" | CONFIDENCE: HIGH | TIME: 0ms | REASON: Resolved via readymade-fallback
[2026-08-11T15:09:50.377Z] COMPANY: "Zenith Exports Ltd" | QUERIES: ["Zenith Exports Ltd" official website] | CANDIDATES: [https://zenithexportslimited.com] | SELECTED: "https://zenithexportslimited.com" | CONFIDENCE: HIGH | TIME: 0ms | REASON: Resolved via readymade-fallback
[2026-08-11T15:10:02.677Z] COMPANY: "Neelkanth Ltd" | QUERIES: ["Neelkanth Ltd" official website] | CANDIDATES: [https://neelkanthdrugs.in] | SELECTED: "https://neelkanthdrugs.in" | CONFIDENCE: HIGH | TIME: 0ms | REASON: Resolved via readymade-fallback
[2026-08-11T15:12:24.479Z] COMPANY: "Avanti Feeds Ltd" | QUERIES: ["Avanti Feeds Ltd" official website] | CANDIDATES: [https://avantifeeds.com] | SELECTED: "https://avantifeeds.com" | CONFIDENCE: HIGH | TIME: 0ms | REASON: Resolved via readymade-fallback
[2026-08-11T15:12:32.819Z] COMPANY: "Sita Enterprises Ltd" | QUERIES: ["Sita Enterprises Ltd" official website] | CANDIDATES: [https://sita.aero] | SELECTED: "https://sita.aero" | CONFIDENCE: HIGH | TIME: 0ms | REASON: Resolved via readymade-fallback
[2026-08-11T15:12:56.883Z] COMPANY: "Manbro Industries Ltd" | QUERIES: ["Manbro Industries Ltd" official website] | CANDIDATES: [https://manbroker.pl] | SELECTED: "https://manbroker.pl" | CONFIDENCE: HIGH | TIME: 0ms | REASON: Resolved via readymade-fallback
[2026-08-11T15:13:14.865Z] COMPANY: "Keynote Financial Services Ltd" | QUERIES: ["Keynote Financial Services Ltd" official website] | CANDIDATES: [https://keynotefinancial.com] | SELECTED: "https://keynotefinancial.com" | CONFIDENCE: HIGH | TIME: 0ms | REASON: Resolved via readymade-fallback
[2026-08-11T15:13:35.209Z] COMPANY: "Adani Enterprises Ltd" | QUERIES: ["Adani Enterprises Ltd" official website] | CANDIDATES: [https://adanielectricity.com] | SELECTED: "https://adanielectricity.com" | CONFIDENCE: HIGH | TIME: 0ms | REASON: Resolved via readymade-fallback
[2026-08-11T15:13:50.839Z] COMPANY: "Bhandari Hosiery Exports Ltd" | QUERIES: ["Bhandari Hosiery Exports Ltd" official website] | CANDIDATES: [https://bhandariexport.com] | SELECTED: "https://bhandariexport.com" | CONFIDENCE: HIGH | TIME: 0ms | REASON: Resolved via readymade-fallback
[2026-08-11T15:13:58.222Z] COMPANY: "RLF Ltd" | QUERIES: ["RLF Ltd" official website] | CANDIDATES: [https://rlfans.com] | SELECTED: "https://rlfans.com" | CONFIDENCE: HIGH | TIME: 0ms | REASON: Resolved via readymade-fallback
[2026-08-11T15:13:59.623Z] COMPANY: "Regent Enterprises Ltd" | QUERIES: ["Regent Enterprises Ltd" official website] | CANDIDATES: [https://regententerprises.in] | SELECTED: "https://regententerprises.in" | CONFIDENCE: HIGH | TIME: 0ms | REASON: Resolved via readymade-fallback
[2026-08-11T15:14:17.813Z] COMPANY: "Orbit Exports Ltd" | QUERIES: ["Orbit Exports Ltd" official website] | CANDIDATES: [https://orbitexports.com] | SELECTED: "https://orbitexports.com" | CONFIDENCE: HIGH | TIME: 0ms | REASON: Resolved via readymade-fallback
[2026-08-11T15:14:35.543Z] COMPANY: "Savera Industries Ltd" | QUERIES: ["Savera Industries Ltd" official website] | CANDIDATES: [https://saveracruz.com.ar] | SELECTED: "https://saveracruz.com.ar" | CONFIDENCE: HIGH | TIME: 0ms | REASON: Resolved via readymade-fallback
[2026-08-11T15:14:49.281Z] COMPANY: "Nava Ltd" | QUERIES: ["Nava Ltd" official website] | CANDIDATES: [https://navalimited.com] | SELECTED: "https://navalimited.com" | CONFIDENCE: HIGH | TIME: 0ms | REASON: Resolved via readymade-fallback
[2026-08-11T15:15:10.156Z] COMPANY: "Shivalik Bimetal Controls Ltd" | QUERIES: ["Shivalik Bimetal Controls Ltd" official website] | CANDIDATES: [https://shivalikbimetals.com] | SELECTED: "https://shivalikbimetals.com" | CONFIDENCE: HIGH | TIME: 0ms | REASON: Resolved via readymade-fallback
[2026-08-11T15:15:18.594Z] COMPANY: "Gandhi Special Tubes Ltd" | QUERIES: ["Gandhi Special Tubes Ltd" official website] | CANDIDATES: [https://gandhispecialtubes.com] | SELECTED: "https://gandhispecialtubes.com" | CONFIDENCE: HIGH | TIME: 0ms | REASON: Resolved via readymade-fallback
[2026-08-11T15:15:35.093Z] COMPANY: "Oricon Enterprises Ltd" | QUERIES: ["Oricon Enterprises Ltd" official website] | CANDIDATES: [https://oricon.co.jp] | SELECTED: "https://oricon.co.jp" | CONFIDENCE: HIGH | TIME: 0ms | REASON: Resolved via readymade-fallback
[2026-08-11T15:15:49.025Z] COMPANY: "Acrow India Ltd" | QUERIES: ["Acrow India Ltd" official website] | CANDIDATES: [https://acrowdofstocks.com] | SELECTED: "https://acrowdofstocks.com" | CONFIDENCE: HIGH | TIME: 0ms | REASON: Resolved via readymade-fallback
[2026-08-11T15:15:56.125Z] COMPANY: "Pennar Industries Ltd" | QUERIES: ["Pennar Industries Ltd" official website] | CANDIDATES: [https://pennarbed-immobilier.fr] | SELECTED: "https://pennarbed-immobilier.fr" | CONFIDENCE: HIGH | TIME: 0ms | REASON: Resolved via readymade-fallback
[2026-08-11T15:16:06.554Z] COMPANY: "Jyoti Structures Ltd" | QUERIES: ["Jyoti Structures Ltd" official website] | CANDIDATES: [https://jsl.in] | SELECTED: "https://jsl.in" | CONFIDENCE: HIGH | TIME: 0ms | REASON: Resolved via readymade-fallback
[2026-08-11T15:16:07.309Z] COMPANY: "Steel Strips Wheels Ltd" | QUERIES: ["Steel Strips Wheels Ltd" official website] | CANDIDATES: [https://sswlindia.com] | SELECTED: "https://sswlindia.com" | CONFIDENCE: HIGH | TIME: 0ms | REASON: Resolved via readymade-fallback
[2026-08-11T15:16:29.143Z] COMPANY: "Man Industries (India) Ltd" | QUERIES: ["Man Industries (India) Ltd" official website] | CANDIDATES: [https://mangakakalot.com] | SELECTED: "https://mangakakalot.com" | CONFIDENCE: HIGH | TIME: 0ms | REASON: Resolved via readymade-fallback
[2026-08-11T15:17:45.965Z] COMPANY: "Imec Services Ltd" | QUERIES: ["Imec Services Ltd" official website] | CANDIDATES: [https://ime.co.ir] | SELECTED: "https://ime.co.ir" | CONFIDENCE: HIGH | TIME: 0ms | REASON: Resolved via readymade-fallback
[2026-08-11T15:20:07.420Z] COMPANY: "Modern Steels Ltd" | QUERIES: ["Modern Steels Ltd" official website] | CANDIDATES: [https://modernsteel.net] | SELECTED: "https://modernsteel.net" | CONFIDENCE: HIGH | TIME: 0ms | REASON: Resolved via readymade-fallback
[2026-08-11T15:20:16.908Z] COMPANY: "Gujarat Toolroom Ltd" | QUERIES: ["Gujarat Toolroom Ltd" official website] | CANDIDATES: [https://gujarattoolroom.com] | SELECTED: "https://gujarattoolroom.com" | CONFIDENCE: HIGH | TIME: 0ms | REASON: Resolved via readymade-fallback
[2026-08-11T15:20:40.971Z] COMPANY: "India Homes Ltd" | QUERIES: ["India Homes Ltd" official website] | CANDIDATES: [https://indiahomes.com] | SELECTED: "https://indiahomes.com" | CONFIDENCE: HIGH | TIME: 0ms | REASON: Resolved via readymade-fallback
[2026-08-11T15:20:49.933Z] COMPANY: "MMTC Ltd" | QUERIES: ["MMTC Ltd" official website] | CANDIDATES: [https://mmt.com] | SELECTED: "https://mmt.com" | CONFIDENCE: HIGH | TIME: 0ms | REASON: Resolved via readymade-fallback
[2026-08-11T15:21:01.367Z] COMPANY: "Vallabh Steels Ltd" | QUERIES: ["Vallabh Steels Ltd" official website] | CANDIDATES: [https://vallabhsteels.com] | SELECTED: "https://vallabhsteels.com" | CONFIDENCE: HIGH | TIME: 0ms | REASON: Resolved via readymade-fallback
[2026-08-11T15:21:12.789Z] COMPANY: "Smiths & Founders (India) Ltd" | QUERIES: ["Smiths & Founders (India) Ltd" official website] | CANDIDATES: [https://smithsonianmag.com] | SELECTED: "https://smithsonianmag.com" | CONFIDENCE: HIGH | TIME: 0ms | REASON: Resolved via readymade-fallback
[2026-08-11T15:21:15.198Z] COMPANY: "Bloom Industries Ltd" | QUERIES: ["Bloom Industries Ltd" official website] | CANDIDATES: [https://bloomberg.com] | SELECTED: "https://bloomberg.com" | CONFIDENCE: HIGH | TIME: 0ms | REASON: Resolved via readymade-fallback
[2026-08-11T15:21:27.701Z] COMPANY: "Maitri Enterprises Ltd" | QUERIES: ["Maitri Enterprises Ltd" official website] | CANDIDATES: [https://maitriobgyn.com] | SELECTED: "https://maitriobgyn.com" | CONFIDENCE: HIGH | TIME: 0ms | REASON: Resolved via readymade-fallback
[2026-08-11T15:21:38.163Z] COMPANY: "Shah Alloys Ltd" | QUERIES: ["Shah Alloys Ltd" official website] | CANDIDATES: [https://shahalloys.com] | SELECTED: "https://shahalloys.com" | CONFIDENCE: HIGH | TIME: 1ms | REASON: Resolved via readymade-fallback
[2026-08-11T15:21:48.423Z] COMPANY: "Elango Industries Ltd" | QUERIES: ["Elango Industries Ltd" official website] | CANDIDATES: [https://elang.or.id] | SELECTED: "https://elang.or.id" | CONFIDENCE: HIGH | TIME: 0ms | REASON: Resolved via readymade-fallback
[2026-08-11T15:22:00.962Z] COMPANY: "Simplex Castings Ltd" | QUERIES: ["Simplex Castings Ltd" official website] | CANDIDATES: [https://simplexcastings.com] | SELECTED: "https://simplexcastings.com" | CONFIDENCE: HIGH | TIME: 0ms | REASON: Resolved via readymade-fallback
[2026-08-11T15:22:02.477Z] COMPANY: "Gujarat Containers Ltd" | QUERIES: ["Gujarat Containers Ltd" official website] | CANDIDATES: [https://gujaratcontainers.com] | SELECTED: "https://gujaratcontainers.com" | CONFIDENCE: HIGH | TIME: 0ms | REASON: Resolved via readymade-fallback
[2026-08-11T15:22:17.082Z] COMPANY: "Kalyani Forge Ltd" | QUERIES: ["Kalyani Forge Ltd" official website] | CANDIDATES: [https://kalyaniforge.co.in] | SELECTED: "https://kalyaniforge.co.in" | CONFIDENCE: HIGH | TIME: 0ms | REASON: Resolved via readymade-fallback
[2026-08-11T15:24:35.265Z] COMPANY: "Panchmahal Steel Ltd" | QUERIES: ["Panchmahal Steel Ltd" official website] | CANDIDATES: [https://panchmahalsteel.co.in] | SELECTED: "https://panchmahalsteel.co.in" | CONFIDENCE: HIGH | TIME: 1ms | REASON: Resolved via readymade-fallback
[2026-08-11T15:26:57.839Z] COMPANY: "Steelcast Ltd" | QUERIES: ["Steelcast Ltd" official website] | CANDIDATES: [https://steelcasterstore.com] | SELECTED: "https://steelcasterstore.com" | CONFIDENCE: HIGH | TIME: 0ms | REASON: Resolved via readymade-fallback
[2026-08-11T15:27:12.428Z] COMPANY: "Pitti Engineering Ltd" | QUERIES: ["Pitti Engineering Ltd" official website] | CANDIDATES: [https://pitti.in] | SELECTED: "https://pitti.in" | CONFIDENCE: HIGH | TIME: 0ms | REASON: Resolved via readymade-fallback
[2026-08-11T15:27:22.201Z] COMPANY: "Glittek Granites Ltd" | QUERIES: ["Glittek Granites Ltd" official website] | CANDIDATES: [https://glittek.com] | SELECTED: "https://glittek.com" | CONFIDENCE: HIGH | TIME: 0ms | REASON: Resolved via readymade-fallback
[2026-08-11T15:27:32.733Z] COMPANY: "Pradeep Metals Ltd" | QUERIES: ["Pradeep Metals Ltd" official website] | CANDIDATES: [https://pradeepmetals.com] | SELECTED: "https://pradeepmetals.com" | CONFIDENCE: HIGH | TIME: 0ms | REASON: Resolved via readymade-fallback
[2026-08-11T15:27:55.265Z] COMPANY: "Sharda Ispat Ltd" | QUERIES: ["Sharda Ispat Ltd" official website] | CANDIDATES: [https://shardaispat.com] | SELECTED: "https://shardaispat.com" | CONFIDENCE: HIGH | TIME: 0ms | REASON: Resolved via readymade-fallback
[2026-08-11T15:28:11.417Z] COMPANY: "Foundry Fuel Products Ltd" | QUERIES: ["Foundry Fuel Products Ltd" official website] | CANDIDATES: [https://foundryfuel.co.in] | SELECTED: "https://foundryfuel.co.in" | CONFIDENCE: HIGH | TIME: 0ms | REASON: Resolved via readymade-fallback
[2026-08-11T15:28:21.962Z] COMPANY: "Hindustan Copper Ltd" | QUERIES: ["Hindustan Copper Ltd" official website] | CANDIDATES: [https://hindustancopper.com] | SELECTED: "https://hindustancopper.com" | CONFIDENCE: HIGH | TIME: 0ms | REASON: Resolved via readymade-fallback
[2026-08-11T15:28:23.898Z] COMPANY: "Tulsyan NEC Ltd" | QUERIES: ["Tulsyan NEC Ltd" official website] | CANDIDATES: [https://tulsyannec.in] | SELECTED: "https://tulsyannec.in" | CONFIDENCE: HIGH | TIME: 0ms | REASON: Resolved via readymade-fallback
[2026-08-11T15:28:40.977Z] COMPANY: "Spectra Industries Ltd" | QUERIES: ["Spectra Industries Ltd" official website] | CANDIDATES: [https://spectrasonics.net] | SELECTED: "https://spectrasonics.net" | CONFIDENCE: HIGH | TIME: 1ms | REASON: Resolved via readymade-fallback
[2026-08-11T15:28:43.443Z] COMPANY: "KIC Metaliks Ltd" | QUERIES: ["KIC Metaliks Ltd" official website] | CANDIDATES: [https://kicmetaliks.com] | SELECTED: "https://kicmetaliks.com" | CONFIDENCE: HIGH | TIME: 0ms | REASON: Resolved via readymade-fallback
[2026-08-11T15:28:45.367Z] COMPANY: "Shilp Gravures Ltd" | QUERIES: ["Shilp Gravures Ltd" official website] | CANDIDATES: [https://shilpgravures.com] | SELECTED: "https://shilpgravures.com" | CONFIDENCE: HIGH | TIME: 0ms | REASON: Resolved via readymade-fallback
[2026-08-11T15:28:56.152Z] COMPANY: "BSL Ltd" | QUERIES: ["BSL Ltd" official website] | CANDIDATES: [https://bslltd.com] | SELECTED: "https://bslltd.com" | CONFIDENCE: HIGH | TIME: 0ms | REASON: Resolved via readymade-fallback
[2026-08-11T15:29:12.839Z] COMPANY: "PBM Polytex Ltd" | QUERIES: ["PBM Polytex Ltd" official website] | CANDIDATES: [https://pbmpolytex.com] | SELECTED: "https://pbmpolytex.com" | CONFIDENCE: HIGH | TIME: 0ms | REASON: Resolved via readymade-fallback
[2026-08-11T15:29:24.313Z] COMPANY: "T T Ltd" | QUERIES: ["T T Ltd" official website] | CANDIDATES: [https://ttu.edu] | SELECTED: "https://ttu.edu" | CONFIDENCE: HIGH | TIME: 0ms | REASON: Resolved via readymade-fallback
[2026-08-11T15:29:45.611Z] COMPANY: "Ganesha Ecosphere Ltd" | QUERIES: ["Ganesha Ecosphere Ltd" official website] | CANDIDATES: [https://ganeshaecosphere.com] | SELECTED: "https://ganeshaecosphere.com" | CONFIDENCE: HIGH | TIME: 0ms | REASON: Resolved via readymade-fallback
[2026-08-11T15:30:14.146Z] COMPANY: "Ceeta Industries Ltd" | QUERIES: ["Ceeta Industries Ltd" official website] | CANDIDATES: [https://ceeta.org] | SELECTED: "https://ceeta.org" | CONFIDENCE: HIGH | TIME: 0ms | REASON: Resolved via readymade-fallback
[2026-08-11T15:30:36.672Z] COMPANY: "Black Rose Industries Ltd" | QUERIES: ["Black Rose Industries Ltd" official website] | CANDIDATES: [https://br.org] | SELECTED: "https://br.org" | CONFIDENCE: HIGH | TIME: 0ms | REASON: Resolved via readymade-fallback
[2026-08-11T15:30:49.083Z] COMPANY: "S & T Corporation Ltd" | QUERIES: ["S & T Corporation Ltd" official website] | CANDIDATES: [https://salesforce.com] | SELECTED: "https://salesforce.com" | CONFIDENCE: HIGH | TIME: 0ms | REASON: Resolved via readymade-fallback
[2026-08-11T15:30:49.408Z] COMPANY: "Sumeet Industries Ltd" | QUERIES: ["Sumeet Industries Ltd" official website] | CANDIDATES: [https://sumeetballal.com] | SELECTED: "https://sumeetballal.com" | CONFIDENCE: HIGH | TIME: 0ms | REASON: Resolved via readymade-fallback
[2026-08-11T15:33:14.556Z] COMPANY: "Ramgopal Polytex Ltd" | QUERIES: ["Ramgopal Polytex Ltd" official website] | CANDIDATES: [https://ramgopalpolytex.com] | SELECTED: "https://ramgopalpolytex.com" | CONFIDENCE: HIGH | TIME: 0ms | REASON: Resolved via readymade-fallback
[2026-08-11T15:33:25.946Z] COMPANY: "Sangam India Ltd" | QUERIES: ["Sangam India Ltd" official website] | CANDIDATES: [https://sangam.com] | SELECTED: "https://sangam.com" | CONFIDENCE: HIGH | TIME: 0ms | REASON: Resolved via readymade-fallback
[2026-08-11T15:33:43.580Z] COMPANY: "TTL Enterprises Ltd" | QUERIES: ["TTL Enterprises Ltd" official website] | CANDIDATES: [https://ttline.com] | SELECTED: "https://ttline.com" | CONFIDENCE: HIGH | TIME: 0ms | REASON: Resolved via readymade-fallback
[2026-08-11T15:34:18.384Z] COMPANY: "Mkventures Capital Ltd" | QUERIES: ["Mkventures Capital Ltd" official website] | CANDIDATES: [https://mkventures.net.in] | SELECTED: "https://mkventures.net.in" | CONFIDENCE: HIGH | TIME: 0ms | REASON: Resolved via readymade-fallback
[2026-08-11T15:34:24.480Z] COMPANY: "Kush Industries Ltd" | QUERIES: ["Kush Industries Ltd" official website] | CANDIDATES: [https://kushindustrieslimited.com] | SELECTED: "https://kushindustrieslimited.com" | CONFIDENCE: HIGH | TIME: 0ms | REASON: Resolved via readymade-fallback
[2026-08-11T15:34:39.726Z] COMPANY: "Surbhi Industries Ltd" | QUERIES: ["Surbhi Industries Ltd" official website] | CANDIDATES: [https://surbhi.com] | SELECTED: "https://surbhi.com" | CONFIDENCE: HIGH | TIME: 0ms | REASON: Resolved via readymade-fallback
[2026-08-11T15:34:41.451Z] COMPANY: "Seasons Textiles Ltd" | QUERIES: ["Seasons Textiles Ltd" official website] | CANDIDATES: [https://seasonstextiles.co.uk] | SELECTED: "https://seasonstextiles.co.uk" | CONFIDENCE: HIGH | TIME: 0ms | REASON: Resolved via readymade-fallback
[2026-08-11T15:34:52.493Z] COMPANY: "Ashima Ltd" | QUERIES: ["Ashima Ltd" official website] | CANDIDATES: [https://ashima.ph] | SELECTED: "https://ashima.ph" | CONFIDENCE: HIGH | TIME: 0ms | REASON: Resolved via readymade-fallback
[2026-08-11T15:35:09.507Z] COMPANY: "Pioneer Embroideries Ltd" | QUERIES: ["Pioneer Embroideries Ltd" official website] | CANDIDATES: [https://pelhakoba.com] | SELECTED: "https://pelhakoba.com" | CONFIDENCE: HIGH | TIME: 0ms | REASON: Resolved via readymade-fallback
[2026-08-11T15:37:31.701Z] COMPANY: "Jaihind Industries Ltd" | QUERIES: ["Jaihind Industries Ltd" official website] | CANDIDATES: [https://jaihindcollege.com] | SELECTED: "https://jaihindcollege.com" | CONFIDENCE: HIGH | TIME: 0ms | REASON: Resolved via readymade-fallback
[2026-08-11T15:37:48.669Z] COMPANY: "Kamadgiri Fashion Ltd" | QUERIES: ["Kamadgiri Fashion Ltd" official website] | CANDIDATES: [https://kflindia.com] | SELECTED: "https://kflindia.com" | CONFIDENCE: HIGH | TIME: 0ms | REASON: Resolved via readymade-fallback
[2026-08-11T15:38:06.322Z] COMPANY: "Omnitex Industries India Ltd" | QUERIES: ["Omnitex Industries India Ltd" official website] | CANDIDATES: [https://omnitex.com] | SELECTED: "https://omnitex.com" | CONFIDENCE: HIGH | TIME: 0ms | REASON: Resolved via readymade-fallback
[2026-08-11T15:39:01.582Z] COMPANY: "Neo Infracon Ltd" | QUERIES: ["Neo Infracon Ltd" official website] | CANDIDATES: [https://neoinfraconltd.com] | SELECTED: "https://neoinfraconltd.com" | CONFIDENCE: HIGH | TIME: 0ms | REASON: Resolved via readymade-fallback
[2026-08-11T15:39:09.341Z] COMPANY: "Premier Polyfilm Ltd" | QUERIES: ["Premier Polyfilm Ltd" official website] | CANDIDATES: [https://premierpoly.com] | SELECTED: "https://premierpoly.com" | CONFIDENCE: HIGH | TIME: 0ms | REASON: Resolved via readymade-fallback
[2026-08-11T15:39:24.796Z] COMPANY: "Everlon Financials Ltd" | QUERIES: ["Everlon Financials Ltd" official website] | CANDIDATES: [https://everlon.in] | SELECTED: "https://everlon.in" | CONFIDENCE: HIGH | TIME: 0ms | REASON: Resolved via readymade-fallback
[2026-08-11T15:41:45.914Z] COMPANY: "K&R Rail Engineering Ltd" | QUERIES: ["K&R Rail Engineering Ltd" official website] | CANDIDATES: [https://kohls.com] | SELECTED: "https://kohls.com" | CONFIDENCE: HIGH | TIME: 0ms | REASON: Resolved via readymade-fallback
[2026-08-11T15:41:46.126Z] COMPANY: "Garware Synthetics Ltd" | QUERIES: ["Garware Synthetics Ltd" official website] | CANDIDATES: [https://garwaresyn.com] | SELECTED: "https://garwaresyn.com" | CONFIDENCE: HIGH | TIME: 0ms | REASON: Resolved via readymade-fallback
[2026-08-11T15:41:46.506Z] COMPANY: "Eco Hotels And Resorts Ltd" | QUERIES: ["Eco Hotels And Resorts Ltd" official website] | CANDIDATES: [https://ecohotelsandresorts.com] | SELECTED: "https://ecohotelsandresorts.com" | CONFIDENCE: HIGH | TIME: 0ms | REASON: Resolved via readymade-fallback
[2026-08-11T15:41:52.938Z] COMPANY: "Sarup Industries Ltd" | QUERIES: ["Sarup Industries Ltd" official website] | CANDIDATES: [https://sarupasidaarth.com] | SELECTED: "https://sarupasidaarth.com" | CONFIDENCE: HIGH | TIME: 0ms | REASON: Resolved via readymade-fallback
[2026-08-11T15:42:05.017Z] COMPANY: "Oxford Industries Ltd" | QUERIES: ["Oxford Industries Ltd" official website] | CANDIDATES: [https://oup.com] | SELECTED: "https://oup.com" | CONFIDENCE: HIGH | TIME: 1ms | REASON: Resolved via readymade-fallback
[2026-08-11T15:42:07.415Z] COMPANY: "Mangalam Organics Ltd" | QUERIES: ["Mangalam Organics Ltd" official website] | CANDIDATES: [https://mangalamorganics.com] | SELECTED: "https://mangalamorganics.com" | CONFIDENCE: HIGH | TIME: 0ms | REASON: Resolved via readymade-fallback
[2026-08-11T15:42:18.003Z] COMPANY: "Mahalaxmi Rubtech Ltd" | QUERIES: ["Mahalaxmi Rubtech Ltd" official website] | CANDIDATES: [https://mrtglobal.com] | SELECTED: "https://mrtglobal.com" | CONFIDENCE: HIGH | TIME: 0ms | REASON: Resolved via readymade-fallback
[2026-08-11T15:44:40.935Z] COMPANY: "Winsome Textile Industries Ltd" | QUERIES: ["Winsome Textile Industries Ltd" official website] | CANDIDATES: [https://winsometextile.com] | SELECTED: "https://winsometextile.com" | CONFIDENCE: HIGH | TIME: 0ms | REASON: Resolved via readymade-fallback
[2026-08-11T15:44:42.527Z] COMPANY: "Modern Insulators Ltd" | QUERIES: ["Modern Insulators Ltd" official website] | CANDIDATES: [https://moderninsulators.com] | SELECTED: "https://moderninsulators.com" | CONFIDENCE: HIGH | TIME: 0ms | REASON: Resolved via readymade-fallback
[2026-08-11T15:44:55.417Z] COMPANY: "Regency Ceramics Ltd" | QUERIES: ["Regency Ceramics Ltd" official website] | CANDIDATES: [https://regencytiles.com] | SELECTED: "https://regencytiles.com" | CONFIDENCE: HIGH | TIME: 0ms | REASON: Resolved via readymade-fallback
[2026-08-11T15:45:02.250Z] COMPANY: "Asahi India Glass Ltd" | QUERIES: ["Asahi India Glass Ltd" official website] | CANDIDATES: [https://aisglass.com] | SELECTED: "https://aisglass.com" | CONFIDENCE: HIGH | TIME: 0ms | REASON: Resolved via readymade-fallback
[2026-08-11T15:45:11.173Z] COMPANY: "Anant Raj Ltd" | QUERIES: ["Anant Raj Ltd" official website] | CANDIDATES: [https://anantrajlimited.com] | SELECTED: "https://anantrajlimited.com" | CONFIDENCE: HIGH | TIME: 0ms | REASON: Resolved via readymade-fallback
[2026-08-11T15:45:24.151Z] COMPANY: "Madhusudan Industries Ltd" | QUERIES: ["Madhusudan Industries Ltd" official website] | CANDIDATES: [https://mlu.ac.in] | SELECTED: "https://mlu.ac.in" | CONFIDENCE: HIGH | TIME: 0ms | REASON: Resolved via readymade-fallback
[2026-08-11T15:45:25.840Z] COMPANY: "Madhav Marbles & Granites Ltd" | QUERIES: ["Madhav Marbles & Granites Ltd" official website] | CANDIDATES: [https://madhavmarbles.com] | SELECTED: "https://madhavmarbles.com" | CONFIDENCE: HIGH | TIME: 0ms | REASON: Resolved via readymade-fallback
[2026-08-11T15:45:43.352Z] COMPANY: "Duroply Industries Ltd" | QUERIES: ["Duroply Industries Ltd" official website] | CANDIDATES: [https://duroply.in] | SELECTED: "https://duroply.in" | CONFIDENCE: HIGH | TIME: 0ms | REASON: Resolved via readymade-fallback
[2026-08-11T15:45:44.362Z] COMPANY: "Shreyans Industries Ltd" | QUERIES: ["Shreyans Industries Ltd" official website] | CANDIDATES: [https://shreyansgroup.com] | SELECTED: "https://shreyansgroup.com" | CONFIDENCE: HIGH | TIME: 0ms | REASON: Resolved via readymade-fallback
[2026-08-11T15:45:48.640Z] COMPANY: "Pakka Ltd" | QUERIES: ["Pakka Ltd" official website] | CANDIDATES: [https://pakka.com] | SELECTED: "https://pakka.com" | CONFIDENCE: HIGH | TIME: 0ms | REASON: Resolved via readymade-fallback
[2026-08-11T15:45:49.872Z] COMPANY: "Tahmar Enterprises Ltd" | QUERIES: ["Tahmar Enterprises Ltd" official website] | CANDIDATES: [https://tahm.com.mx] | SELECTED: "https://tahm.com.mx" | CONFIDENCE: HIGH | TIME: 0ms | REASON: Resolved via readymade-fallback
[2026-08-11T15:46:08.115Z] COMPANY: "KS Smart Technologies Ltd" | QUERIES: ["KS Smart Technologies Ltd" official website] | CANDIDATES: [https://kssmart.co] | SELECTED: "https://kssmart.co" | CONFIDENCE: HIGH | TIME: 0ms | REASON: Resolved via readymade-fallback
[2026-08-11T15:46:11.934Z] COMPANY: "National Plywood Industries Ltd" | QUERIES: ["National Plywood Industries Ltd" official website] | CANDIDATES: [https://nationalply.in] | SELECTED: "https://nationalply.in" | CONFIDENCE: HIGH | TIME: 0ms | REASON: Resolved via readymade-fallback
[2026-08-11T15:46:19.798Z] COMPANY: "Arrow Greentech Ltd" | QUERIES: ["Arrow Greentech Ltd" official website] | CANDIDATES: [https://arrowgreentech.com] | SELECTED: "https://arrowgreentech.com" | CONFIDENCE: HIGH | TIME: 0ms | REASON: Resolved via readymade-fallback
[2026-08-11T15:46:23.607Z] COMPANY: "Vishnu Chemicals Ltd" | QUERIES: ["Vishnu Chemicals Ltd" official website] | CANDIDATES: [https://vishnuchemicals.com] | SELECTED: "https://vishnuchemicals.com" | CONFIDENCE: HIGH | TIME: 0ms | REASON: Resolved via readymade-fallback
[2026-08-11T15:46:44.482Z] COMPANY: "Jumbo Bag Ltd" | QUERIES: ["Jumbo Bag Ltd" official website] | CANDIDATES: [https://jumbobagshop.in] | SELECTED: "https://jumbobagshop.in" | CONFIDENCE: HIGH | TIME: 0ms | REASON: Resolved via readymade-fallback
[2026-08-11T15:46:51.788Z] COMPANY: "NR Agarwal Industries Ltd" | QUERIES: ["NR Agarwal Industries Ltd" official website] | CANDIDATES: [https://nrail.com] | SELECTED: "https://nrail.com" | CONFIDENCE: HIGH | TIME: 0ms | REASON: Resolved via readymade-fallback
[2026-08-11T15:47:01.228Z] COMPANY: "3P Land Holdings Ltd" | QUERIES: ["3P Land Holdings Ltd" official website] | CANDIDATES: [https://planday.com] | SELECTED: "https://planday.com" | CONFIDENCE: HIGH | TIME: 0ms | REASON: Resolved via readymade-fallback
[2026-08-11T15:47:21.901Z] COMPANY: "Sangal Papers Ltd" | QUERIES: ["Sangal Papers Ltd" official website] | CANDIDATES: [https://sangalpapers.com] | SELECTED: "https://sangalpapers.com" | CONFIDENCE: HIGH | TIME: 0ms | REASON: Resolved via readymade-fallback
[2026-08-11T15:47:44.275Z] COMPANY: "Family Care Hospitals Ltd" | QUERIES: ["Family Care Hospitals Ltd" official website] | CANDIDATES: [https://familycarehospitals.com] | SELECTED: "https://familycarehospitals.com" | CONFIDENCE: HIGH | TIME: 0ms | REASON: Resolved via readymade-fallback
[2026-08-11T15:47:47.478Z] COMPANY: "Vindhya Telelinks Ltd" | QUERIES: ["Vindhya Telelinks Ltd" official website] | CANDIDATES: [https://vtlrewa.com] | SELECTED: "https://vtlrewa.com" | CONFIDENCE: HIGH | TIME: 0ms | REASON: Resolved via readymade-fallback
[2026-08-11T15:47:50.837Z] COMPANY: "RIR Power Electronics Ltd" | QUERIES: ["RIR Power Electronics Ltd" official website] | CANDIDATES: [https://rirpowersemi.com] | SELECTED: "https://rirpowersemi.com" | CONFIDENCE: HIGH | TIME: 0ms | REASON: Resolved via readymade-fallback
[2026-08-11T15:47:52.226Z] COMPANY: "Ador Welding Ltd" | QUERIES: ["Ador Welding Ltd" official website] | CANDIDATES: [https://adorwelding.com] | SELECTED: "https://adorwelding.com" | CONFIDENCE: HIGH | TIME: 0ms | REASON: Resolved via readymade-fallback
[2026-08-11T15:47:54.508Z] COMPANY: "Salzer Electronics Ltd" | QUERIES: ["Salzer Electronics Ltd" official website] | CANDIDATES: [https://salzerelectonics.net] | SELECTED: "https://salzerelectonics.net" | CONFIDENCE: HIGH | TIME: 0ms | REASON: Resolved via readymade-fallback
[2026-08-11T15:48:06.078Z] COMPANY: "Jetking Infotrain Ltd" | QUERIES: ["Jetking Infotrain Ltd" official website] | CANDIDATES: [https://jetking.co] | SELECTED: "https://jetking.co" | CONFIDENCE: HIGH | TIME: 0ms | REASON: Resolved via readymade-fallback
[2026-08-11T15:48:07.299Z] COMPANY: "Aplab Ltd" | QUERIES: ["Aplab Ltd" official website] | CANDIDATES: [https://ap-lab.ca] | SELECTED: "https://ap-lab.ca" | CONFIDENCE: HIGH | TIME: 0ms | REASON: Resolved via readymade-fallback
[2026-08-11T15:48:19.244Z] COMPANY: "PCS Technology Ltd" | QUERIES: ["PCS Technology Ltd" official website] | CANDIDATES: [https://pcs-technology.com] | SELECTED: "https://pcs-technology.com" | CONFIDENCE: HIGH | TIME: 0ms | REASON: Resolved via readymade-fallback
[2026-08-11T15:50:39.873Z] COMPANY: "Usha Martin Ltd" | QUERIES: ["Usha Martin Ltd" official website] | CANDIDATES: [https://umu.ac.in] | SELECTED: "https://umu.ac.in" | CONFIDENCE: HIGH | TIME: 0ms | REASON: Resolved via readymade-fallback
[2026-08-11T15:50:58.659Z] COMPANY: "Subros Ltd" | QUERIES: ["Subros Ltd" official website] | CANDIDATES: [https://sb-rs.com] | SELECTED: "https://sb-rs.com" | CONFIDENCE: HIGH | TIME: 0ms | REASON: Resolved via readymade-fallback
[2026-08-11T15:51:13.192Z] COMPANY: "Edvenswa Enterprises Ltd" | QUERIES: ["Edvenswa Enterprises Ltd" official website] | CANDIDATES: [https://edvenswa.in] | SELECTED: "https://edvenswa.in" | CONFIDENCE: HIGH | TIME: 0ms | REASON: Resolved via readymade-fallback
[2026-08-11T15:51:22.956Z] COMPANY: "Lumax Industries Ltd" | QUERIES: ["Lumax Industries Ltd" official website] | CANDIDATES: [https://lumaxworld.in] | SELECTED: "https://lumaxworld.in" | CONFIDENCE: HIGH | TIME: 0ms | REASON: Resolved via readymade-fallback
[2026-08-11T15:51:24.897Z] COMPANY: "Digispice Technologies Ltd" | QUERIES: ["Digispice Technologies Ltd" official website] | CANDIDATES: [https://digispice.com] | SELECTED: "https://digispice.com" | CONFIDENCE: HIGH | TIME: 0ms | REASON: Resolved via readymade-fallback
[2026-08-11T15:51:39.710Z] COMPANY: "Calcom Vision Ltd" | QUERIES: ["Calcom Vision Ltd" official website] | CANDIDATES: [https://calcomindia.com] | SELECTED: "https://calcomindia.com" | CONFIDENCE: HIGH | TIME: 0ms | REASON: Resolved via readymade-fallback
[2026-08-11T15:51:42.446Z] COMPANY: "Dynavision Ltd" | QUERIES: ["Dynavision Ltd" official website] | CANDIDATES: [https://dynavision.co.jp] | SELECTED: "https://dynavision.co.jp" | CONFIDENCE: HIGH | TIME: 0ms | REASON: Resolved via readymade-fallback
[2026-08-11T15:51:46.065Z] COMPANY: "BCC Fuba India Ltd" | QUERIES: ["BCC Fuba India Ltd" official website] | CANDIDATES: [https://bccfuba.com] | SELECTED: "https://bccfuba.com" | CONFIDENCE: HIGH | TIME: 0ms | REASON: Resolved via readymade-fallback
[2026-08-11T15:51:48.080Z] COMPANY: "Precision Electronics Ltd" | QUERIES: ["Precision Electronics Ltd" official website] | CANDIDATES: [https://pel-india.in] | SELECTED: "https://pel-india.in" | CONFIDENCE: HIGH | TIME: 0ms | REASON: Resolved via readymade-fallback
[2026-08-11T15:52:05.434Z] COMPANY: "Fine Line Circuits Ltd" | QUERIES: ["Fine Line Circuits Ltd" official website] | CANDIDATES: [https://finelineindia.com] | SELECTED: "https://finelineindia.com" | CONFIDENCE: HIGH | TIME: 0ms | REASON: Resolved via readymade-fallback
[2026-08-11T15:52:12.720Z] COMPANY: "S&S Power Switchgear Ltd" | QUERIES: ["S&S Power Switchgear Ltd" official website] | CANDIDATES: [https://salesforce.com] | SELECTED: "https://salesforce.com" | CONFIDENCE: HIGH | TIME: 0ms | REASON: Resolved via readymade-fallback
[2026-08-11T15:52:13.769Z] COMPANY: "Rnit Ai Solutions Ltd" | QUERIES: ["Rnit Ai Solutions Ltd" official website] | CANDIDATES: [https://rnit.ai] | SELECTED: "https://rnit.ai" | CONFIDENCE: HIGH | TIME: 0ms | REASON: Resolved via readymade-fallback
[2026-08-11T15:52:23.550Z] COMPANY: "Mindteck (India) Ltd" | QUERIES: ["Mindteck (India) Ltd" official website] | CANDIDATES: [https://mindteck.com] | SELECTED: "https://mindteck.com" | CONFIDENCE: HIGH | TIME: 1ms | REASON: Resolved via readymade-fallback
[2026-08-11T15:52:57.940Z] COMPANY: "Havells India Ltd" | QUERIES: ["Havells India Ltd" official website] | CANDIDATES: [https://havells.shop] | SELECTED: "https://havells.shop" | CONFIDENCE: HIGH | TIME: 0ms | REASON: Resolved via readymade-fallback
[2026-08-11T15:53:05.189Z] COMPANY: "Incap Ltd" | QUERIES: ["Incap Ltd" official website] | CANDIDATES: [https://incaper.es.gov.br] | SELECTED: "https://incaper.es.gov.br" | CONFIDENCE: HIGH | TIME: 0ms | REASON: Resolved via readymade-fallback
[2026-08-11T15:53:26.482Z] COMPANY: "Gujarat Intrux Ltd" | QUERIES: ["Gujarat Intrux Ltd" official website] | CANDIDATES: [https://gujaratintrux.com] | SELECTED: "https://gujaratintrux.com" | CONFIDENCE: HIGH | TIME: 0ms | REASON: Resolved via readymade-fallback
[2026-08-11T15:53:43.141Z] COMPANY: "Symphony Ltd" | QUERIES: ["Symphony Ltd" official website] | CANDIDATES: [https://symphony-usa.com] | SELECTED: "https://symphony-usa.com" | CONFIDENCE: HIGH | TIME: 0ms | REASON: Resolved via readymade-fallback
[2026-08-11T15:53:52.589Z] COMPANY: "Reganto Enterprises Ltd" | QUERIES: ["Reganto Enterprises Ltd" official website] | CANDIDATES: [https://regantotalconstruction.com] | SELECTED: "https://regantotalconstruction.com" | CONFIDENCE: HIGH | TIME: 0ms | REASON: Resolved via readymade-fallback
[2026-08-11T15:53:52.751Z] COMPANY: "Lee & Nee Softwares Exports Ltd" | QUERIES: ["Lee & Nee Softwares Exports Ltd" official website] | CANDIDATES: [https://leetcode.com] | SELECTED: "https://leetcode.com" | CONFIDENCE: HIGH | TIME: 0ms | REASON: Resolved via readymade-fallback
[2026-08-11T15:54:09.407Z] COMPANY: "Patels Airtemp India Ltd" | QUERIES: ["Patels Airtemp India Ltd" official website] | CANDIDATES: [https://patelsairtemp.com] | SELECTED: "https://patelsairtemp.com" | CONFIDENCE: HIGH | TIME: 0ms | REASON: Resolved via readymade-fallback
[2026-08-11T15:54:10.081Z] COMPANY: "Butterfly Gandhimathi Appliances Ltd" | QUERIES: ["Butterfly Gandhimathi Appliances Ltd" official website] | CANDIDATES: [https://butterflygalleria.com] | SELECTED: "https://butterflygalleria.com" | CONFIDENCE: HIGH | TIME: 0ms | REASON: Resolved via readymade-fallback
[2026-08-11T15:54:18.123Z] COMPANY: "Athena Global Technologies Ltd" | QUERIES: ["Athena Global Technologies Ltd" official website] | CANDIDATES: [https://athenaglobalconsulting.com] | SELECTED: "https://athenaglobalconsulting.com" | CONFIDENCE: HIGH | TIME: 0ms | REASON: Resolved via readymade-fallback
[2026-08-11T15:54:25.503Z] COMPANY: "Magna Electro Castings Ltd" | QUERIES: ["Magna Electro Castings Ltd" official website] | CANDIDATES: [https://magnacast.com] | SELECTED: "https://magnacast.com" | CONFIDENCE: HIGH | TIME: 0ms | REASON: Resolved via readymade-fallback
[2026-08-11T15:54:44.419Z] COMPANY: "Marsons Ltd" | QUERIES: ["Marsons Ltd" official website] | CANDIDATES: [https://marsonselectricals.com] | SELECTED: "https://marsonselectricals.com" | CONFIDENCE: HIGH | TIME: 0ms | REASON: Resolved via readymade-fallback
[2026-08-11T15:54:46.367Z] COMPANY: "Elnet Technologies Ltd" | QUERIES: ["Elnet Technologies Ltd" official website] | CANDIDATES: [https://elnetkenya.org] | SELECTED: "https://elnetkenya.org" | CONFIDENCE: HIGH | TIME: 0ms | REASON: Resolved via readymade-fallback
[2026-08-11T15:54:56.306Z] COMPANY: "Accel Ltd" | QUERIES: ["Accel Ltd" official website] | CANDIDATES: [https://accela.com] | SELECTED: "https://accela.com" | CONFIDENCE: HIGH | TIME: 0ms | REASON: Resolved via readymade-fallback
[2026-08-11T15:55:10.436Z] COMPANY: "Websol Energy System Ltd" | QUERIES: ["Websol Energy System Ltd" official website] | CANDIDATES: [https://webelsolar.com] | SELECTED: "https://webelsolar.com" | CONFIDENCE: HIGH | TIME: 0ms | REASON: Resolved via readymade-fallback
[2026-08-11T15:57:32.710Z] COMPANY: "Roto Pumps Ltd" | QUERIES: ["Roto Pumps Ltd" official website] | CANDIDATES: [https://rotopumps.com] | SELECTED: "https://rotopumps.com" | CONFIDENCE: HIGH | TIME: 0ms | REASON: Resolved via readymade-fallback
[2026-08-11T15:57:41.677Z] COMPANY: "TTK Prestige Ltd" | QUERIES: ["TTK Prestige Ltd" official website] | CANDIDATES: [https://ttkprestige.com] | SELECTED: "https://ttkprestige.com" | CONFIDENCE: HIGH | TIME: 0ms | REASON: Resolved via readymade-fallback
[2026-08-11T15:58:04.439Z] COMPANY: "D & H India Ltd" | QUERIES: ["D & H India Ltd" official website] | CANDIDATES: [https://discord.com] | SELECTED: "https://discord.com" | CONFIDENCE: HIGH | TIME: 0ms | REASON: Resolved via readymade-fallback
[2026-08-11T15:58:23.190Z] COMPANY: "Onward Technologies Ltd" | QUERIES: ["Onward Technologies Ltd" official website] | CANDIDATES: [https://onward.co.jp] | SELECTED: "https://onward.co.jp" | CONFIDENCE: HIGH | TIME: 0ms | REASON: Resolved via readymade-fallback
[2026-08-11T15:58:30.590Z] COMPANY: "Centum Electronics Ltd" | QUERIES: ["Centum Electronics Ltd" official website] | CANDIDATES: [https://centumelectronics.com] | SELECTED: "https://centumelectronics.com" | CONFIDENCE: HIGH | TIME: 0ms | REASON: Resolved via readymade-fallback
[2026-08-11T15:58:32.260Z] COMPANY: "Trigyn Technologies Ltd" | QUERIES: ["Trigyn Technologies Ltd" official website] | CANDIDATES: [https://trigyn.com] | SELECTED: "https://trigyn.com" | CONFIDENCE: HIGH | TIME: 0ms | REASON: Resolved via readymade-fallback
[2026-08-11T15:58:56.570Z] COMPANY: "KEI Industries Ltd" | QUERIES: ["KEI Industries Ltd" official website] | CANDIDATES: [https://keiseruniversity.edu] | SELECTED: "https://keiseruniversity.edu" | CONFIDENCE: HIGH | TIME: 0ms | REASON: Resolved via readymade-fallback
[2026-08-11T15:58:59.345Z] COMPANY: "Keerthi Industries Ltd" | QUERIES: ["Keerthi Industries Ltd" official website] | CANDIDATES: [https://keerthisecurity.com] | SELECTED: "https://keerthisecurity.com" | CONFIDENCE: HIGH | TIME: 0ms | REASON: Resolved via readymade-fallback
[2026-08-11T15:59:02.519Z] COMPANY: "Sri Chakra Cement Ltd" | QUERIES: ["Sri Chakra Cement Ltd" official website] | CANDIDATES: [https://srichakracement.com] | SELECTED: "https://srichakracement.com" | CONFIDENCE: HIGH | TIME: 0ms | REASON: Resolved via readymade-fallback
[2026-08-11T15:59:13.855Z] COMPANY: "Suraj Products Ltd" | QUERIES: ["Suraj Products Ltd" official website] | CANDIDATES: [https://surajproducts.com] | SELECTED: "https://surajproducts.com" | CONFIDENCE: HIGH | TIME: 0ms | REASON: Resolved via readymade-fallback
[2026-08-11T15:59:25.292Z] COMPANY: "Anjani Portland Cement Ltd" | QUERIES: ["Anjani Portland Cement Ltd" official website] | CANDIDATES: [https://anjanicement.com] | SELECTED: "https://anjanicement.com" | CONFIDENCE: HIGH | TIME: 0ms | REASON: Resolved via readymade-fallback
[2026-08-11T15:59:36.986Z] COMPANY: "Modi Naturals Ltd" | QUERIES: ["Modi Naturals Ltd" official website] | CANDIDATES: [https://modinaturals.com] | SELECTED: "https://modinaturals.com" | CONFIDENCE: HIGH | TIME: 0ms | REASON: Resolved via readymade-fallback
[2026-08-11T15:59:48.593Z] COMPANY: "Prashant India Ltd" | QUERIES: ["Prashant India Ltd" official website] | CANDIDATES: [https://prashantindia.info] | SELECTED: "https://prashantindia.info" | CONFIDENCE: HIGH | TIME: 0ms | REASON: Resolved via readymade-fallback
[2026-08-11T15:59:55.805Z] COMPANY: "Shah Foods Ltd" | QUERIES: ["Shah Foods Ltd" official website] | CANDIDATES: [https://shahfoods.in] | SELECTED: "https://shahfoods.in" | CONFIDENCE: HIGH | TIME: 0ms | REASON: Resolved via readymade-fallback
[2026-08-11T16:00:06.439Z] COMPANY: "Ritesh International Ltd" | QUERIES: ["Ritesh International Ltd" official website] | CANDIDATES: [https://riteshinternationalltd.com] | SELECTED: "https://riteshinternationalltd.com" | CONFIDENCE: HIGH | TIME: 0ms | REASON: Resolved via readymade-fallback
[2026-08-11T16:00:17.968Z] COMPANY: "Hindustan Foods Ltd" | QUERIES: ["Hindustan Foods Ltd" official website] | CANDIDATES: [https://hindustanfoodslimited.com] | SELECTED: "https://hindustanfoodslimited.com" | CONFIDENCE: HIGH | TIME: 0ms | REASON: Resolved via readymade-fallback
[2026-08-11T16:00:33.072Z] COMPANY: "Vadilal Enterprises Ltd" | QUERIES: ["Vadilal Enterprises Ltd" official website] | CANDIDATES: [https://vadilalicecreams.com] | SELECTED: "https://vadilalicecreams.com" | CONFIDENCE: HIGH | TIME: 0ms | REASON: Resolved via readymade-fallback
[2026-08-11T16:00:51.507Z] COMPANY: "Vadilal Industries Ltd" | QUERIES: ["Vadilal Industries Ltd" official website] | CANDIDATES: [https://vadilalicecreams.com] | SELECTED: "https://vadilalicecreams.com" | CONFIDENCE: HIGH | TIME: 0ms | REASON: Resolved via readymade-fallback
[2026-08-11T16:01:11.890Z] COMPANY: "Adf Foods Ltd" | QUERIES: ["Adf Foods Ltd" official website] | CANDIDATES: [https://adf-foods.com] | SELECTED: "https://adf-foods.com" | CONFIDENCE: HIGH | TIME: 0ms | REASON: Resolved via readymade-fallback
[2026-08-11T16:01:36.004Z] COMPANY: "Williamson Financial Services Ltd" | QUERIES: ["Williamson Financial Services Ltd" official website] | CANDIDATES: [https://williamsonfinancialtx.com] | SELECTED: "https://williamsonfinancialtx.com" | CONFIDENCE: HIGH | TIME: 0ms | REASON: Resolved via readymade-fallback
[2026-08-11T16:02:10.537Z] COMPANY: "Ajanta Soya Ltd" | QUERIES: ["Ajanta Soya Ltd" official website] | CANDIDATES: [https://ajantasoya.com] | SELECTED: "https://ajantasoya.com" | CONFIDENCE: HIGH | TIME: 0ms | REASON: Resolved via readymade-fallback
[2026-08-11T16:02:14.267Z] COMPANY: "Kisaan Parivar Industries Ltd" | QUERIES: ["Kisaan Parivar Industries Ltd" official website] | CANDIDATES: [https://kisaanparivar.com] | SELECTED: "https://kisaanparivar.com" | CONFIDENCE: HIGH | TIME: 0ms | REASON: Resolved via readymade-fallback
