Sr. No.,Assigned To,Company Name,Website,Website Verified,Scan Completed,Screenshot Taken,Wave AIM Score,Axe Score,LH Score,Screenshot link,Contact Person 1,Designation 1,Email ID 1,Contact Person 2,Designation 2,Email ID 2
"1","Unassigned","Aegis Logistics Ltd","https://aegislogistics.com","Yes","Yes","Yes","1 out of 10","15","40","![WAVE Tool Screenshot](https://github.com/VEER-TANMAY-SACHIN/projects/blob/main/orchavate_gtm_workflow/outputs/v1.3_apollo_bse_master_list_20260811_112506_attempt6_succesful_reviewnotdone_orchavatecore_digital_digital/Aegis_Logistics_Ltd/screenshots/Aegis_Logistics_Ltd_Homepage_WAVE_Overlay.png)","Company Secretary (Aegis Logistics Ltd)","Company Secretary & Compliance Officer","Solutions@AegisLogistics.com","General Contact Email","Managing Director / CEO","Solutions@AegisLogistics.com"
"2","Unassigned","Utique Enterprises Ltd","https://utiqueshop.com","Yes","Yes","Yes","8.5 out of 10","","100","![WAVE Tool Screenshot](https://github.com/VEER-TANMAY-SACHIN/projects/blob/main/orchavate_gtm_workflow/outputs/v1.3_apollo_bse_master_list_20260811_112506_attempt6_succesful_reviewnotdone_orchavatecore_digital_digital/Utique_Enterprises_Ltd/screenshots/Utique_Enterprises_Ltd_Homepage_WAVE_Overlay.png)","Company Secretary (Utique Enterprises Ltd)","Company Secretary & Compliance Officer","info@utiqueshop.com","General Contact Email (Guessed Pattern)","Managing Director / CEO","info@utiqueshop.com"
"3","Unassigned","Bombay Dyeing & Manufacturing Company Ltd","https://bombaydyeing.com","Yes","Yes","Yes","1 out of 10","19","30","![WAVE Tool Screenshot](https://github.com/VEER-TANMAY-SACHIN/projects/blob/main/orchavate_gtm_workflow/outputs/v1.3_apollo_bse_master_list_20260811_112506_attempt6_succesful_reviewnotdone_orchavatecore_digital_digital/Bombay_Dyeing___Manufacturing_Company_Ltd/screenshots/Bombay_Dyeing___Manufacturing_Company_Ltd_Homepage_WAVE_Overlay.png)","Company Secretary (Bombay Dyeing & Manufacturing Company Ltd)","Company Secretary & Compliance Officer","customerfeedback@bombaydyeing.com","Investor Grievance / Compliance Officer Email","Managing Director / CEO","grievance_redressal_cell@bombaydyeing.com"
"4","Unassigned","Asian Hotels (North) Ltd","https://asianhotelsnorth.com","Yes","Yes","Yes","1 out of 10","13","48","![WAVE Tool Screenshot](https://github.com/VEER-TANMAY-SACHIN/projects/blob/main/orchavate_gtm_workflow/outputs/v1.3_apollo_bse_master_list_20260811_112506_attempt6_succesful_reviewnotdone_orchavatecore_digital_digital/Asian_Hotels__North__Ltd/screenshots/Asian_Hotels__North__Ltd_Homepage_WAVE_Overlay.png)","Company Secretary (Asian Hotels (North) Ltd)","Company Secretary & Compliance Officer","investorrelations@ahlnorth.com","Investor Grievance / Compliance Officer Email","Managing Director / CEO","sunil.upadhyay@ahlnorth.com"
"5","Unassigned","Atul Ltd","https://atulsongaday.me","Yes","Yes","Yes","9.1 out of 10","1","96","![WAVE Tool Screenshot](https://github.com/VEER-TANMAY-SACHIN/projects/blob/main/orchavate_gtm_workflow/outputs/v1.3_apollo_bse_master_list_20260811_112506_attempt6_succesful_reviewnotdone_orchavatecore_digital_digital/Atul_Ltd/screenshots/Atul_Ltd_Homepage_WAVE_Overlay.png)","Company Secretary (Atul Ltd)","Company Secretary & Compliance Officer","info@atulsongaday.me","General Contact Email (Guessed Pattern)","Managing Director / CEO","info@atulsongaday.me"
"6","Unassigned","Bajaj Electricals Ltd","https://bajajelectricals.com","Yes","Yes","Yes","1 out of 10","17","32","![WAVE Tool Screenshot](https://github.com/VEER-TANMAY-SACHIN/projects/blob/main/orchavate_gtm_workflow/outputs/v1.3_apollo_bse_master_list_20260811_112506_attempt6_succesful_reviewnotdone_orchavatecore_digital_digital/Bajaj_Electricals_Ltd/screenshots/Bajaj_Electricals_Ltd_Homepage_WAVE_Overlay.png)","Company Secretary (Bajaj Electricals Ltd)","Company Secretary & Compliance Officer","Not publicly disclosed","General Contact Email","Managing Director / CEO","Not publicly disclosed"
"7","Unassigned","Bajaj Hindusthan Sugar Ltd","https://bajajhindusthan.com","Yes","Yes","Yes","6.3 out of 10","","100","![WAVE Tool Screenshot](https://github.com/VEER-TANMAY-SACHIN/projects/blob/main/orchavate_gtm_workflow/outputs/v1.3_apollo_bse_master_list_20260811_112506_attempt6_succesful_reviewnotdone_orchavatecore_digital_digital/Bajaj_Hindusthan_Sugar_Ltd/screenshots/Bajaj_Hindusthan_Sugar_Ltd_Homepage_WAVE_Overlay.png)","Company Secretary (Bajaj Hindusthan Sugar Ltd)","Company Secretary & Compliance Officer","info@bajajhindusthan.com","General Contact Email (Guessed Pattern)","Managing Director / CEO","info@bajajhindusthan.com"
"8","Unassigned","Force Motors Ltd","https://forcemotors.com","Yes","No","No","7 out of 10","","","![WAVE Tool Screenshot](https://github.com/VEER-TANMAY-SACHIN/projects/blob/main/orchavate_gtm_workflow/outputs/v1.3_apollo_bse_master_list_20260811_112506_attempt6_succesful_reviewnotdone_orchavatecore_digital_digital/Force_Motors_Ltd/screenshots/Force_Motors_Ltd_Homepage_WAVE_Overlay.png)","Company Secretary (Force Motors Ltd)","Company Secretary & Compliance Officer","Not publicly disclosed","N/A","Managing Director / CEO","Not publicly disclosed"
"9","Unassigned","Bajaj Finance Ltd","https://bajajhousingfinance.in","Yes","Yes","Yes","1 out of 10","35","30","![WAVE Tool Screenshot](https://github.com/VEER-TANMAY-SACHIN/projects/blob/main/orchavate_gtm_workflow/outputs/v1.3_apollo_bse_master_list_20260811_112506_attempt6_succesful_reviewnotdone_orchavatecore_digital_digital/Bajaj_Finance_Ltd/screenshots/Bajaj_Finance_Ltd_Homepage_WAVE_Overlay.png)","Company Secretary (Bajaj Finance Ltd)","Company Secretary & Compliance Officer","bhflwecare@bajajhousing.co.in","General Contact Email","Managing Director / CEO","bhflwecare@bajajhousing.co.in"
"10","Unassigned","Balrampur Chini Mills Ltd","https://chini.com","Yes","No","No","8.5 out of 10","","","![WAVE Tool Screenshot](https://github.com/VEER-TANMAY-SACHIN/projects/blob/main/orchavate_gtm_workflow/outputs/v1.3_apollo_bse_master_list_20260811_112506_attempt6_succesful_reviewnotdone_orchavatecore_digital_digital/Balrampur_Chini_Mills_Ltd/screenshots/Balrampur_Chini_Mills_Ltd_Homepage_WAVE_Overlay.png)","Company Secretary (Balrampur Chini Mills Ltd)","Company Secretary & Compliance Officer","Not publicly disclosed","N/A","Managing Director / CEO","Not publicly disclosed"
"11","Unassigned","BEML Ltd","https://bemlindia.in","Yes","Yes","Yes","6.3 out of 10","5","80","![WAVE Tool Screenshot](https://github.com/VEER-TANMAY-SACHIN/projects/blob/main/orchavate_gtm_workflow/outputs/v1.3_apollo_bse_master_list_20260811_112506_attempt6_succesful_reviewnotdone_orchavatecore_digital_digital/BEML_Ltd/screenshots/BEML_Ltd_Homepage_WAVE_Overlay.png)","Company Secretary (BEML Ltd)","Company Secretary & Compliance Officer","info@bemlindia.in","General Contact Email (Guessed Pattern)","Managing Director / CEO","info@bemlindia.in"
"12","Unassigned","Bharat Electronics Ltd","https://beil.co.in","Yes","No","No","5.8 out of 10","","","![WAVE Tool Screenshot](https://github.com/VEER-TANMAY-SACHIN/projects/blob/main/orchavate_gtm_workflow/outputs/v1.3_apollo_bse_master_list_20260811_112506_attempt6_succesful_reviewnotdone_orchavatecore_digital_digital/Bharat_Electronics_Ltd/screenshots/Bharat_Electronics_Ltd_Homepage_WAVE_Overlay.png)","Company Secretary (Bharat Electronics Ltd)","Company Secretary & Compliance Officer","Not publicly disclosed","N/A","Managing Director / CEO","Not publicly disclosed"
"13","Unassigned","Bhansali Engineering Polymers Ltd","https://bhansaliabs.com","Yes","Yes","Yes","5.8 out of 10","6","76","![WAVE Tool Screenshot](https://github.com/VEER-TANMAY-SACHIN/projects/blob/main/orchavate_gtm_workflow/outputs/v1.3_apollo_bse_master_list_20260811_112506_attempt6_succesful_reviewnotdone_orchavatecore_digital_digital/Bhansali_Engineering_Polymers_Ltd/screenshots/Bhansali_Engineering_Polymers_Ltd_Homepage_WAVE_Overlay.png)","Company Secretary (Bhansali Engineering Polymers Ltd)","Company Secretary & Compliance Officer","rnt.helpdesk@in.mpms.mufg.com","Investor Grievance / Compliance Officer Email","Managing Director / CEO","Investors@Bhansaliabs.com"
"14","Unassigned","Birla Cable Ltd","https://birlacable.com","Yes","Yes","Yes","1.5 out of 10","12","52","![WAVE Tool Screenshot](https://github.com/VEER-TANMAY-SACHIN/projects/blob/main/orchavate_gtm_workflow/outputs/v1.3_apollo_bse_master_list_20260811_112506_attempt6_succesful_reviewnotdone_orchavatecore_digital_digital/Birla_Cable_Ltd/screenshots/Birla_Cable_Ltd_Homepage_WAVE_Overlay.png)","Company Secretary (Birla Cable Ltd)","Company Secretary & Compliance Officer","Not publicly disclosed","General Contact Email","Managing Director / CEO","Not publicly disclosed"
"15","Unassigned","Blue Star Ltd","https://bluestarindia.com","Yes","Yes","Yes","1 out of 10","64","30","![WAVE Tool Screenshot](https://github.com/VEER-TANMAY-SACHIN/projects/blob/main/orchavate_gtm_workflow/outputs/v1.3_apollo_bse_master_list_20260811_112506_attempt6_succesful_reviewnotdone_orchavatecore_digital_digital/Blue_Star_Ltd/screenshots/Blue_Star_Ltd_Homepage_WAVE_Overlay.png)","Company Secretary (Blue Star Ltd)","Company Secretary & Compliance Officer","investors@bluestarindia.com","General Contact Email","Managing Director / CEO","investors@bluestarindia.com"
"16","Unassigned","Disa India Ltd","https://disa-india.com","Yes","No","No","7 out of 10","","","![WAVE Tool Screenshot](https://github.com/VEER-TANMAY-SACHIN/projects/blob/main/orchavate_gtm_workflow/outputs/v1.3_apollo_bse_master_list_20260811_112506_attempt6_succesful_reviewnotdone_orchavatecore_digital_digital/Disa_India_Ltd/screenshots/Disa_India_Ltd_Homepage_WAVE_Overlay.png)","Company Secretary (Disa India Ltd)","Company Secretary & Compliance Officer","Not publicly disclosed","N/A","Managing Director / CEO","Not publicly disclosed"
"17","Unassigned","BPL Ltd","https://bpl.org","Yes","Yes","Yes","9.1 out of 10","1","96","![WAVE Tool Screenshot](https://github.com/VEER-TANMAY-SACHIN/projects/blob/main/orchavate_gtm_workflow/outputs/v1.3_apollo_bse_master_list_20260811_112506_attempt6_succesful_reviewnotdone_orchavatecore_digital_digital/BPL_Ltd/screenshots/BPL_Ltd_Homepage_WAVE_Overlay.png)","Company Secretary (BPL Ltd)","Company Secretary & Compliance Officer","info@bpl.org","General Contact Email (Guessed Pattern)","Managing Director / CEO","info@bpl.org"
"18","Unassigned","Oriental Aromatics Ltd","https://orientalaromatics.com","Yes","Yes","Yes","8.5 out of 10","2","92","![WAVE Tool Screenshot](https://github.com/VEER-TANMAY-SACHIN/projects/blob/main/orchavate_gtm_workflow/outputs/v1.3_apollo_bse_master_list_20260811_112506_attempt6_succesful_reviewnotdone_orchavatecore_digital_digital/Oriental_Aromatics_Ltd/screenshots/Oriental_Aromatics_Ltd_Homepage_WAVE_Overlay.png)","Company Secretary (Oriental Aromatics Ltd)","Company Secretary & Compliance Officer","info@orientalaromatics.com","Investor Grievance / Compliance Officer Email","Managing Director / CEO","cs@orientalaromatics.com"
"19","Unassigned","Century Extrusions Ltd","https://centuryextrusions.com","Yes","Yes","Yes","1 out of 10","15","40","![WAVE Tool Screenshot](https://github.com/VEER-TANMAY-SACHIN/projects/blob/main/orchavate_gtm_workflow/outputs/v1.3_apollo_bse_master_list_20260811_112506_attempt6_succesful_reviewnotdone_orchavatecore_digital_digital/Century_Extrusions_Ltd/screenshots/Century_Extrusions_Ltd_Homepage_WAVE_Overlay.png)","Company Secretary (Century Extrusions Ltd)","Company Secretary & Compliance Officer","enquiry@centuryextrusions.com","Investor Grievance / Compliance Officer Email","Managing Director / CEO","info@centuryextrusions.com"
"20","Unassigned","CESC Ltd","https://cesc.co.in","Yes","Yes","Yes","8.5 out of 10","","100","![WAVE Tool Screenshot](https://github.com/VEER-TANMAY-SACHIN/projects/blob/main/orchavate_gtm_workflow/outputs/v1.3_apollo_bse_master_list_20260811_112506_attempt6_succesful_reviewnotdone_orchavatecore_digital_digital/CESC_Ltd/screenshots/CESC_Ltd_Homepage_WAVE_Overlay.png)","Company Secretary (CESC Ltd)","Company Secretary & Compliance Officer","info@cesc.co.in","General Contact Email (Guessed Pattern)","Managing Director / CEO","info@cesc.co.in"
"21","Unassigned","Chambal Fertilisers & Chemicals Ltd","https://chambalfertilisers.com","Yes","Yes","Yes","4.3 out of 10","8","68","![WAVE Tool Screenshot](https://github.com/VEER-TANMAY-SACHIN/projects/blob/main/orchavate_gtm_workflow/outputs/v1.3_apollo_bse_master_list_20260811_112506_attempt6_succesful_reviewnotdone_orchavatecore_digital_digital/Chambal_Fertilisers___Chemicals_Ltd/screenshots/Chambal_Fertilisers___Chemicals_Ltd_Homepage_WAVE_Overlay.png)","Company Secretary (Chambal Fertilisers & Chemicals Ltd)","Company Secretary & Compliance Officer","einward.ris@Kfintech.com","General Contact Email","Managing Director / CEO","einward.ris@Kfintech.com"
"22","Unassigned","Exide Industries Ltd","https://exideindustries.com","Yes","Yes","Yes","9.1 out of 10","1","96","![WAVE Tool Screenshot](https://github.com/VEER-TANMAY-SACHIN/projects/blob/main/orchavate_gtm_workflow/outputs/v1.3_apollo_bse_master_list_20260811_112506_attempt6_succesful_reviewnotdone_orchavatecore_digital_digital/Exide_Industries_Ltd/screenshots/Exide_Industries_Ltd_Homepage_WAVE_Overlay.png)","Company Secretary (Exide Industries Ltd)","Company Secretary & Compliance Officer","info@exideindustries.com","General Contact Email (Guessed Pattern)","Managing Director / CEO","info@exideindustries.com"
"23","Unassigned","Cipla Ltd","https://cipla.com","Yes","Yes","Yes","1 out of 10","14","44","![WAVE Tool Screenshot](https://github.com/VEER-TANMAY-SACHIN/projects/blob/main/orchavate_gtm_workflow/outputs/v1.3_apollo_bse_master_list_20260811_112506_attempt6_succesful_reviewnotdone_orchavatecore_digital_digital/Cipla_Ltd/screenshots/Cipla_Ltd_Homepage_WAVE_Overlay.png)","Company Secretary (Cipla Ltd)","Company Secretary & Compliance Officer","info@cipla.com","General Contact Email (Guessed Pattern)","Managing Director / CEO","info@cipla.com"
"24","Unassigned","DIC India Ltd","https://dicindialtd.co","Yes","No","No","8.5 out of 10","","","![WAVE Tool Screenshot](https://github.com/VEER-TANMAY-SACHIN/projects/blob/main/orchavate_gtm_workflow/outputs/v1.3_apollo_bse_master_list_20260811_112506_attempt6_succesful_reviewnotdone_orchavatecore_digital_digital/DIC_India_Ltd/screenshots/DIC_India_Ltd_Homepage_WAVE_Overlay.png)","Company Secretary (DIC India Ltd)","Company Secretary & Compliance Officer","Not publicly disclosed","N/A","Managing Director / CEO","Not publicly disclosed"
"25","Unassigned","Crisil Ltd","https://crisil.com","Yes","Yes","Yes","1 out of 10","22","30","![WAVE Tool Screenshot](https://github.com/VEER-TANMAY-SACHIN/projects/blob/main/orchavate_gtm_workflow/outputs/v1.3_apollo_bse_master_list_20260811_112506_attempt6_succesful_reviewnotdone_orchavatecore_digital_digital/Crisil_Ltd/screenshots/Crisil_Ltd_Homepage_WAVE_Overlay.png)","Company Secretary (Crisil Ltd)","Company Secretary & Compliance Officer","info@crisil.com","General Contact Email (Guessed Pattern)","Managing Director / CEO","info@crisil.com"
"26","Unassigned","CG Power and Industrial Solutions Ltd","https://cgglobal.com","Yes","Yes","Yes","4.3 out of 10","8","68","![WAVE Tool Screenshot](https://github.com/VEER-TANMAY-SACHIN/projects/blob/main/orchavate_gtm_workflow/outputs/v1.3_apollo_bse_master_list_20260811_112506_attempt6_succesful_reviewnotdone_orchavatecore_digital_digital/CG_Power_and_Industrial_Solutions_Ltd/screenshots/CG_Power_and_Industrial_Solutions_Ltd_Homepage_WAVE_Overlay.png)","Company Secretary (CG Power and Industrial Solutions Ltd)","Company Secretary & Compliance Officer","info@cgglobal.com","General Contact Email (Guessed Pattern)","Managing Director / CEO","info@cgglobal.com"
"27","Unassigned","Dabur India Ltd","https://dabur.com","Yes","No","No","5.8 out of 10","","","![WAVE Tool Screenshot](https://github.com/VEER-TANMAY-SACHIN/projects/blob/main/orchavate_gtm_workflow/outputs/v1.3_apollo_bse_master_list_20260811_112506_attempt6_succesful_reviewnotdone_orchavatecore_digital_digital/Dabur_India_Ltd/screenshots/Dabur_India_Ltd_Homepage_WAVE_Overlay.png)","Company Secretary (Dabur India Ltd)","Company Secretary & Compliance Officer","Not publicly disclosed","N/A","Managing Director / CEO","Not publicly disclosed"
"28","Unassigned","Arvind Ltd","https://arvind.com","Yes","Yes","Yes","9.1 out of 10","1","96","![WAVE Tool Screenshot](https://github.com/VEER-TANMAY-SACHIN/projects/blob/main/orchavate_gtm_workflow/outputs/v1.3_apollo_bse_master_list_20260811_112506_attempt6_succesful_reviewnotdone_orchavatecore_digital_digital/Arvind_Ltd/screenshots/Arvind_Ltd_Homepage_WAVE_Overlay.png)","Company Secretary (Arvind Ltd)","Company Secretary & Compliance Officer","info@arvind.com","General Contact Email (Guessed Pattern)","Managing Director / CEO","info@arvind.com"
"29","Unassigned","Bharat Heavy Electricals Ltd","https://bhel.com","Yes","Yes","Yes","5.8 out of 10","6","76","![WAVE Tool Screenshot](https://github.com/VEER-TANMAY-SACHIN/projects/blob/main/orchavate_gtm_workflow/outputs/v1.3_apollo_bse_master_list_20260811_112506_attempt6_succesful_reviewnotdone_orchavatecore_digital_digital/Bharat_Heavy_Electricals_Ltd/screenshots/Bharat_Heavy_Electricals_Ltd_Homepage_WAVE_Overlay.png)","Company Secretary (Bharat Heavy Electricals Ltd)","Company Secretary & Compliance Officer","investor@bigshareonline.com","Investor Grievance / Compliance Officer Email","Managing Director / CEO","investor@bigshareonline.com"
"30","Unassigned","Hindustan Petroleum Corporation Ltd","https://hindustanpetroleum.com","Yes","No","No","8.5 out of 10","","","![WAVE Tool Screenshot](https://github.com/VEER-TANMAY-SACHIN/projects/blob/main/orchavate_gtm_workflow/outputs/v1.3_apollo_bse_master_list_20260811_112506_attempt6_succesful_reviewnotdone_orchavatecore_digital_digital/Hindustan_Petroleum_Corporation_Ltd/screenshots/Hindustan_Petroleum_Corporation_Ltd_Homepage_WAVE_Overlay.png)","Company Secretary (Hindustan Petroleum Corporation Ltd)","Company Secretary & Compliance Officer","Not publicly disclosed","N/A","Managing Director / CEO","Not publicly disclosed"
"31","Unassigned","IFCI Ltd","https://ifciltd.com","Yes","No","No","7 out of 10","","","![WAVE Tool Screenshot](https://github.com/VEER-TANMAY-SACHIN/projects/blob/main/orchavate_gtm_workflow/outputs/v1.3_apollo_bse_master_list_20260811_112506_attempt6_succesful_reviewnotdone_orchavatecore_digital_digital/IFCI_Ltd/screenshots/IFCI_Ltd_Homepage_WAVE_Overlay.png)","Company Secretary (IFCI Ltd)","Company Secretary & Compliance Officer","Not publicly disclosed","N/A","Managing Director / CEO","Not publicly disclosed"
"32","Unassigned","Mangalore Refinery and Petrochemicals Ltd","https://mrpl.co.in","Yes","No","No","5.8 out of 10","","","![WAVE Tool Screenshot](https://github.com/VEER-TANMAY-SACHIN/projects/blob/main/orchavate_gtm_workflow/outputs/v1.3_apollo_bse_master_list_20260811_112506_attempt6_succesful_reviewnotdone_orchavatecore_digital_digital/Mangalore_Refinery_and_Petrochemicals_Ltd/screenshots/Mangalore_Refinery_and_Petrochemicals_Ltd_Homepage_WAVE_Overlay.png)","Company Secretary (Mangalore Refinery and Petrochemicals Ltd)","Company Secretary & Compliance Officer","Not publicly disclosed","N/A","Managing Director / CEO","Not publicly disclosed"
"33","Unassigned","State Bank of India","https://onlinesbi.sbi","Yes","Yes","Yes","7 out of 10","","100","![WAVE Tool Screenshot](https://github.com/VEER-TANMAY-SACHIN/projects/blob/main/orchavate_gtm_workflow/outputs/v1.3_apollo_bse_master_list_20260811_112506_attempt6_succesful_reviewnotdone_orchavatecore_digital_digital/State_Bank_of_India/screenshots/State_Bank_of_India_Homepage_WAVE_Overlay.png)","Company Secretary (State Bank of India)","Company Secretary & Compliance Officer","info@onlinesbi.sbi","General Contact Email (Guessed Pattern)","Managing Director / CEO","info@onlinesbi.sbi"
"34","Unassigned","Steel Authority of India Ltd","https://sail.co.in","Yes","Yes","Yes","1 out of 10","22","30","![WAVE Tool Screenshot](https://github.com/VEER-TANMAY-SACHIN/projects/blob/main/orchavate_gtm_workflow/outputs/v1.3_apollo_bse_master_list_20260811_112506_attempt6_succesful_reviewnotdone_orchavatecore_digital_digital/Steel_Authority_of_India_Ltd/screenshots/Steel_Authority_of_India_Ltd_Homepage_WAVE_Overlay.png)","Company Secretary (Steel Authority of India Ltd)","Company Secretary & Compliance Officer","info@sail.co.in","General Contact Email (Guessed Pattern)","Managing Director / CEO","info@sail.co.in"
"35","Unassigned","Titan Company Ltd","https://titancompany.in","Yes","No","No","8.5 out of 10","","","![WAVE Tool Screenshot](https://github.com/VEER-TANMAY-SACHIN/projects/blob/main/orchavate_gtm_workflow/outputs/v1.3_apollo_bse_master_list_20260811_112506_attempt6_succesful_reviewnotdone_orchavatecore_digital_digital/Titan_Company_Ltd/screenshots/Titan_Company_Ltd_Homepage_WAVE_Overlay.png)","Company Secretary (Titan Company Ltd)","Company Secretary & Compliance Officer","Not publicly disclosed","N/A","Managing Director / CEO","Not publicly disclosed"
"36","Unassigned","IDBI Bank Ltd","https://idbibank.in","Yes","No","No","7 out of 10","","","![WAVE Tool Screenshot](https://github.com/VEER-TANMAY-SACHIN/projects/blob/main/orchavate_gtm_workflow/outputs/v1.3_apollo_bse_master_list_20260811_112506_attempt6_succesful_reviewnotdone_orchavatecore_digital_digital/IDBI_Bank_Ltd/screenshots/IDBI_Bank_Ltd_Homepage_WAVE_Overlay.png)","Company Secretary (IDBI Bank Ltd)","Company Secretary & Compliance Officer","Not publicly disclosed","N/A","Managing Director / CEO","Not publicly disclosed"
"37","Unassigned","DCW Ltd","https://dcwltd.com","Yes","No","No","8.5 out of 10","","","![WAVE Tool Screenshot](https://github.com/VEER-TANMAY-SACHIN/projects/blob/main/orchavate_gtm_workflow/outputs/v1.3_apollo_bse_master_list_20260811_112506_attempt6_succesful_reviewnotdone_orchavatecore_digital_digital/DCW_Ltd/screenshots/DCW_Ltd_Homepage_WAVE_Overlay.png)","Company Secretary (DCW Ltd)","Company Secretary & Compliance Officer","Not publicly disclosed","N/A","Managing Director / CEO","Not publicly disclosed"
"38","Unassigned","Dhampur Sugar Mills Ltd","https://dhampursugar.com","Yes","Yes","Yes","1 out of 10","16","36","![WAVE Tool Screenshot](https://github.com/VEER-TANMAY-SACHIN/projects/blob/main/orchavate_gtm_workflow/outputs/v1.3_apollo_bse_master_list_20260811_112506_attempt6_succesful_reviewnotdone_orchavatecore_digital_digital/Dhampur_Sugar_Mills_Ltd/screenshots/Dhampur_Sugar_Mills_Ltd_Homepage_WAVE_Overlay.png)","Company Secretary (Dhampur Sugar Mills Ltd)","Company Secretary & Compliance Officer","gaurav.kadnurrao@schbang.com","Investor Grievance / Compliance Officer Email","Managing Director / CEO","aparnagoel@dhampursugar.com"
"39","Unassigned","Dr Reddys Laboratories Ltd","https://drreddys.com","Yes","Yes","Yes","9.1 out of 10","1","96","![WAVE Tool Screenshot](https://github.com/VEER-TANMAY-SACHIN/projects/blob/main/orchavate_gtm_workflow/outputs/v1.3_apollo_bse_master_list_20260811_112506_attempt6_succesful_reviewnotdone_orchavatecore_digital_digital/Dr_Reddys_Laboratories_Ltd/screenshots/Dr_Reddys_Laboratories_Ltd_Homepage_WAVE_Overlay.png)","Company Secretary (Dr Reddys Laboratories Ltd)","Company Secretary & Compliance Officer","info@drreddys.com","General Contact Email (Guessed Pattern)","Managing Director / CEO","info@drreddys.com"
"40","Unassigned","EID Parry India Ltd","https://eidparry.com","Yes","Yes","Yes","1 out of 10","25","30","![WAVE Tool Screenshot](https://github.com/VEER-TANMAY-SACHIN/projects/blob/main/orchavate_gtm_workflow/outputs/v1.3_apollo_bse_master_list_20260811_112506_attempt6_succesful_reviewnotdone_orchavatecore_digital_digital/EID_Parry_India_Ltd/screenshots/EID_Parry_India_Ltd_Homepage_WAVE_Overlay.png)","Company Secretary (EID Parry India Ltd)","Company Secretary & Compliance Officer","info@eidparry.com","General Contact Email (Guessed Pattern)","Managing Director / CEO","info@eidparry.com"
"41","Unassigned","Procter & Gamble Health Ltd","https://pg.com","Yes","Yes","Yes","8.5 out of 10","","100","![WAVE Tool Screenshot](https://github.com/VEER-TANMAY-SACHIN/projects/blob/main/orchavate_gtm_workflow/outputs/v1.3_apollo_bse_master_list_20260811_112506_attempt6_succesful_reviewnotdone_orchavatecore_digital_digital/Procter___Gamble_Health_Ltd/screenshots/Procter___Gamble_Health_Ltd_Homepage_WAVE_Overlay.png)","Company Secretary (Procter & Gamble Health Ltd)","Company Secretary & Compliance Officer","info@pg.com","General Contact Email (Guessed Pattern)","Managing Director / CEO","info@pg.com"
"42","Unassigned","EPL Ltd","https://eplglobal.com","Yes","Yes","Yes","1 out of 10","26","30","![WAVE Tool Screenshot](https://github.com/VEER-TANMAY-SACHIN/projects/blob/main/orchavate_gtm_workflow/outputs/v1.3_apollo_bse_master_list_20260811_112506_attempt6_succesful_reviewnotdone_orchavatecore_digital_digital/EPL_Ltd/screenshots/EPL_Ltd_Homepage_WAVE_Overlay.png)","Company Secretary (EPL Ltd)","Company Secretary & Compliance Officer","info@eplglobal.com","General Contact Email","Managing Director / CEO","info@eplglobal.com"
"43","Unassigned","Ester Industries Ltd","https://ester.co","Yes","Yes","Yes","8.5 out of 10","","100","![WAVE Tool Screenshot](https://github.com/VEER-TANMAY-SACHIN/projects/blob/main/orchavate_gtm_workflow/outputs/v1.3_apollo_bse_master_list_20260811_112506_attempt6_succesful_reviewnotdone_orchavatecore_digital_digital/Ester_Industries_Ltd/screenshots/Ester_Industries_Ltd_Homepage_WAVE_Overlay.png)","Company Secretary (Ester Industries Ltd)","Company Secretary & Compliance Officer","info@ester.co","General Contact Email (Guessed Pattern)","Managing Director / CEO","info@ester.co"
"44","Unassigned","FGP Ltd","https://fgpltd.co.uk","Yes","No","No","7.8 out of 10","","","![WAVE Tool Screenshot](https://github.com/VEER-TANMAY-SACHIN/projects/blob/main/orchavate_gtm_workflow/outputs/v1.3_apollo_bse_master_list_20260811_112506_attempt6_succesful_reviewnotdone_orchavatecore_digital_digital/FGP_Ltd/screenshots/FGP_Ltd_Homepage_WAVE_Overlay.png)","Company Secretary (FGP Ltd)","Company Secretary & Compliance Officer","Not publicly disclosed","N/A","Managing Director / CEO","Not publicly disclosed"
"45","Unassigned","PH Capital Ltd","https://phoenix.edu","Yes","No","No","5.8 out of 10","","","![WAVE Tool Screenshot](https://github.com/VEER-TANMAY-SACHIN/projects/blob/main/orchavate_gtm_workflow/outputs/v1.3_apollo_bse_master_list_20260811_112506_attempt6_succesful_reviewnotdone_orchavatecore_digital_digital/PH_Capital_Ltd/screenshots/PH_Capital_Ltd_Homepage_WAVE_Overlay.png)","Company Secretary (PH Capital Ltd)","Company Secretary & Compliance Officer","Not publicly disclosed","N/A","Managing Director / CEO","Not publicly disclosed"
"46","Unassigned","John Cockerill India Ltd","https://johncockerillindia.com","Yes","Yes","Yes","3.6 out of 10","9","64","![WAVE Tool Screenshot](https://github.com/VEER-TANMAY-SACHIN/projects/blob/main/orchavate_gtm_workflow/outputs/v1.3_apollo_bse_master_list_20260811_112506_attempt6_succesful_reviewnotdone_orchavatecore_digital_digital/John_Cockerill_India_Ltd/screenshots/John_Cockerill_India_Ltd_Homepage_WAVE_Overlay.png)","Company Secretary (John Cockerill India Ltd)","Company Secretary & Compliance Officer","india@johncockerill.com","General Contact Email","Managing Director / CEO","india@johncockerill.com"
"47","Unassigned","Uflex Ltd","https://uflexltd.com","Yes","Yes","Yes","1 out of 10","53","30","![WAVE Tool Screenshot](https://github.com/VEER-TANMAY-SACHIN/projects/blob/main/orchavate_gtm_workflow/outputs/v1.3_apollo_bse_master_list_20260811_112506_attempt6_succesful_reviewnotdone_orchavatecore_digital_digital/Uflex_Ltd/screenshots/Uflex_Ltd_Homepage_WAVE_Overlay.png)","Company Secretary (Uflex Ltd)","Company Secretary & Compliance Officer","enquiry@uflexltd.com","General Contact Email","Managing Director / CEO","enquiry@uflexltd.com"
"48","Unassigned","Foseco India Ltd","https://fosecoindia.com","Yes","Yes","Yes","7 out of 10","","100","![WAVE Tool Screenshot](https://github.com/VEER-TANMAY-SACHIN/projects/blob/main/orchavate_gtm_workflow/outputs/v1.3_apollo_bse_master_list_20260811_112506_attempt6_succesful_reviewnotdone_orchavatecore_digital_digital/Foseco_India_Ltd/screenshots/Foseco_India_Ltd_Homepage_WAVE_Overlay.png)","Company Secretary (Foseco India Ltd)","Company Secretary & Compliance Officer","info@fosecoindia.com","General Contact Email (Guessed Pattern)","Managing Director / CEO","info@fosecoindia.com"
"49","Unassigned","Golden Tobacco Ltd","https://goldentobacco.in","Yes","Yes","Yes","9.1 out of 10","1","96","![WAVE Tool Screenshot](https://github.com/VEER-TANMAY-SACHIN/projects/blob/main/orchavate_gtm_workflow/outputs/v1.3_apollo_bse_master_list_20260811_112506_attempt6_succesful_reviewnotdone_orchavatecore_digital_digital/Golden_Tobacco_Ltd/screenshots/Golden_Tobacco_Ltd_Homepage_WAVE_Overlay.png)","Company Secretary (Golden Tobacco Ltd)","Company Secretary & Compliance Officer","info@goldentobacco.in","General Contact Email (Guessed Pattern)","Managing Director / CEO","info@goldentobacco.in"
"50","Unassigned","Ganesh Benzoplast Ltd","https://ganeshbenzoplast.com","Yes","Yes","Yes","1 out of 10","15","40","![WAVE Tool Screenshot](https://github.com/VEER-TANMAY-SACHIN/projects/blob/main/orchavate_gtm_workflow/outputs/v1.3_apollo_bse_master_list_20260811_112506_attempt6_succesful_reviewnotdone_orchavatecore_digital_digital/Ganesh_Benzoplast_Ltd/screenshots/Ganesh_Benzoplast_Ltd_Homepage_WAVE_Overlay.png)","Company Secretary (Ganesh Benzoplast Ltd)","Company Secretary & Compliance Officer","info@gblinfra.com","General Contact Email","Managing Director / CEO","info@gblinfra.com"
"51","Unassigned","Metroglobal Ltd","https://metrogloballimited.com","Yes","Yes","Yes","5.8 out of 10","","100","![WAVE Tool Screenshot](https://github.com/VEER-TANMAY-SACHIN/projects/blob/main/orchavate_gtm_workflow/outputs/v1.3_apollo_bse_master_list_20260811_112506_attempt6_succesful_reviewnotdone_orchavatecore_digital_digital/Metroglobal_Ltd/screenshots/Metroglobal_Ltd_Homepage_WAVE_Overlay.png)","Company Secretary (Metroglobal Ltd)","Company Secretary & Compliance Officer","info@metrogloballimited.com","General Contact Email (Guessed Pattern)","Managing Director / CEO","info@metrogloballimited.com"
"52","Unassigned","GTL Ltd","https://gtlaw.com","Yes","No","No","6.3 out of 10","","","![WAVE Tool Screenshot](https://github.com/VEER-TANMAY-SACHIN/projects/blob/main/orchavate_gtm_workflow/outputs/v1.3_apollo_bse_master_list_20260811_112506_attempt6_succesful_reviewnotdone_orchavatecore_digital_digital/GTL_Ltd/screenshots/GTL_Ltd_Homepage_WAVE_Overlay.png)","Company Secretary (GTL Ltd)","Company Secretary & Compliance Officer","Not publicly disclosed","N/A","Managing Director / CEO","Not publicly disclosed"
"53","Unassigned","Godrej Industries Ltd","https://godrej.com","Yes","No","No","5.8 out of 10","","","![WAVE Tool Screenshot](https://github.com/VEER-TANMAY-SACHIN/projects/blob/main/orchavate_gtm_workflow/outputs/v1.3_apollo_bse_master_list_20260811_112506_attempt6_succesful_reviewnotdone_orchavatecore_digital_digital/Godrej_Industries_Ltd/screenshots/Godrej_Industries_Ltd_Homepage_WAVE_Overlay.png)","Company Secretary (Godrej Industries Ltd)","Company Secretary & Compliance Officer","Not publicly disclosed","N/A","Managing Director / CEO","Not publicly disclosed"
"54","Unassigned","Kansai Nerolac Paints Ltd","https://nerolacbd.com","Yes","Yes","Yes","1 out of 10","21","30","![WAVE Tool Screenshot](https://github.com/VEER-TANMAY-SACHIN/projects/blob/main/orchavate_gtm_workflow/outputs/v1.3_apollo_bse_master_list_20260811_112506_attempt6_succesful_reviewnotdone_orchavatecore_digital_digital/Kansai_Nerolac_Paints_Ltd/screenshots/Kansai_Nerolac_Paints_Ltd_Homepage_WAVE_Overlay.png)","Company Secretary (Kansai Nerolac Paints Ltd)","Company Secretary & Compliance Officer","info@nerolacbd.com","General Contact Email","Managing Director / CEO","info@nerolacbd.com"
"55","Unassigned","Goodricke Group Ltd","https://goodricketea.com","Yes","No","No","8.5 out of 10","","","![WAVE Tool Screenshot](https://github.com/VEER-TANMAY-SACHIN/projects/blob/main/orchavate_gtm_workflow/outputs/v1.3_apollo_bse_master_list_20260811_112506_attempt6_succesful_reviewnotdone_orchavatecore_digital_digital/Goodricke_Group_Ltd/screenshots/Goodricke_Group_Ltd_Homepage_WAVE_Overlay.png)","Company Secretary (Goodricke Group Ltd)","Company Secretary & Compliance Officer","Not publicly disclosed","N/A","Managing Director / CEO","Not publicly disclosed"
"56","Unassigned","GTN Industries Ltd","https://gtnf.org","Yes","Yes","Yes","3.6 out of 10","9","64","![WAVE Tool Screenshot](https://github.com/VEER-TANMAY-SACHIN/projects/blob/main/orchavate_gtm_workflow/outputs/v1.3_apollo_bse_master_list_20260811_112506_attempt6_succesful_reviewnotdone_orchavatecore_digital_digital/GTN_Industries_Ltd/screenshots/GTN_Industries_Ltd_Homepage_WAVE_Overlay.png)","Company Secretary (GTN Industries Ltd)","Company Secretary & Compliance Officer","info@gtnf.org","General Contact Email (Guessed Pattern)","Managing Director / CEO","info@gtnf.org"
"57","Unassigned","GHCL Ltd","https://ghc.sa","Yes","No","No","8.5 out of 10","","","![WAVE Tool Screenshot](https://github.com/VEER-TANMAY-SACHIN/projects/blob/main/orchavate_gtm_workflow/outputs/v1.3_apollo_bse_master_list_20260811_112506_attempt6_succesful_reviewnotdone_orchavatecore_digital_digital/GHCL_Ltd/screenshots/GHCL_Ltd_Homepage_WAVE_Overlay.png)","Company Secretary (GHCL Ltd)","Company Secretary & Compliance Officer","Not publicly disclosed","N/A","Managing Director / CEO","Not publicly disclosed"
"58","Unassigned","GFL Ltd","https://gflenv.com","Yes","No","No","7.8 out of 10","","","![WAVE Tool Screenshot](https://github.com/VEER-TANMAY-SACHIN/projects/blob/main/orchavate_gtm_workflow/outputs/v1.3_apollo_bse_master_list_20260811_112506_attempt6_succesful_reviewnotdone_orchavatecore_digital_digital/GFL_Ltd/screenshots/GFL_Ltd_Homepage_WAVE_Overlay.png)","Company Secretary (GFL Ltd)","Company Secretary & Compliance Officer","Not publicly disclosed","N/A","Managing Director / CEO","Not publicly disclosed"
"59","Unassigned","HCL Infosystems Ltd","https://hclinfosystems.in","Yes","Yes","Yes","1 out of 10","36","30","![WAVE Tool Screenshot](https://github.com/VEER-TANMAY-SACHIN/projects/blob/main/orchavate_gtm_workflow/outputs/v1.3_apollo_bse_master_list_20260811_112506_attempt6_succesful_reviewnotdone_orchavatecore_digital_digital/HCL_Infosystems_Ltd/screenshots/HCL_Infosystems_Ltd_Homepage_WAVE_Overlay.png)","Company Secretary (HCL Infosystems Ltd)","Company Secretary & Compliance Officer","cosec@hcl.com","General Contact Email","Managing Director / CEO","cosec@hcl.com"
"60","Unassigned","HDFC Bank Ltd","https://hdfcbank.com","Yes","Yes","Yes","7.8 out of 10","3","88","![WAVE Tool Screenshot](https://github.com/VEER-TANMAY-SACHIN/projects/blob/main/orchavate_gtm_workflow/outputs/v1.3_apollo_bse_master_list_20260811_112506_attempt6_succesful_reviewnotdone_orchavatecore_digital_digital/HDFC_Bank_Ltd/screenshots/HDFC_Bank_Ltd_Homepage_WAVE_Overlay.png)","Company Secretary (HDFC Bank Ltd)","Company Secretary & Compliance Officer","info@hdfcbank.com","General Contact Email (Guessed Pattern)","Managing Director / CEO","info@hdfcbank.com"
"61","Unassigned","Hero MotoCorp Ltd","https://heromotocorp.com","Yes","Yes","Yes","7.8 out of 10","","100","![WAVE Tool Screenshot](https://github.com/VEER-TANMAY-SACHIN/projects/blob/main/orchavate_gtm_workflow/outputs/v1.3_apollo_bse_master_list_20260811_112506_attempt6_succesful_reviewnotdone_orchavatecore_digital_digital/Hero_MotoCorp_Ltd/screenshots/Hero_MotoCorp_Ltd_Homepage_WAVE_Overlay.png)","Company Secretary (Hero MotoCorp Ltd)","Company Secretary & Compliance Officer","xxx@yourdomain.com","General Contact Email","Managing Director / CEO","xxx@yourdomain.com"
"62","Unassigned","HFCL Ltd","https://hfcl.com","Yes","Yes","Yes","7 out of 10","4","84","![WAVE Tool Screenshot](https://github.com/VEER-TANMAY-SACHIN/projects/blob/main/orchavate_gtm_workflow/outputs/v1.3_apollo_bse_master_list_20260811_112506_attempt6_succesful_reviewnotdone_orchavatecore_digital_digital/HFCL_Ltd/screenshots/HFCL_Ltd_Homepage_WAVE_Overlay.png)","Company Secretary (HFCL Ltd)","Company Secretary & Compliance Officer","info@hfcl.com","General Contact Email (Guessed Pattern)","Managing Director / CEO","info@hfcl.com"
"63","Unassigned","Himadri Speciality Chemical Ltd","https://himadri.com","Yes","Yes","Yes","1 out of 10","19","30","![WAVE Tool Screenshot](https://github.com/VEER-TANMAY-SACHIN/projects/blob/main/orchavate_gtm_workflow/outputs/v1.3_apollo_bse_master_list_20260811_112506_attempt6_succesful_reviewnotdone_orchavatecore_digital_digital/Himadri_Speciality_Chemical_Ltd/screenshots/Himadri_Speciality_Chemical_Ltd_Homepage_WAVE_Overlay.png)","Company Secretary (Himadri Speciality Chemical Ltd)","Company Secretary & Compliance Officer","info@himadri.com","Investor Grievance / Compliance Officer Email","Managing Director / CEO","investors@himadri.com"
"64","Unassigned","Hindustan Construction Company Ltd","https://hccindia.com","Yes","No","No","7.8 out of 10","","","![WAVE Tool Screenshot](https://github.com/VEER-TANMAY-SACHIN/projects/blob/main/orchavate_gtm_workflow/outputs/v1.3_apollo_bse_master_list_20260811_112506_attempt6_succesful_reviewnotdone_orchavatecore_digital_digital/Hindustan_Construction_Company_Ltd/screenshots/Hindustan_Construction_Company_Ltd_Homepage_WAVE_Overlay.png)","Company Secretary (Hindustan Construction Company Ltd)","Company Secretary & Compliance Officer","Not publicly disclosed","N/A","Managing Director / CEO","Not publicly disclosed"
"65","Unassigned","Agi Greenpac Ltd","https://agigreenpac.com","Yes","Yes","Yes","8.5 out of 10","2","92","![WAVE Tool Screenshot](https://github.com/VEER-TANMAY-SACHIN/projects/blob/main/orchavate_gtm_workflow/outputs/v1.3_apollo_bse_master_list_20260811_112506_attempt6_succesful_reviewnotdone_orchavatecore_digital_digital/Agi_Greenpac_Ltd/screenshots/Agi_Greenpac_Ltd_Homepage_WAVE_Overlay.png)","Company Secretary (Agi Greenpac Ltd)","Company Secretary & Compliance Officer","agi@agi-glaspac.com","General Contact Email","Managing Director / CEO","agi@agi-glaspac.com"
"66","Unassigned","Hindustan Zinc Ltd","https://hzlindia.com","Yes","Yes","Yes","5.8 out of 10","","100","![WAVE Tool Screenshot](https://github.com/VEER-TANMAY-SACHIN/projects/blob/main/orchavate_gtm_workflow/outputs/v1.3_apollo_bse_master_list_20260811_112506_attempt6_succesful_reviewnotdone_orchavatecore_digital_digital/Hindustan_Zinc_Ltd/screenshots/Hindustan_Zinc_Ltd_Homepage_WAVE_Overlay.png)","Company Secretary (Hindustan Zinc Ltd)","Company Secretary & Compliance Officer","info@hzlindia.com","General Contact Email (Guessed Pattern)","Managing Director / CEO","info@hzlindia.com"
"67","Unassigned","HMT Ltd","https://hmtvlive.com","Yes","No","No","7.8 out of 10","","","![WAVE Tool Screenshot](https://github.com/VEER-TANMAY-SACHIN/projects/blob/main/orchavate_gtm_workflow/outputs/v1.3_apollo_bse_master_list_20260811_112506_attempt6_succesful_reviewnotdone_orchavatecore_digital_digital/HMT_Ltd/screenshots/HMT_Ltd_Homepage_WAVE_Overlay.png)","Company Secretary (HMT Ltd)","Company Secretary & Compliance Officer","Not publicly disclosed","N/A","Managing Director / CEO","Not publicly disclosed"
"68","Unassigned","Prag Bosimi Synthetics Ltd","https://pragbosimi.com","Yes","Yes","Yes","6.3 out of 10","","100","![WAVE Tool Screenshot](https://github.com/VEER-TANMAY-SACHIN/projects/blob/main/orchavate_gtm_workflow/outputs/v1.3_apollo_bse_master_list_20260811_112506_attempt6_succesful_reviewnotdone_orchavatecore_digital_digital/Prag_Bosimi_Synthetics_Ltd/screenshots/Prag_Bosimi_Synthetics_Ltd_Homepage_WAVE_Overlay.png)","Company Secretary (Prag Bosimi Synthetics Ltd)","Company Secretary & Compliance Officer","info@pragbosimi.com","General Contact Email (Guessed Pattern)","Managing Director / CEO","info@pragbosimi.com"
"69","Unassigned","HLV Ltd","https://hlv.de","Yes","Yes","Yes","1 out of 10","105","30","![WAVE Tool Screenshot](https://github.com/VEER-TANMAY-SACHIN/projects/blob/main/orchavate_gtm_workflow/outputs/v1.3_apollo_bse_master_list_20260811_112506_attempt6_succesful_reviewnotdone_orchavatecore_digital_digital/HLV_Ltd/screenshots/HLV_Ltd_Homepage_WAVE_Overlay.png)","Company Secretary (HLV Ltd)","Company Secretary & Compliance Officer","info@hlv.de","General Contact Email","Managing Director / CEO","info@hlv.de"
"70","Unassigned","IG Petrochemicals Ltd","https://igpetro.com","Yes","Yes","Yes","6.3 out of 10","","100","![WAVE Tool Screenshot](https://github.com/VEER-TANMAY-SACHIN/projects/blob/main/orchavate_gtm_workflow/outputs/v1.3_apollo_bse_master_list_20260811_112506_attempt6_succesful_reviewnotdone_orchavatecore_digital_digital/IG_Petrochemicals_Ltd/screenshots/IG_Petrochemicals_Ltd_Homepage_WAVE_Overlay.png)","Company Secretary (IG Petrochemicals Ltd)","Company Secretary & Compliance Officer","info@igpetro.com","General Contact Email (Guessed Pattern)","Managing Director / CEO","info@igpetro.com"
"71","Unassigned","India Glycols Ltd","https://indiaglycols.com","Yes","Yes","Yes","1 out of 10","30","30","![WAVE Tool Screenshot](https://github.com/VEER-TANMAY-SACHIN/projects/blob/main/orchavate_gtm_workflow/outputs/v1.3_apollo_bse_master_list_20260811_112506_attempt6_succesful_reviewnotdone_orchavatecore_digital_digital/India_Glycols_Ltd/screenshots/India_Glycols_Ltd_Homepage_WAVE_Overlay.png)","Company Secretary (India Glycols Ltd)","Company Secretary & Compliance Officer","info@indiaglycols.com","General Contact Email (Guessed Pattern)","Managing Director / CEO","info@indiaglycols.com"
"72","Unassigned","Margo Finance Ltd","https://margotelena.com","Yes","Yes","Yes","4.3 out of 10","8","68","![WAVE Tool Screenshot](https://github.com/VEER-TANMAY-SACHIN/projects/blob/main/orchavate_gtm_workflow/outputs/v1.3_apollo_bse_master_list_20260811_112506_attempt6_succesful_reviewnotdone_orchavatecore_digital_digital/Margo_Finance_Ltd/screenshots/Margo_Finance_Ltd_Homepage_WAVE_Overlay.png)","Company Secretary (Margo Finance Ltd)","Company Secretary & Compliance Officer","hello@margotelena.com","General Contact Email","Managing Director / CEO","hello@margotelena.com"
"73","Unassigned","Infosys Ltd","https://infosys.com","Yes","No","No","6.3 out of 10","","","![WAVE Tool Screenshot](https://github.com/VEER-TANMAY-SACHIN/projects/blob/main/orchavate_gtm_workflow/outputs/v1.3_apollo_bse_master_list_20260811_112506_attempt6_succesful_reviewnotdone_orchavatecore_digital_digital/Infosys_Ltd/screenshots/Infosys_Ltd_Homepage_WAVE_Overlay.png)","Company Secretary (Infosys Ltd)","Company Secretary & Compliance Officer","Not publicly disclosed","N/A","Managing Director / CEO","Not publicly disclosed"
"74","Unassigned","Ingersoll-Rand (India) Ltd","https://ingersollrand.com","Yes","No","No","7.8 out of 10","","","![WAVE Tool Screenshot](https://github.com/VEER-TANMAY-SACHIN/projects/blob/main/orchavate_gtm_workflow/outputs/v1.3_apollo_bse_master_list_20260811_112506_attempt6_succesful_reviewnotdone_orchavatecore_digital_digital/Ingersoll_Rand__India__Ltd/screenshots/Ingersoll_Rand__India__Ltd_Homepage_WAVE_Overlay.png)","Company Secretary (Ingersoll-Rand (India) Ltd)","Company Secretary & Compliance Officer","Not publicly disclosed","N/A","Managing Director / CEO","Not publicly disclosed"
"75","Unassigned","International Travel House Ltd","https://internationaltravelhouse.in","Yes","Yes","Yes","6.3 out of 10","","100","![WAVE Tool Screenshot](https://github.com/VEER-TANMAY-SACHIN/projects/blob/main/orchavate_gtm_workflow/outputs/v1.3_apollo_bse_master_list_20260811_112506_attempt6_succesful_reviewnotdone_orchavatecore_digital_digital/International_Travel_House_Ltd/screenshots/International_Travel_House_Ltd_Homepage_WAVE_Overlay.png)","Company Secretary (International Travel House Ltd)","Company Secretary & Compliance Officer","info@internationaltravelhouse.in","General Contact Email (Guessed Pattern)","Managing Director / CEO","info@internationaltravelhouse.in"
"76","Unassigned","Ion Exchange India Ltd","https://ionexchangeglobal.com","Yes","Yes","Yes","7 out of 10","","100","![WAVE Tool Screenshot](https://github.com/VEER-TANMAY-SACHIN/projects/blob/main/orchavate_gtm_workflow/outputs/v1.3_apollo_bse_master_list_20260811_112506_attempt6_succesful_reviewnotdone_orchavatecore_digital_digital/Ion_Exchange_India_Ltd/screenshots/Ion_Exchange_India_Ltd_Homepage_WAVE_Overlay.png)","Company Secretary (Ion Exchange India Ltd)","Company Secretary & Compliance Officer","info@ionexchangeglobal.com","General Contact Email (Guessed Pattern)","Managing Director / CEO","info@ionexchangeglobal.com"
"77","Unassigned","Jain Irrigation Systems Ltd","https://jains.com","Yes","Yes","Yes","7 out of 10","","100","![WAVE Tool Screenshot](https://github.com/VEER-TANMAY-SACHIN/projects/blob/main/orchavate_gtm_workflow/outputs/v1.3_apollo_bse_master_list_20260811_112506_attempt6_succesful_reviewnotdone_orchavatecore_digital_digital/Jain_Irrigation_Systems_Ltd/screenshots/Jain_Irrigation_Systems_Ltd_Homepage_WAVE_Overlay.png)","Company Secretary (Jain Irrigation Systems Ltd)","Company Secretary & Compliance Officer","info@jains.com","General Contact Email (Guessed Pattern)","Managing Director / CEO","info@jains.com"
"78","Unassigned","Jasch Industries Ltd","https://9jaschoolnews.com.ng","Yes","Yes","Yes","6.3 out of 10","","100","![WAVE Tool Screenshot](https://github.com/VEER-TANMAY-SACHIN/projects/blob/main/orchavate_gtm_workflow/outputs/v1.3_apollo_bse_master_list_20260811_112506_attempt6_succesful_reviewnotdone_orchavatecore_digital_digital/Jasch_Industries_Ltd/screenshots/Jasch_Industries_Ltd_Homepage_WAVE_Overlay.png)","Company Secretary (Jasch Industries Ltd)","Company Secretary & Compliance Officer","info@9jaschoolnews.com.ng","General Contact Email (Guessed Pattern)","Managing Director / CEO","info@9jaschoolnews.com.ng"
"79","Unassigned","Jindal Poly Films Ltd","https://jindalpoly.com","Yes","Yes","Yes","7.8 out of 10","3","88","![WAVE Tool Screenshot](https://github.com/VEER-TANMAY-SACHIN/projects/blob/main/orchavate_gtm_workflow/outputs/v1.3_apollo_bse_master_list_20260811_112506_attempt6_succesful_reviewnotdone_orchavatecore_digital_digital/Jindal_Poly_Films_Ltd/screenshots/Jindal_Poly_Films_Ltd_Homepage_WAVE_Overlay.png)","Company Secretary (Jindal Poly Films Ltd)","Company Secretary & Compliance Officer","info@jindalpoly.com","General Contact Email (Guessed Pattern)","Managing Director / CEO","info@jindalpoly.com"
"80","Unassigned","JSW Steel Ltd","https://jswsteel.in","Yes","Yes","Yes","2.8 out of 10","10","60","![WAVE Tool Screenshot](https://github.com/VEER-TANMAY-SACHIN/projects/blob/main/orchavate_gtm_workflow/outputs/v1.3_apollo_bse_master_list_20260811_112506_attempt6_succesful_reviewnotdone_orchavatecore_digital_digital/JSW_Steel_Ltd/screenshots/JSW_Steel_Ltd_Homepage_WAVE_Overlay.png)","Company Secretary (JSW Steel Ltd)","Company Secretary & Compliance Officer","info@jswsteel.in","General Contact Email (Guessed Pattern)","Managing Director / CEO","info@jswsteel.in"
"81","Unassigned","Kajaria Ceramics Ltd","https://kajariaceramics.com","Yes","No","No","8.5 out of 10","","","![WAVE Tool Screenshot](https://github.com/VEER-TANMAY-SACHIN/projects/blob/main/orchavate_gtm_workflow/outputs/v1.3_apollo_bse_master_list_20260811_112506_attempt6_succesful_reviewnotdone_orchavatecore_digital_digital/Kajaria_Ceramics_Ltd/screenshots/Kajaria_Ceramics_Ltd_Homepage_WAVE_Overlay.png)","Company Secretary (Kajaria Ceramics Ltd)","Company Secretary & Compliance Officer","Not publicly disclosed","N/A","Managing Director / CEO","Not publicly disclosed"
"82","Unassigned","Kakatiya Cement Sugar & Industries Ltd","https://kakatiyacements.com","Yes","Yes","Yes","5.8 out of 10","","100","![WAVE Tool Screenshot](https://github.com/VEER-TANMAY-SACHIN/projects/blob/main/orchavate_gtm_workflow/outputs/v1.3_apollo_bse_master_list_20260811_112506_attempt6_succesful_reviewnotdone_orchavatecore_digital_digital/Kakatiya_Cement_Sugar___Industries_Ltd/screenshots/Kakatiya_Cement_Sugar___Industries_Ltd_Homepage_WAVE_Overlay.png)","Company Secretary (Kakatiya Cement Sugar & Industries Ltd)","Company Secretary & Compliance Officer","info@kakatiyacements.com","General Contact Email (Guessed Pattern)","Managing Director / CEO","info@kakatiyacements.com"
"83","Unassigned","Kanel Industries Ltd","https://kaneland.org","Yes","No","No","8.5 out of 10","","","![WAVE Tool Screenshot](https://github.com/VEER-TANMAY-SACHIN/projects/blob/main/orchavate_gtm_workflow/outputs/v1.3_apollo_bse_master_list_20260811_112506_attempt6_succesful_reviewnotdone_orchavatecore_digital_digital/Kanel_Industries_Ltd/screenshots/Kanel_Industries_Ltd_Homepage_WAVE_Overlay.png)","Company Secretary (Kanel Industries Ltd)","Company Secretary & Compliance Officer","Not publicly disclosed","N/A","Managing Director / CEO","Not publicly disclosed"
"84","Unassigned","KG Denim Ltd","https://kgdenim.com","Yes","Yes","Yes","8.5 out of 10","","100","![WAVE Tool Screenshot](https://github.com/VEER-TANMAY-SACHIN/projects/blob/main/orchavate_gtm_workflow/outputs/v1.3_apollo_bse_master_list_20260811_112506_attempt6_succesful_reviewnotdone_orchavatecore_digital_digital/KG_Denim_Ltd/screenshots/KG_Denim_Ltd_Homepage_WAVE_Overlay.png)","Company Secretary (KG Denim Ltd)","Company Secretary & Compliance Officer","info@kgdenim.com","General Contact Email (Guessed Pattern)","Managing Director / CEO","info@kgdenim.com"
"85","Unassigned","Kinetic Engineering Ltd","https://kineticengineering.com","Yes","Yes","Yes","8.5 out of 10","2","92","![WAVE Tool Screenshot](https://github.com/VEER-TANMAY-SACHIN/projects/blob/main/orchavate_gtm_workflow/outputs/v1.3_apollo_bse_master_list_20260811_112506_attempt6_succesful_reviewnotdone_orchavatecore_digital_digital/Kinetic_Engineering_Ltd/screenshots/Kinetic_Engineering_Ltd_Homepage_WAVE_Overlay.png)","Company Secretary (Kinetic Engineering Ltd)","Company Secretary & Compliance Officer","info@kineticengineering.com","General Contact Email (Guessed Pattern)","Managing Director / CEO","info@kineticengineering.com"
"86","Unassigned","Kirloskar Brothers Ltd","https://kirloskarpumps.com","Yes","Yes","Yes","7 out of 10","","100","![WAVE Tool Screenshot](https://github.com/VEER-TANMAY-SACHIN/projects/blob/main/orchavate_gtm_workflow/outputs/v1.3_apollo_bse_master_list_20260811_112506_attempt6_succesful_reviewnotdone_orchavatecore_digital_digital/Kirloskar_Brothers_Ltd/screenshots/Kirloskar_Brothers_Ltd_Homepage_WAVE_Overlay.png)","Company Secretary (Kirloskar Brothers Ltd)","Company Secretary & Compliance Officer","info@kirloskarpumps.com","General Contact Email (Guessed Pattern)","Managing Director / CEO","info@kirloskarpumps.com"
"87","Unassigned","Kirloskar Industries Ltd","https://kirloskarpumps.com","Yes","Yes","Yes","5.8 out of 10","","100","![WAVE Tool Screenshot](https://github.com/VEER-TANMAY-SACHIN/projects/blob/main/orchavate_gtm_workflow/outputs/v1.3_apollo_bse_master_list_20260811_112506_attempt6_succesful_reviewnotdone_orchavatecore_digital_digital/Kirloskar_Industries_Ltd/screenshots/Kirloskar_Industries_Ltd_Homepage_WAVE_Overlay.png)","Company Secretary (Kirloskar Industries Ltd)","Company Secretary & Compliance Officer","info@kirloskarpumps.com","General Contact Email (Guessed Pattern)","Managing Director / CEO","info@kirloskarpumps.com"
"88","Unassigned","Kirloskar Ferrous Industries Ltd","https://kirloskarferrous.com","Yes","Yes","Yes","1 out of 10","27","30","![WAVE Tool Screenshot](https://github.com/VEER-TANMAY-SACHIN/projects/blob/main/orchavate_gtm_workflow/outputs/v1.3_apollo_bse_master_list_20260811_112506_attempt6_succesful_reviewnotdone_orchavatecore_digital_digital/Kirloskar_Ferrous_Industries_Ltd/screenshots/Kirloskar_Ferrous_Industries_Ltd_Homepage_WAVE_Overlay.png)","Company Secretary (Kirloskar Ferrous Industries Ltd)","Company Secretary & Compliance Officer","info@kirloskarferrous.com","General Contact Email (Guessed Pattern)","Managing Director / CEO","info@kirloskarferrous.com"
"89","Unassigned","Kotak Mahindra Bank Ltd","https://kotak.com","Yes","No","No","6.3 out of 10","","","![WAVE Tool Screenshot](https://github.com/VEER-TANMAY-SACHIN/projects/blob/main/orchavate_gtm_workflow/outputs/v1.3_apollo_bse_master_list_20260811_112506_attempt6_succesful_reviewnotdone_orchavatecore_digital_digital/Kotak_Mahindra_Bank_Ltd/screenshots/Kotak_Mahindra_Bank_Ltd_Homepage_WAVE_Overlay.png)","Company Secretary (Kotak Mahindra Bank Ltd)","Company Secretary & Compliance Officer","Not publicly disclosed","N/A","Managing Director / CEO","Not publicly disclosed"
"90","Unassigned","KSB Ltd","https://ksbw.com","Yes","Yes","Yes","6.3 out of 10","5","80","![WAVE Tool Screenshot](https://github.com/VEER-TANMAY-SACHIN/projects/blob/main/orchavate_gtm_workflow/outputs/v1.3_apollo_bse_master_list_20260811_112506_attempt6_succesful_reviewnotdone_orchavatecore_digital_digital/KSB_Ltd/screenshots/KSB_Ltd_Homepage_WAVE_Overlay.png)","Company Secretary (KSB Ltd)","Company Secretary & Compliance Officer","Jackie.DeFusco@hearst.com","General Contact Email","Managing Director / CEO","Jackie.DeFusco@hearst.com"
"91","Unassigned","LMW Ltd","https://lebensmittelwarnung.de","Yes","Yes","Yes","7.8 out of 10","","100","![WAVE Tool Screenshot](https://github.com/VEER-TANMAY-SACHIN/projects/blob/main/orchavate_gtm_workflow/outputs/v1.3_apollo_bse_master_list_20260811_112506_attempt6_succesful_reviewnotdone_orchavatecore_digital_digital/LMW_Ltd/screenshots/LMW_Ltd_Homepage_WAVE_Overlay.png)","Company Secretary (LMW Ltd)","Company Secretary & Compliance Officer","a@b.de","General Contact Email","Managing Director / CEO","a@b.de"
"92","Unassigned","LIC Housing Finance Ltd","https://lichousing.com","Yes","Yes","Yes","1 out of 10","28","30","![WAVE Tool Screenshot](https://github.com/VEER-TANMAY-SACHIN/projects/blob/main/orchavate_gtm_workflow/outputs/v1.3_apollo_bse_master_list_20260811_112506_attempt6_succesful_reviewnotdone_orchavatecore_digital_digital/LIC_Housing_Finance_Ltd/screenshots/LIC_Housing_Finance_Ltd_Homepage_WAVE_Overlay.png)","Company Secretary (LIC Housing Finance Ltd)","Company Secretary & Compliance Officer","customersupport@lichousing.com","General Contact Email","Managing Director / CEO","customersupport@lichousing.com"
"93","Unassigned","Lupin Ltd","https://lupinepet.com","Yes","Yes","Yes","8.5 out of 10","2","92","![WAVE Tool Screenshot](https://github.com/VEER-TANMAY-SACHIN/projects/blob/main/orchavate_gtm_workflow/outputs/v1.3_apollo_bse_master_list_20260811_112506_attempt6_succesful_reviewnotdone_orchavatecore_digital_digital/Lupin_Ltd/screenshots/Lupin_Ltd_Homepage_WAVE_Overlay.png)","Company Secretary (Lupin Ltd)","Company Secretary & Compliance Officer","email@example.com","General Contact Email","Managing Director / CEO","email@example.com"
"94","Unassigned","Lyka Labs Ltd","https://lykalabs.com","Yes","Yes","Yes","1 out of 10","16","36","![WAVE Tool Screenshot](https://github.com/VEER-TANMAY-SACHIN/projects/blob/main/orchavate_gtm_workflow/outputs/v1.3_apollo_bse_master_list_20260811_112506_attempt6_succesful_reviewnotdone_orchavatecore_digital_digital/Lyka_Labs_Ltd/screenshots/Lyka_Labs_Ltd_Homepage_WAVE_Overlay.png)","Company Secretary (Lyka Labs Ltd)","Company Secretary & Compliance Officer","enquiry@lykalabs.com","General Contact Email","Managing Director / CEO","enquiry@lykalabs.com"
"95","Unassigned","The Ramco Cements Ltd","https://ramcocements.in","Yes","No","No","8.5 out of 10","","","![WAVE Tool Screenshot](https://github.com/VEER-TANMAY-SACHIN/projects/blob/main/orchavate_gtm_workflow/outputs/v1.3_apollo_bse_master_list_20260811_112506_attempt6_succesful_reviewnotdone_orchavatecore_digital_digital/The_Ramco_Cements_Ltd/screenshots/The_Ramco_Cements_Ltd_Homepage_WAVE_Overlay.png)","Company Secretary (The Ramco Cements Ltd)","Company Secretary & Compliance Officer","Not publicly disclosed","N/A","Managing Director / CEO","Not publicly disclosed"
"96","Unassigned","Hybrid Financial Services Ltd","https://hybridfinance.co.in","Yes","Yes","Yes","8.5 out of 10","","100","![WAVE Tool Screenshot](https://github.com/VEER-TANMAY-SACHIN/projects/blob/main/orchavate_gtm_workflow/outputs/v1.3_apollo_bse_master_list_20260811_112506_attempt6_succesful_reviewnotdone_orchavatecore_digital_digital/Hybrid_Financial_Services_Ltd/screenshots/Hybrid_Financial_Services_Ltd_Homepage_WAVE_Overlay.png)","Company Secretary (Hybrid Financial Services Ltd)","Company Secretary & Compliance Officer","investor@hybridfinance.co.in","Investor Grievance / Compliance Officer Email","Managing Director / CEO","investor@hybridfinance.co.in"
"97","Unassigned","Mafatlal Industries Ltd","https://mafatlals.com","Yes","Yes","Yes","5 out of 10","7","72","![WAVE Tool Screenshot](https://github.com/VEER-TANMAY-SACHIN/projects/blob/main/orchavate_gtm_workflow/outputs/v1.3_apollo_bse_master_list_20260811_112506_attempt6_succesful_reviewnotdone_orchavatecore_digital_digital/Mafatlal_Industries_Ltd/screenshots/Mafatlal_Industries_Ltd_Homepage_WAVE_Overlay.png)","Company Secretary (Mafatlal Industries Ltd)","Company Secretary & Compliance Officer","info@mafatlals.com","General Contact Email (Guessed Pattern)","Managing Director / CEO","info@mafatlals.com"
"98","Unassigned","Maharashtra Scooters Ltd","https://mahascooters.com","Yes","No","No","5.8 out of 10","","","![WAVE Tool Screenshot](https://github.com/VEER-TANMAY-SACHIN/projects/blob/main/orchavate_gtm_workflow/outputs/v1.3_apollo_bse_master_list_20260811_112506_attempt6_succesful_reviewnotdone_orchavatecore_digital_digital/Maharashtra_Scooters_Ltd/screenshots/Maharashtra_Scooters_Ltd_Homepage_WAVE_Overlay.png)","Company Secretary (Maharashtra Scooters Ltd)","Company Secretary & Compliance Officer","Not publicly disclosed","N/A","Managing Director / CEO","Not publicly disclosed"
"99","Unassigned","Majestic Auto Ltd","https://majesticautos.com","Yes","No","No","5.8 out of 10","","","![WAVE Tool Screenshot](https://github.com/VEER-TANMAY-SACHIN/projects/blob/main/orchavate_gtm_workflow/outputs/v1.3_apollo_bse_master_list_20260811_112506_attempt6_succesful_reviewnotdone_orchavatecore_digital_digital/Majestic_Auto_Ltd/screenshots/Majestic_Auto_Ltd_Homepage_WAVE_Overlay.png)","Company Secretary (Majestic Auto Ltd)","Company Secretary & Compliance Officer","Not publicly disclosed","N/A","Managing Director / CEO","Not publicly disclosed"
"100","Unassigned","Manali Petrochemicals Ltd","https://manalipetro.com","Yes","Yes","Yes","2.8 out of 10","10","60","![WAVE Tool Screenshot](https://github.com/VEER-TANMAY-SACHIN/projects/blob/main/orchavate_gtm_workflow/outputs/v1.3_apollo_bse_master_list_20260811_112506_attempt6_succesful_reviewnotdone_orchavatecore_digital_digital/Manali_Petrochemicals_Ltd/screenshots/Manali_Petrochemicals_Ltd_Homepage_WAVE_Overlay.png)","Company Secretary (Manali Petrochemicals Ltd)","Company Secretary & Compliance Officer","companysecretary@manalipetro.com","General Contact Email","Managing Director / CEO","companysecretary@manalipetro.com"
"101","Unassigned","Max Financial Services Ltd","https://maxfinancialservices.com","Yes","No","No","7.8 out of 10","","","![WAVE Tool Screenshot](https://github.com/VEER-TANMAY-SACHIN/projects/blob/main/orchavate_gtm_workflow/outputs/v1.3_apollo_bse_master_list_20260811_112506_attempt6_succesful_reviewnotdone_orchavatecore_digital_digital/Max_Financial_Services_Ltd/screenshots/Max_Financial_Services_Ltd_Homepage_WAVE_Overlay.png)","Company Secretary (Max Financial Services Ltd)","Company Secretary & Compliance Officer","Not publicly disclosed","N/A","Managing Director / CEO","Not publicly disclosed"
"102","Unassigned","Mid India Industries Ltd","https://midindia.com","Yes","Yes","Yes","8.5 out of 10","2","92","![WAVE Tool Screenshot](https://github.com/VEER-TANMAY-SACHIN/projects/blob/main/orchavate_gtm_workflow/outputs/v1.3_apollo_bse_master_list_20260811_112506_attempt6_succesful_reviewnotdone_orchavatecore_digital_digital/Mid_India_Industries_Ltd/screenshots/Mid_India_Industries_Ltd_Homepage_WAVE_Overlay.png)","Company Secretary (Mid India Industries Ltd)","Company Secretary & Compliance Officer","email@example.com","General Contact Email","Managing Director / CEO","email@example.com"
"103","Unassigned","Century Enka Ltd","https://centuryenka.com","Yes","No","No","6.3 out of 10","","","![WAVE Tool Screenshot](https://github.com/VEER-TANMAY-SACHIN/projects/blob/main/orchavate_gtm_workflow/outputs/v1.3_apollo_bse_master_list_20260811_112506_attempt6_succesful_reviewnotdone_orchavatecore_digital_digital/Century_Enka_Ltd/screenshots/Century_Enka_Ltd_Homepage_WAVE_Overlay.png)","Company Secretary (Century Enka Ltd)","Company Secretary & Compliance Officer","Not publicly disclosed","N/A","Managing Director / CEO","Not publicly disclosed"
"104","Unassigned","Lords Chloro Alkali Ltd","https://lordschloro.com","Yes","Yes","Yes","8.5 out of 10","2","92","![WAVE Tool Screenshot](https://github.com/VEER-TANMAY-SACHIN/projects/blob/main/orchavate_gtm_workflow/outputs/v1.3_apollo_bse_master_list_20260811_112506_attempt6_succesful_reviewnotdone_orchavatecore_digital_digital/Lords_Chloro_Alkali_Ltd/screenshots/Lords_Chloro_Alkali_Ltd_Homepage_WAVE_Overlay.png)","Company Secretary (Lords Chloro Alkali Ltd)","Company Secretary & Compliance Officer","info@lordschloro.com","General Contact Email","Managing Director / CEO","info@lordschloro.com"
"105","Unassigned","Spicejet Ltd","https://spicejet.com","Yes","No","No","7 out of 10","","","![WAVE Tool Screenshot](https://github.com/VEER-TANMAY-SACHIN/projects/blob/main/orchavate_gtm_workflow/outputs/v1.3_apollo_bse_master_list_20260811_112506_attempt6_succesful_reviewnotdone_orchavatecore_digital_digital/Spicejet_Ltd/screenshots/Spicejet_Ltd_Homepage_WAVE_Overlay.png)","Company Secretary (Spicejet Ltd)","Company Secretary & Compliance Officer","Not publicly disclosed","N/A","Managing Director / CEO","Not publicly disclosed"
"106","Unassigned","MRF Ltd","https://mrfood.com","Yes","Yes","Yes","9.1 out of 10","1","96","![WAVE Tool Screenshot](https://github.com/VEER-TANMAY-SACHIN/projects/blob/main/orchavate_gtm_workflow/outputs/v1.3_apollo_bse_master_list_20260811_112506_attempt6_succesful_reviewnotdone_orchavatecore_digital_digital/MRF_Ltd/screenshots/MRF_Ltd_Homepage_WAVE_Overlay.png)","Company Secretary (MRF Ltd)","Company Secretary & Compliance Officer","info@mrfood.com","General Contact Email (Guessed Pattern)","Managing Director / CEO","info@mrfood.com"
"107","Unassigned","HeidelbergCement India Ltd","https://mycemco.com","Yes","Yes","Yes","7.8 out of 10","","100","![WAVE Tool Screenshot](https://github.com/VEER-TANMAY-SACHIN/projects/blob/main/orchavate_gtm_workflow/outputs/v1.3_apollo_bse_master_list_20260811_112506_attempt6_succesful_reviewnotdone_orchavatecore_digital_digital/HeidelbergCement_India_Ltd/screenshots/HeidelbergCement_India_Ltd_Homepage_WAVE_Overlay.png)","Company Secretary (HeidelbergCement India Ltd)","Company Secretary & Compliance Officer","info@mycemco.com","General Contact Email (Guessed Pattern)","Managing Director / CEO","info@mycemco.com"
"108","Unassigned","NCC Ltd","https://ncclimited.com","Yes","No","No","7 out of 10","","","![WAVE Tool Screenshot](https://github.com/VEER-TANMAY-SACHIN/projects/blob/main/orchavate_gtm_workflow/outputs/v1.3_apollo_bse_master_list_20260811_112506_attempt6_succesful_reviewnotdone_orchavatecore_digital_digital/NCC_Ltd/screenshots/NCC_Ltd_Homepage_WAVE_Overlay.png)","Company Secretary (NCC Ltd)","Company Secretary & Compliance Officer","Not publicly disclosed","N/A","Managing Director / CEO","Not publicly disclosed"
"109","Unassigned","Vedanta Ltd","https://vedantalimited.com","Yes","Yes","Yes","7.8 out of 10","","100","![WAVE Tool Screenshot](https://github.com/VEER-TANMAY-SACHIN/projects/blob/main/orchavate_gtm_workflow/outputs/v1.3_apollo_bse_master_list_20260811_112506_attempt6_succesful_reviewnotdone_orchavatecore_digital_digital/Vedanta_Ltd/screenshots/Vedanta_Ltd_Homepage_WAVE_Overlay.png)","Company Secretary (Vedanta Ltd)","Company Secretary & Compliance Officer","info@vedantalimited.com","General Contact Email (Guessed Pattern)","Managing Director / CEO","info@vedantalimited.com"
"110","Unassigned","Grasim Industries Ltd","https://grasim.com","Yes","Yes","Yes","7.8 out of 10","","100","![WAVE Tool Screenshot](https://github.com/VEER-TANMAY-SACHIN/projects/blob/main/orchavate_gtm_workflow/outputs/v1.3_apollo_bse_master_list_20260811_112506_attempt6_succesful_reviewnotdone_orchavatecore_digital_digital/Grasim_Industries_Ltd/screenshots/Grasim_Industries_Ltd_Homepage_WAVE_Overlay.png)","Company Secretary (Grasim Industries Ltd)","Company Secretary & Compliance Officer","info@grasim.com","General Contact Email (Guessed Pattern)","Managing Director / CEO","info@grasim.com"
"111","Unassigned","NIIT Ltd","https://niit.com","Yes","Yes","Yes","1 out of 10","33","30","![WAVE Tool Screenshot](https://github.com/VEER-TANMAY-SACHIN/projects/blob/main/orchavate_gtm_workflow/outputs/v1.3_apollo_bse_master_list_20260811_112506_attempt6_succesful_reviewnotdone_orchavatecore_digital_digital/NIIT_Ltd/screenshots/NIIT_Ltd_Homepage_WAVE_Overlay.png)","Company Secretary (NIIT Ltd)","Company Secretary & Compliance Officer","info@niit.com","General Contact Email (Guessed Pattern)","Managing Director / CEO","info@niit.com"
"112","Unassigned","Jaykay Enterprises Ltd","https://jaykaydowdall.com","Yes","No","No","6.3 out of 10","","","![WAVE Tool Screenshot](https://github.com/VEER-TANMAY-SACHIN/projects/blob/main/orchavate_gtm_workflow/outputs/v1.3_apollo_bse_master_list_20260811_112506_attempt6_succesful_reviewnotdone_orchavatecore_digital_digital/Jaykay_Enterprises_Ltd/screenshots/Jaykay_Enterprises_Ltd_Homepage_WAVE_Overlay.png)","Company Secretary (Jaykay Enterprises Ltd)","Company Secretary & Compliance Officer","Not publicly disclosed","N/A","Managing Director / CEO","Not publicly disclosed"
"113","Unassigned","Nirlon Ltd","https://nirlonkitchenware.com","Yes","Yes","Yes","6.3 out of 10","","100","![WAVE Tool Screenshot](https://github.com/VEER-TANMAY-SACHIN/projects/blob/main/orchavate_gtm_workflow/outputs/v1.3_apollo_bse_master_list_20260811_112506_attempt6_succesful_reviewnotdone_orchavatecore_digital_digital/Nirlon_Ltd/screenshots/Nirlon_Ltd_Homepage_WAVE_Overlay.png)","Company Secretary (Nirlon Ltd)","Company Secretary & Compliance Officer","info@nirlonkitchenware.com","General Contact Email (Guessed Pattern)","Managing Director / CEO","info@nirlonkitchenware.com"
"114","Unassigned","Oil and Natural Gas Corporation Ltd","https://ongcindia.com","Yes","Yes","Yes","7 out of 10","","100","![WAVE Tool Screenshot](https://github.com/VEER-TANMAY-SACHIN/projects/blob/main/orchavate_gtm_workflow/outputs/v1.3_apollo_bse_master_list_20260811_112506_attempt6_succesful_reviewnotdone_orchavatecore_digital_digital/Oil_and_Natural_Gas_Corporation_Ltd/screenshots/Oil_and_Natural_Gas_Corporation_Ltd_Homepage_WAVE_Overlay.png)","Company Secretary (Oil and Natural Gas Corporation Ltd)","Company Secretary & Compliance Officer","ongcdelhicc@ongc.co.in","Investor Grievance / Compliance Officer Email","Managing Director / CEO","ongcdelhicc@ongc.co.in"
"115","Unassigned","Oriental Hotels Ltd","https://oriental-hotels.com","Yes","Yes","Yes","1 out of 10","24","30","![WAVE Tool Screenshot](https://github.com/VEER-TANMAY-SACHIN/projects/blob/main/orchavate_gtm_workflow/outputs/v1.3_apollo_bse_master_list_20260811_112506_attempt6_succesful_reviewnotdone_orchavatecore_digital_digital/Oriental_Hotels_Ltd/screenshots/Oriental_Hotels_Ltd_Homepage_WAVE_Overlay.png)","Company Secretary (Oriental Hotels Ltd)","Company Secretary & Compliance Officer","info@oriental-hotels.com","General Contact Email (Guessed Pattern)","Managing Director / CEO","info@oriental-hotels.com"
"116","Unassigned","Oswal Agro Mills Ltd","https://oswalagromills.com","Yes","Yes","Yes","8.5 out of 10","2","92","![WAVE Tool Screenshot](https://github.com/VEER-TANMAY-SACHIN/projects/blob/main/orchavate_gtm_workflow/outputs/v1.3_apollo_bse_master_list_20260811_112506_attempt6_succesful_reviewnotdone_orchavatecore_digital_digital/Oswal_Agro_Mills_Ltd/screenshots/Oswal_Agro_Mills_Ltd_Homepage_WAVE_Overlay.png)","Company Secretary (Oswal Agro Mills Ltd)","Company Secretary & Compliance Officer","oswal@oswalagromills.com","General Contact Email","Managing Director / CEO","oswal@oswalagromills.com"
"117","Unassigned","Panyam Cements & Mineral Industries Ltd","https://panyamcements.com","Yes","Yes","Yes","1 out of 10","17","32","![WAVE Tool Screenshot](https://github.com/VEER-TANMAY-SACHIN/projects/blob/main/orchavate_gtm_workflow/outputs/v1.3_apollo_bse_master_list_20260811_112506_attempt6_succesful_reviewnotdone_orchavatecore_digital_digital/Panyam_Cements___Mineral_Industries_Ltd/screenshots/Panyam_Cements___Mineral_Industries_Ltd_Homepage_WAVE_Overlay.png)","Company Secretary (Panyam Cements & Mineral Industries Ltd)","Company Secretary & Compliance Officer","you@email.com","General Contact Email","Managing Director / CEO","you@email.com"
"118","Unassigned","Reliance Industries Ltd","https://reliancedigital.in","Yes","No","No","8.5 out of 10","","","![WAVE Tool Screenshot](https://github.com/VEER-TANMAY-SACHIN/projects/blob/main/orchavate_gtm_workflow/outputs/v1.3_apollo_bse_master_list_20260811_112506_attempt6_succesful_reviewnotdone_orchavatecore_digital_digital/Reliance_Industries_Ltd/screenshots/Reliance_Industries_Ltd_Homepage_WAVE_Overlay.png)","Company Secretary (Reliance Industries Ltd)","Company Secretary & Compliance Officer","Not publicly disclosed","N/A","Managing Director / CEO","Not publicly disclosed"
"119","Unassigned","Raymond Ltd","https://raymond.in","Yes","Yes","Yes","9.1 out of 10","1","96","![WAVE Tool Screenshot](https://github.com/VEER-TANMAY-SACHIN/projects/blob/main/orchavate_gtm_workflow/outputs/v1.3_apollo_bse_master_list_20260811_112506_attempt6_succesful_reviewnotdone_orchavatecore_digital_digital/Raymond_Ltd/screenshots/Raymond_Ltd_Homepage_WAVE_Overlay.png)","Company Secretary (Raymond Ltd)","Company Secretary & Compliance Officer","info@raymond.in","General Contact Email (Guessed Pattern)","Managing Director / CEO","info@raymond.in"
"120","Unassigned","Pidilite Industries Ltd","https://pidilite.com","Yes","Yes","Yes","9.1 out of 10","1","96","![WAVE Tool Screenshot](https://github.com/VEER-TANMAY-SACHIN/projects/blob/main/orchavate_gtm_workflow/outputs/v1.3_apollo_bse_master_list_20260811_112506_attempt6_succesful_reviewnotdone_orchavatecore_digital_digital/Pidilite_Industries_Ltd/screenshots/Pidilite_Industries_Ltd_Homepage_WAVE_Overlay.png)","Company Secretary (Pidilite Industries Ltd)","Company Secretary & Compliance Officer","info@pidilite.com","General Contact Email (Guessed Pattern)","Managing Director / CEO","info@pidilite.com"
"121","Unassigned","Pix Transmissions Ltd","https://pixtrans.com","Yes","Yes","Yes","7 out of 10","","100","![WAVE Tool Screenshot](https://github.com/VEER-TANMAY-SACHIN/projects/blob/main/orchavate_gtm_workflow/outputs/v1.3_apollo_bse_master_list_20260811_112506_attempt6_succesful_reviewnotdone_orchavatecore_digital_digital/Pix_Transmissions_Ltd/screenshots/Pix_Transmissions_Ltd_Homepage_WAVE_Overlay.png)","Company Secretary (Pix Transmissions Ltd)","Company Secretary & Compliance Officer","info@pixtrans.com","General Contact Email","Managing Director / CEO","info@pixtrans.com"
"122","Unassigned","Birla Corporation Ltd","https://birlasoft.com","Yes","No","No","5.8 out of 10","","","![WAVE Tool Screenshot](https://github.com/VEER-TANMAY-SACHIN/projects/blob/main/orchavate_gtm_workflow/outputs/v1.3_apollo_bse_master_list_20260811_112506_attempt6_succesful_reviewnotdone_orchavatecore_digital_digital/Birla_Corporation_Ltd/screenshots/Birla_Corporation_Ltd_Homepage_WAVE_Overlay.png)","Company Secretary (Birla Corporation Ltd)","Company Secretary & Compliance Officer","Not publicly disclosed","N/A","Managing Director / CEO","Not publicly disclosed"
"123","Unassigned","Surya Roshni Ltd","https://surya.co.in","Yes","Yes","Yes","5.8 out of 10","","100","![WAVE Tool Screenshot](https://github.com/VEER-TANMAY-SACHIN/projects/blob/main/orchavate_gtm_workflow/outputs/v1.3_apollo_bse_master_list_20260811_112506_attempt6_succesful_reviewnotdone_orchavatecore_digital_digital/Surya_Roshni_Ltd/screenshots/Surya_Roshni_Ltd_Homepage_WAVE_Overlay.png)","Company Secretary (Surya Roshni Ltd)","Company Secretary & Compliance Officer","consumercare@surya.in","General Contact Email","Managing Director / CEO","consumercare@surya.in"
"124","Unassigned","Prime Securities Ltd","https://primesec.com","Yes","Yes","Yes","2.3 out of 10","11","56","![WAVE Tool Screenshot](https://github.com/VEER-TANMAY-SACHIN/projects/blob/main/orchavate_gtm_workflow/outputs/v1.3_apollo_bse_master_list_20260811_112506_attempt6_succesful_reviewnotdone_orchavatecore_digital_digital/Prime_Securities_Ltd/screenshots/Prime_Securities_Ltd_Homepage_WAVE_Overlay.png)","Company Secretary (Prime Securities Ltd)","Company Secretary & Compliance Officer","prime@primesec.com","Investor Grievance / Compliance Officer Email","Managing Director / CEO","prime@primesec.com"
"125","Unassigned","Prism Johnson Ltd","https://prismjohnson.in","Yes","Yes","Yes","3.6 out of 10","9","64","![WAVE Tool Screenshot](https://github.com/VEER-TANMAY-SACHIN/projects/blob/main/orchavate_gtm_workflow/outputs/v1.3_apollo_bse_master_list_20260811_112506_attempt6_succesful_reviewnotdone_orchavatecore_digital_digital/Prism_Johnson_Ltd/screenshots/Prism_Johnson_Ltd_Homepage_WAVE_Overlay.png)","Company Secretary (Prism Johnson Ltd)","Company Secretary & Compliance Officer","info@prismjohnson.in","General Contact Email (Guessed Pattern)","Managing Director / CEO","info@prismjohnson.in"
"126","Unassigned","Rain Industries Ltd","https://rainbowshops.com","Yes","Yes","Yes","1 out of 10","42","30","![WAVE Tool Screenshot](https://github.com/VEER-TANMAY-SACHIN/projects/blob/main/orchavate_gtm_workflow/outputs/v1.3_apollo_bse_master_list_20260811_112506_attempt6_succesful_reviewnotdone_orchavatecore_digital_digital/Rain_Industries_Ltd/screenshots/Rain_Industries_Ltd_Homepage_WAVE_Overlay.png)","Company Secretary (Rain Industries Ltd)","Company Secretary & Compliance Officer","customerservice@rainbowshops.com","General Contact Email","Managing Director / CEO","customerservice@rainbowshops.com"
"127","Unassigned","AMJ Land Holdings Ltd","https://amjlandscaping.com","Yes","Yes","Yes","1 out of 10","41","30","![WAVE Tool Screenshot](https://github.com/VEER-TANMAY-SACHIN/projects/blob/main/orchavate_gtm_workflow/outputs/v1.3_apollo_bse_master_list_20260811_112506_attempt6_succesful_reviewnotdone_orchavatecore_digital_digital/AMJ_Land_Holdings_Ltd/screenshots/AMJ_Land_Holdings_Ltd_Homepage_WAVE_Overlay.png)","Company Secretary (AMJ Land Holdings Ltd)","Company Secretary & Compliance Officer","In%66%6F@amjl%61ndsc%61p%69ng.c%6Fm","General Contact Email","Managing Director / CEO","In%66%6F@amjl%61ndsc%61p%69ng.c%6Fm"
"128","Unassigned","Punjab Communications Ltd","https://puncom.com","Yes","Yes","Yes","1 out of 10","20","30","![WAVE Tool Screenshot](https://github.com/VEER-TANMAY-SACHIN/projects/blob/main/orchavate_gtm_workflow/outputs/v1.3_apollo_bse_master_list_20260811_112506_attempt6_succesful_reviewnotdone_orchavatecore_digital_digital/Punjab_Communications_Ltd/screenshots/Punjab_Communications_Ltd_Homepage_WAVE_Overlay.png)","Company Secretary (Punjab Communications Ltd)","Company Secretary & Compliance Officer","%20hrd@puncom.com","General Contact Email","Managing Director / CEO","%20hrd@puncom.com"
"129","Unassigned","RSWM Ltd","https://rswm.in","Yes","No","No","7.8 out of 10","","","![WAVE Tool Screenshot](https://github.com/VEER-TANMAY-SACHIN/projects/blob/main/orchavate_gtm_workflow/outputs/v1.3_apollo_bse_master_list_20260811_112506_attempt6_succesful_reviewnotdone_orchavatecore_digital_digital/RSWM_Ltd/screenshots/RSWM_Ltd_Homepage_WAVE_Overlay.png)","Company Secretary (RSWM Ltd)","Company Secretary & Compliance Officer","Not publicly disclosed","N/A","Managing Director / CEO","Not publicly disclosed"
"130","Unassigned","Rajshree Sugars & Chemicals Ltd","https://rajshreesugars.com","Yes","No","No","8.5 out of 10","","","![WAVE Tool Screenshot](https://github.com/VEER-TANMAY-SACHIN/projects/blob/main/orchavate_gtm_workflow/outputs/v1.3_apollo_bse_master_list_20260811_112506_attempt6_succesful_reviewnotdone_orchavatecore_digital_digital/Rajshree_Sugars___Chemicals_Ltd/screenshots/Rajshree_Sugars___Chemicals_Ltd_Homepage_WAVE_Overlay.png)","Company Secretary (Rajshree Sugars & Chemicals Ltd)","Company Secretary & Compliance Officer","Not publicly disclosed","N/A","Managing Director / CEO","Not publicly disclosed"
"131","Unassigned","Rallis India Ltd","https://rallis.com","Yes","No","No","5.8 out of 10","","","![WAVE Tool Screenshot](https://github.com/VEER-TANMAY-SACHIN/projects/blob/main/orchavate_gtm_workflow/outputs/v1.3_apollo_bse_master_list_20260811_112506_attempt6_succesful_reviewnotdone_orchavatecore_digital_digital/Rallis_India_Ltd/screenshots/Rallis_India_Ltd_Homepage_WAVE_Overlay.png)","Company Secretary (Rallis India Ltd)","Company Secretary & Compliance Officer","Not publicly disclosed","N/A","Managing Director / CEO","Not publicly disclosed"
"132","Unassigned","Shree Rama Newsprint Ltd","https://ramanewsprint.com","Yes","Yes","Yes","1 out of 10","38","30","![WAVE Tool Screenshot](https://github.com/VEER-TANMAY-SACHIN/projects/blob/main/orchavate_gtm_workflow/outputs/v1.3_apollo_bse_master_list_20260811_112506_attempt6_succesful_reviewnotdone_orchavatecore_digital_digital/Shree_Rama_Newsprint_Ltd/screenshots/Shree_Rama_Newsprint_Ltd_Homepage_WAVE_Overlay.png)","Company Secretary (Shree Rama Newsprint Ltd)","Company Secretary & Compliance Officer","marketing@ramanewsprint.com","Investor Grievance / Compliance Officer Email","Managing Director / CEO","grievances@ramanewsprint.com"
"133","Unassigned","Rama Paper Mills Ltd","https://ramapaper.com","Yes","No","No","7 out of 10","","","![WAVE Tool Screenshot](https://github.com/VEER-TANMAY-SACHIN/projects/blob/main/orchavate_gtm_workflow/outputs/v1.3_apollo_bse_master_list_20260811_112506_attempt6_succesful_reviewnotdone_orchavatecore_digital_digital/Rama_Paper_Mills_Ltd/screenshots/Rama_Paper_Mills_Ltd_Homepage_WAVE_Overlay.png)","Company Secretary (Rama Paper Mills Ltd)","Company Secretary & Compliance Officer","Not publicly disclosed","N/A","Managing Director / CEO","Not publicly disclosed"
"134","Unassigned","Rapicut Carbides Ltd","https://rapicutcarbides.com","Yes","Yes","Yes","1 out of 10","14","44","![WAVE Tool Screenshot](https://github.com/VEER-TANMAY-SACHIN/projects/blob/main/orchavate_gtm_workflow/outputs/v1.3_apollo_bse_master_list_20260811_112506_attempt6_succesful_reviewnotdone_orchavatecore_digital_digital/Rapicut_Carbides_Ltd/screenshots/Rapicut_Carbides_Ltd_Homepage_WAVE_Overlay.png)","Company Secretary (Rapicut Carbides Ltd)","Company Secretary & Compliance Officer","sales@rapicutcarbides.com","Investor Grievance / Compliance Officer Email","Managing Director / CEO","investors@rapicutcarbides.com"
"135","Unassigned","Rubfila International Ltd","https://rubfila.com","Yes","No","No","5.8 out of 10","","","![WAVE Tool Screenshot](https://github.com/VEER-TANMAY-SACHIN/projects/blob/main/orchavate_gtm_workflow/outputs/v1.3_apollo_bse_master_list_20260811_112506_attempt6_succesful_reviewnotdone_orchavatecore_digital_digital/Rubfila_International_Ltd/screenshots/Rubfila_International_Ltd_Homepage_WAVE_Overlay.png)","Company Secretary (Rubfila International Ltd)","Company Secretary & Compliance Officer","Not publicly disclosed","N/A","Managing Director / CEO","Not publicly disclosed"
"136","Unassigned","Patanjali Foods Ltd","https://patanjalifoods.com","Yes","No","No","5.8 out of 10","","","![WAVE Tool Screenshot](https://github.com/VEER-TANMAY-SACHIN/projects/blob/main/orchavate_gtm_workflow/outputs/v1.3_apollo_bse_master_list_20260811_112506_attempt6_succesful_reviewnotdone_orchavatecore_digital_digital/Patanjali_Foods_Ltd/screenshots/Patanjali_Foods_Ltd_Homepage_WAVE_Overlay.png)","Company Secretary (Patanjali Foods Ltd)","Company Secretary & Compliance Officer","Not publicly disclosed","N/A","Managing Director / CEO","Not publicly disclosed"
"137","Unassigned","Salora International Ltd","https://salora.com","Yes","No","No","7.8 out of 10","","","![WAVE Tool Screenshot](https://github.com/VEER-TANMAY-SACHIN/projects/blob/main/orchavate_gtm_workflow/outputs/v1.3_apollo_bse_master_list_20260811_112506_attempt6_succesful_reviewnotdone_orchavatecore_digital_digital/Salora_International_Ltd/screenshots/Salora_International_Ltd_Homepage_WAVE_Overlay.png)","Company Secretary (Salora International Ltd)","Company Secretary & Compliance Officer","Not publicly disclosed","N/A","Managing Director / CEO","Not publicly disclosed"
"138","Unassigned","Samtel India Ltd","https://samtel.co","Yes","Yes","Yes","6.3 out of 10","5","80","![WAVE Tool Screenshot](https://github.com/VEER-TANMAY-SACHIN/projects/blob/main/orchavate_gtm_workflow/outputs/v1.3_apollo_bse_master_list_20260811_112506_attempt6_succesful_reviewnotdone_orchavatecore_digital_digital/Samtel_India_Ltd/screenshots/Samtel_India_Ltd_Homepage_WAVE_Overlay.png)","Company Secretary (Samtel India Ltd)","Company Secretary & Compliance Officer","contacto@digitalprof-it.com","General Contact Email","Managing Director / CEO","contacto@digitalprof-it.com"
"139","Unassigned","Jindal Saw Ltd","https://jindalsaw.com","Yes","No","No","7.8 out of 10","","","![WAVE Tool Screenshot](https://github.com/VEER-TANMAY-SACHIN/projects/blob/main/orchavate_gtm_workflow/outputs/v1.3_apollo_bse_master_list_20260811_112506_attempt6_succesful_reviewnotdone_orchavatecore_digital_digital/Jindal_Saw_Ltd/screenshots/Jindal_Saw_Ltd_Homepage_WAVE_Overlay.png)","Company Secretary (Jindal Saw Ltd)","Company Secretary & Compliance Officer","Not publicly disclosed","N/A","Managing Director / CEO","Not publicly disclosed"
"140","Unassigned","JK Lakshmi Cement Ltd","https://jklakshmicement.com","Yes","No","No","8.5 out of 10","","","![WAVE Tool Screenshot](https://github.com/VEER-TANMAY-SACHIN/projects/blob/main/orchavate_gtm_workflow/outputs/v1.3_apollo_bse_master_list_20260811_112506_attempt6_succesful_reviewnotdone_orchavatecore_digital_digital/JK_Lakshmi_Cement_Ltd/screenshots/JK_Lakshmi_Cement_Ltd_Homepage_WAVE_Overlay.png)","Company Secretary (JK Lakshmi Cement Ltd)","Company Secretary & Compliance Officer","Not publicly disclosed","N/A","Managing Director / CEO","Not publicly disclosed"
"141","Unassigned","Shree Cement Ltd","https://shreecementlimited.com","Yes","Yes","Yes","7.8 out of 10","","100","![WAVE Tool Screenshot](https://github.com/VEER-TANMAY-SACHIN/projects/blob/main/orchavate_gtm_workflow/outputs/v1.3_apollo_bse_master_list_20260811_112506_attempt6_succesful_reviewnotdone_orchavatecore_digital_digital/Shree_Cement_Ltd/screenshots/Shree_Cement_Ltd_Homepage_WAVE_Overlay.png)","Company Secretary (Shree Cement Ltd)","Company Secretary & Compliance Officer","info@shreecementlimited.com","General Contact Email (Guessed Pattern)","Managing Director / CEO","info@shreecementlimited.com"
"142","Unassigned","Shree Krishna Paper Mills & Industries Ltd","https://skpmil.com","Yes","Yes","Yes","7.8 out of 10","3","88","![WAVE Tool Screenshot](https://github.com/VEER-TANMAY-SACHIN/projects/blob/main/orchavate_gtm_workflow/outputs/v1.3_apollo_bse_master_list_20260811_112506_attempt6_succesful_reviewnotdone_orchavatecore_digital_digital/Shree_Krishna_Paper_Mills___Industries_Ltd/screenshots/Shree_Krishna_Paper_Mills___Industries_Ltd_Homepage_WAVE_Overlay.png)","Company Secretary (Shree Krishna Paper Mills & Industries Ltd)","Company Secretary & Compliance Officer","info@skpmil.com","Investor Grievance / Compliance Officer Email","Managing Director / CEO","info@skpmil.com"
"143","Unassigned","Reliance Infrastructure Ltd","https://rinfra.com","Yes","Yes","Yes","1 out of 10","18","30","![WAVE Tool Screenshot](https://github.com/VEER-TANMAY-SACHIN/projects/blob/main/orchavate_gtm_workflow/outputs/v1.3_apollo_bse_master_list_20260811_112506_attempt6_succesful_reviewnotdone_orchavatecore_digital_digital/Reliance_Infrastructure_Ltd/screenshots/Reliance_Infrastructure_Ltd_Homepage_WAVE_Overlay.png)","Company Secretary (Reliance Infrastructure Ltd)","Company Secretary & Compliance Officer","info@rinfra.com","General Contact Email (Guessed Pattern)","Managing Director / CEO","info@rinfra.com"
"144","Unassigned","Steelco Gujarat Ltd","https://steelcogujarat.com","Yes","Yes","Yes","7.8 out of 10","","100","![WAVE Tool Screenshot](https://github.com/VEER-TANMAY-SACHIN/projects/blob/main/orchavate_gtm_workflow/outputs/v1.3_apollo_bse_master_list_20260811_112506_attempt6_succesful_reviewnotdone_orchavatecore_digital_digital/Steelco_Gujarat_Ltd/screenshots/Steelco_Gujarat_Ltd_Homepage_WAVE_Overlay.png)","Company Secretary (Steelco Gujarat Ltd)","Company Secretary & Compliance Officer","info@steelcogujarat.com","General Contact Email (Guessed Pattern)","Managing Director / CEO","info@steelcogujarat.com"
"145","Unassigned","Tata Power Company Ltd","https://tatapower.com","Yes","No","No","8.5 out of 10","","","![WAVE Tool Screenshot](https://github.com/VEER-TANMAY-SACHIN/projects/blob/main/orchavate_gtm_workflow/outputs/v1.3_apollo_bse_master_list_20260811_112506_attempt6_succesful_reviewnotdone_orchavatecore_digital_digital/Tata_Power_Company_Ltd/screenshots/Tata_Power_Company_Ltd_Homepage_WAVE_Overlay.png)","Company Secretary (Tata Power Company Ltd)","Company Secretary & Compliance Officer","Not publicly disclosed","N/A","Managing Director / CEO","Not publicly disclosed"
"146","Unassigned","SPML Infra Ltd","https://spml.co.in","Yes","Yes","Yes","1 out of 10","14","44","![WAVE Tool Screenshot](https://github.com/VEER-TANMAY-SACHIN/projects/blob/main/orchavate_gtm_workflow/outputs/v1.3_apollo_bse_master_list_20260811_112506_attempt6_succesful_reviewnotdone_orchavatecore_digital_digital/SPML_Infra_Ltd/screenshots/SPML_Infra_Ltd_Homepage_WAVE_Overlay.png)","Company Secretary (SPML Infra Ltd)","Company Secretary & Compliance Officer","info@spml.co.in","General Contact Email","Managing Director / CEO","info@spml.co.in"
"147","Unassigned","Sundram Fasteners Ltd","https://sundram.com","Yes","No","No","6.3 out of 10","","","![WAVE Tool Screenshot](https://github.com/VEER-TANMAY-SACHIN/projects/blob/main/orchavate_gtm_workflow/outputs/v1.3_apollo_bse_master_list_20260811_112506_attempt6_succesful_reviewnotdone_orchavatecore_digital_digital/Sundram_Fasteners_Ltd/screenshots/Sundram_Fasteners_Ltd_Homepage_WAVE_Overlay.png)","Company Secretary (Sundram Fasteners Ltd)","Company Secretary & Compliance Officer","Not publicly disclosed","N/A","Managing Director / CEO","Not publicly disclosed"
"148","Unassigned","Supreme Petrochem Ltd","https://supremepetrochem.com","Yes","Yes","Yes","7.8 out of 10","","100","![WAVE Tool Screenshot](https://github.com/VEER-TANMAY-SACHIN/projects/blob/main/orchavate_gtm_workflow/outputs/v1.3_apollo_bse_master_list_20260811_112506_attempt6_succesful_reviewnotdone_orchavatecore_digital_digital/Supreme_Petrochem_Ltd/screenshots/Supreme_Petrochem_Ltd_Homepage_WAVE_Overlay.png)","Company Secretary (Supreme Petrochem Ltd)","Company Secretary & Compliance Officer","insuboard@spl.co.in","Investor Grievance / Compliance Officer Email","Managing Director / CEO","Investorhelpline@spl.co.in"
"149","Unassigned","Tata Elxsi Ltd","https://tataelxsi.com","Yes","Yes","Yes","1 out of 10","36","30","![WAVE Tool Screenshot](https://github.com/VEER-TANMAY-SACHIN/projects/blob/main/orchavate_gtm_workflow/outputs/v1.3_apollo_bse_master_list_20260811_112506_attempt6_succesful_reviewnotdone_orchavatecore_digital_digital/Tata_Elxsi_Ltd/screenshots/Tata_Elxsi_Ltd_Homepage_WAVE_Overlay.png)","Company Secretary (Tata Elxsi Ltd)","Company Secretary & Compliance Officer","info@tataelxsi.com","General Contact Email","Managing Director / CEO","info@tataelxsi.com"
"150","Unassigned","ACC Ltd","https://accltd.net","Yes","Yes","Yes","7.8 out of 10","","100","![WAVE Tool Screenshot](https://github.com/VEER-TANMAY-SACHIN/projects/blob/main/orchavate_gtm_workflow/outputs/v1.3_apollo_bse_master_list_20260811_112506_attempt6_succesful_reviewnotdone_orchavatecore_digital_digital/ACC_Ltd/screenshots/ACC_Ltd_Homepage_WAVE_Overlay.png)","Company Secretary (ACC Ltd)","Company Secretary & Compliance Officer","info@accltd.net","General Contact Email (Guessed Pattern)","Managing Director / CEO","info@accltd.net"
"151","Unassigned","Thermax Ltd","https://thermaxxjackets.com","Yes","Yes","Yes","1 out of 10","18","30","![WAVE Tool Screenshot](https://github.com/VEER-TANMAY-SACHIN/projects/blob/main/orchavate_gtm_workflow/outputs/v1.3_apollo_bse_master_list_20260811_112506_attempt6_succesful_reviewnotdone_orchavatecore_digital_digital/Thermax_Ltd/screenshots/Thermax_Ltd_Homepage_WAVE_Overlay.png)","Company Secretary (Thermax Ltd)","Company Secretary & Compliance Officer","info@thermaxxjackets.com","General Contact Email","Managing Director / CEO","info@thermaxxjackets.com"
"152","Unassigned","Thirumalai Chemicals Ltd","https://thirumalaichemicals.com","Yes","Yes","Yes","1.5 out of 10","12","52","![WAVE Tool Screenshot](https://github.com/VEER-TANMAY-SACHIN/projects/blob/main/orchavate_gtm_workflow/outputs/v1.3_apollo_bse_master_list_20260811_112506_attempt6_succesful_reviewnotdone_orchavatecore_digital_digital/Thirumalai_Chemicals_Ltd/screenshots/Thirumalai_Chemicals_Ltd_Homepage_WAVE_Overlay.png)","Company Secretary (Thirumalai Chemicals Ltd)","Company Secretary & Compliance Officer","info@thirumalaichemicals.com","Investor Grievance / Compliance Officer Email","Managing Director / CEO","rajagopalan.t@thirumalaichemicals.com"
"153","Unassigned","Thomas Cook (India) Ltd","https://thomascook.in","Yes","Yes","Yes","1 out of 10","24","30","![WAVE Tool Screenshot](https://github.com/VEER-TANMAY-SACHIN/projects/blob/main/orchavate_gtm_workflow/outputs/v1.3_apollo_bse_master_list_20260811_112506_attempt6_succesful_reviewnotdone_orchavatecore_digital_digital/Thomas_Cook__India__Ltd/screenshots/Thomas_Cook__India__Ltd_Homepage_WAVE_Overlay.png)","Company Secretary (Thomas Cook (India) Ltd)","Company Secretary & Compliance Officer","info@thomascook.in","General Contact Email (Guessed Pattern)","Managing Director / CEO","info@thomascook.in"
"154","Unassigned","Timex Group India Ltd","https://timexindia.com","Yes","No","No","5.8 out of 10","","","![WAVE Tool Screenshot](https://github.com/VEER-TANMAY-SACHIN/projects/blob/main/orchavate_gtm_workflow/outputs/v1.3_apollo_bse_master_list_20260811_112506_attempt6_succesful_reviewnotdone_orchavatecore_digital_digital/Timex_Group_India_Ltd/screenshots/Timex_Group_India_Ltd_Homepage_WAVE_Overlay.png)","Company Secretary (Timex Group India Ltd)","Company Secretary & Compliance Officer","Not publicly disclosed","N/A","Managing Director / CEO","Not publicly disclosed"
"155","Unassigned","Torrent Pharmaceuticals Ltd","https://torrentfreak.com","Yes","Yes","Yes","7.8 out of 10","3","88","![WAVE Tool Screenshot](https://github.com/VEER-TANMAY-SACHIN/projects/blob/main/orchavate_gtm_workflow/outputs/v1.3_apollo_bse_master_list_20260811_112506_attempt6_succesful_reviewnotdone_orchavatecore_digital_digital/Torrent_Pharmaceuticals_Ltd/screenshots/Torrent_Pharmaceuticals_Ltd_Homepage_WAVE_Overlay.png)","Company Secretary (Torrent Pharmaceuticals Ltd)","Company Secretary & Compliance Officer","contact@torrentfreak.com","General Contact Email","Managing Director / CEO","contact@torrentfreak.com"
"156","Unassigned","TPI India Ltd","https://tpiindia.in","Yes","Yes","Yes","1 out of 10","14","44","![WAVE Tool Screenshot](https://github.com/VEER-TANMAY-SACHIN/projects/blob/main/orchavate_gtm_workflow/outputs/v1.3_apollo_bse_master_list_20260811_112506_attempt6_succesful_reviewnotdone_orchavatecore_digital_digital/TPI_India_Ltd/screenshots/TPI_India_Ltd_Homepage_WAVE_Overlay.png)","Company Secretary (TPI India Ltd)","Company Secretary & Compliance Officer","sales@tpiindia.com","General Contact Email","Managing Director / CEO","sales@tpiindia.com"
"157","Unassigned","Transchem Ltd","https://transchem.net","Yes","Yes","Yes","5.8 out of 10","","100","![WAVE Tool Screenshot](https://github.com/VEER-TANMAY-SACHIN/projects/blob/main/orchavate_gtm_workflow/outputs/v1.3_apollo_bse_master_list_20260811_112506_attempt6_succesful_reviewnotdone_orchavatecore_digital_digital/Transchem_Ltd/screenshots/Transchem_Ltd_Homepage_WAVE_Overlay.png)","Company Secretary (Transchem Ltd)","Company Secretary & Compliance Officer","secretary@transchem.net","General Contact Email","Managing Director / CEO","secretary@transchem.net"
"158","Unassigned","Ambuja Cements Ltd","https://ambujacement.com","Yes","Yes","Yes","8.5 out of 10","","100","![WAVE Tool Screenshot](https://github.com/VEER-TANMAY-SACHIN/projects/blob/main/orchavate_gtm_workflow/outputs/v1.3_apollo_bse_master_list_20260811_112506_attempt6_succesful_reviewnotdone_orchavatecore_digital_digital/Ambuja_Cements_Ltd/screenshots/Ambuja_Cements_Ltd_Homepage_WAVE_Overlay.png)","Company Secretary (Ambuja Cements Ltd)","Company Secretary & Compliance Officer","info@ambujacement.com","General Contact Email (Guessed Pattern)","Managing Director / CEO","info@ambujacement.com"
"159","Unassigned","UTL Industries Ltd","https://utleon.edu.mx","Yes","Yes","Yes","1 out of 10","13","48","![WAVE Tool Screenshot](https://github.com/VEER-TANMAY-SACHIN/projects/blob/main/orchavate_gtm_workflow/outputs/v1.3_apollo_bse_master_list_20260811_112506_attempt6_succesful_reviewnotdone_orchavatecore_digital_digital/UTL_Industries_Ltd/screenshots/UTL_Industries_Ltd_Homepage_WAVE_Overlay.png)","Company Secretary (UTL Industries Ltd)","Company Secretary & Compliance Officer","difusion@utleon.edu.mx","General Contact Email","Managing Director / CEO","difusion@utleon.edu.mx"
"160","Unassigned","Uniphos Enterprises Ltd","https://uniphosagroindustries.com","Yes","Yes","Yes","7 out of 10","","100","![WAVE Tool Screenshot](https://github.com/VEER-TANMAY-SACHIN/projects/blob/main/orchavate_gtm_workflow/outputs/v1.3_apollo_bse_master_list_20260811_112506_attempt6_succesful_reviewnotdone_orchavatecore_digital_digital/Uniphos_Enterprises_Ltd/screenshots/Uniphos_Enterprises_Ltd_Homepage_WAVE_Overlay.png)","Company Secretary (Uniphos Enterprises Ltd)","Company Secretary & Compliance Officer","info@uniphosagroindustries.com","General Contact Email (Guessed Pattern)","Managing Director / CEO","info@uniphosagroindustries.com"
"161","Unassigned","Vardhman Holdings Ltd","https://vmou.ac.in","Yes","No","No","8.5 out of 10","","","![WAVE Tool Screenshot](https://github.com/VEER-TANMAY-SACHIN/projects/blob/main/orchavate_gtm_workflow/outputs/v1.3_apollo_bse_master_list_20260811_112506_attempt6_succesful_reviewnotdone_orchavatecore_digital_digital/Vardhman_Holdings_Ltd/screenshots/Vardhman_Holdings_Ltd_Homepage_WAVE_Overlay.png)","Company Secretary (Vardhman Holdings Ltd)","Company Secretary & Compliance Officer","Not publicly disclosed","N/A","Managing Director / CEO","Not publicly disclosed"
"162","Unassigned","Hindalco Industries Ltd","https://hindalco.com","Yes","Yes","Yes","1 out of 10","63","30","![WAVE Tool Screenshot](https://github.com/VEER-TANMAY-SACHIN/projects/blob/main/orchavate_gtm_workflow/outputs/v1.3_apollo_bse_master_list_20260811_112506_attempt6_succesful_reviewnotdone_orchavatecore_digital_digital/Hindalco_Industries_Ltd/screenshots/Hindalco_Industries_Ltd_Homepage_WAVE_Overlay.png)","Company Secretary (Hindalco Industries Ltd)","Company Secretary & Compliance Officer","hilinvestors@adityabirla.com","Investor Grievance / Compliance Officer Email","Managing Director / CEO","hilinvestors@adityabirla.com"
"163","Unassigned","West Coast Paper Mills Ltd","https://westcoastpaper.com","Yes","Yes","Yes","1 out of 10","35","30","![WAVE Tool Screenshot](https://github.com/VEER-TANMAY-SACHIN/projects/blob/main/orchavate_gtm_workflow/outputs/v1.3_apollo_bse_master_list_20260811_112506_attempt6_succesful_reviewnotdone_orchavatecore_digital_digital/West_Coast_Paper_Mills_Ltd/screenshots/West_Coast_Paper_Mills_Ltd_Homepage_WAVE_Overlay.png)","Company Secretary (West Coast Paper Mills Ltd)","Company Secretary & Compliance Officer","sales.ho@westcoastpaper.com","General Contact Email","Managing Director / CEO","sales.ho@westcoastpaper.com"
"164","Unassigned","Hindustan Organic Chemicals Ltd","https://hoclindia.com","Yes","Yes","Yes","6.3 out of 10","","100","![WAVE Tool Screenshot](https://github.com/VEER-TANMAY-SACHIN/projects/blob/main/orchavate_gtm_workflow/outputs/v1.3_apollo_bse_master_list_20260811_112506_attempt6_succesful_reviewnotdone_orchavatecore_digital_digital/Hindustan_Organic_Chemicals_Ltd/screenshots/Hindustan_Organic_Chemicals_Ltd_Homepage_WAVE_Overlay.png)","Company Secretary (Hindustan Organic Chemicals Ltd)","Company Secretary & Compliance Officer","info@hoclindia.com","General Contact Email (Guessed Pattern)","Managing Director / CEO","info@hoclindia.com"
"165","Unassigned","MPIL Corporation Ltd","https://mpillwellness.com","Yes","No","No","7.8 out of 10","","","![WAVE Tool Screenshot](https://github.com/VEER-TANMAY-SACHIN/projects/blob/main/orchavate_gtm_workflow/outputs/v1.3_apollo_bse_master_list_20260811_112506_attempt6_succesful_reviewnotdone_orchavatecore_digital_digital/MPIL_Corporation_Ltd/screenshots/MPIL_Corporation_Ltd_Homepage_WAVE_Overlay.png)","Company Secretary (MPIL Corporation Ltd)","Company Secretary & Compliance Officer","Not publicly disclosed","N/A","Managing Director / CEO","Not publicly disclosed"
"166","Unassigned","Pasupati Acrylon Ltd","https://pasupatiacrylon.com","Yes","Yes","Yes","7.8 out of 10","3","88","![WAVE Tool Screenshot](https://github.com/VEER-TANMAY-SACHIN/projects/blob/main/orchavate_gtm_workflow/outputs/v1.3_apollo_bse_master_list_20260811_112506_attempt6_succesful_reviewnotdone_orchavatecore_digital_digital/Pasupati_Acrylon_Ltd/screenshots/Pasupati_Acrylon_Ltd_Homepage_WAVE_Overlay.png)","Company Secretary (Pasupati Acrylon Ltd)","Company Secretary & Compliance Officer","delhi@pasupatiacrylon.com","Investor Grievance / Compliance Officer Email","Managing Director / CEO","hrd@pasupatiacrylon.com"
"167","Unassigned","Procter & Gamble Hygiene and Health Care Ltd","https://pg.com","Yes","Yes","Yes","8.5 out of 10","","100","![WAVE Tool Screenshot](https://github.com/VEER-TANMAY-SACHIN/projects/blob/main/orchavate_gtm_workflow/outputs/v1.3_apollo_bse_master_list_20260811_112506_attempt6_succesful_reviewnotdone_orchavatecore_digital_digital/Procter___Gamble_Hygiene_and_Health_Care_Ltd/screenshots/Procter___Gamble_Hygiene_and_Health_Care_Ltd_Homepage_WAVE_Overlay.png)","Company Secretary (Procter & Gamble Hygiene and Health Care Ltd)","Company Secretary & Compliance Officer","info@pg.com","General Contact Email (Guessed Pattern)","Managing Director / CEO","info@pg.com"
"168","Unassigned","Mukand Ltd","https://mlncollegeynr.ac.in","Yes","Yes","Yes","6.3 out of 10","","100","![WAVE Tool Screenshot](https://github.com/VEER-TANMAY-SACHIN/projects/blob/main/orchavate_gtm_workflow/outputs/v1.3_apollo_bse_master_list_20260811_112506_attempt6_succesful_reviewnotdone_orchavatecore_digital_digital/Mukand_Ltd/screenshots/Mukand_Ltd_Homepage_WAVE_Overlay.png)","Company Secretary (Mukand Ltd)","Company Secretary & Compliance Officer","info@mlncollegeynr.ac.in","General Contact Email (Guessed Pattern)","Managing Director / CEO","info@mlncollegeynr.ac.in"
"169","Unassigned","Black Box Ltd","https://blackboxstocks.com","Yes","Yes","Yes","1 out of 10","21","30","![WAVE Tool Screenshot](https://github.com/VEER-TANMAY-SACHIN/projects/blob/main/orchavate_gtm_workflow/outputs/v1.3_apollo_bse_master_list_20260811_112506_attempt6_succesful_reviewnotdone_orchavatecore_digital_digital/Black_Box_Ltd/screenshots/Black_Box_Ltd_Homepage_WAVE_Overlay.png)","Company Secretary (Black Box Ltd)","Company Secretary & Compliance Officer","support@blackboxstocks.com","General Contact Email","Managing Director / CEO","support@blackboxstocks.com"
"170","Unassigned","Ucal  Ltd","https://ucalgary.ca","Yes","Yes","Yes","1 out of 10","14","44","![WAVE Tool Screenshot](https://github.com/VEER-TANMAY-SACHIN/projects/blob/main/orchavate_gtm_workflow/outputs/v1.3_apollo_bse_master_list_20260811_112506_attempt6_succesful_reviewnotdone_orchavatecore_digital_digital/Ucal__Ltd/screenshots/Ucal__Ltd_Homepage_WAVE_Overlay.png)","Company Secretary (Ucal  Ltd)","Company Secretary & Compliance Officer","info@ucalgary.ca","General Contact Email (Guessed Pattern)","Managing Director / CEO","info@ucalgary.ca"
"171","Unassigned","Harrisons Malayalam Ltd","https://harrisonsmalayalam.com","Yes","No","No","8.5 out of 10","","","![WAVE Tool Screenshot](https://github.com/VEER-TANMAY-SACHIN/projects/blob/main/orchavate_gtm_workflow/outputs/v1.3_apollo_bse_master_list_20260811_112506_attempt6_succesful_reviewnotdone_orchavatecore_digital_digital/Harrisons_Malayalam_Ltd/screenshots/Harrisons_Malayalam_Ltd_Homepage_WAVE_Overlay.png)","Company Secretary (Harrisons Malayalam Ltd)","Company Secretary & Compliance Officer","Not publicly disclosed","N/A","Managing Director / CEO","Not publicly disclosed"
"172","Unassigned","Federal Bank Ltd","https://federalbank.co.in","Yes","Yes","Yes","6.3 out of 10","5","80","![WAVE Tool Screenshot](https://github.com/VEER-TANMAY-SACHIN/projects/blob/main/orchavate_gtm_workflow/outputs/v1.3_apollo_bse_master_list_20260811_112506_attempt6_succesful_reviewnotdone_orchavatecore_digital_digital/Federal_Bank_Ltd/screenshots/Federal_Bank_Ltd_Homepage_WAVE_Overlay.png)","Company Secretary (Federal Bank Ltd)","Company Secretary & Compliance Officer","info@federalbank.co.in","General Contact Email (Guessed Pattern)","Managing Director / CEO","info@federalbank.co.in"
"173","Unassigned","Tata Steel Ltd","https://tatasteel.com","Yes","No","No","8.5 out of 10","","","![WAVE Tool Screenshot](https://github.com/VEER-TANMAY-SACHIN/projects/blob/main/orchavate_gtm_workflow/outputs/v1.3_apollo_bse_master_list_20260811_112506_attempt6_succesful_reviewnotdone_orchavatecore_digital_digital/Tata_Steel_Ltd/screenshots/Tata_Steel_Ltd_Homepage_WAVE_Overlay.png)","Company Secretary (Tata Steel Ltd)","Company Secretary & Compliance Officer","Not publicly disclosed","N/A","Managing Director / CEO","Not publicly disclosed"
"174","Unassigned","Ashok Leyland Ltd","https://ashokleyland.com","Yes","No","No","8.5 out of 10","","","![WAVE Tool Screenshot](https://github.com/VEER-TANMAY-SACHIN/projects/blob/main/orchavate_gtm_workflow/outputs/v1.3_apollo_bse_master_list_20260811_112506_attempt6_succesful_reviewnotdone_orchavatecore_digital_digital/Ashok_Leyland_Ltd/screenshots/Ashok_Leyland_Ltd_Homepage_WAVE_Overlay.png)","Company Secretary (Ashok Leyland Ltd)","Company Secretary & Compliance Officer","Not publicly disclosed","N/A","Managing Director / CEO","Not publicly disclosed"
"175","Unassigned","Tata Communications Ltd","https://tatacommunications.com","Yes","No","No","7.8 out of 10","","","![WAVE Tool Screenshot](https://github.com/VEER-TANMAY-SACHIN/projects/blob/main/orchavate_gtm_workflow/outputs/v1.3_apollo_bse_master_list_20260811_112506_attempt6_succesful_reviewnotdone_orchavatecore_digital_digital/Tata_Communications_Ltd/screenshots/Tata_Communications_Ltd_Homepage_WAVE_Overlay.png)","Company Secretary (Tata Communications Ltd)","Company Secretary & Compliance Officer","Not publicly disclosed","N/A","Managing Director / CEO","Not publicly disclosed"
"176","Unassigned","Bharat Forge Ltd","https://bharatforge.com","Yes","No","No","5.8 out of 10","","","![WAVE Tool Screenshot](https://github.com/VEER-TANMAY-SACHIN/projects/blob/main/orchavate_gtm_workflow/outputs/v1.3_apollo_bse_master_list_20260811_112506_attempt6_succesful_reviewnotdone_orchavatecore_digital_digital/Bharat_Forge_Ltd/screenshots/Bharat_Forge_Ltd_Homepage_WAVE_Overlay.png)","Company Secretary (Bharat Forge Ltd)","Company Secretary & Compliance Officer","Not publicly disclosed","N/A","Managing Director / CEO","Not publicly disclosed"
"177","Unassigned","Escorts Kubota Ltd","https://escortsgroup.com","Yes","Yes","Yes","8.5 out of 10","","100","![WAVE Tool Screenshot](https://github.com/VEER-TANMAY-SACHIN/projects/blob/main/orchavate_gtm_workflow/outputs/v1.3_apollo_bse_master_list_20260811_112506_attempt6_succesful_reviewnotdone_orchavatecore_digital_digital/Escorts_Kubota_Ltd/screenshots/Escorts_Kubota_Ltd_Homepage_WAVE_Overlay.png)","Company Secretary (Escorts Kubota Ltd)","Company Secretary & Compliance Officer","info@escortsgroup.com","General Contact Email (Guessed Pattern)","Managing Director / CEO","info@escortsgroup.com"
"178","Unassigned","Hindustan Motors Ltd","https://hindmotor.com","Yes","Yes","Yes","8.5 out of 10","","100","![WAVE Tool Screenshot](https://github.com/VEER-TANMAY-SACHIN/projects/blob/main/orchavate_gtm_workflow/outputs/v1.3_apollo_bse_master_list_20260811_112506_attempt6_succesful_reviewnotdone_orchavatecore_digital_digital/Hindustan_Motors_Ltd/screenshots/Hindustan_Motors_Ltd_Homepage_WAVE_Overlay.png)","Company Secretary (Hindustan Motors Ltd)","Company Secretary & Compliance Officer","info@hindmotor.com","General Contact Email (Guessed Pattern)","Managing Director / CEO","info@hindmotor.com"
"179","Unassigned","Larsen & Toubro Ltd","https://larsentoubro.com","Yes","Yes","Yes","1 out of 10","14","44","![WAVE Tool Screenshot](https://github.com/VEER-TANMAY-SACHIN/projects/blob/main/orchavate_gtm_workflow/outputs/v1.3_apollo_bse_master_list_20260811_112506_attempt6_succesful_reviewnotdone_orchavatecore_digital_digital/Larsen___Toubro_Ltd/screenshots/Larsen___Toubro_Ltd_Homepage_WAVE_Overlay.png)","Company Secretary (Larsen & Toubro Ltd)","Company Secretary & Compliance Officer","infodesk@larsentoubro.com","General Contact Email","Managing Director / CEO","infodesk@larsentoubro.com"
"180","Unassigned","Mahindra & Mahindra Ltd","https://mahindra.com","Yes","No","No","7.8 out of 10","","","![WAVE Tool Screenshot](https://github.com/VEER-TANMAY-SACHIN/projects/blob/main/orchavate_gtm_workflow/outputs/v1.3_apollo_bse_master_list_20260811_112506_attempt6_succesful_reviewnotdone_orchavatecore_digital_digital/Mahindra___Mahindra_Ltd/screenshots/Mahindra___Mahindra_Ltd_Homepage_WAVE_Overlay.png)","Company Secretary (Mahindra & Mahindra Ltd)","Company Secretary & Compliance Officer","Not publicly disclosed","N/A","Managing Director / CEO","Not publicly disclosed"
"181","Unassigned","Bosch Ltd","https://bosch.com","Yes","Yes","Yes","6.3 out of 10","","100","![WAVE Tool Screenshot](https://github.com/VEER-TANMAY-SACHIN/projects/blob/main/orchavate_gtm_workflow/outputs/v1.3_apollo_bse_master_list_20260811_112506_attempt6_succesful_reviewnotdone_orchavatecore_digital_digital/Bosch_Ltd/screenshots/Bosch_Ltd_Homepage_WAVE_Overlay.png)","Company Secretary (Bosch Ltd)","Company Secretary & Compliance Officer","info@bosch.com","General Contact Email (Guessed Pattern)","Managing Director / CEO","info@bosch.com"
"182","Unassigned","Premier Ltd","https://premierlimited.co.uk","Yes","Yes","Yes","5.8 out of 10","","100","![WAVE Tool Screenshot](https://github.com/VEER-TANMAY-SACHIN/projects/blob/main/orchavate_gtm_workflow/outputs/v1.3_apollo_bse_master_list_20260811_112506_attempt6_succesful_reviewnotdone_orchavatecore_digital_digital/Premier_Ltd/screenshots/Premier_Ltd_Homepage_WAVE_Overlay.png)","Company Secretary (Premier Ltd)","Company Secretary & Compliance Officer","user@domain.com","General Contact Email","Managing Director / CEO","user@domain.com"
"183","Unassigned","Siemens Ltd","https://siemens.com","Yes","Yes","Yes","3.6 out of 10","9","64","![WAVE Tool Screenshot](https://github.com/VEER-TANMAY-SACHIN/projects/blob/main/orchavate_gtm_workflow/outputs/v1.3_apollo_bse_master_list_20260811_112506_attempt6_succesful_reviewnotdone_orchavatecore_digital_digital/Siemens_Ltd/screenshots/Siemens_Ltd_Homepage_WAVE_Overlay.png)","Company Secretary (Siemens Ltd)","Company Secretary & Compliance Officer","info@siemens.com","General Contact Email (Guessed Pattern)","Managing Director / CEO","info@siemens.com"
"184","Unassigned","Voltas Ltd","https://voltas.com","Yes","No","No","6.3 out of 10","","","![WAVE Tool Screenshot](https://github.com/VEER-TANMAY-SACHIN/projects/blob/main/orchavate_gtm_workflow/outputs/v1.3_apollo_bse_master_list_20260811_112506_attempt6_succesful_reviewnotdone_orchavatecore_digital_digital/Voltas_Ltd/screenshots/Voltas_Ltd_Homepage_WAVE_Overlay.png)","Company Secretary (Voltas Ltd)","Company Secretary & Compliance Officer","Not publicly disclosed","N/A","Managing Director / CEO","Not publicly disclosed"
"185","Unassigned","Excel Industries Ltd","https://excellenceresorts.com","Yes","Yes","Yes","1 out of 10","15","40","![WAVE Tool Screenshot](https://github.com/VEER-TANMAY-SACHIN/projects/blob/main/orchavate_gtm_workflow/outputs/v1.3_apollo_bse_master_list_20260811_112506_attempt6_succesful_reviewnotdone_orchavatecore_digital_digital/Excel_Industries_Ltd/screenshots/Excel_Industries_Ltd_Homepage_WAVE_Overlay.png)","Company Secretary (Excel Industries Ltd)","Company Secretary & Compliance Officer","info@excellenceresorts.com","General Contact Email","Managing Director / CEO","info@excellenceresorts.com"
"186","Unassigned","GlaxoSmithKline Pharmaceuticals Ltd","https://farmenergy.co.uk","Yes","No","No","7.8 out of 10","","","![WAVE Tool Screenshot](https://github.com/VEER-TANMAY-SACHIN/projects/blob/main/orchavate_gtm_workflow/outputs/v1.3_apollo_bse_master_list_20260811_112506_attempt6_succesful_reviewnotdone_orchavatecore_digital_digital/GlaxoSmithKline_Pharmaceuticals_Ltd/screenshots/GlaxoSmithKline_Pharmaceuticals_Ltd_Homepage_WAVE_Overlay.png)","Company Secretary (GlaxoSmithKline Pharmaceuticals Ltd)","Company Secretary & Compliance Officer","Not publicly disclosed","N/A","Managing Director / CEO","Not publicly disclosed"
"187","Unassigned","Sanofi India Ltd","https://sanofiindialtd.com","Yes","Yes","Yes","5.8 out of 10","","100","![WAVE Tool Screenshot](https://github.com/VEER-TANMAY-SACHIN/projects/blob/main/orchavate_gtm_workflow/outputs/v1.3_apollo_bse_master_list_20260811_112506_attempt6_succesful_reviewnotdone_orchavatecore_digital_digital/Sanofi_India_Ltd/screenshots/Sanofi_India_Ltd_Homepage_WAVE_Overlay.png)","Company Secretary (Sanofi India Ltd)","Company Secretary & Compliance Officer","info@sanofiindialtd.com","General Contact Email (Guessed Pattern)","Managing Director / CEO","info@sanofiindialtd.com"
"188","Unassigned","Pfizer Ltd","https://pfizerltd.co.in","Yes","Yes","Yes","8.5 out of 10","","100","![WAVE Tool Screenshot](https://github.com/VEER-TANMAY-SACHIN/projects/blob/main/orchavate_gtm_workflow/outputs/v1.3_apollo_bse_master_list_20260811_112506_attempt6_succesful_reviewnotdone_orchavatecore_digital_digital/Pfizer_Ltd/screenshots/Pfizer_Ltd_Homepage_WAVE_Overlay.png)","Company Secretary (Pfizer Ltd)","Company Secretary & Compliance Officer","info@pfizerltd.co.in","General Contact Email (Guessed Pattern)","Managing Director / CEO","info@pfizerltd.co.in"
"189","Unassigned","Gujarat State Fertilizers & Chemicals Ltd","https://gsfclimited.com","Yes","No","No","8.5 out of 10","","","![WAVE Tool Screenshot](https://github.com/VEER-TANMAY-SACHIN/projects/blob/main/orchavate_gtm_workflow/outputs/v1.3_apollo_bse_master_list_20260811_112506_attempt6_succesful_reviewnotdone_orchavatecore_digital_digital/Gujarat_State_Fertilizers___Chemicals_Ltd/screenshots/Gujarat_State_Fertilizers___Chemicals_Ltd_Homepage_WAVE_Overlay.png)","Company Secretary (Gujarat State Fertilizers & Chemicals Ltd)","Company Secretary & Compliance Officer","Not publicly disclosed","N/A","Managing Director / CEO","Not publicly disclosed"
"190","Unassigned","NOCIL Ltd","https://nocil.com","Yes","No","No","7.8 out of 10","","","![WAVE Tool Screenshot](https://github.com/VEER-TANMAY-SACHIN/projects/blob/main/orchavate_gtm_workflow/outputs/v1.3_apollo_bse_master_list_20260811_112506_attempt6_succesful_reviewnotdone_orchavatecore_digital_digital/NOCIL_Ltd/screenshots/NOCIL_Ltd_Homepage_WAVE_Overlay.png)","Company Secretary (NOCIL Ltd)","Company Secretary & Compliance Officer","Not publicly disclosed","N/A","Managing Director / CEO","Not publicly disclosed"
"191","Unassigned","Tata Chemicals Ltd","https://tatachemicals.com","Yes","Yes","Yes","1 out of 10","32","30","![WAVE Tool Screenshot](https://github.com/VEER-TANMAY-SACHIN/projects/blob/main/orchavate_gtm_workflow/outputs/v1.3_apollo_bse_master_list_20260811_112506_attempt6_succesful_reviewnotdone_orchavatecore_digital_digital/Tata_Chemicals_Ltd/screenshots/Tata_Chemicals_Ltd_Homepage_WAVE_Overlay.png)","Company Secretary (Tata Chemicals Ltd)","Company Secretary & Compliance Officer","info@tatachemicals.com","General Contact Email (Guessed Pattern)","Managing Director / CEO","info@tatachemicals.com"
"192","Unassigned","Tamilnadu Petroproducts Ltd","https://tnpetro.com","Yes","Yes","Yes","9.1 out of 10","1","96","![WAVE Tool Screenshot](https://github.com/VEER-TANMAY-SACHIN/projects/blob/main/orchavate_gtm_workflow/outputs/v1.3_apollo_bse_master_list_20260811_112506_attempt6_succesful_reviewnotdone_orchavatecore_digital_digital/Tamilnadu_Petroproducts_Ltd/screenshots/Tamilnadu_Petroproducts_Ltd_Homepage_WAVE_Overlay.png)","Company Secretary (Tamilnadu Petroproducts Ltd)","Company Secretary & Compliance Officer","info@tnpetro.com","General Contact Email (Guessed Pattern)","Managing Director / CEO","info@tnpetro.com"
"193","Unassigned","Zuari Industries Ltd","https://zuari.in","Yes","No","No","7 out of 10","","","![WAVE Tool Screenshot](https://github.com/VEER-TANMAY-SACHIN/projects/blob/main/orchavate_gtm_workflow/outputs/v1.3_apollo_bse_master_list_20260811_112506_attempt6_succesful_reviewnotdone_orchavatecore_digital_digital/Zuari_Industries_Ltd/screenshots/Zuari_Industries_Ltd_Homepage_WAVE_Overlay.png)","Company Secretary (Zuari Industries Ltd)","Company Secretary & Compliance Officer","Not publicly disclosed","N/A","Managing Director / CEO","Not publicly disclosed"
"194","Unassigned","Tata Consumer Products Ltd","https://tataconsumer.com","Yes","No","No","8.5 out of 10","","","![WAVE Tool Screenshot](https://github.com/VEER-TANMAY-SACHIN/projects/blob/main/orchavate_gtm_workflow/outputs/v1.3_apollo_bse_master_list_20260811_112506_attempt6_succesful_reviewnotdone_orchavatecore_digital_digital/Tata_Consumer_Products_Ltd/screenshots/Tata_Consumer_Products_Ltd_Homepage_WAVE_Overlay.png)","Company Secretary (Tata Consumer Products Ltd)","Company Secretary & Compliance Officer","Not publicly disclosed","N/A","Managing Director / CEO","Not publicly disclosed"
"195","Unassigned","Asian Paints Ltd","https://asianpaints.com","Yes","Yes","Yes","7.8 out of 10","","100","![WAVE Tool Screenshot](https://github.com/VEER-TANMAY-SACHIN/projects/blob/main/orchavate_gtm_workflow/outputs/v1.3_apollo_bse_master_list_20260811_112506_attempt6_succesful_reviewnotdone_orchavatecore_digital_digital/Asian_Paints_Ltd/screenshots/Asian_Paints_Ltd_Homepage_WAVE_Overlay.png)","Company Secretary (Asian Paints Ltd)","Company Secretary & Compliance Officer","customercare@asianpaints.com","General Contact Email","Managing Director / CEO","customercare@asianpaints.com"
"196","Unassigned","Britannia Industries Ltd","https://britannia.co.in","Yes","Yes","Yes","9.1 out of 10","1","96","![WAVE Tool Screenshot](https://github.com/VEER-TANMAY-SACHIN/projects/blob/main/orchavate_gtm_workflow/outputs/v1.3_apollo_bse_master_list_20260811_112506_attempt6_succesful_reviewnotdone_orchavatecore_digital_digital/Britannia_Industries_Ltd/screenshots/Britannia_Industries_Ltd_Homepage_WAVE_Overlay.png)","Company Secretary (Britannia Industries Ltd)","Company Secretary & Compliance Officer","feedback@britindia.com","General Contact Email","Managing Director / CEO","feedback@britindia.com"
"197","Unassigned","Colgate Palmolive (India) Ltd","https://colgatepalmolive.com","Yes","No","No","7 out of 10","","","![WAVE Tool Screenshot](https://github.com/VEER-TANMAY-SACHIN/projects/blob/main/orchavate_gtm_workflow/outputs/v1.3_apollo_bse_master_list_20260811_112506_attempt6_succesful_reviewnotdone_orchavatecore_digital_digital/Colgate_Palmolive__India__Ltd/screenshots/Colgate_Palmolive__India__Ltd_Homepage_WAVE_Overlay.png)","Company Secretary (Colgate Palmolive (India) Ltd)","Company Secretary & Compliance Officer","Not publicly disclosed","N/A","Managing Director / CEO","Not publicly disclosed"
"198","Unassigned","EIH Ltd","https://eihltd.com","Yes","No","No","5.8 out of 10","","","![WAVE Tool Screenshot](https://github.com/VEER-TANMAY-SACHIN/projects/blob/main/orchavate_gtm_workflow/outputs/v1.3_apollo_bse_master_list_20260811_112506_attempt6_succesful_reviewnotdone_orchavatecore_digital_digital/EIH_Ltd/screenshots/EIH_Ltd_Homepage_WAVE_Overlay.png)","Company Secretary (EIH Ltd)","Company Secretary & Compliance Officer","Not publicly disclosed","N/A","Managing Director / CEO","Not publicly disclosed"
"199","Unassigned","Indian Hotels Company Ltd","https://ihcltata.com","Yes","No","No","8.5 out of 10","","","![WAVE Tool Screenshot](https://github.com/VEER-TANMAY-SACHIN/projects/blob/main/orchavate_gtm_workflow/outputs/v1.3_apollo_bse_master_list_20260811_112506_attempt6_succesful_reviewnotdone_orchavatecore_digital_digital/Indian_Hotels_Company_Ltd/screenshots/Indian_Hotels_Company_Ltd_Homepage_WAVE_Overlay.png)","Company Secretary (Indian Hotels Company Ltd)","Company Secretary & Compliance Officer","Not publicly disclosed","N/A","Managing Director / CEO","Not publicly disclosed"
"200","Unassigned","ITC Ltd","https://itc-ltd.co.uk","Yes","Yes","Yes","1 out of 10","18","30","![WAVE Tool Screenshot](https://github.com/VEER-TANMAY-SACHIN/projects/blob/main/orchavate_gtm_workflow/outputs/v1.3_apollo_bse_master_list_20260811_112506_attempt6_succesful_reviewnotdone_orchavatecore_digital_digital/ITC_Ltd/screenshots/ITC_Ltd_Homepage_WAVE_Overlay.png)","Company Secretary (ITC Ltd)","Company Secretary & Compliance Officer","itcsales@harveyperformance.com","General Contact Email","Managing Director / CEO","itcsales@harveyperformance.com"
"201","Unassigned","Apollo Tyres Ltd","https://apollotyres.com","Yes","Yes","Yes","7.8 out of 10","","100","![WAVE Tool Screenshot](https://github.com/VEER-TANMAY-SACHIN/projects/blob/main/orchavate_gtm_workflow/outputs/v1.3_apollo_bse_master_list_20260811_112506_attempt6_succesful_reviewnotdone_orchavatecore_digital_digital/Apollo_Tyres_Ltd/screenshots/Apollo_Tyres_Ltd_Homepage_WAVE_Overlay.png)","Company Secretary (Apollo Tyres Ltd)","Company Secretary & Compliance Officer","info@apollotyres.com","General Contact Email (Guessed Pattern)","Managing Director / CEO","info@apollotyres.com"
"202","Unassigned","Ceat Ltd","https://ceat.com","Yes","No","No","5.8 out of 10","","","![WAVE Tool Screenshot](https://github.com/VEER-TANMAY-SACHIN/projects/blob/main/orchavate_gtm_workflow/outputs/v1.3_apollo_bse_master_list_20260811_112506_attempt6_succesful_reviewnotdone_orchavatecore_digital_digital/Ceat_Ltd/screenshots/Ceat_Ltd_Homepage_WAVE_Overlay.png)","Company Secretary (Ceat Ltd)","Company Secretary & Compliance Officer","Not publicly disclosed","N/A","Managing Director / CEO","Not publicly disclosed"
"203","Unassigned","Modi Rubber Ltd","https://modiplus.in","Yes","Yes","Yes","1 out of 10","36","30","![WAVE Tool Screenshot](https://github.com/VEER-TANMAY-SACHIN/projects/blob/main/orchavate_gtm_workflow/outputs/v1.3_apollo_bse_master_list_20260811_112506_attempt6_succesful_reviewnotdone_orchavatecore_digital_digital/Modi_Rubber_Ltd/screenshots/Modi_Rubber_Ltd_Homepage_WAVE_Overlay.png)","Company Secretary (Modi Rubber Ltd)","Company Secretary & Compliance Officer","sales.modirubber@gmail.com","General Contact Email","Managing Director / CEO","sales.modirubber@gmail.com"
"204","Unassigned","Finolex Industries Ltd","https://finolex.com","Yes","No","No","8.5 out of 10","","","![WAVE Tool Screenshot](https://github.com/VEER-TANMAY-SACHIN/projects/blob/main/orchavate_gtm_workflow/outputs/v1.3_apollo_bse_master_list_20260811_112506_attempt6_succesful_reviewnotdone_orchavatecore_digital_digital/Finolex_Industries_Ltd/screenshots/Finolex_Industries_Ltd_Homepage_WAVE_Overlay.png)","Company Secretary (Finolex Industries Ltd)","Company Secretary & Compliance Officer","Not publicly disclosed","N/A","Managing Director / CEO","Not publicly disclosed"
"205","Unassigned","Centrum Capital Ltd","https://centrum.cz","Yes","Yes","Yes","1 out of 10","24","30","![WAVE Tool Screenshot](https://github.com/VEER-TANMAY-SACHIN/projects/blob/main/orchavate_gtm_workflow/outputs/v1.3_apollo_bse_master_list_20260811_112506_attempt6_succesful_reviewnotdone_orchavatecore_digital_digital/Centrum_Capital_Ltd/screenshots/Centrum_Capital_Ltd_Homepage_WAVE_Overlay.png)","Company Secretary (Centrum Capital Ltd)","Company Secretary & Compliance Officer","cropped-Untitled@2x-32x32.webp","General Contact Email","Managing Director / CEO","cropped-Untitled@2x-32x32.webp"
"206","Unassigned","TCI Finance Ltd","https://tci.ir","Yes","Yes","Yes","8.5 out of 10","","100","![WAVE Tool Screenshot](https://github.com/VEER-TANMAY-SACHIN/projects/blob/main/orchavate_gtm_workflow/outputs/v1.3_apollo_bse_master_list_20260811_112506_attempt6_succesful_reviewnotdone_orchavatecore_digital_digital/TCI_Finance_Ltd/screenshots/TCI_Finance_Ltd_Homepage_WAVE_Overlay.png)","Company Secretary (TCI Finance Ltd)","Company Secretary & Compliance Officer","info@tci.ir","General Contact Email (Guessed Pattern)","Managing Director / CEO","info@tci.ir"
"207","Unassigned","Antariksh Industries Ltd","https://antariksh.co.in","Yes","No","No","5.8 out of 10","","","![WAVE Tool Screenshot](https://github.com/VEER-TANMAY-SACHIN/projects/blob/main/orchavate_gtm_workflow/outputs/v1.3_apollo_bse_master_list_20260811_112506_attempt6_succesful_reviewnotdone_orchavatecore_digital_digital/Antariksh_Industries_Ltd/screenshots/Antariksh_Industries_Ltd_Homepage_WAVE_Overlay.png)","Company Secretary (Antariksh Industries Ltd)","Company Secretary & Compliance Officer","Not publicly disclosed","N/A","Managing Director / CEO","Not publicly disclosed"
"208","Unassigned","Industrial & Prudential Investment Company Ltd","https://industrialrelations.nsw.gov.au","Yes","No","No","5.8 out of 10","","","![WAVE Tool Screenshot](https://github.com/VEER-TANMAY-SACHIN/projects/blob/main/orchavate_gtm_workflow/outputs/v1.3_apollo_bse_master_list_20260811_112506_attempt6_succesful_reviewnotdone_orchavatecore_digital_digital/Industrial___Prudential_Investment_Company_Ltd/screenshots/Industrial___Prudential_Investment_Company_Ltd_Homepage_WAVE_Overlay.png)","Company Secretary (Industrial & Prudential Investment Company Ltd)","Company Secretary & Compliance Officer","Not publicly disclosed","N/A","Managing Director / CEO","Not publicly disclosed"
"209","Unassigned","Tata Investment Corporation Ltd","https://tatainvestment.com","Yes","Yes","Yes","1 out of 10","60","30","![WAVE Tool Screenshot](https://github.com/VEER-TANMAY-SACHIN/projects/blob/main/orchavate_gtm_workflow/outputs/v1.3_apollo_bse_master_list_20260811_112506_attempt6_succesful_reviewnotdone_orchavatecore_digital_digital/Tata_Investment_Corporation_Ltd/screenshots/Tata_Investment_Corporation_Ltd_Homepage_WAVE_Overlay.png)","Company Secretary (Tata Investment Corporation Ltd)","Company Secretary & Compliance Officer","ticl@tata.com","General Contact Email","Managing Director / CEO","ticl@tata.com"
"210","Unassigned","Motor & General Finance Ltd","https://motortrend.com","Yes","Yes","Yes","8.5 out of 10","","100","![WAVE Tool Screenshot](https://github.com/VEER-TANMAY-SACHIN/projects/blob/main/orchavate_gtm_workflow/outputs/v1.3_apollo_bse_master_list_20260811_112506_attempt6_succesful_reviewnotdone_orchavatecore_digital_digital/Motor___General_Finance_Ltd/screenshots/Motor___General_Finance_Ltd_Homepage_WAVE_Overlay.png)","Company Secretary (Motor & General Finance Ltd)","Company Secretary & Compliance Officer","info@motortrend.com","General Contact Email (Guessed Pattern)","Managing Director / CEO","info@motortrend.com"
"211","Unassigned","Walchand Peoplefirst Ltd","https://walchandpeoplefirst.com","Yes","Yes","Yes","7.8 out of 10","3","88","![WAVE Tool Screenshot](https://github.com/VEER-TANMAY-SACHIN/projects/blob/main/orchavate_gtm_workflow/outputs/v1.3_apollo_bse_master_list_20260811_112506_attempt6_succesful_reviewnotdone_orchavatecore_digital_digital/Walchand_Peoplefirst_Ltd/screenshots/Walchand_Peoplefirst_Ltd_Homepage_WAVE_Overlay.png)","Company Secretary (Walchand Peoplefirst Ltd)","Company Secretary & Compliance Officer","info@walchandpeoplefirst.com","General Contact Email (Guessed Pattern)","Managing Director / CEO","info@walchandpeoplefirst.com"
"212","Unassigned","E & E Enterprises Ltd","https://eandeproject.com","Yes","Yes","Yes","1 out of 10","19","30","![WAVE Tool Screenshot](https://github.com/VEER-TANMAY-SACHIN/projects/blob/main/orchavate_gtm_workflow/outputs/v1.3_apollo_bse_master_list_20260811_112506_attempt6_succesful_reviewnotdone_orchavatecore_digital_digital/E___E_Enterprises_Ltd/screenshots/E___E_Enterprises_Ltd_Homepage_WAVE_Overlay.png)","Company Secretary (E & E Enterprises Ltd)","Company Secretary & Compliance Officer","info@eandeproject.com","General Contact Email","Managing Director / CEO","info@eandeproject.com"
"213","Unassigned","The Bombay Burmah Trading Corporation Ltd","https://bbtcl.com","Yes","Yes","Yes","1 out of 10","20","30","![WAVE Tool Screenshot](https://github.com/VEER-TANMAY-SACHIN/projects/blob/main/orchavate_gtm_workflow/outputs/v1.3_apollo_bse_master_list_20260811_112506_attempt6_succesful_reviewnotdone_orchavatecore_digital_digital/The_Bombay_Burmah_Trading_Corporation_Ltd/screenshots/The_Bombay_Burmah_Trading_Corporation_Ltd_Homepage_WAVE_Overlay.png)","Company Secretary (The Bombay Burmah Trading Corporation Ltd)","Company Secretary & Compliance Officer","writetous@bbtcl.com","Investor Grievance / Compliance Officer Email","Managing Director / CEO","writetous@bbtcl.com"
"214","Unassigned","Greaves Cotton Ltd","https://greavescotton.com","Yes","Yes","Yes","1 out of 10","24","30","![WAVE Tool Screenshot](https://github.com/VEER-TANMAY-SACHIN/projects/blob/main/orchavate_gtm_workflow/outputs/v1.3_apollo_bse_master_list_20260811_112506_attempt6_succesful_reviewnotdone_orchavatecore_digital_digital/Greaves_Cotton_Ltd/screenshots/Greaves_Cotton_Ltd_Homepage_WAVE_Overlay.png)","Company Secretary (Greaves Cotton Ltd)","Company Secretary & Compliance Officer","investorservices@greavescotton.com","Investor Grievance / Compliance Officer Email","Managing Director / CEO","investorservices@greavescotton.com"
"215","Unassigned","Muller & Phipps India Ltd","https://mullerseeds.com","Yes","Yes","Yes","1 out of 10","28","30","![WAVE Tool Screenshot](https://github.com/VEER-TANMAY-SACHIN/projects/blob/main/orchavate_gtm_workflow/outputs/v1.3_apollo_bse_master_list_20260811_112506_attempt6_succesful_reviewnotdone_orchavatecore_digital_digital/Muller___Phipps_India_Ltd/screenshots/Muller___Phipps_India_Ltd_Homepage_WAVE_Overlay.png)","Company Secretary (Muller & Phipps India Ltd)","Company Secretary & Compliance Officer","info@mullerseeds.com","General Contact Email","Managing Director / CEO","info@mullerseeds.com"
"216","Unassigned","Springform Technology Ltd","https://springform.co.uk","Yes","Yes","Yes","7.8 out of 10","","100","![WAVE Tool Screenshot](https://github.com/VEER-TANMAY-SACHIN/projects/blob/main/orchavate_gtm_workflow/outputs/v1.3_apollo_bse_master_list_20260811_112506_attempt6_succesful_reviewnotdone_orchavatecore_digital_digital/Springform_Technology_Ltd/screenshots/Springform_Technology_Ltd_Homepage_WAVE_Overlay.png)","Company Secretary (Springform Technology Ltd)","Company Secretary & Compliance Officer","info@springform.co.uk","General Contact Email (Guessed Pattern)","Managing Director / CEO","info@springform.co.uk"
"217","Unassigned","IndiaNivesh Ltd","https://indianivesh.in","Yes","Yes","Yes","7 out of 10","","100","![WAVE Tool Screenshot](https://github.com/VEER-TANMAY-SACHIN/projects/blob/main/orchavate_gtm_workflow/outputs/v1.3_apollo_bse_master_list_20260811_112506_attempt6_succesful_reviewnotdone_orchavatecore_digital_digital/IndiaNivesh_Ltd/screenshots/IndiaNivesh_Ltd_Homepage_WAVE_Overlay.png)","Company Secretary (IndiaNivesh Ltd)","Company Secretary & Compliance Officer","info@indianivesh.in","General Contact Email (Guessed Pattern)","Managing Director / CEO","info@indianivesh.in"
"218","Unassigned","Coastal Corporation Ltd","https://coastal24.com","Yes","No","No","5.8 out of 10","","","![WAVE Tool Screenshot](https://github.com/VEER-TANMAY-SACHIN/projects/blob/main/orchavate_gtm_workflow/outputs/v1.3_apollo_bse_master_list_20260811_112506_attempt6_succesful_reviewnotdone_orchavatecore_digital_digital/Coastal_Corporation_Ltd/screenshots/Coastal_Corporation_Ltd_Homepage_WAVE_Overlay.png)","Company Secretary (Coastal Corporation Ltd)","Company Secretary & Compliance Officer","Not publicly disclosed","N/A","Managing Director / CEO","Not publicly disclosed"
"219","Unassigned","Chowgule Steamships Ltd","https://chowgulesteamships.co.in","Yes","Yes","Yes","7.8 out of 10","","100","![WAVE Tool Screenshot](https://github.com/VEER-TANMAY-SACHIN/projects/blob/main/orchavate_gtm_workflow/outputs/v1.3_apollo_bse_master_list_20260811_112506_attempt6_succesful_reviewnotdone_orchavatecore_digital_digital/Chowgule_Steamships_Ltd/screenshots/Chowgule_Steamships_Ltd_Homepage_WAVE_Overlay.png)","Company Secretary (Chowgule Steamships Ltd)","Company Secretary & Compliance Officer","info@chowgulesteamships.co.in","General Contact Email (Guessed Pattern)","Managing Director / CEO","info@chowgulesteamships.co.in"
"220","Unassigned","ASI Industries Ltd","https://asics.com","Yes","No","No","8.5 out of 10","","","![WAVE Tool Screenshot](https://github.com/VEER-TANMAY-SACHIN/projects/blob/main/orchavate_gtm_workflow/outputs/v1.3_apollo_bse_master_list_20260811_112506_attempt6_succesful_reviewnotdone_orchavatecore_digital_digital/ASI_Industries_Ltd/screenshots/ASI_Industries_Ltd_Homepage_WAVE_Overlay.png)","Company Secretary (ASI Industries Ltd)","Company Secretary & Compliance Officer","Not publicly disclosed","N/A","Managing Director / CEO","Not publicly disclosed"
"221","Unassigned","Sagar Cements Ltd","https://sagarcements.in","Yes","Yes","Yes","5.8 out of 10","","100","![WAVE Tool Screenshot](https://github.com/VEER-TANMAY-SACHIN/projects/blob/main/orchavate_gtm_workflow/outputs/v1.3_apollo_bse_master_list_20260811_112506_attempt6_succesful_reviewnotdone_orchavatecore_digital_digital/Sagar_Cements_Ltd/screenshots/Sagar_Cements_Ltd_Homepage_WAVE_Overlay.png)","Company Secretary (Sagar Cements Ltd)","Company Secretary & Compliance Officer","info@sagarcements.in","General Contact Email (Guessed Pattern)","Managing Director / CEO","info@sagarcements.in"
"222","Unassigned","Deccan Cements Ltd","https://deccancements.com","Yes","Yes","Yes","1 out of 10","14","44","![WAVE Tool Screenshot](https://github.com/VEER-TANMAY-SACHIN/projects/blob/main/orchavate_gtm_workflow/outputs/v1.3_apollo_bse_master_list_20260811_112506_attempt6_succesful_reviewnotdone_orchavatecore_digital_digital/Deccan_Cements_Ltd/screenshots/Deccan_Cements_Ltd_Homepage_WAVE_Overlay.png)","Company Secretary (Deccan Cements Ltd)","Company Secretary & Compliance Officer","secretarial@deccancements.com","General Contact Email","Managing Director / CEO","secretarial@deccancements.com"
"223","Unassigned","Mangalam Cement Ltd","https://mangalamcement.com","Yes","Yes","Yes","1.5 out of 10","12","52","![WAVE Tool Screenshot](https://github.com/VEER-TANMAY-SACHIN/projects/blob/main/orchavate_gtm_workflow/outputs/v1.3_apollo_bse_master_list_20260811_112506_attempt6_succesful_reviewnotdone_orchavatecore_digital_digital/Mangalam_Cement_Ltd/screenshots/Mangalam_Cement_Ltd_Homepage_WAVE_Overlay.png)","Company Secretary (Mangalam Cement Ltd)","Company Secretary & Compliance Officer","kolkata@mangalamcement.com","Investor Grievance / Compliance Officer Email","Managing Director / CEO","kolkata@mangalamcement.com"
"224","Unassigned","NCL Industries Ltd","https://nclind.com","Yes","Yes","Yes","8.5 out of 10","","100","![WAVE Tool Screenshot](https://github.com/VEER-TANMAY-SACHIN/projects/blob/main/orchavate_gtm_workflow/outputs/v1.3_apollo_bse_master_list_20260811_112506_attempt6_succesful_reviewnotdone_orchavatecore_digital_digital/NCL_Industries_Ltd/screenshots/NCL_Industries_Ltd_Homepage_WAVE_Overlay.png)","Company Secretary (NCL Industries Ltd)","Company Secretary & Compliance Officer","ncl@nclind.com","Investor Grievance / Compliance Officer Email","Managing Director / CEO","ncl@nclind.com"
"225","Unassigned","Borosil Renewables Ltd","https://borosilrenewables.com","Yes","Yes","Yes","1 out of 10","18","30","![WAVE Tool Screenshot](https://github.com/VEER-TANMAY-SACHIN/projects/blob/main/orchavate_gtm_workflow/outputs/v1.3_apollo_bse_master_list_20260811_112506_attempt6_succesful_reviewnotdone_orchavatecore_digital_digital/Borosil_Renewables_Ltd/screenshots/Borosil_Renewables_Ltd_Homepage_WAVE_Overlay.png)","Company Secretary (Borosil Renewables Ltd)","Company Secretary & Compliance Officer","sales.lig@borosil.com","Investor Grievance / Compliance Officer Email","Managing Director / CEO","brl@borosil.com"
"226","Unassigned","Lerthai Finance Ltd","https://lerthai.com.hk","Yes","Yes","Yes","6.3 out of 10","","100","![WAVE Tool Screenshot](https://github.com/VEER-TANMAY-SACHIN/projects/blob/main/orchavate_gtm_workflow/outputs/v1.3_apollo_bse_master_list_20260811_112506_attempt6_succesful_reviewnotdone_orchavatecore_digital_digital/Lerthai_Finance_Ltd/screenshots/Lerthai_Finance_Ltd_Homepage_WAVE_Overlay.png)","Company Secretary (Lerthai Finance Ltd)","Company Secretary & Compliance Officer","info@lerthai.com.hk","General Contact Email (Guessed Pattern)","Managing Director / CEO","info@lerthai.com.hk"
"227","Unassigned","Andhra Paper Ltd","https://andhrapaper.com","Yes","Yes","Yes","1 out of 10","29","30","![WAVE Tool Screenshot](https://github.com/VEER-TANMAY-SACHIN/projects/blob/main/orchavate_gtm_workflow/outputs/v1.3_apollo_bse_master_list_20260811_112506_attempt6_succesful_reviewnotdone_orchavatecore_digital_digital/Andhra_Paper_Ltd/screenshots/Andhra_Paper_Ltd_Homepage_WAVE_Overlay.png)","Company Secretary (Andhra Paper Ltd)","Company Secretary & Compliance Officer","info@andhrapaper.com","General Contact Email (Guessed Pattern)","Managing Director / CEO","info@andhrapaper.com"
"228","Unassigned","Balkrishna Industries Ltd","https://balkrishn.com","Yes","Yes","Yes","1 out of 10","51","30","![WAVE Tool Screenshot](https://github.com/VEER-TANMAY-SACHIN/projects/blob/main/orchavate_gtm_workflow/outputs/v1.3_apollo_bse_master_list_20260811_112506_attempt6_succesful_reviewnotdone_orchavatecore_digital_digital/Balkrishna_Industries_Ltd/screenshots/Balkrishna_Industries_Ltd_Homepage_WAVE_Overlay.png)","Company Secretary (Balkrishna Industries Ltd)","Company Secretary & Compliance Officer","info@balkrishn.com","General Contact Email","Managing Director / CEO","info@balkrishn.com"
"229","Unassigned","Orient Paper & Industries Ltd","https://orientpaperinc.com","Yes","Yes","Yes","7.8 out of 10","","100","![WAVE Tool Screenshot](https://github.com/VEER-TANMAY-SACHIN/projects/blob/main/orchavate_gtm_workflow/outputs/v1.3_apollo_bse_master_list_20260811_112506_attempt6_succesful_reviewnotdone_orchavatecore_digital_digital/Orient_Paper___Industries_Ltd/screenshots/Orient_Paper___Industries_Ltd_Homepage_WAVE_Overlay.png)","Company Secretary (Orient Paper & Industries Ltd)","Company Secretary & Compliance Officer","info@orientpaperinc.com","General Contact Email (Guessed Pattern)","Managing Director / CEO","info@orientpaperinc.com"
"230","Unassigned","Nath Industries Ltd","https://nathanjames.com","Yes","No","No","8.5 out of 10","","","![WAVE Tool Screenshot](https://github.com/VEER-TANMAY-SACHIN/projects/blob/main/orchavate_gtm_workflow/outputs/v1.3_apollo_bse_master_list_20260811_112506_attempt6_succesful_reviewnotdone_orchavatecore_digital_digital/Nath_Industries_Ltd/screenshots/Nath_Industries_Ltd_Homepage_WAVE_Overlay.png)","Company Secretary (Nath Industries Ltd)","Company Secretary & Compliance Officer","Not publicly disclosed","N/A","Managing Director / CEO","Not publicly disclosed"
"231","Unassigned","Vapi Enterprise Ltd","https://vapienterprise.com","Yes","Yes","Yes","9.1 out of 10","1","96","![WAVE Tool Screenshot](https://github.com/VEER-TANMAY-SACHIN/projects/blob/main/orchavate_gtm_workflow/outputs/v1.3_apollo_bse_master_list_20260811_112506_attempt6_succesful_reviewnotdone_orchavatecore_digital_digital/Vapi_Enterprise_Ltd/screenshots/Vapi_Enterprise_Ltd_Homepage_WAVE_Overlay.png)","Company Secretary (Vapi Enterprise Ltd)","Company Secretary & Compliance Officer","vapipaper@gmail.com","General Contact Email","Managing Director / CEO","vapipaper@gmail.com"
"232","Unassigned","DCM Ltd","https://3dcmltd.com","Yes","Yes","Yes","7 out of 10","","100","![WAVE Tool Screenshot](https://github.com/VEER-TANMAY-SACHIN/projects/blob/main/orchavate_gtm_workflow/outputs/v1.3_apollo_bse_master_list_20260811_112506_attempt6_succesful_reviewnotdone_orchavatecore_digital_digital/DCM_Ltd/screenshots/DCM_Ltd_Homepage_WAVE_Overlay.png)","Company Secretary (DCM Ltd)","Company Secretary & Compliance Officer","info@3dcmltd.com","General Contact Email (Guessed Pattern)","Managing Director / CEO","info@3dcmltd.com"
"233","Unassigned","Forbes & Company Ltd","https://forbes.com","Yes","No","No","8.5 out of 10","","","![WAVE Tool Screenshot](https://github.com/VEER-TANMAY-SACHIN/projects/blob/main/orchavate_gtm_workflow/outputs/v1.3_apollo_bse_master_list_20260811_112506_attempt6_succesful_reviewnotdone_orchavatecore_digital_digital/Forbes___Company_Ltd/screenshots/Forbes___Company_Ltd_Homepage_WAVE_Overlay.png)","Company Secretary (Forbes & Company Ltd)","Company Secretary & Compliance Officer","Not publicly disclosed","N/A","Managing Director / CEO","Not publicly disclosed"
"234","Unassigned","United Interactive Ltd","https://uigtc.com","Yes","No","No","8.5 out of 10","","","![WAVE Tool Screenshot](https://github.com/VEER-TANMAY-SACHIN/projects/blob/main/orchavate_gtm_workflow/outputs/v1.3_apollo_bse_master_list_20260811_112506_attempt6_succesful_reviewnotdone_orchavatecore_digital_digital/United_Interactive_Ltd/screenshots/United_Interactive_Ltd_Homepage_WAVE_Overlay.png)","Company Secretary (United Interactive Ltd)","Company Secretary & Compliance Officer","Not publicly disclosed","N/A","Managing Director / CEO","Not publicly disclosed"
"235","Unassigned","Jamshri Realty Ltd","https://jamshri.in","Yes","Yes","Yes","8.5 out of 10","2","92","![WAVE Tool Screenshot](https://github.com/VEER-TANMAY-SACHIN/projects/blob/main/orchavate_gtm_workflow/outputs/v1.3_apollo_bse_master_list_20260811_112506_attempt6_succesful_reviewnotdone_orchavatecore_digital_digital/Jamshri_Realty_Ltd/screenshots/Jamshri_Realty_Ltd_Homepage_WAVE_Overlay.png)","Company Secretary (Jamshri Realty Ltd)","Company Secretary & Compliance Officer","info@jamshri.in","Investor Grievance / Compliance Officer Email","Managing Director / CEO","info@jamshri.in"
"236","Unassigned","Kesoram Industries Ltd","https://kesocorp.com","Yes","Yes","Yes","1.5 out of 10","12","52","![WAVE Tool Screenshot](https://github.com/VEER-TANMAY-SACHIN/projects/blob/main/orchavate_gtm_workflow/outputs/v1.3_apollo_bse_master_list_20260811_112506_attempt6_succesful_reviewnotdone_orchavatecore_digital_digital/Kesoram_Industries_Ltd/screenshots/Kesoram_Industries_Ltd_Homepage_WAVE_Overlay.png)","Company Secretary (Kesoram Industries Ltd)","Company Secretary & Compliance Officer","info@kesocorp.com","General Contact Email (Guessed Pattern)","Managing Director / CEO","info@kesocorp.com"
"237","Unassigned","Peninsula Land Ltd","https://peninsula.co.in","Yes","Yes","Yes","1 out of 10","32","30","![WAVE Tool Screenshot](https://github.com/VEER-TANMAY-SACHIN/projects/blob/main/orchavate_gtm_workflow/outputs/v1.3_apollo_bse_master_list_20260811_112506_attempt6_succesful_reviewnotdone_orchavatecore_digital_digital/Peninsula_Land_Ltd/screenshots/Peninsula_Land_Ltd_Homepage_WAVE_Overlay.png)","Company Secretary (Peninsula Land Ltd)","Company Secretary & Compliance Officer","info@peninsula.co.in","Investor Grievance / Compliance Officer Email","Managing Director / CEO","investor@peninsula.co.in"
"238","Unassigned","The Phoenix Mills Ltd","https://thephoenixmills.com","Yes","Yes","Yes","3.6 out of 10","9","64","![WAVE Tool Screenshot](https://github.com/VEER-TANMAY-SACHIN/projects/blob/main/orchavate_gtm_workflow/outputs/v1.3_apollo_bse_master_list_20260811_112506_attempt6_succesful_reviewnotdone_orchavatecore_digital_digital/The_Phoenix_Mills_Ltd/screenshots/The_Phoenix_Mills_Ltd_Homepage_WAVE_Overlay.png)","Company Secretary (The Phoenix Mills Ltd)","Company Secretary & Compliance Officer","hello@gmail.com","General Contact Email","Managing Director / CEO","hello@gmail.com"
"239","Unassigned","Ruby Mills Ltd","https://rubymills.com","Yes","No","No","5.8 out of 10","","","![WAVE Tool Screenshot](https://github.com/VEER-TANMAY-SACHIN/projects/blob/main/orchavate_gtm_workflow/outputs/v1.3_apollo_bse_master_list_20260811_112506_attempt6_succesful_reviewnotdone_orchavatecore_digital_digital/Ruby_Mills_Ltd/screenshots/Ruby_Mills_Ltd_Homepage_WAVE_Overlay.png)","Company Secretary (Ruby Mills Ltd)","Company Secretary & Compliance Officer","Not publicly disclosed","N/A","Managing Director / CEO","Not publicly disclosed"
"240","Unassigned","Swan Corp Ltd","https://swansonvitamins.com","Yes","No","No","8.5 out of 10","","","![WAVE Tool Screenshot](https://github.com/VEER-TANMAY-SACHIN/projects/blob/main/orchavate_gtm_workflow/outputs/v1.3_apollo_bse_master_list_20260811_112506_attempt6_succesful_reviewnotdone_orchavatecore_digital_digital/Swan_Corp_Ltd/screenshots/Swan_Corp_Ltd_Homepage_WAVE_Overlay.png)","Company Secretary (Swan Corp Ltd)","Company Secretary & Compliance Officer","Not publicly disclosed","N/A","Managing Director / CEO","Not publicly disclosed"
"241","Unassigned","Victoria Mills Ltd","https://hiddenbattles.com","Yes","Yes","Yes","8.5 out of 10","","100","![WAVE Tool Screenshot](https://github.com/VEER-TANMAY-SACHIN/projects/blob/main/orchavate_gtm_workflow/outputs/v1.3_apollo_bse_master_list_20260811_112506_attempt6_succesful_reviewnotdone_orchavatecore_digital_digital/Victoria_Mills_Ltd/screenshots/Victoria_Mills_Ltd_Homepage_WAVE_Overlay.png)","Company Secretary (Victoria Mills Ltd)","Company Secretary & Compliance Officer","info@hiddenbattles.com","General Contact Email (Guessed Pattern)","Managing Director / CEO","info@hiddenbattles.com"
"242","Unassigned","SV Trading & Agencies Ltd","https://svtrading.co.uk","Yes","Yes","Yes","5.8 out of 10","","100","![WAVE Tool Screenshot](https://github.com/VEER-TANMAY-SACHIN/projects/blob/main/orchavate_gtm_workflow/outputs/v1.3_apollo_bse_master_list_20260811_112506_attempt6_succesful_reviewnotdone_orchavatecore_digital_digital/SV_Trading___Agencies_Ltd/screenshots/SV_Trading___Agencies_Ltd_Homepage_WAVE_Overlay.png)","Company Secretary (SV Trading & Agencies Ltd)","Company Secretary & Compliance Officer","info@svtrading.co.uk","General Contact Email (Guessed Pattern)","Managing Director / CEO","info@svtrading.co.uk"
"243","Unassigned","Veer Energy & Infrastructure Ltd","https://veerenergy.net","Yes","Yes","Yes","7.8 out of 10","","100","![WAVE Tool Screenshot](https://github.com/VEER-TANMAY-SACHIN/projects/blob/main/orchavate_gtm_workflow/outputs/v1.3_apollo_bse_master_list_20260811_112506_attempt6_succesful_reviewnotdone_orchavatecore_digital_digital/Veer_Energy___Infrastructure_Ltd/screenshots/Veer_Energy___Infrastructure_Ltd_Homepage_WAVE_Overlay.png)","Company Secretary (Veer Energy & Infrastructure Ltd)","Company Secretary & Compliance Officer","info@veerenergy.net","General Contact Email (Guessed Pattern)","Managing Director / CEO","info@veerenergy.net"
"244","Unassigned","SW Investments Ltd","https://swinvestments.net","Yes","Yes","Yes","8.5 out of 10","","100","![WAVE Tool Screenshot](https://github.com/VEER-TANMAY-SACHIN/projects/blob/main/orchavate_gtm_workflow/outputs/v1.3_apollo_bse_master_list_20260811_112506_attempt6_succesful_reviewnotdone_orchavatecore_digital_digital/SW_Investments_Ltd/screenshots/SW_Investments_Ltd_Homepage_WAVE_Overlay.png)","Company Secretary (SW Investments Ltd)","Company Secretary & Compliance Officer","info@swinvestments.net","General Contact Email (Guessed Pattern)","Managing Director / CEO","info@swinvestments.net"
"245","Unassigned","Unijolly Investments Company Ltd","https://unijollyinvestments.com","Yes","No","No","5.8 out of 10","","","![WAVE Tool Screenshot](https://github.com/VEER-TANMAY-SACHIN/projects/blob/main/orchavate_gtm_workflow/outputs/v1.3_apollo_bse_master_list_20260811_112506_attempt6_succesful_reviewnotdone_orchavatecore_digital_digital/Unijolly_Investments_Company_Ltd/screenshots/Unijolly_Investments_Company_Ltd_Homepage_WAVE_Overlay.png)","Company Secretary (Unijolly Investments Company Ltd)","Company Secretary & Compliance Officer","Not publicly disclosed","N/A","Managing Director / CEO","Not publicly disclosed"
"246","Unassigned","EL CID Investments Ltd","https://elcidinvestments.com","Yes","Yes","Yes","5.8 out of 10","6","76","![WAVE Tool Screenshot](https://github.com/VEER-TANMAY-SACHIN/projects/blob/main/orchavate_gtm_workflow/outputs/v1.3_apollo_bse_master_list_20260811_112506_attempt6_succesful_reviewnotdone_orchavatecore_digital_digital/EL_CID_Investments_Ltd/screenshots/EL_CID_Investments_Ltd_Homepage_WAVE_Overlay.png)","Company Secretary (EL CID Investments Ltd)","Company Secretary & Compliance Officer","vakilgroup@gmail.com","General Contact Email","Managing Director / CEO","vakilgroup@gmail.com"
"247","Unassigned","Mediaone Global Entertainment Ltd","https://mediaoneglobal.net","Yes","Yes","Yes","7.8 out of 10","","100","![WAVE Tool Screenshot](https://github.com/VEER-TANMAY-SACHIN/projects/blob/main/orchavate_gtm_workflow/outputs/v1.3_apollo_bse_master_list_20260811_112506_attempt6_succesful_reviewnotdone_orchavatecore_digital_digital/Mediaone_Global_Entertainment_Ltd/screenshots/Mediaone_Global_Entertainment_Ltd_Homepage_WAVE_Overlay.png)","Company Secretary (Mediaone Global Entertainment Ltd)","Company Secretary & Compliance Officer","info@mediaoneglobal.net","General Contact Email (Guessed Pattern)","Managing Director / CEO","info@mediaoneglobal.net"
"248","Unassigned","Banswara Syntex Ltd","https://banswarasyntex.com","Yes","Yes","Yes","1 out of 10","21","30","![WAVE Tool Screenshot](https://github.com/VEER-TANMAY-SACHIN/projects/blob/main/orchavate_gtm_workflow/outputs/v1.3_apollo_bse_master_list_20260811_112506_attempt6_succesful_reviewnotdone_orchavatecore_digital_digital/Banswara_Syntex_Ltd/screenshots/Banswara_Syntex_Ltd_Homepage_WAVE_Overlay.png)","Company Secretary (Banswara Syntex Ltd)","Company Secretary & Compliance Officer","info@banswarasyntex.com","General Contact Email","Managing Director / CEO","info@banswarasyntex.com"
"249","Unassigned","SRF Ltd","https://srf.ch","Yes","No","No","7 out of 10","","","![WAVE Tool Screenshot](https://github.com/VEER-TANMAY-SACHIN/projects/blob/main/orchavate_gtm_workflow/outputs/v1.3_apollo_bse_master_list_20260811_112506_attempt6_succesful_reviewnotdone_orchavatecore_digital_digital/SRF_Ltd/screenshots/SRF_Ltd_Homepage_WAVE_Overlay.png)","Company Secretary (SRF Ltd)","Company Secretary & Compliance Officer","Not publicly disclosed","N/A","Managing Director / CEO","Not publicly disclosed"
"250","Unassigned","Swadeshi Polytex Ltd","https://splindia.co.in","Yes","Yes","Yes","1 out of 10","37","30","![WAVE Tool Screenshot](https://github.com/VEER-TANMAY-SACHIN/projects/blob/main/orchavate_gtm_workflow/outputs/v1.3_apollo_bse_master_list_20260811_112506_attempt6_succesful_reviewnotdone_orchavatecore_digital_digital/Swadeshi_Polytex_Ltd/screenshots/Swadeshi_Polytex_Ltd_Homepage_WAVE_Overlay.png)","Company Secretary (Swadeshi Polytex Ltd)","Company Secretary & Compliance Officer","investor.grievances@splindia.co.in","Investor Grievance / Compliance Officer Email","Managing Director / CEO","investor.grievances@splindia.co.in"
"251","Unassigned","Bharat Bijlee Ltd","https://bharatbijlee.com","Yes","Yes","Yes","1 out of 10","14","44","![WAVE Tool Screenshot](https://github.com/VEER-TANMAY-SACHIN/projects/blob/main/orchavate_gtm_workflow/outputs/v1.3_apollo_bse_master_list_20260811_112506_attempt6_succesful_reviewnotdone_orchavatecore_digital_digital/Bharat_Bijlee_Ltd/screenshots/Bharat_Bijlee_Ltd_Homepage_WAVE_Overlay.png)","Company Secretary (Bharat Bijlee Ltd)","Company Secretary & Compliance Officer","info@bharatbijlee.com","General Contact Email (Guessed Pattern)","Managing Director / CEO","info@bharatbijlee.com"
"252","Unassigned","GEE Ltd","https://geeltd.co.uk","Yes","Yes","Yes","7.8 out of 10","","100","![WAVE Tool Screenshot](https://github.com/VEER-TANMAY-SACHIN/projects/blob/main/orchavate_gtm_workflow/outputs/v1.3_apollo_bse_master_list_20260811_112506_attempt6_succesful_reviewnotdone_orchavatecore_digital_digital/GEE_Ltd/screenshots/GEE_Ltd_Homepage_WAVE_Overlay.png)","Company Secretary (GEE Ltd)","Company Secretary & Compliance Officer","giggmill@hotmail.com","General Contact Email","Managing Director / CEO","giggmill@hotmail.com"
"253","Unassigned","Hind Rectifiers Ltd","https://hirect.com","Yes","No","No","7 out of 10","","","![WAVE Tool Screenshot](https://github.com/VEER-TANMAY-SACHIN/projects/blob/main/orchavate_gtm_workflow/outputs/v1.3_apollo_bse_master_list_20260811_112506_attempt6_succesful_reviewnotdone_orchavatecore_digital_digital/Hind_Rectifiers_Ltd/screenshots/Hind_Rectifiers_Ltd_Homepage_WAVE_Overlay.png)","Company Secretary (Hind Rectifiers Ltd)","Company Secretary & Compliance Officer","Not publicly disclosed","N/A","Managing Director / CEO","Not publicly disclosed"
"254","Unassigned","Zensar Technologies Ltd","https://zensar.com","Yes","No","No","5.8 out of 10","","","![WAVE Tool Screenshot](https://github.com/VEER-TANMAY-SACHIN/projects/blob/main/orchavate_gtm_workflow/outputs/v1.3_apollo_bse_master_list_20260811_112506_attempt6_succesful_reviewnotdone_orchavatecore_digital_digital/Zensar_Technologies_Ltd/screenshots/Zensar_Technologies_Ltd_Homepage_WAVE_Overlay.png)","Company Secretary (Zensar Technologies Ltd)","Company Secretary & Compliance Officer","Not publicly disclosed","N/A","Managing Director / CEO","Not publicly disclosed"
"255","Unassigned","Jyoti Ltd","https://filmynonstop.com","Yes","Yes","Yes","8.5 out of 10","","100","![WAVE Tool Screenshot](https://github.com/VEER-TANMAY-SACHIN/projects/blob/main/orchavate_gtm_workflow/outputs/v1.3_apollo_bse_master_list_20260811_112506_attempt6_succesful_reviewnotdone_orchavatecore_digital_digital/Jyoti_Ltd/screenshots/Jyoti_Ltd_Homepage_WAVE_Overlay.png)","Company Secretary (Jyoti Ltd)","Company Secretary & Compliance Officer","info@filmynonstop.com","General Contact Email (Guessed Pattern)","Managing Director / CEO","info@filmynonstop.com"
"256","Unassigned","JSL Industries Ltd","https://jslps.org","Yes","No","No","8.5 out of 10","","","![WAVE Tool Screenshot](https://github.com/VEER-TANMAY-SACHIN/projects/blob/main/orchavate_gtm_workflow/outputs/v1.3_apollo_bse_master_list_20260811_112506_attempt6_succesful_reviewnotdone_orchavatecore_digital_digital/JSL_Industries_Ltd/screenshots/JSL_Industries_Ltd_Homepage_WAVE_Overlay.png)","Company Secretary (JSL Industries Ltd)","Company Secretary & Compliance Officer","Not publicly disclosed","N/A","Managing Director / CEO","Not publicly disclosed"
"257","Unassigned","Kaycee Industries Ltd","https://kayceenterprises.com","Yes","Yes","Yes","8.5 out of 10","","100","![WAVE Tool Screenshot](https://github.com/VEER-TANMAY-SACHIN/projects/blob/main/orchavate_gtm_workflow/outputs/v1.3_apollo_bse_master_list_20260811_112506_attempt6_succesful_reviewnotdone_orchavatecore_digital_digital/Kaycee_Industries_Ltd/screenshots/Kaycee_Industries_Ltd_Homepage_WAVE_Overlay.png)","Company Secretary (Kaycee Industries Ltd)","Company Secretary & Compliance Officer","info@kayceenterprises.com","General Contact Email (Guessed Pattern)","Managing Director / CEO","info@kayceenterprises.com"
"258","Unassigned","Indokem Ltd","https://indokemika-group.com","Yes","Yes","Yes","1 out of 10","15","40","![WAVE Tool Screenshot](https://github.com/VEER-TANMAY-SACHIN/projects/blob/main/orchavate_gtm_workflow/outputs/v1.3_apollo_bse_master_list_20260811_112506_attempt6_succesful_reviewnotdone_orchavatecore_digital_digital/Indokem_Ltd/screenshots/Indokem_Ltd_Homepage_WAVE_Overlay.png)","Company Secretary (Indokem Ltd)","Company Secretary & Compliance Officer","info@indokemika-group.com","General Contact Email (Guessed Pattern)","Managing Director / CEO","info@indokemika-group.com"
"259","Unassigned","Nelco Ltd","https://nelcoproducts.com","Yes","No","No","8.5 out of 10","","","![WAVE Tool Screenshot](https://github.com/VEER-TANMAY-SACHIN/projects/blob/main/orchavate_gtm_workflow/outputs/v1.3_apollo_bse_master_list_20260811_112506_attempt6_succesful_reviewnotdone_orchavatecore_digital_digital/Nelco_Ltd/screenshots/Nelco_Ltd_Homepage_WAVE_Overlay.png)","Company Secretary (Nelco Ltd)","Company Secretary & Compliance Officer","Not publicly disclosed","N/A","Managing Director / CEO","Not publicly disclosed"
"260","Unassigned","Permanent Magnets Ltd","https://pmlindia.com","Yes","Yes","Yes","6.3 out of 10","","100","![WAVE Tool Screenshot](https://github.com/VEER-TANMAY-SACHIN/projects/blob/main/orchavate_gtm_workflow/outputs/v1.3_apollo_bse_master_list_20260811_112506_attempt6_succesful_reviewnotdone_orchavatecore_digital_digital/Permanent_Magnets_Ltd/screenshots/Permanent_Magnets_Ltd_Homepage_WAVE_Overlay.png)","Company Secretary (Permanent Magnets Ltd)","Company Secretary & Compliance Officer","info@pmlindia.com","General Contact Email (Guessed Pattern)","Managing Director / CEO","info@pmlindia.com"
"261","Unassigned","High Energy Batteries India Ltd","https://highenergy.com","Yes","Yes","Yes","8.5 out of 10","","100","![WAVE Tool Screenshot](https://github.com/VEER-TANMAY-SACHIN/projects/blob/main/orchavate_gtm_workflow/outputs/v1.3_apollo_bse_master_list_20260811_112506_attempt6_succesful_reviewnotdone_orchavatecore_digital_digital/High_Energy_Batteries_India_Ltd/screenshots/High_Energy_Batteries_India_Ltd_Homepage_WAVE_Overlay.png)","Company Secretary (High Energy Batteries India Ltd)","Company Secretary & Compliance Officer","info@highenergy.com","General Contact Email (Guessed Pattern)","Managing Director / CEO","info@highenergy.com"
"262","Unassigned","Universal Cables Ltd","https://unistar.co.in","Yes","Yes","Yes","1 out of 10","52","30","![WAVE Tool Screenshot](https://github.com/VEER-TANMAY-SACHIN/projects/blob/main/orchavate_gtm_workflow/outputs/v1.3_apollo_bse_master_list_20260811_112506_attempt6_succesful_reviewnotdone_orchavatecore_digital_digital/Universal_Cables_Ltd/screenshots/Universal_Cables_Ltd_Homepage_WAVE_Overlay.png)","Company Secretary (Universal Cables Ltd)","Company Secretary & Compliance Officer","delhi@unistar.co.in","General Contact Email","Managing Director / CEO","delhi@unistar.co.in"
"263","Unassigned","W. S. Industries (India) Ltd","https://wsj.com","Yes","No","No","8.5 out of 10","","","![WAVE Tool Screenshot](https://github.com/VEER-TANMAY-SACHIN/projects/blob/main/orchavate_gtm_workflow/outputs/v1.3_apollo_bse_master_list_20260811_112506_attempt6_succesful_reviewnotdone_orchavatecore_digital_digital/W__S__Industries__India__Ltd/screenshots/W__S__Industries__India__Ltd_Homepage_WAVE_Overlay.png)","Company Secretary (W. S. Industries (India) Ltd)","Company Secretary & Compliance Officer","Not publicly disclosed","N/A","Managing Director / CEO","Not publicly disclosed"
"264","Unassigned","Delton Cables Ltd","https://deltoncables.com","Yes","No","No","7 out of 10","","","![WAVE Tool Screenshot](https://github.com/VEER-TANMAY-SACHIN/projects/blob/main/orchavate_gtm_workflow/outputs/v1.3_apollo_bse_master_list_20260811_112506_attempt6_succesful_reviewnotdone_orchavatecore_digital_digital/Delton_Cables_Ltd/screenshots/Delton_Cables_Ltd_Homepage_WAVE_Overlay.png)","Company Secretary (Delton Cables Ltd)","Company Secretary & Compliance Officer","Not publicly disclosed","N/A","Managing Director / CEO","Not publicly disclosed"
"265","Unassigned","Lakshmi Electrical Control Systems Ltd","https://lecsindia.com","Yes","No","No","8.5 out of 10","","","![WAVE Tool Screenshot](https://github.com/VEER-TANMAY-SACHIN/projects/blob/main/orchavate_gtm_workflow/outputs/v1.3_apollo_bse_master_list_20260811_112506_attempt6_succesful_reviewnotdone_orchavatecore_digital_digital/Lakshmi_Electrical_Control_Systems_Ltd/screenshots/Lakshmi_Electrical_Control_Systems_Ltd_Homepage_WAVE_Overlay.png)","Company Secretary (Lakshmi Electrical Control Systems Ltd)","Company Secretary & Compliance Officer","Not publicly disclosed","N/A","Managing Director / CEO","Not publicly disclosed"
"266","Unassigned","Delta Manufacturing Ltd","https://delta-manufacturing.com","Yes","No","No","7 out of 10","","","![WAVE Tool Screenshot](https://github.com/VEER-TANMAY-SACHIN/projects/blob/main/orchavate_gtm_workflow/outputs/v1.3_apollo_bse_master_list_20260811_112506_attempt6_succesful_reviewnotdone_orchavatecore_digital_digital/Delta_Manufacturing_Ltd/screenshots/Delta_Manufacturing_Ltd_Homepage_WAVE_Overlay.png)","Company Secretary (Delta Manufacturing Ltd)","Company Secretary & Compliance Officer","Not publicly disclosed","N/A","Managing Director / CEO","Not publicly disclosed"
"267","Unassigned","Ravindra Energy Ltd","https://ravindraenergy.com","Yes","Yes","Yes","4.3 out of 10","8","68","![WAVE Tool Screenshot](https://github.com/VEER-TANMAY-SACHIN/projects/blob/main/orchavate_gtm_workflow/outputs/v1.3_apollo_bse_master_list_20260811_112506_attempt6_succesful_reviewnotdone_orchavatecore_digital_digital/Ravindra_Energy_Ltd/screenshots/Ravindra_Energy_Ltd_Homepage_WAVE_Overlay.png)","Company Secretary (Ravindra Energy Ltd)","Company Secretary & Compliance Officer","contact@ravindraenergy.com","General Contact Email","Managing Director / CEO","contact@ravindraenergy.com"
"268","Unassigned","Empower India Ltd","https://empowerindia.in","Yes","Yes","Yes","1 out of 10","21","30","![WAVE Tool Screenshot](https://github.com/VEER-TANMAY-SACHIN/projects/blob/main/orchavate_gtm_workflow/outputs/v1.3_apollo_bse_master_list_20260811_112506_attempt6_succesful_reviewnotdone_orchavatecore_digital_digital/Empower_India_Ltd/screenshots/Empower_India_Ltd_Homepage_WAVE_Overlay.png)","Company Secretary (Empower India Ltd)","Company Secretary & Compliance Officer","info@empowerindia.in","General Contact Email","Managing Director / CEO","info@empowerindia.in"
"269","Unassigned","Nyssa Corporation Ltd","https://nyssacare.com","Yes","Yes","Yes","1 out of 10","15","40","![WAVE Tool Screenshot](https://github.com/VEER-TANMAY-SACHIN/projects/blob/main/orchavate_gtm_workflow/outputs/v1.3_apollo_bse_master_list_20260811_112506_attempt6_succesful_reviewnotdone_orchavatecore_digital_digital/Nyssa_Corporation_Ltd/screenshots/Nyssa_Corporation_Ltd_Homepage_WAVE_Overlay.png)","Company Secretary (Nyssa Corporation Ltd)","Company Secretary & Compliance Officer","wholesale@nyssacare.com","General Contact Email","Managing Director / CEO","wholesale@nyssacare.com"
"270","Unassigned","Krishna Ventures Ltd","https://krishnaventuresltd.com","Yes","Yes","Yes","8.5 out of 10","","100","![WAVE Tool Screenshot](https://github.com/VEER-TANMAY-SACHIN/projects/blob/main/orchavate_gtm_workflow/outputs/v1.3_apollo_bse_master_list_20260811_112506_attempt6_succesful_reviewnotdone_orchavatecore_digital_digital/Krishna_Ventures_Ltd/screenshots/Krishna_Ventures_Ltd_Homepage_WAVE_Overlay.png)","Company Secretary (Krishna Ventures Ltd)","Company Secretary & Compliance Officer","info@krishnaventuresltd.com","General Contact Email (Guessed Pattern)","Managing Director / CEO","info@krishnaventuresltd.com"
"271","Unassigned","Ganesh Holdings Ltd","https://ganeshholdings.com","Yes","Yes","Yes","7.8 out of 10","3","88","![WAVE Tool Screenshot](https://github.com/VEER-TANMAY-SACHIN/projects/blob/main/orchavate_gtm_workflow/outputs/v1.3_apollo_bse_master_list_20260811_112506_attempt6_succesful_reviewnotdone_orchavatecore_digital_digital/Ganesh_Holdings_Ltd/screenshots/Ganesh_Holdings_Ltd_Homepage_WAVE_Overlay.png)","Company Secretary (Ganesh Holdings Ltd)","Company Secretary & Compliance Officer","ganeshholding@gmail.com","Investor Grievance / Compliance Officer Email","Managing Director / CEO","ganeshholding@gmail.com"
"272","Unassigned","Uni Abex Alloy Products Ltd","https://uniabex.com","Yes","Yes","Yes","5.8 out of 10","","100","![WAVE Tool Screenshot](https://github.com/VEER-TANMAY-SACHIN/projects/blob/main/orchavate_gtm_workflow/outputs/v1.3_apollo_bse_master_list_20260811_112506_attempt6_succesful_reviewnotdone_orchavatecore_digital_digital/Uni_Abex_Alloy_Products_Ltd/screenshots/Uni_Abex_Alloy_Products_Ltd_Homepage_WAVE_Overlay.png)","Company Secretary (Uni Abex Alloy Products Ltd)","Company Secretary & Compliance Officer","info@uniabex.com","General Contact Email (Guessed Pattern)","Managing Director / CEO","info@uniabex.com"
"273","Unassigned","Sarda Energy & Minerals Ltd","https://seml.co.in","Yes","Yes","Yes","1 out of 10","55","30","![WAVE Tool Screenshot](https://github.com/VEER-TANMAY-SACHIN/projects/blob/main/orchavate_gtm_workflow/outputs/v1.3_apollo_bse_master_list_20260811_112506_attempt6_succesful_reviewnotdone_orchavatecore_digital_digital/Sarda_Energy___Minerals_Ltd/screenshots/Sarda_Energy___Minerals_Ltd_Homepage_WAVE_Overlay.png)","Company Secretary (Sarda Energy & Minerals Ltd)","Company Secretary & Compliance Officer","bbalachandran at seml.co.in","Investor Grievance / Compliance Officer Email","Managing Director / CEO","investor@bigshareonline.com"
"274","Unassigned","Indian Hume Pipe Company Ltd","https://indianhumepipe.com","Yes","Yes","Yes","7.8 out of 10","3","88","![WAVE Tool Screenshot](https://github.com/VEER-TANMAY-SACHIN/projects/blob/main/orchavate_gtm_workflow/outputs/v1.3_apollo_bse_master_list_20260811_112506_attempt6_succesful_reviewnotdone_orchavatecore_digital_digital/Indian_Hume_Pipe_Company_Ltd/screenshots/Indian_Hume_Pipe_Company_Ltd_Homepage_WAVE_Overlay.png)","Company Secretary (Indian Hume Pipe Company Ltd)","Company Secretary & Compliance Officer","info@indianhumepipe.com","General Contact Email (Guessed Pattern)","Managing Director / CEO","info@indianhumepipe.com"
"275","Unassigned","Investment & Precision Castings Ltd","https://investment.nsw.gov.au","Yes","No","No","7.8 out of 10","","","![WAVE Tool Screenshot](https://github.com/VEER-TANMAY-SACHIN/projects/blob/main/orchavate_gtm_workflow/outputs/v1.3_apollo_bse_master_list_20260811_112506_attempt6_succesful_reviewnotdone_orchavatecore_digital_digital/Investment___Precision_Castings_Ltd/screenshots/Investment___Precision_Castings_Ltd_Homepage_WAVE_Overlay.png)","Company Secretary (Investment & Precision Castings Ltd)","Company Secretary & Compliance Officer","Not publicly disclosed","N/A","Managing Director / CEO","Not publicly disclosed"
"276","Unassigned","Kaira Can Company Ltd","https://kairacan.com","Yes","Yes","Yes","4.3 out of 10","8","68","![WAVE Tool Screenshot](https://github.com/VEER-TANMAY-SACHIN/projects/blob/main/orchavate_gtm_workflow/outputs/v1.3_apollo_bse_master_list_20260811_112506_attempt6_succesful_reviewnotdone_orchavatecore_digital_digital/Kaira_Can_Company_Ltd/screenshots/Kaira_Can_Company_Ltd_Homepage_WAVE_Overlay.png)","Company Secretary (Kaira Can Company Ltd)","Company Secretary & Compliance Officer","info@kairacan.com","Investor Grievance / Compliance Officer Email","Managing Director / CEO","info@kairacan.com"
"277","Unassigned","National Standard (India) Ltd","https://nsai.ie","Yes","No","No","7.8 out of 10","","","![WAVE Tool Screenshot](https://github.com/VEER-TANMAY-SACHIN/projects/blob/main/orchavate_gtm_workflow/outputs/v1.3_apollo_bse_master_list_20260811_112506_attempt6_succesful_reviewnotdone_orchavatecore_digital_digital/National_Standard__India__Ltd/screenshots/National_Standard__India__Ltd_Homepage_WAVE_Overlay.png)","Company Secretary (National Standard (India) Ltd)","Company Secretary & Compliance Officer","Not publicly disclosed","N/A","Managing Director / CEO","Not publicly disclosed"
"278","Unassigned","Rathi Steel & Power Ltd","https://rathisteelandpower.com","Yes","Yes","Yes","7 out of 10","4","84","![WAVE Tool Screenshot](https://github.com/VEER-TANMAY-SACHIN/projects/blob/main/orchavate_gtm_workflow/outputs/v1.3_apollo_bse_master_list_20260811_112506_attempt6_succesful_reviewnotdone_orchavatecore_digital_digital/Rathi_Steel___Power_Ltd/screenshots/Rathi_Steel___Power_Ltd_Homepage_WAVE_Overlay.png)","Company Secretary (Rathi Steel & Power Ltd)","Company Secretary & Compliance Officer","info@rathisteelandpower.com","General Contact Email","Managing Director / CEO","info@rathisteelandpower.com"
"279","Unassigned","Duncan Engineering Ltd","https://duncanengg.com","Yes","No","No","7.8 out of 10","","","![WAVE Tool Screenshot](https://github.com/VEER-TANMAY-SACHIN/projects/blob/main/orchavate_gtm_workflow/outputs/v1.3_apollo_bse_master_list_20260811_112506_attempt6_succesful_reviewnotdone_orchavatecore_digital_digital/Duncan_Engineering_Ltd/screenshots/Duncan_Engineering_Ltd_Homepage_WAVE_Overlay.png)","Company Secretary (Duncan Engineering Ltd)","Company Secretary & Compliance Officer","Not publicly disclosed","N/A","Managing Director / CEO","Not publicly disclosed"
"280","Unassigned","Stovec Industries Ltd","https://stoveconnection.com.au","Yes","Yes","Yes","1 out of 10","73","30","![WAVE Tool Screenshot](https://github.com/VEER-TANMAY-SACHIN/projects/blob/main/orchavate_gtm_workflow/outputs/v1.3_apollo_bse_master_list_20260811_112506_attempt6_succesful_reviewnotdone_orchavatecore_digital_digital/Stovec_Industries_Ltd/screenshots/Stovec_Industries_Ltd_Homepage_WAVE_Overlay.png)","Company Secretary (Stovec Industries Ltd)","Company Secretary & Compliance Officer","spareparts@stoveconnection.com.au","General Contact Email","Managing Director / CEO","spareparts@stoveconnection.com.au"
"281","Unassigned","Automotive Axles Ltd","https://autoaxle.com","Yes","Yes","Yes","1 out of 10","33","30","![WAVE Tool Screenshot](https://github.com/VEER-TANMAY-SACHIN/projects/blob/main/orchavate_gtm_workflow/outputs/v1.3_apollo_bse_master_list_20260811_112506_attempt6_succesful_reviewnotdone_orchavatecore_digital_digital/Automotive_Axles_Ltd/screenshots/Automotive_Axles_Ltd_Homepage_WAVE_Overlay.png)","Company Secretary (Automotive Axles Ltd)","Company Secretary & Compliance Officer","sec@autoaxle.com","Investor Grievance / Compliance Officer Email","Managing Director / CEO","sec@autoaxle.com"
"282","Unassigned","Setco Automotive Ltd","https://setcoauto.com","Yes","Yes","Yes","1 out of 10","60","30","![WAVE Tool Screenshot](https://github.com/VEER-TANMAY-SACHIN/projects/blob/main/orchavate_gtm_workflow/outputs/v1.3_apollo_bse_master_list_20260811_112506_attempt6_succesful_reviewnotdone_orchavatecore_digital_digital/Setco_Automotive_Ltd/screenshots/Setco_Automotive_Ltd_Homepage_WAVE_Overlay.png)","Company Secretary (Setco Automotive Ltd)","Company Secretary & Compliance Officer","care@setcoauto.com","General Contact Email","Managing Director / CEO","care@setcoauto.com"
"283","Unassigned","TIL Ltd","https://tillys.com","Yes","No","No","7.8 out of 10","","","![WAVE Tool Screenshot](https://github.com/VEER-TANMAY-SACHIN/projects/blob/main/orchavate_gtm_workflow/outputs/v1.3_apollo_bse_master_list_20260811_112506_attempt6_succesful_reviewnotdone_orchavatecore_digital_digital/TIL_Ltd/screenshots/TIL_Ltd_Homepage_WAVE_Overlay.png)","Company Secretary (TIL Ltd)","Company Secretary & Compliance Officer","Not publicly disclosed","N/A","Managing Director / CEO","Not publicly disclosed"
"284","Unassigned","Eicher Motors Ltd","https://eicher.in","Yes","No","No","6.3 out of 10","","","![WAVE Tool Screenshot](https://github.com/VEER-TANMAY-SACHIN/projects/blob/main/orchavate_gtm_workflow/outputs/v1.3_apollo_bse_master_list_20260811_112506_attempt6_succesful_reviewnotdone_orchavatecore_digital_digital/Eicher_Motors_Ltd/screenshots/Eicher_Motors_Ltd_Homepage_WAVE_Overlay.png)","Company Secretary (Eicher Motors Ltd)","Company Secretary & Compliance Officer","Not publicly disclosed","N/A","Managing Director / CEO","Not publicly disclosed"
"285","Unassigned","Jainex Aamcol Ltd","https://jainexaamcol.com","Yes","Yes","Yes","9.1 out of 10","1","96","![WAVE Tool Screenshot](https://github.com/VEER-TANMAY-SACHIN/projects/blob/main/orchavate_gtm_workflow/outputs/v1.3_apollo_bse_master_list_20260811_112506_attempt6_succesful_reviewnotdone_orchavatecore_digital_digital/Jainex_Aamcol_Ltd/screenshots/Jainex_Aamcol_Ltd_Homepage_WAVE_Overlay.png)","Company Secretary (Jainex Aamcol Ltd)","Company Secretary & Compliance Officer","info@jainexaamcol.com","General Contact Email (Guessed Pattern)","Managing Director / CEO","info@jainexaamcol.com"
"286","Unassigned","Dynamatic Technologies Ltd","https://dynamatic.com","Yes","Yes","Yes","1 out of 10","18","30","![WAVE Tool Screenshot](https://github.com/VEER-TANMAY-SACHIN/projects/blob/main/orchavate_gtm_workflow/outputs/v1.3_apollo_bse_master_list_20260811_112506_attempt6_succesful_reviewnotdone_orchavatecore_digital_digital/Dynamatic_Technologies_Ltd/screenshots/Dynamatic_Technologies_Ltd_Homepage_WAVE_Overlay.png)","Company Secretary (Dynamatic Technologies Ltd)","Company Secretary & Compliance Officer","sales@dynamatic.com","General Contact Email","Managing Director / CEO","sales@dynamatic.com"
"287","Unassigned","GMM Pfaudler Ltd","https://gmmpfaudler.com","Yes","Yes","Yes","1 out of 10","35","30","![WAVE Tool Screenshot](https://github.com/VEER-TANMAY-SACHIN/projects/blob/main/orchavate_gtm_workflow/outputs/v1.3_apollo_bse_master_list_20260811_112506_attempt6_succesful_reviewnotdone_orchavatecore_digital_digital/GMM_Pfaudler_Ltd/screenshots/GMM_Pfaudler_Ltd_Homepage_WAVE_Overlay.png)","Company Secretary (GMM Pfaudler Ltd)","Company Secretary & Compliance Officer","info@gmmpfaudler.com","General Contact Email (Guessed Pattern)","Managing Director / CEO","info@gmmpfaudler.com"
"288","Unassigned","Kirloskar Pneumatic Company Ltd","https://kirloskarpneumatic.com","Yes","No","No","7.8 out of 10","","","![WAVE Tool Screenshot](https://github.com/VEER-TANMAY-SACHIN/projects/blob/main/orchavate_gtm_workflow/outputs/v1.3_apollo_bse_master_list_20260811_112506_attempt6_succesful_reviewnotdone_orchavatecore_digital_digital/Kirloskar_Pneumatic_Company_Ltd/screenshots/Kirloskar_Pneumatic_Company_Ltd_Homepage_WAVE_Overlay.png)","Company Secretary (Kirloskar Pneumatic Company Ltd)","Company Secretary & Compliance Officer","Not publicly disclosed","N/A","Managing Director / CEO","Not publicly disclosed"
"289","Unassigned","KPT Industries Ltd","https://kptv.com","Yes","No","No","8.5 out of 10","","","![WAVE Tool Screenshot](https://github.com/VEER-TANMAY-SACHIN/projects/blob/main/orchavate_gtm_workflow/outputs/v1.3_apollo_bse_master_list_20260811_112506_attempt6_succesful_reviewnotdone_orchavatecore_digital_digital/KPT_Industries_Ltd/screenshots/KPT_Industries_Ltd_Homepage_WAVE_Overlay.png)","Company Secretary (KPT Industries Ltd)","Company Secretary & Compliance Officer","Not publicly disclosed","N/A","Managing Director / CEO","Not publicly disclosed"
"290","Unassigned","NESCO Ltd","https://neskk.co.jp","Yes","Yes","Yes","8.5 out of 10","2","92","![WAVE Tool Screenshot](https://github.com/VEER-TANMAY-SACHIN/projects/blob/main/orchavate_gtm_workflow/outputs/v1.3_apollo_bse_master_list_20260811_112506_attempt6_succesful_reviewnotdone_orchavatecore_digital_digital/NESCO_Ltd/screenshots/NESCO_Ltd_Homepage_WAVE_Overlay.png)","Company Secretary (NESCO Ltd)","Company Secretary & Compliance Officer","info@neskk.co.jp","General Contact Email (Guessed Pattern)","Managing Director / CEO","info@neskk.co.jp"
"291","Unassigned","Wendt (India) Ltd","https://wwwendt.de","Yes","No","No","7 out of 10","","","![WAVE Tool Screenshot](https://github.com/VEER-TANMAY-SACHIN/projects/blob/main/orchavate_gtm_workflow/outputs/v1.3_apollo_bse_master_list_20260811_112506_attempt6_succesful_reviewnotdone_orchavatecore_digital_digital/Wendt__India__Ltd/screenshots/Wendt__India__Ltd_Homepage_WAVE_Overlay.png)","Company Secretary (Wendt (India) Ltd)","Company Secretary & Compliance Officer","Not publicly disclosed","N/A","Managing Director / CEO","Not publicly disclosed"
"292","Unassigned","Responsive Industries Ltd","https://responsivedesignchecker.com","Yes","Yes","Yes","6.3 out of 10","5","80","![WAVE Tool Screenshot](https://github.com/VEER-TANMAY-SACHIN/projects/blob/main/orchavate_gtm_workflow/outputs/v1.3_apollo_bse_master_list_20260811_112506_attempt6_succesful_reviewnotdone_orchavatecore_digital_digital/Responsive_Industries_Ltd/screenshots/Responsive_Industries_Ltd_Homepage_WAVE_Overlay.png)","Company Secretary (Responsive Industries Ltd)","Company Secretary & Compliance Officer","info@mediag.com","General Contact Email","Managing Director / CEO","info@mediag.com"
"293","Unassigned","Maharashtra Corporation Ltd","https://maharashtra.gov.in","Yes","Yes","Yes","1.5 out of 10","12","52","![WAVE Tool Screenshot](https://github.com/VEER-TANMAY-SACHIN/projects/blob/main/orchavate_gtm_workflow/outputs/v1.3_apollo_bse_master_list_20260811_112506_attempt6_succesful_reviewnotdone_orchavatecore_digital_digital/Maharashtra_Corporation_Ltd/screenshots/Maharashtra_Corporation_Ltd_Homepage_WAVE_Overlay.png)","Company Secretary (Maharashtra Corporation Ltd)","Company Secretary & Compliance Officer","maitri-mh@gov.in","General Contact Email","Managing Director / CEO","maitri-mh@gov.in"
"294","Unassigned","Westlife Foodworld Ltd","https://westlife.co.in","Yes","Yes","Yes","7.8 out of 10","","100","![WAVE Tool Screenshot](https://github.com/VEER-TANMAY-SACHIN/projects/blob/main/orchavate_gtm_workflow/outputs/v1.3_apollo_bse_master_list_20260811_112506_attempt6_succesful_reviewnotdone_orchavatecore_digital_digital/Westlife_Foodworld_Ltd/screenshots/Westlife_Foodworld_Ltd_Homepage_WAVE_Overlay.png)","Company Secretary (Westlife Foodworld Ltd)","Company Secretary & Compliance Officer","info@westlife.co.in","General Contact Email (Guessed Pattern)","Managing Director / CEO","info@westlife.co.in"
"295","Unassigned","Zee Entertainment Enterprises Ltd","https://zee.com","Yes","No","No","5.8 out of 10","","","![WAVE Tool Screenshot](https://github.com/VEER-TANMAY-SACHIN/projects/blob/main/orchavate_gtm_workflow/outputs/v1.3_apollo_bse_master_list_20260811_112506_attempt6_succesful_reviewnotdone_orchavatecore_digital_digital/Zee_Entertainment_Enterprises_Ltd/screenshots/Zee_Entertainment_Enterprises_Ltd_Homepage_WAVE_Overlay.png)","Company Secretary (Zee Entertainment Enterprises Ltd)","Company Secretary & Compliance Officer","Not publicly disclosed","N/A","Managing Director / CEO","Not publicly disclosed"
"296","Unassigned","SVP Global Textiles Ltd","https://svpglobal.co.in","Yes","Yes","Yes","5.8 out of 10","","100","![WAVE Tool Screenshot](https://github.com/VEER-TANMAY-SACHIN/projects/blob/main/orchavate_gtm_workflow/outputs/v1.3_apollo_bse_master_list_20260811_112506_attempt6_succesful_reviewnotdone_orchavatecore_digital_digital/SVP_Global_Textiles_Ltd/screenshots/SVP_Global_Textiles_Ltd_Homepage_WAVE_Overlay.png)","Company Secretary (SVP Global Textiles Ltd)","Company Secretary & Compliance Officer","info@svpglobal.co.in","General Contact Email (Guessed Pattern)","Managing Director / CEO","info@svpglobal.co.in"
"297","Unassigned","Multiplus Holdings Ltd","https://multipluscard.hr","Yes","Yes","Yes","7 out of 10","4","84","![WAVE Tool Screenshot](https://github.com/VEER-TANMAY-SACHIN/projects/blob/main/orchavate_gtm_workflow/outputs/v1.3_apollo_bse_master_list_20260811_112506_attempt6_succesful_reviewnotdone_orchavatecore_digital_digital/Multiplus_Holdings_Ltd/screenshots/Multiplus_Holdings_Ltd_Homepage_WAVE_Overlay.png)","Company Secretary (Multiplus Holdings Ltd)","Company Secretary & Compliance Officer","info@multipluscard.hr","General Contact Email","Managing Director / CEO","info@multipluscard.hr"
"298","Unassigned","Skyline Millars Ltd","https://skylinemillarsltd.com","Yes","Yes","Yes","6.3 out of 10","","100","![WAVE Tool Screenshot](https://github.com/VEER-TANMAY-SACHIN/projects/blob/main/orchavate_gtm_workflow/outputs/v1.3_apollo_bse_master_list_20260811_112506_attempt6_succesful_reviewnotdone_orchavatecore_digital_digital/Skyline_Millars_Ltd/screenshots/Skyline_Millars_Ltd_Homepage_WAVE_Overlay.png)","Company Secretary (Skyline Millars Ltd)","Company Secretary & Compliance Officer","info@skylinemillarsltd.com","General Contact Email (Guessed Pattern)","Managing Director / CEO","info@skylinemillarsltd.com"
"299","Unassigned","Taparia Tools Ltd","https://tapariatools.com","Yes","Yes","Yes","7 out of 10","4","84","![WAVE Tool Screenshot](https://github.com/VEER-TANMAY-SACHIN/projects/blob/main/orchavate_gtm_workflow/outputs/v1.3_apollo_bse_master_list_20260811_112506_attempt6_succesful_reviewnotdone_orchavatecore_digital_digital/Taparia_Tools_Ltd/screenshots/Taparia_Tools_Ltd_Homepage_WAVE_Overlay.png)","Company Secretary (Taparia Tools Ltd)","Company Secretary & Compliance Officer","sales@tapariatools.com","Investor Grievance / Compliance Officer Email","Managing Director / CEO","secretarial@tapariatools.com"
"300","Unassigned","Bharat Gears Ltd","https://bharatgears.com","Yes","No","No","7 out of 10","","","![WAVE Tool Screenshot](https://github.com/VEER-TANMAY-SACHIN/projects/blob/main/orchavate_gtm_workflow/outputs/v1.3_apollo_bse_master_list_20260811_112506_attempt6_succesful_reviewnotdone_orchavatecore_digital_digital/Bharat_Gears_Ltd/screenshots/Bharat_Gears_Ltd_Homepage_WAVE_Overlay.png)","Company Secretary (Bharat Gears Ltd)","Company Secretary & Compliance Officer","Not publicly disclosed","N/A","Managing Director / CEO","Not publicly disclosed"
"301","Unassigned","Brady & Morris Engineering Company Ltd","https://bradypac.org","Yes","No","No","6.3 out of 10","","","![WAVE Tool Screenshot](https://github.com/VEER-TANMAY-SACHIN/projects/blob/main/orchavate_gtm_workflow/outputs/v1.3_apollo_bse_master_list_20260811_112506_attempt6_succesful_reviewnotdone_orchavatecore_digital_digital/Brady___Morris_Engineering_Company_Ltd/screenshots/Brady___Morris_Engineering_Company_Ltd_Homepage_WAVE_Overlay.png)","Company Secretary (Brady & Morris Engineering Company Ltd)","Company Secretary & Compliance Officer","Not publicly disclosed","N/A","Managing Director / CEO","Not publicly disclosed"
"302","Unassigned","Elecon Engineering Company Ltd","https://elecon.com","Yes","No","No","8.5 out of 10","","","![WAVE Tool Screenshot](https://github.com/VEER-TANMAY-SACHIN/projects/blob/main/orchavate_gtm_workflow/outputs/v1.3_apollo_bse_master_list_20260811_112506_attempt6_succesful_reviewnotdone_orchavatecore_digital_digital/Elecon_Engineering_Company_Ltd/screenshots/Elecon_Engineering_Company_Ltd_Homepage_WAVE_Overlay.png)","Company Secretary (Elecon Engineering Company Ltd)","Company Secretary & Compliance Officer","Not publicly disclosed","N/A","Managing Director / CEO","Not publicly disclosed"
"303","Unassigned","Grauer & Weil India Ltd","https://growel.com","Yes","No","No","7 out of 10","","","![WAVE Tool Screenshot](https://github.com/VEER-TANMAY-SACHIN/projects/blob/main/orchavate_gtm_workflow/outputs/v1.3_apollo_bse_master_list_20260811_112506_attempt6_succesful_reviewnotdone_orchavatecore_digital_digital/Grauer___Weil_India_Ltd/screenshots/Grauer___Weil_India_Ltd_Homepage_WAVE_Overlay.png)","Company Secretary (Grauer & Weil India Ltd)","Company Secretary & Compliance Officer","Not publicly disclosed","N/A","Managing Director / CEO","Not publicly disclosed"
"304","Unassigned","Him Teknoforge Ltd","https://himteknoforge.com","Yes","No","No","8.5 out of 10","","","![WAVE Tool Screenshot](https://github.com/VEER-TANMAY-SACHIN/projects/blob/main/orchavate_gtm_workflow/outputs/v1.3_apollo_bse_master_list_20260811_112506_attempt6_succesful_reviewnotdone_orchavatecore_digital_digital/Him_Teknoforge_Ltd/screenshots/Him_Teknoforge_Ltd_Homepage_WAVE_Overlay.png)","Company Secretary (Him Teknoforge Ltd)","Company Secretary & Compliance Officer","Not publicly disclosed","N/A","Managing Director / CEO","Not publicly disclosed"
"305","Unassigned","Hercules Investments Ltd","https://hercules-investments.com","Yes","No","No","6.3 out of 10","","","![WAVE Tool Screenshot](https://github.com/VEER-TANMAY-SACHIN/projects/blob/main/orchavate_gtm_workflow/outputs/v1.3_apollo_bse_master_list_20260811_112506_attempt6_succesful_reviewnotdone_orchavatecore_digital_digital/Hercules_Investments_Ltd/screenshots/Hercules_Investments_Ltd_Homepage_WAVE_Overlay.png)","Company Secretary (Hercules Investments Ltd)","Company Secretary & Compliance Officer","Not publicly disclosed","N/A","Managing Director / CEO","Not publicly disclosed"
"306","Unassigned","Algoquant Fintech Ltd","https://algoquantfintech.com","Yes","Yes","Yes","2.3 out of 10","11","56","![WAVE Tool Screenshot](https://github.com/VEER-TANMAY-SACHIN/projects/blob/main/orchavate_gtm_workflow/outputs/v1.3_apollo_bse_master_list_20260811_112506_attempt6_succesful_reviewnotdone_orchavatecore_digital_digital/Algoquant_Fintech_Ltd/screenshots/Algoquant_Fintech_Ltd_Homepage_WAVE_Overlay.png)","Company Secretary (Algoquant Fintech Ltd)","Company Secretary & Compliance Officer","info@algoquantfintech.com","General Contact Email (Guessed Pattern)","Managing Director / CEO","info@algoquantfintech.com"
"307","Unassigned","IFB Industries Ltd","https://ifb.ir","Yes","Yes","Yes","7.8 out of 10","","100","![WAVE Tool Screenshot](https://github.com/VEER-TANMAY-SACHIN/projects/blob/main/orchavate_gtm_workflow/outputs/v1.3_apollo_bse_master_list_20260811_112506_attempt6_succesful_reviewnotdone_orchavatecore_digital_digital/IFB_Industries_Ltd/screenshots/IFB_Industries_Ltd_Homepage_WAVE_Overlay.png)","Company Secretary (IFB Industries Ltd)","Company Secretary & Compliance Officer","info@ifb.ir","General Contact Email (Guessed Pattern)","Managing Director / CEO","info@ifb.ir"
"308","Unassigned","Singer India Ltd","https://btindia.in","Yes","Yes","Yes","7.8 out of 10","","100","![WAVE Tool Screenshot](https://github.com/VEER-TANMAY-SACHIN/projects/blob/main/orchavate_gtm_workflow/outputs/v1.3_apollo_bse_master_list_20260811_112506_attempt6_succesful_reviewnotdone_orchavatecore_digital_digital/Singer_India_Ltd/screenshots/Singer_India_Ltd_Homepage_WAVE_Overlay.png)","Company Secretary (Singer India Ltd)","Company Secretary & Compliance Officer","info@btindia.in","General Contact Email (Guessed Pattern)","Managing Director / CEO","info@btindia.in"
"309","Unassigned","Josts Engineering Company Ltd","https://josts.com","Yes","No","No","8.5 out of 10","","","![WAVE Tool Screenshot](https://github.com/VEER-TANMAY-SACHIN/projects/blob/main/orchavate_gtm_workflow/outputs/v1.3_apollo_bse_master_list_20260811_112506_attempt6_succesful_reviewnotdone_orchavatecore_digital_digital/Josts_Engineering_Company_Ltd/screenshots/Josts_Engineering_Company_Ltd_Homepage_WAVE_Overlay.png)","Company Secretary (Josts Engineering Company Ltd)","Company Secretary & Compliance Officer","Not publicly disclosed","N/A","Managing Director / CEO","Not publicly disclosed"
"310","Unassigned","Rane Holdings Ltd","https://ranepa.ru","Yes","Yes","Yes","1 out of 10","51","30","![WAVE Tool Screenshot](https://github.com/VEER-TANMAY-SACHIN/projects/blob/main/orchavate_gtm_workflow/outputs/v1.3_apollo_bse_master_list_20260811_112506_attempt6_succesful_reviewnotdone_orchavatecore_digital_digital/Rane_Holdings_Ltd/screenshots/Rane_Holdings_Ltd_Homepage_WAVE_Overlay.png)","Company Secretary (Rane Holdings Ltd)","Company Secretary & Compliance Officer","pkranepa@ranepa.ru","General Contact Email","Managing Director / CEO","pkranepa@ranepa.ru"
"311","Unassigned","Rolcon Engineering Company Ltd","https://rolconengineering.com","Yes","Yes","Yes","7.8 out of 10","","100","![WAVE Tool Screenshot](https://github.com/VEER-TANMAY-SACHIN/projects/blob/main/orchavate_gtm_workflow/outputs/v1.3_apollo_bse_master_list_20260811_112506_attempt6_succesful_reviewnotdone_orchavatecore_digital_digital/Rolcon_Engineering_Company_Ltd/screenshots/Rolcon_Engineering_Company_Ltd_Homepage_WAVE_Overlay.png)","Company Secretary (Rolcon Engineering Company Ltd)","Company Secretary & Compliance Officer","info@rolconengineering.com","General Contact Email (Guessed Pattern)","Managing Director / CEO","info@rolconengineering.com"
"312","Unassigned","SNL Bearings Ltd","https://snlbearings.in","Yes","Yes","Yes","1 out of 10","60","30","![WAVE Tool Screenshot](https://github.com/VEER-TANMAY-SACHIN/projects/blob/main/orchavate_gtm_workflow/outputs/v1.3_apollo_bse_master_list_20260811_112506_attempt6_succesful_reviewnotdone_orchavatecore_digital_digital/SNL_Bearings_Ltd/screenshots/SNL_Bearings_Ltd_Homepage_WAVE_Overlay.png)","Company Secretary (SNL Bearings Ltd)","Company Secretary & Compliance Officer","investorcare@snlbearings.in","Investor Grievance / Compliance Officer Email","Managing Director / CEO","investorcare@snlbearings.in"
"313","Unassigned","Jaipan Industries Ltd","https://jaipan.com","Yes","Yes","Yes","7.8 out of 10","","100","![WAVE Tool Screenshot](https://github.com/VEER-TANMAY-SACHIN/projects/blob/main/orchavate_gtm_workflow/outputs/v1.3_apollo_bse_master_list_20260811_112506_attempt6_succesful_reviewnotdone_orchavatecore_digital_digital/Jaipan_Industries_Ltd/screenshots/Jaipan_Industries_Ltd_Homepage_WAVE_Overlay.png)","Company Secretary (Jaipan Industries Ltd)","Company Secretary & Compliance Officer","info@jaipan.com","General Contact Email (Guessed Pattern)","Managing Director / CEO","info@jaipan.com"
"314","Unassigned","TRF Ltd","https://trf1.jus.br","Yes","No","No","6.3 out of 10","","","![WAVE Tool Screenshot](https://github.com/VEER-TANMAY-SACHIN/projects/blob/main/orchavate_gtm_workflow/outputs/v1.3_apollo_bse_master_list_20260811_112506_attempt6_succesful_reviewnotdone_orchavatecore_digital_digital/TRF_Ltd/screenshots/TRF_Ltd_Homepage_WAVE_Overlay.png)","Company Secretary (TRF Ltd)","Company Secretary & Compliance Officer","Not publicly disclosed","N/A","Managing Director / CEO","Not publicly disclosed"
"315","Unassigned","WPIL Ltd","https://wpilib.org","Yes","Yes","Yes","5.8 out of 10","","100","![WAVE Tool Screenshot](https://github.com/VEER-TANMAY-SACHIN/projects/blob/main/orchavate_gtm_workflow/outputs/v1.3_apollo_bse_master_list_20260811_112506_attempt6_succesful_reviewnotdone_orchavatecore_digital_digital/WPIL_Ltd/screenshots/WPIL_Ltd_Homepage_WAVE_Overlay.png)","Company Secretary (WPIL Ltd)","Company Secretary & Compliance Officer","user@domain.com","General Contact Email","Managing Director / CEO","user@domain.com"
"316","Unassigned","Triton Valves Ltd","https://tritonvalves.com","Yes","Yes","Yes","1 out of 10","35","30","![WAVE Tool Screenshot](https://github.com/VEER-TANMAY-SACHIN/projects/blob/main/orchavate_gtm_workflow/outputs/v1.3_apollo_bse_master_list_20260811_112506_attempt6_succesful_reviewnotdone_orchavatecore_digital_digital/Triton_Valves_Ltd/screenshots/Triton_Valves_Ltd_Homepage_WAVE_Overlay.png)","Company Secretary (Triton Valves Ltd)","Company Secretary & Compliance Officer","info@tritonvalves.com","Investor Grievance / Compliance Officer Email","Managing Director / CEO","investors@tritonvalves.com"
"317","Unassigned","Sudal Industries Ltd","https://sudalpes.com","Yes","Yes","Yes","1 out of 10","38","30","![WAVE Tool Screenshot](https://github.com/VEER-TANMAY-SACHIN/projects/blob/main/orchavate_gtm_workflow/outputs/v1.3_apollo_bse_master_list_20260811_112506_attempt6_succesful_reviewnotdone_orchavatecore_digital_digital/Sudal_Industries_Ltd/screenshots/Sudal_Industries_Ltd_Homepage_WAVE_Overlay.png)","Company Secretary (Sudal Industries Ltd)","Company Secretary & Compliance Officer","info@sudalpes.com","General Contact Email (Guessed Pattern)","Managing Director / CEO","info@sudalpes.com"
"318","Unassigned","Prakash Industries Ltd","https://prakashinfotech.com","Yes","No","No","7.8 out of 10","","","![WAVE Tool Screenshot](https://github.com/VEER-TANMAY-SACHIN/projects/blob/main/orchavate_gtm_workflow/outputs/v1.3_apollo_bse_master_list_20260811_112506_attempt6_succesful_reviewnotdone_orchavatecore_digital_digital/Prakash_Industries_Ltd/screenshots/Prakash_Industries_Ltd_Homepage_WAVE_Overlay.png)","Company Secretary (Prakash Industries Ltd)","Company Secretary & Compliance Officer","Not publicly disclosed","N/A","Managing Director / CEO","Not publicly disclosed"
"319","Unassigned","Prabhu Steel Industries Ltd","https://prabhusteels.com","Yes","Yes","Yes","3.6 out of 10","9","64","![WAVE Tool Screenshot](https://github.com/VEER-TANMAY-SACHIN/projects/blob/main/orchavate_gtm_workflow/outputs/v1.3_apollo_bse_master_list_20260811_112506_attempt6_succesful_reviewnotdone_orchavatecore_digital_digital/Prabhu_Steel_Industries_Ltd/screenshots/Prabhu_Steel_Industries_Ltd_Homepage_WAVE_Overlay.png)","Company Secretary (Prabhu Steel Industries Ltd)","Company Secretary & Compliance Officer","marketing@prabhusteels.com","General Contact Email","Managing Director / CEO","marketing@prabhusteels.com"
"320","Unassigned","Arshiya Ltd","https://arshiyalimited.com","Yes","Yes","Yes","7 out of 10","","100","![WAVE Tool Screenshot](https://github.com/VEER-TANMAY-SACHIN/projects/blob/main/orchavate_gtm_workflow/outputs/v1.3_apollo_bse_master_list_20260811_112506_attempt6_succesful_reviewnotdone_orchavatecore_digital_digital/Arshiya_Ltd/screenshots/Arshiya_Ltd_Homepage_WAVE_Overlay.png)","Company Secretary (Arshiya Ltd)","Company Secretary & Compliance Officer","info@arshiyalimited.com","General Contact Email (Guessed Pattern)","Managing Director / CEO","info@arshiyalimited.com"
"321","Unassigned","Genesys International Corporation Ltd","https://igenesys.com","Yes","Yes","Yes","1.5 out of 10","12","52","![WAVE Tool Screenshot](https://github.com/VEER-TANMAY-SACHIN/projects/blob/main/orchavate_gtm_workflow/outputs/v1.3_apollo_bse_master_list_20260811_112506_attempt6_succesful_reviewnotdone_orchavatecore_digital_digital/Genesys_International_Corporation_Ltd/screenshots/Genesys_International_Corporation_Ltd_Homepage_WAVE_Overlay.png)","Company Secretary (Genesys International Corporation Ltd)","Company Secretary & Compliance Officer","user@domain.com","General Contact Email","Managing Director / CEO","user@domain.com"
"322","Unassigned","Ishwarshakti Holdings & Traders Ltd","https://ishwarshakti.com","Yes","Yes","Yes","5.8 out of 10","","100","![WAVE Tool Screenshot](https://github.com/VEER-TANMAY-SACHIN/projects/blob/main/orchavate_gtm_workflow/outputs/v1.3_apollo_bse_master_list_20260811_112506_attempt6_succesful_reviewnotdone_orchavatecore_digital_digital/Ishwarshakti_Holdings___Traders_Ltd/screenshots/Ishwarshakti_Holdings___Traders_Ltd_Homepage_WAVE_Overlay.png)","Company Secretary (Ishwarshakti Holdings & Traders Ltd)","Company Secretary & Compliance Officer","info@ishwarshakti.com","General Contact Email (Guessed Pattern)","Managing Director / CEO","info@ishwarshakti.com"
"323","Unassigned","Apis India Ltd","https://apisindia.com","Yes","Yes","Yes","1 out of 10","19","30","![WAVE Tool Screenshot](https://github.com/VEER-TANMAY-SACHIN/projects/blob/main/orchavate_gtm_workflow/outputs/v1.3_apollo_bse_master_list_20260811_112506_attempt6_succesful_reviewnotdone_orchavatecore_digital_digital/Apis_India_Ltd/screenshots/Apis_India_Ltd_Homepage_WAVE_Overlay.png)","Company Secretary (Apis India Ltd)","Company Secretary & Compliance Officer","amit@apisindia.com","Investor Grievance / Compliance Officer Email","Managing Director / CEO","amit@apisindia.com"
"324","Unassigned","Kanani Industries Ltd","https://kanankarnal.com","Yes","Yes","Yes","8.5 out of 10","","100","![WAVE Tool Screenshot](https://github.com/VEER-TANMAY-SACHIN/projects/blob/main/orchavate_gtm_workflow/outputs/v1.3_apollo_bse_master_list_20260811_112506_attempt6_succesful_reviewnotdone_orchavatecore_digital_digital/Kanani_Industries_Ltd/screenshots/Kanani_Industries_Ltd_Homepage_WAVE_Overlay.png)","Company Secretary (Kanani Industries Ltd)","Company Secretary & Compliance Officer","info@kanankarnal.com","General Contact Email (Guessed Pattern)","Managing Director / CEO","info@kanankarnal.com"
"325","Unassigned","Sarvamangal Mercantile Company Ltd","https://sarvamangalmercantile.com","Yes","Yes","Yes","7.8 out of 10","","100","![WAVE Tool Screenshot](https://github.com/VEER-TANMAY-SACHIN/projects/blob/main/orchavate_gtm_workflow/outputs/v1.3_apollo_bse_master_list_20260811_112506_attempt6_succesful_reviewnotdone_orchavatecore_digital_digital/Sarvamangal_Mercantile_Company_Ltd/screenshots/Sarvamangal_Mercantile_Company_Ltd_Homepage_WAVE_Overlay.png)","Company Secretary (Sarvamangal Mercantile Company Ltd)","Company Secretary & Compliance Officer","info@sarvamangalmercantile.com","General Contact Email (Guessed Pattern)","Managing Director / CEO","info@sarvamangalmercantile.com"
"326","Unassigned","Arihant Superstructures Ltd","https://asl.net.in","Yes","Yes","Yes","1 out of 10","24","30","![WAVE Tool Screenshot](https://github.com/VEER-TANMAY-SACHIN/projects/blob/main/orchavate_gtm_workflow/outputs/v1.3_apollo_bse_master_list_20260811_112506_attempt6_succesful_reviewnotdone_orchavatecore_digital_digital/Arihant_Superstructures_Ltd/screenshots/Arihant_Superstructures_Ltd_Homepage_WAVE_Overlay.png)","Company Secretary (Arihant Superstructures Ltd)","Company Secretary & Compliance Officer","info@asl.net.in","General Contact Email","Managing Director / CEO","info@asl.net.in"
"327","Unassigned","Bliss GVS Pharma Ltd","https://blissgvs.com","Yes","Yes","Yes","8.5 out of 10","","100","![WAVE Tool Screenshot](https://github.com/VEER-TANMAY-SACHIN/projects/blob/main/orchavate_gtm_workflow/outputs/v1.3_apollo_bse_master_list_20260811_112506_attempt6_succesful_reviewnotdone_orchavatecore_digital_digital/Bliss_GVS_Pharma_Ltd/screenshots/Bliss_GVS_Pharma_Ltd_Homepage_WAVE_Overlay.png)","Company Secretary (Bliss GVS Pharma Ltd)","Company Secretary & Compliance Officer","info@blissgvs.com","General Contact Email","Managing Director / CEO","info@blissgvs.com"
"328","Unassigned","Alembic Ltd","https://alembicpharmaceuticals.com","Yes","Yes","Yes","1 out of 10","21","30","![WAVE Tool Screenshot](https://github.com/VEER-TANMAY-SACHIN/projects/blob/main/orchavate_gtm_workflow/outputs/v1.3_apollo_bse_master_list_20260811_112506_attempt6_succesful_reviewnotdone_orchavatecore_digital_digital/Alembic_Ltd/screenshots/Alembic_Ltd_Homepage_WAVE_Overlay.png)","Company Secretary (Alembic Ltd)","Company Secretary & Compliance Officer","infoal@alembic.co.in","Investor Grievance / Compliance Officer Email","Managing Director / CEO","apl.investors@alembic.co.in"
"329","Unassigned","Amines & Plasticizers Ltd","https://aminess.com","Yes","Yes","Yes","1 out of 10","22","30","![WAVE Tool Screenshot](https://github.com/VEER-TANMAY-SACHIN/projects/blob/main/orchavate_gtm_workflow/outputs/v1.3_apollo_bse_master_list_20260811_112506_attempt6_succesful_reviewnotdone_orchavatecore_digital_digital/Amines___Plasticizers_Ltd/screenshots/Amines___Plasticizers_Ltd_Homepage_WAVE_Overlay.png)","Company Secretary (Amines & Plasticizers Ltd)","Company Secretary & Compliance Officer","reservations@aminess.com","General Contact Email","Managing Director / CEO","reservations@aminess.com"
"330","Unassigned","Anuh Pharma Ltd","https://anuheajams.com","Yes","Yes","Yes","5.8 out of 10","","100","![WAVE Tool Screenshot](https://github.com/VEER-TANMAY-SACHIN/projects/blob/main/orchavate_gtm_workflow/outputs/v1.3_apollo_bse_master_list_20260811_112506_attempt6_succesful_reviewnotdone_orchavatecore_digital_digital/Anuh_Pharma_Ltd/screenshots/Anuh_Pharma_Ltd_Homepage_WAVE_Overlay.png)","Company Secretary (Anuh Pharma Ltd)","Company Secretary & Compliance Officer","605a7baede844d278b89dc95ae0a9123@sentry-next.wixpress.com","General Contact Email","Managing Director / CEO","605a7baede844d278b89dc95ae0a9123@sentry-next.wixpress.com"
"331","Unassigned","Modison Ltd","https://modison.com","Yes","Yes","Yes","9.1 out of 10","1","96","![WAVE Tool Screenshot](https://github.com/VEER-TANMAY-SACHIN/projects/blob/main/orchavate_gtm_workflow/outputs/v1.3_apollo_bse_master_list_20260811_112506_attempt6_succesful_reviewnotdone_orchavatecore_digital_digital/Modison_Ltd/screenshots/Modison_Ltd_Homepage_WAVE_Overlay.png)","Company Secretary (Modison Ltd)","Company Secretary & Compliance Officer","info@modison.com","General Contact Email (Guessed Pattern)","Managing Director / CEO","info@modison.com"
"332","Unassigned","Bayer CropScience Ltd","https://bayer.rs","Yes","Yes","Yes","9.1 out of 10","1","96","![WAVE Tool Screenshot](https://github.com/VEER-TANMAY-SACHIN/projects/blob/main/orchavate_gtm_workflow/outputs/v1.3_apollo_bse_master_list_20260811_112506_attempt6_succesful_reviewnotdone_orchavatecore_digital_digital/Bayer_CropScience_Ltd/screenshots/Bayer_CropScience_Ltd_Homepage_WAVE_Overlay.png)","Company Secretary (Bayer CropScience Ltd)","Company Secretary & Compliance Officer","info@bayer.rs","General Contact Email (Guessed Pattern)","Managing Director / CEO","info@bayer.rs"
"333","Unassigned","Coromandel International Ltd","https://coromandel.biz","Yes","No","No","5.8 out of 10","","","![WAVE Tool Screenshot](https://github.com/VEER-TANMAY-SACHIN/projects/blob/main/orchavate_gtm_workflow/outputs/v1.3_apollo_bse_master_list_20260811_112506_attempt6_succesful_reviewnotdone_orchavatecore_digital_digital/Coromandel_International_Ltd/screenshots/Coromandel_International_Ltd_Homepage_WAVE_Overlay.png)","Company Secretary (Coromandel International Ltd)","Company Secretary & Compliance Officer","Not publicly disclosed","N/A","Managing Director / CEO","Not publicly disclosed"
"334","Unassigned","DMCC Speciality Chemicals Ltd","https://dmcc.com","Yes","Yes","Yes","1 out of 10","19","30","![WAVE Tool Screenshot](https://github.com/VEER-TANMAY-SACHIN/projects/blob/main/orchavate_gtm_workflow/outputs/v1.3_apollo_bse_master_list_20260811_112506_attempt6_succesful_reviewnotdone_orchavatecore_digital_digital/DMCC_Speciality_Chemicals_Ltd/screenshots/DMCC_Speciality_Chemicals_Ltd_Homepage_WAVE_Overlay.png)","Company Secretary (DMCC Speciality Chemicals Ltd)","Company Secretary & Compliance Officer","info@dmcc.com","General Contact Email","Managing Director / CEO","info@dmcc.com"
"335","Unassigned","Fermenta Biotech Ltd","https://fermentabiotech.com","Yes","No","No","8.5 out of 10","","","![WAVE Tool Screenshot](https://github.com/VEER-TANMAY-SACHIN/projects/blob/main/orchavate_gtm_workflow/outputs/v1.3_apollo_bse_master_list_20260811_112506_attempt6_succesful_reviewnotdone_orchavatecore_digital_digital/Fermenta_Biotech_Ltd/screenshots/Fermenta_Biotech_Ltd_Homepage_WAVE_Overlay.png)","Company Secretary (Fermenta Biotech Ltd)","Company Secretary & Compliance Officer","Not publicly disclosed","N/A","Managing Director / CEO","Not publicly disclosed"
"336","Unassigned","GOCL Corporation Ltd","https://goclove.com","Yes","Yes","Yes","1 out of 10","29","30","![WAVE Tool Screenshot](https://github.com/VEER-TANMAY-SACHIN/projects/blob/main/orchavate_gtm_workflow/outputs/v1.3_apollo_bse_master_list_20260811_112506_attempt6_succesful_reviewnotdone_orchavatecore_digital_digital/GOCL_Corporation_Ltd/screenshots/GOCL_Corporation_Ltd_Homepage_WAVE_Overlay.png)","Company Secretary (GOCL Corporation Ltd)","Company Secretary & Compliance Officer","support@goclove.com","General Contact Email","Managing Director / CEO","support@goclove.com"
"337","Unassigned","Jayshree Chemicals Ltd","https://jayshreechemicals.in","Yes","Yes","Yes","8.5 out of 10","","100","![WAVE Tool Screenshot](https://github.com/VEER-TANMAY-SACHIN/projects/blob/main/orchavate_gtm_workflow/outputs/v1.3_apollo_bse_master_list_20260811_112506_attempt6_succesful_reviewnotdone_orchavatecore_digital_digital/Jayshree_Chemicals_Ltd/screenshots/Jayshree_Chemicals_Ltd_Homepage_WAVE_Overlay.png)","Company Secretary (Jayshree Chemicals Ltd)","Company Secretary & Compliance Officer","info@jayshreechemicals.in","General Contact Email (Guessed Pattern)","Managing Director / CEO","info@jayshreechemicals.in"
"338","Unassigned","Kanoria Chemicals & Industries Ltd","https://kanoriachem.com","Yes","Yes","Yes","7.8 out of 10","","100","![WAVE Tool Screenshot](https://github.com/VEER-TANMAY-SACHIN/projects/blob/main/orchavate_gtm_workflow/outputs/v1.3_apollo_bse_master_list_20260811_112506_attempt6_succesful_reviewnotdone_orchavatecore_digital_digital/Kanoria_Chemicals___Industries_Ltd/screenshots/Kanoria_Chemicals___Industries_Ltd_Homepage_WAVE_Overlay.png)","Company Secretary (Kanoria Chemicals & Industries Ltd)","Company Secretary & Compliance Officer","info@kanoriachem.com","General Contact Email (Guessed Pattern)","Managing Director / CEO","info@kanoriachem.com"
"339","Unassigned","KELTECH Energies Ltd","https://keltechenergies.com","Yes","Yes","Yes","1 out of 10","42","30","![WAVE Tool Screenshot](https://github.com/VEER-TANMAY-SACHIN/projects/blob/main/orchavate_gtm_workflow/outputs/v1.3_apollo_bse_master_list_20260811_112506_attempt6_succesful_reviewnotdone_orchavatecore_digital_digital/KELTECH_Energies_Ltd/screenshots/KELTECH_Energies_Ltd_Homepage_WAVE_Overlay.png)","Company Secretary (KELTECH Energies Ltd)","Company Secretary & Compliance Officer","info@keltechenergies.com","Investor Grievance / Compliance Officer Email","Managing Director / CEO","compliance@keltechenergies.com"
"340","Unassigned","Kemp & Company Ltd","https://kemper.com","Yes","No","No","6.3 out of 10","","","![WAVE Tool Screenshot](https://github.com/VEER-TANMAY-SACHIN/projects/blob/main/orchavate_gtm_workflow/outputs/v1.3_apollo_bse_master_list_20260811_112506_attempt6_succesful_reviewnotdone_orchavatecore_digital_digital/Kemp___Company_Ltd/screenshots/Kemp___Company_Ltd_Homepage_WAVE_Overlay.png)","Company Secretary (Kemp & Company Ltd)","Company Secretary & Compliance Officer","Not publicly disclosed","N/A","Managing Director / CEO","Not publicly disclosed"
"341","Unassigned","Nitta Gelatin India Ltd","https://gelatin.in","Yes","Yes","Yes","3.6 out of 10","9","64","![WAVE Tool Screenshot](https://github.com/VEER-TANMAY-SACHIN/projects/blob/main/orchavate_gtm_workflow/outputs/v1.3_apollo_bse_master_list_20260811_112506_attempt6_succesful_reviewnotdone_orchavatecore_digital_digital/Nitta_Gelatin_India_Ltd/screenshots/Nitta_Gelatin_India_Ltd_Homepage_WAVE_Overlay.png)","Company Secretary (Nitta Gelatin India Ltd)","Company Secretary & Compliance Officer","ro@nittagelindia.com","Investor Grievance / Compliance Officer Email","Managing Director / CEO","vinodmohan@nitta-gelatin.co.in"
"342","Unassigned","MP Agro Industries Ltd","https://mpagro.com.br","Yes","Yes","Yes","1 out of 10","19","30","![WAVE Tool Screenshot](https://github.com/VEER-TANMAY-SACHIN/projects/blob/main/orchavate_gtm_workflow/outputs/v1.3_apollo_bse_master_list_20260811_112506_attempt6_succesful_reviewnotdone_orchavatecore_digital_digital/MP_Agro_Industries_Ltd/screenshots/MP_Agro_Industries_Ltd_Homepage_WAVE_Overlay.png)","Company Secretary (MP Agro Industries Ltd)","Company Secretary & Compliance Officer","info@mpagro.com.br","General Contact Email (Guessed Pattern)","Managing Director / CEO","info@mpagro.com.br"
"343","Unassigned","AG Ventures Ltd","https://agventures.africa","Yes","Yes","Yes","6.3 out of 10","5","80","![WAVE Tool Screenshot](https://github.com/VEER-TANMAY-SACHIN/projects/blob/main/orchavate_gtm_workflow/outputs/v1.3_apollo_bse_master_list_20260811_112506_attempt6_succesful_reviewnotdone_orchavatecore_digital_digital/AG_Ventures_Ltd/screenshots/AG_Ventures_Ltd_Homepage_WAVE_Overlay.png)","Company Secretary (AG Ventures Ltd)","Company Secretary & Compliance Officer","info@paladin.africa","General Contact Email","Managing Director / CEO","info@paladin.africa"
"344","Unassigned","PB Global Ltd","https://pbltd.in","Yes","Yes","Yes","9.1 out of 10","1","96","![WAVE Tool Screenshot](https://github.com/VEER-TANMAY-SACHIN/projects/blob/main/orchavate_gtm_workflow/outputs/v1.3_apollo_bse_master_list_20260811_112506_attempt6_succesful_reviewnotdone_orchavatecore_digital_digital/PB_Global_Ltd/screenshots/PB_Global_Ltd_Homepage_WAVE_Overlay.png)","Company Secretary (PB Global Ltd)","Company Secretary & Compliance Officer","info@pbltd.in","General Contact Email (Guessed Pattern)","Managing Director / CEO","info@pbltd.in"
"345","Unassigned","Amal Ltd","https://amalgamatedbank.com","Yes","No","No","7 out of 10","","","![WAVE Tool Screenshot](https://github.com/VEER-TANMAY-SACHIN/projects/blob/main/orchavate_gtm_workflow/outputs/v1.3_apollo_bse_master_list_20260811_112506_attempt6_succesful_reviewnotdone_orchavatecore_digital_digital/Amal_Ltd/screenshots/Amal_Ltd_Homepage_WAVE_Overlay.png)","Company Secretary (Amal Ltd)","Company Secretary & Compliance Officer","Not publicly disclosed","N/A","Managing Director / CEO","Not publicly disclosed"
"346","Unassigned","Polychem Ltd","https://polychemalloy.com","Yes","Yes","Yes","5.8 out of 10","6","76","![WAVE Tool Screenshot](https://github.com/VEER-TANMAY-SACHIN/projects/blob/main/orchavate_gtm_workflow/outputs/v1.3_apollo_bse_master_list_20260811_112506_attempt6_succesful_reviewnotdone_orchavatecore_digital_digital/Polychem_Ltd/screenshots/Polychem_Ltd_Homepage_WAVE_Overlay.png)","Company Secretary (Polychem Ltd)","Company Secretary & Compliance Officer","sales@polychemalloy.com","General Contact Email","Managing Director / CEO","sales@polychemalloy.com"
"347","Unassigned","Punjab Chemicals & Crop Protection Ltd","https://punjabchemicals.com","Yes","Yes","Yes","1 out of 10","24","30","![WAVE Tool Screenshot](https://github.com/VEER-TANMAY-SACHIN/projects/blob/main/orchavate_gtm_workflow/outputs/v1.3_apollo_bse_master_list_20260811_112506_attempt6_succesful_reviewnotdone_orchavatecore_digital_digital/Punjab_Chemicals___Crop_Protection_Ltd/screenshots/Punjab_Chemicals___Crop_Protection_Ltd_Homepage_WAVE_Overlay.png)","Company Secretary (Punjab Chemicals & Crop Protection Ltd)","Company Secretary & Compliance Officer","info@punjabchemicals.com","General Contact Email","Managing Director / CEO","info@punjabchemicals.com"
"348","Unassigned","Sudarshan Chemical Industries Ltd","https://sudarshan.com","Yes","Yes","Yes","8.5 out of 10","2","92","![WAVE Tool Screenshot](https://github.com/VEER-TANMAY-SACHIN/projects/blob/main/orchavate_gtm_workflow/outputs/v1.3_apollo_bse_master_list_20260811_112506_attempt6_succesful_reviewnotdone_orchavatecore_digital_digital/Sudarshan_Chemical_Industries_Ltd/screenshots/Sudarshan_Chemical_Industries_Ltd_Homepage_WAVE_Overlay.png)","Company Secretary (Sudarshan Chemical Industries Ltd)","Company Secretary & Compliance Officer","Support-MEA@sudarshan.com","General Contact Email","Managing Director / CEO","Support-MEA@sudarshan.com"
"349","Unassigned","Ultramarine & Pigments Ltd","https://ultra-marine.ch","Yes","No","No","6.3 out of 10","","","![WAVE Tool Screenshot](https://github.com/VEER-TANMAY-SACHIN/projects/blob/main/orchavate_gtm_workflow/outputs/v1.3_apollo_bse_master_list_20260811_112506_attempt6_succesful_reviewnotdone_orchavatecore_digital_digital/Ultramarine___Pigments_Ltd/screenshots/Ultramarine___Pigments_Ltd_Homepage_WAVE_Overlay.png)","Company Secretary (Ultramarine & Pigments Ltd)","Company Secretary & Compliance Officer","Not publicly disclosed","N/A","Managing Director / CEO","Not publicly disclosed"
"350","Unassigned","Transpek Industry Ltd","https://transpek.com","Yes","Yes","Yes","5.8 out of 10","6","76","![WAVE Tool Screenshot](https://github.com/VEER-TANMAY-SACHIN/projects/blob/main/orchavate_gtm_workflow/outputs/v1.3_apollo_bse_master_list_20260811_112506_attempt6_succesful_reviewnotdone_orchavatecore_digital_digital/Transpek_Industry_Ltd/screenshots/Transpek_Industry_Ltd_Homepage_WAVE_Overlay.png)","Company Secretary (Transpek Industry Ltd)","Company Secretary & Compliance Officer","info@transpek.com","General Contact Email (Guessed Pattern)","Managing Director / CEO","info@transpek.com"
"351","Unassigned","Unichem Laboratories Ltd","https://unichemlabs.com","Yes","No","No","6.3 out of 10","","","![WAVE Tool Screenshot](https://github.com/VEER-TANMAY-SACHIN/projects/blob/main/orchavate_gtm_workflow/outputs/v1.3_apollo_bse_master_list_20260811_112506_attempt6_succesful_reviewnotdone_orchavatecore_digital_digital/Unichem_Laboratories_Ltd/screenshots/Unichem_Laboratories_Ltd_Homepage_WAVE_Overlay.png)","Company Secretary (Unichem Laboratories Ltd)","Company Secretary & Compliance Officer","Not publicly disclosed","N/A","Managing Director / CEO","Not publicly disclosed"
"352","Unassigned","Alkyl Amines Chemicals Ltd","https://alkylamines.com","Yes","Yes","Yes","7.8 out of 10","","100","![WAVE Tool Screenshot](https://github.com/VEER-TANMAY-SACHIN/projects/blob/main/orchavate_gtm_workflow/outputs/v1.3_apollo_bse_master_list_20260811_112506_attempt6_succesful_reviewnotdone_orchavatecore_digital_digital/Alkyl_Amines_Chemicals_Ltd/screenshots/Alkyl_Amines_Chemicals_Ltd_Homepage_WAVE_Overlay.png)","Company Secretary (Alkyl Amines Chemicals Ltd)","Company Secretary & Compliance Officer","info@alkylamines.com","General Contact Email (Guessed Pattern)","Managing Director / CEO","info@alkylamines.com"
"353","Unassigned","Tuticorin Alkali Chemicals And Fertilizers Ltd","https://tacfert.in","Yes","Yes","Yes","7 out of 10","4","84","![WAVE Tool Screenshot](https://github.com/VEER-TANMAY-SACHIN/projects/blob/main/orchavate_gtm_workflow/outputs/v1.3_apollo_bse_master_list_20260811_112506_attempt6_succesful_reviewnotdone_orchavatecore_digital_digital/Tuticorin_Alkali_Chemicals_And_Fertilizers_Ltd/screenshots/Tuticorin_Alkali_Chemicals_And_Fertilizers_Ltd_Homepage_WAVE_Overlay.png)","Company Secretary (Tuticorin Alkali Chemicals And Fertilizers Ltd)","Company Secretary & Compliance Officer","info@tacfert.com","General Contact Email","Managing Director / CEO","info@tacfert.com"
"354","Unassigned","Primo Chemicals Ltd","https://primochemicals.in","Yes","Yes","Yes","4.3 out of 10","8","68","![WAVE Tool Screenshot](https://github.com/VEER-TANMAY-SACHIN/projects/blob/main/orchavate_gtm_workflow/outputs/v1.3_apollo_bse_master_list_20260811_112506_attempt6_succesful_reviewnotdone_orchavatecore_digital_digital/Primo_Chemicals_Ltd/screenshots/Primo_Chemicals_Ltd_Homepage_WAVE_Overlay.png)","Company Secretary (Primo Chemicals Ltd)","Company Secretary & Compliance Officer","info@primochemicals.in","Investor Grievance / Compliance Officer Email","Managing Director / CEO","secretarial@primochemicals.in"
"355","Unassigned","TANFAC Industries Ltd","https://tanfac.com","Yes","Yes","Yes","6.3 out of 10","5","80","![WAVE Tool Screenshot](https://github.com/VEER-TANMAY-SACHIN/projects/blob/main/orchavate_gtm_workflow/outputs/v1.3_apollo_bse_master_list_20260811_112506_attempt6_succesful_reviewnotdone_orchavatecore_digital_digital/TANFAC_Industries_Ltd/screenshots/TANFAC_Industries_Ltd_Homepage_WAVE_Overlay.png)","Company Secretary (TANFAC Industries Ltd)","Company Secretary & Compliance Officer","tanfac.hr@anupamrasayan.com","General Contact Email","Managing Director / CEO","tanfac.hr@anupamrasayan.com"
"356","Unassigned","Gujarat Petrosynthese Ltd","https://gpl.in","Yes","Yes","Yes","7 out of 10","","100","![WAVE Tool Screenshot](https://github.com/VEER-TANMAY-SACHIN/projects/blob/main/orchavate_gtm_workflow/outputs/v1.3_apollo_bse_master_list_20260811_112506_attempt6_succesful_reviewnotdone_orchavatecore_digital_digital/Gujarat_Petrosynthese_Ltd/screenshots/Gujarat_Petrosynthese_Ltd_Homepage_WAVE_Overlay.png)","Company Secretary (Gujarat Petrosynthese Ltd)","Company Secretary & Compliance Officer","info@gpl.in","General Contact Email (Guessed Pattern)","Managing Director / CEO","info@gpl.in"
"357","Unassigned","Continental Chemicals Ltd","https://continentalchem.com","Yes","Yes","Yes","8.5 out of 10","","100","![WAVE Tool Screenshot](https://github.com/VEER-TANMAY-SACHIN/projects/blob/main/orchavate_gtm_workflow/outputs/v1.3_apollo_bse_master_list_20260811_112506_attempt6_succesful_reviewnotdone_orchavatecore_digital_digital/Continental_Chemicals_Ltd/screenshots/Continental_Chemicals_Ltd_Homepage_WAVE_Overlay.png)","Company Secretary (Continental Chemicals Ltd)","Company Secretary & Compliance Officer","info@continentalchem.com","General Contact Email (Guessed Pattern)","Managing Director / CEO","info@continentalchem.com"
"358","Unassigned","Indo Gulf Industries Ltd","https://indoasiantimes.com","Yes","Yes","Yes","6.3 out of 10","","100","![WAVE Tool Screenshot](https://github.com/VEER-TANMAY-SACHIN/projects/blob/main/orchavate_gtm_workflow/outputs/v1.3_apollo_bse_master_list_20260811_112506_attempt6_succesful_reviewnotdone_orchavatecore_digital_digital/Indo_Gulf_Industries_Ltd/screenshots/Indo_Gulf_Industries_Ltd_Homepage_WAVE_Overlay.png)","Company Secretary (Indo Gulf Industries Ltd)","Company Secretary & Compliance Officer","info@indoasiantimes.com","General Contact Email (Guessed Pattern)","Managing Director / CEO","info@indoasiantimes.com"
"359","Unassigned","Advance Petrochemicals Ltd","https://advancepetro.com","Yes","Yes","Yes","6.3 out of 10","","100","![WAVE Tool Screenshot](https://github.com/VEER-TANMAY-SACHIN/projects/blob/main/orchavate_gtm_workflow/outputs/v1.3_apollo_bse_master_list_20260811_112506_attempt6_succesful_reviewnotdone_orchavatecore_digital_digital/Advance_Petrochemicals_Ltd/screenshots/Advance_Petrochemicals_Ltd_Homepage_WAVE_Overlay.png)","Company Secretary (Advance Petrochemicals Ltd)","Company Secretary & Compliance Officer","info@advancepetro.com","General Contact Email (Guessed Pattern)","Managing Director / CEO","info@advancepetro.com"
"360","Unassigned","Apt Packaging Ltd","https://aptpackaging.in","Yes","No","No","6.3 out of 10","","","![WAVE Tool Screenshot](https://github.com/VEER-TANMAY-SACHIN/projects/blob/main/orchavate_gtm_workflow/outputs/v1.3_apollo_bse_master_list_20260811_112506_attempt6_succesful_reviewnotdone_orchavatecore_digital_digital/Apt_Packaging_Ltd/screenshots/Apt_Packaging_Ltd_Homepage_WAVE_Overlay.png)","Company Secretary (Apt Packaging Ltd)","Company Secretary & Compliance Officer","Not publicly disclosed","N/A","Managing Director / CEO","Not publicly disclosed"
"361","Unassigned","Bluechip Tex Industries Ltd","https://bluechiptexindustrieslimited.com","Yes","Yes","Yes","1 out of 10","91","30","![WAVE Tool Screenshot](https://github.com/VEER-TANMAY-SACHIN/projects/blob/main/orchavate_gtm_workflow/outputs/v1.3_apollo_bse_master_list_20260811_112506_attempt6_succesful_reviewnotdone_orchavatecore_digital_digital/Bluechip_Tex_Industries_Ltd/screenshots/Bluechip_Tex_Industries_Ltd_Homepage_WAVE_Overlay.png)","Company Secretary (Bluechip Tex Industries Ltd)","Company Secretary & Compliance Officer","info@bluechiptexindustrieslimited.com","General Contact Email (Guessed Pattern)","Managing Director / CEO","info@bluechiptexindustrieslimited.com"
"362","Unassigned","Jagatjit Industries Ltd","https://jagatjit.com","Yes","Yes","Yes","8.5 out of 10","","100","![WAVE Tool Screenshot](https://github.com/VEER-TANMAY-SACHIN/projects/blob/main/orchavate_gtm_workflow/outputs/v1.3_apollo_bse_master_list_20260811_112506_attempt6_succesful_reviewnotdone_orchavatecore_digital_digital/Jagatjit_Industries_Ltd/screenshots/Jagatjit_Industries_Ltd_Homepage_WAVE_Overlay.png)","Company Secretary (Jagatjit Industries Ltd)","Company Secretary & Compliance Officer","info@jagatjit.com","General Contact Email (Guessed Pattern)","Managing Director / CEO","info@jagatjit.com"
"363","Unassigned","Kesar Enterprises Ltd","https://kesari.in","Yes","No","No","6.3 out of 10","","","![WAVE Tool Screenshot](https://github.com/VEER-TANMAY-SACHIN/projects/blob/main/orchavate_gtm_workflow/outputs/v1.3_apollo_bse_master_list_20260811_112506_attempt6_succesful_reviewnotdone_orchavatecore_digital_digital/Kesar_Enterprises_Ltd/screenshots/Kesar_Enterprises_Ltd_Homepage_WAVE_Overlay.png)","Company Secretary (Kesar Enterprises Ltd)","Company Secretary & Compliance Officer","Not publicly disclosed","N/A","Managing Director / CEO","Not publicly disclosed"
"364","Unassigned","Walchandnagar Industries Ltd","https://walchand.com","Yes","Yes","Yes","9.1 out of 10","1","96","![WAVE Tool Screenshot](https://github.com/VEER-TANMAY-SACHIN/projects/blob/main/orchavate_gtm_workflow/outputs/v1.3_apollo_bse_master_list_20260811_112506_attempt6_succesful_reviewnotdone_orchavatecore_digital_digital/Walchandnagar_Industries_Ltd/screenshots/Walchandnagar_Industries_Ltd_Homepage_WAVE_Overlay.png)","Company Secretary (Walchandnagar Industries Ltd)","Company Secretary & Compliance Officer","giriraj.agrawal@walchand.com","Investor Grievance / Compliance Officer Email","Managing Director / CEO","giriraj.agrawal@walchand.com"
"365","Unassigned","Associated Alcohols & Breweries Ltd","https://associatedalcohols.com","Yes","Yes","Yes","8.5 out of 10","2","92","![WAVE Tool Screenshot](https://github.com/VEER-TANMAY-SACHIN/projects/blob/main/orchavate_gtm_workflow/outputs/v1.3_apollo_bse_master_list_20260811_112506_attempt6_succesful_reviewnotdone_orchavatecore_digital_digital/Associated_Alcohols___Breweries_Ltd/screenshots/Associated_Alcohols___Breweries_Ltd_Homepage_WAVE_Overlay.png)","Company Secretary (Associated Alcohols & Breweries Ltd)","Company Secretary & Compliance Officer","info@aabl.in","Investor Grievance / Compliance Officer Email","Managing Director / CEO","investorrelations@aabl.in"
"366","Unassigned","Thakkers Group Ltd","https://thakkersdevelopers.com","Yes","Yes","Yes","1 out of 10","30","30","![WAVE Tool Screenshot](https://github.com/VEER-TANMAY-SACHIN/projects/blob/main/orchavate_gtm_workflow/outputs/v1.3_apollo_bse_master_list_20260811_112506_attempt6_succesful_reviewnotdone_orchavatecore_digital_digital/Thakkers_Group_Ltd/screenshots/Thakkers_Group_Ltd_Homepage_WAVE_Overlay.png)","Company Secretary (Thakkers Group Ltd)","Company Secretary & Compliance Officer","info@thakkersdevelopers.com","General Contact Email (Guessed Pattern)","Managing Director / CEO","info@thakkersdevelopers.com"
"367","Unassigned","Foods & Inns Ltd","https://foodservicedirect.com","Yes","Yes","Yes","9.1 out of 10","1","96","![WAVE Tool Screenshot](https://github.com/VEER-TANMAY-SACHIN/projects/blob/main/orchavate_gtm_workflow/outputs/v1.3_apollo_bse_master_list_20260811_112506_attempt6_succesful_reviewnotdone_orchavatecore_digital_digital/Foods___Inns_Ltd/screenshots/Foods___Inns_Ltd_Homepage_WAVE_Overlay.png)","Company Secretary (Foods & Inns Ltd)","Company Secretary & Compliance Officer","info@foodservicedirect.com","General Contact Email (Guessed Pattern)","Managing Director / CEO","info@foodservicedirect.com"
"368","Unassigned","IVP Ltd","https://ivpress.com","Yes","Yes","Yes","1 out of 10","73","30","![WAVE Tool Screenshot](https://github.com/VEER-TANMAY-SACHIN/projects/blob/main/orchavate_gtm_workflow/outputs/v1.3_apollo_bse_master_list_20260811_112506_attempt6_succesful_reviewnotdone_orchavatecore_digital_digital/IVP_Ltd/screenshots/IVP_Ltd_Homepage_WAVE_Overlay.png)","Company Secretary (IVP Ltd)","Company Secretary & Compliance Officer","info@ivpress.com","General Contact Email (Guessed Pattern)","Managing Director / CEO","info@ivpress.com"
"369","Unassigned","Olympic Oil Industries Ltd","https://olympicoil.us","Yes","Yes","Yes","5.8 out of 10","6","76","![WAVE Tool Screenshot](https://github.com/VEER-TANMAY-SACHIN/projects/blob/main/orchavate_gtm_workflow/outputs/v1.3_apollo_bse_master_list_20260811_112506_attempt6_succesful_reviewnotdone_orchavatecore_digital_digital/Olympic_Oil_Industries_Ltd/screenshots/Olympic_Oil_Industries_Ltd_Homepage_WAVE_Overlay.png)","Company Secretary (Olympic Oil Industries Ltd)","Company Secretary & Compliance Officer","info@olympicoil.us","General Contact Email","Managing Director / CEO","info@olympicoil.us"
"370","Unassigned","Milkfood Ltd","https://milk-food.de","Yes","Yes","Yes","9.1 out of 10","1","96","![WAVE Tool Screenshot](https://github.com/VEER-TANMAY-SACHIN/projects/blob/main/orchavate_gtm_workflow/outputs/v1.3_apollo_bse_master_list_20260811_112506_attempt6_succesful_reviewnotdone_orchavatecore_digital_digital/Milkfood_Ltd/screenshots/Milkfood_Ltd_Homepage_WAVE_Overlay.png)","Company Secretary (Milkfood Ltd)","Company Secretary & Compliance Officer","hello@milk-food.de","General Contact Email","Managing Director / CEO","hello@milk-food.de"
"371","Unassigned","Polson Ltd","https://polsonltd.com","Yes","Yes","Yes","8.5 out of 10","","100","![WAVE Tool Screenshot](https://github.com/VEER-TANMAY-SACHIN/projects/blob/main/orchavate_gtm_workflow/outputs/v1.3_apollo_bse_master_list_20260811_112506_attempt6_succesful_reviewnotdone_orchavatecore_digital_digital/Polson_Ltd/screenshots/Polson_Ltd_Homepage_WAVE_Overlay.png)","Company Secretary (Polson Ltd)","Company Secretary & Compliance Officer","info@polsonltd.com","General Contact Email (Guessed Pattern)","Managing Director / CEO","info@polsonltd.com"
"372","Unassigned","Signature Green Corporation Ltd","https://siggreen.com","Yes","Yes","Yes","6.3 out of 10","5","80","![WAVE Tool Screenshot](https://github.com/VEER-TANMAY-SACHIN/projects/blob/main/orchavate_gtm_workflow/outputs/v1.3_apollo_bse_master_list_20260811_112506_attempt6_succesful_reviewnotdone_orchavatecore_digital_digital/Signature_Green_Corporation_Ltd/screenshots/Signature_Green_Corporation_Ltd_Homepage_WAVE_Overlay.png)","Company Secretary (Signature Green Corporation Ltd)","Company Secretary & Compliance Officer","sales@siggreen.com","General Contact Email","Managing Director / CEO","sales@siggreen.com"
"373","Unassigned","Wipro Ltd","https://healthplan.com","Yes","Yes","Yes","7 out of 10","","100","![WAVE Tool Screenshot](https://github.com/VEER-TANMAY-SACHIN/projects/blob/main/orchavate_gtm_workflow/outputs/v1.3_apollo_bse_master_list_20260811_112506_attempt6_succesful_reviewnotdone_orchavatecore_digital_digital/Wipro_Ltd/screenshots/Wipro_Ltd_Homepage_WAVE_Overlay.png)","Company Secretary (Wipro Ltd)","Company Secretary & Compliance Officer","info@healthplan.com","General Contact Email (Guessed Pattern)","Managing Director / CEO","info@healthplan.com"
"374","Unassigned","Dhanuka Agritech Ltd","https://dhanuka.com","Yes","No","No","5.8 out of 10","","","![WAVE Tool Screenshot](https://github.com/VEER-TANMAY-SACHIN/projects/blob/main/orchavate_gtm_workflow/outputs/v1.3_apollo_bse_master_list_20260811_112506_attempt6_succesful_reviewnotdone_orchavatecore_digital_digital/Dhanuka_Agritech_Ltd/screenshots/Dhanuka_Agritech_Ltd_Homepage_WAVE_Overlay.png)","Company Secretary (Dhanuka Agritech Ltd)","Company Secretary & Compliance Officer","Not publicly disclosed","N/A","Managing Director / CEO","Not publicly disclosed"
"375","Unassigned","TTK Healthcare Ltd","https://ttk.ru","Yes","Yes","Yes","7.8 out of 10","","100","![WAVE Tool Screenshot](https://github.com/VEER-TANMAY-SACHIN/projects/blob/main/orchavate_gtm_workflow/outputs/v1.3_apollo_bse_master_list_20260811_112506_attempt6_succesful_reviewnotdone_orchavatecore_digital_digital/TTK_Healthcare_Ltd/screenshots/TTK_Healthcare_Ltd_Homepage_WAVE_Overlay.png)","Company Secretary (TTK Healthcare Ltd)","Company Secretary & Compliance Officer","info@ttk.ru","General Contact Email (Guessed Pattern)","Managing Director / CEO","info@ttk.ru"
"376","Unassigned","Lime Chemicals Ltd","https://limechem.com","Yes","Yes","Yes","5.8 out of 10","6","76","![WAVE Tool Screenshot](https://github.com/VEER-TANMAY-SACHIN/projects/blob/main/orchavate_gtm_workflow/outputs/v1.3_apollo_bse_master_list_20260811_112506_attempt6_succesful_reviewnotdone_orchavatecore_digital_digital/Lime_Chemicals_Ltd/screenshots/Lime_Chemicals_Ltd_Homepage_WAVE_Overlay.png)","Company Secretary (Lime Chemicals Ltd)","Company Secretary & Compliance Officer","info@limechem.com","Investor Grievance / Compliance Officer Email","Managing Director / CEO","sales@limechem.com"
"377","Unassigned","Kanpur Plastipack Ltd","https://kanplas.com","Yes","No","No","7 out of 10","","","![WAVE Tool Screenshot](https://github.com/VEER-TANMAY-SACHIN/projects/blob/main/orchavate_gtm_workflow/outputs/v1.3_apollo_bse_master_list_20260811_112506_attempt6_succesful_reviewnotdone_orchavatecore_digital_digital/Kanpur_Plastipack_Ltd/screenshots/Kanpur_Plastipack_Ltd_Homepage_WAVE_Overlay.png)","Company Secretary (Kanpur Plastipack Ltd)","Company Secretary & Compliance Officer","Not publicly disclosed","N/A","Managing Director / CEO","Not publicly disclosed"
"378","Unassigned","Tainwala Chemicals and Plastics (India) Ltd","https://tainwala.in","Yes","Yes","Yes","7.8 out of 10","3","88","![WAVE Tool Screenshot](https://github.com/VEER-TANMAY-SACHIN/projects/blob/main/orchavate_gtm_workflow/outputs/v1.3_apollo_bse_master_list_20260811_112506_attempt6_succesful_reviewnotdone_orchavatecore_digital_digital/Tainwala_Chemicals_and_Plastics__India__Ltd/screenshots/Tainwala_Chemicals_and_Plastics__India__Ltd_Homepage_WAVE_Overlay.png)","Company Secretary (Tainwala Chemicals and Plastics (India) Ltd)","Company Secretary & Compliance Officer","sales@tainwala.in","General Contact Email","Managing Director / CEO","sales@tainwala.in"
"379","Unassigned","Jagsonpal Pharmaceuticals Ltd","https://jagsonpal.com","Yes","Yes","Yes","1 out of 10","28","30","![WAVE Tool Screenshot](https://github.com/VEER-TANMAY-SACHIN/projects/blob/main/orchavate_gtm_workflow/outputs/v1.3_apollo_bse_master_list_20260811_112506_attempt6_succesful_reviewnotdone_orchavatecore_digital_digital/Jagsonpal_Pharmaceuticals_Ltd/screenshots/Jagsonpal_Pharmaceuticals_Ltd_Homepage_WAVE_Overlay.png)","Company Secretary (Jagsonpal Pharmaceuticals Ltd)","Company Secretary & Compliance Officer","info@jagsonpal.com","General Contact Email (Guessed Pattern)","Managing Director / CEO","info@jagsonpal.com"
"380","Unassigned","Khaitan Chemicals & Fertilizers Ltd","https://khaitanchemfert.com","Yes","Yes","Yes","5.8 out of 10","6","76","![WAVE Tool Screenshot](https://github.com/VEER-TANMAY-SACHIN/projects/blob/main/orchavate_gtm_workflow/outputs/v1.3_apollo_bse_master_list_20260811_112506_attempt6_succesful_reviewnotdone_orchavatecore_digital_digital/Khaitan_Chemicals___Fertilizers_Ltd/screenshots/Khaitan_Chemicals___Fertilizers_Ltd_Homepage_WAVE_Overlay.png)","Company Secretary (Khaitan Chemicals & Fertilizers Ltd)","Company Secretary & Compliance Officer","info@khaitanchemfert.com","General Contact Email (Guessed Pattern)","Managing Director / CEO","info@khaitanchemfert.com"
"381","Unassigned","United Leasing & Industries Ltd","https://unitedevv.com","Yes","Yes","Yes","1 out of 10","20","30","![WAVE Tool Screenshot](https://github.com/VEER-TANMAY-SACHIN/projects/blob/main/orchavate_gtm_workflow/outputs/v1.3_apollo_bse_master_list_20260811_112506_attempt6_succesful_reviewnotdone_orchavatecore_digital_digital/United_Leasing___Industries_Ltd/screenshots/United_Leasing___Industries_Ltd_Homepage_WAVE_Overlay.png)","Company Secretary (United Leasing & Industries Ltd)","Company Secretary & Compliance Officer","info@unitedevv.com","General Contact Email (Guessed Pattern)","Managing Director / CEO","info@unitedevv.com"
"382","Unassigned","Gillette India Ltd","https://gillette.co.in","Yes","Yes","Yes","8.5 out of 10","","100","![WAVE Tool Screenshot](https://github.com/VEER-TANMAY-SACHIN/projects/blob/main/orchavate_gtm_workflow/outputs/v1.3_apollo_bse_master_list_20260811_112506_attempt6_succesful_reviewnotdone_orchavatecore_digital_digital/Gillette_India_Ltd/screenshots/Gillette_India_Ltd_Homepage_WAVE_Overlay.png)","Company Secretary (Gillette India Ltd)","Company Secretary & Compliance Officer","info@gillette.co.in","General Contact Email (Guessed Pattern)","Managing Director / CEO","info@gillette.co.in"
"383","Unassigned","Wires & Fabriks SA Ltd","https://wireshark.org","Yes","No","No","5.8 out of 10","","","![WAVE Tool Screenshot](https://github.com/VEER-TANMAY-SACHIN/projects/blob/main/orchavate_gtm_workflow/outputs/v1.3_apollo_bse_master_list_20260811_112506_attempt6_succesful_reviewnotdone_orchavatecore_digital_digital/Wires___Fabriks_SA_Ltd/screenshots/Wires___Fabriks_SA_Ltd_Homepage_WAVE_Overlay.png)","Company Secretary (Wires & Fabriks SA Ltd)","Company Secretary & Compliance Officer","Not publicly disclosed","N/A","Managing Director / CEO","Not publicly disclosed"
"384","Unassigned","Ansal Housing Ltd","https://ansals.com","Yes","No","No","7.8 out of 10","","","![WAVE Tool Screenshot](https://github.com/VEER-TANMAY-SACHIN/projects/blob/main/orchavate_gtm_workflow/outputs/v1.3_apollo_bse_master_list_20260811_112506_attempt6_succesful_reviewnotdone_orchavatecore_digital_digital/Ansal_Housing_Ltd/screenshots/Ansal_Housing_Ltd_Homepage_WAVE_Overlay.png)","Company Secretary (Ansal Housing Ltd)","Company Secretary & Compliance Officer","Not publicly disclosed","N/A","Managing Director / CEO","Not publicly disclosed"
"385","Unassigned","Computer Point Ltd","https://computerpoint.ac.in","Yes","Yes","Yes","9.1 out of 10","1","96","![WAVE Tool Screenshot](https://github.com/VEER-TANMAY-SACHIN/projects/blob/main/orchavate_gtm_workflow/outputs/v1.3_apollo_bse_master_list_20260811_112506_attempt6_succesful_reviewnotdone_orchavatecore_digital_digital/Computer_Point_Ltd/screenshots/Computer_Point_Ltd_Homepage_WAVE_Overlay.png)","Company Secretary (Computer Point Ltd)","Company Secretary & Compliance Officer","info@computerpoint.ac.in","General Contact Email (Guessed Pattern)","Managing Director / CEO","info@computerpoint.ac.in"
"386","Unassigned","Addi Industries Ltd","https://addictinggames.com","Yes","No","No","5.8 out of 10","","","![WAVE Tool Screenshot](https://github.com/VEER-TANMAY-SACHIN/projects/blob/main/orchavate_gtm_workflow/outputs/v1.3_apollo_bse_master_list_20260811_112506_attempt6_succesful_reviewnotdone_orchavatecore_digital_digital/Addi_Industries_Ltd/screenshots/Addi_Industries_Ltd_Homepage_WAVE_Overlay.png)","Company Secretary (Addi Industries Ltd)","Company Secretary & Compliance Officer","Not publicly disclosed","N/A","Managing Director / CEO","Not publicly disclosed"
"387","Unassigned","Unitech Ltd","https://unitech-mo.ru","Yes","Yes","Yes","1 out of 10","36","30","![WAVE Tool Screenshot](https://github.com/VEER-TANMAY-SACHIN/projects/blob/main/orchavate_gtm_workflow/outputs/v1.3_apollo_bse_master_list_20260811_112506_attempt6_succesful_reviewnotdone_orchavatecore_digital_digital/Unitech_Ltd/screenshots/Unitech_Ltd_Homepage_WAVE_Overlay.png)","Company Secretary (Unitech Ltd)","Company Secretary & Compliance Officer","media@ut-mo.ru","General Contact Email","Managing Director / CEO","media@ut-mo.ru"
"388","Unassigned","VIP Industries Ltd","https://vippers.jp","Yes","Yes","Yes","7.8 out of 10","","100","![WAVE Tool Screenshot](https://github.com/VEER-TANMAY-SACHIN/projects/blob/main/orchavate_gtm_workflow/outputs/v1.3_apollo_bse_master_list_20260811_112506_attempt6_succesful_reviewnotdone_orchavatecore_digital_digital/VIP_Industries_Ltd/screenshots/VIP_Industries_Ltd_Homepage_WAVE_Overlay.png)","Company Secretary (VIP Industries Ltd)","Company Secretary & Compliance Officer","info@vippers.jp","General Contact Email (Guessed Pattern)","Managing Director / CEO","info@vippers.jp"
"389","Unassigned","Fiberweb India Ltd","https://fiberweb.co.za","Yes","Yes","Yes","1 out of 10","27","30","![WAVE Tool Screenshot](https://github.com/VEER-TANMAY-SACHIN/projects/blob/main/orchavate_gtm_workflow/outputs/v1.3_apollo_bse_master_list_20260811_112506_attempt6_succesful_reviewnotdone_orchavatecore_digital_digital/Fiberweb_India_Ltd/screenshots/Fiberweb_India_Ltd_Homepage_WAVE_Overlay.png)","Company Secretary (Fiberweb India Ltd)","Company Secretary & Compliance Officer","info@fiberweb.co.za","General Contact Email (Guessed Pattern)","Managing Director / CEO","info@fiberweb.co.za"
"390","Unassigned","Gyftr Ltd","https://gyftr.com","Yes","No","No","7 out of 10","","","![WAVE Tool Screenshot](https://github.com/VEER-TANMAY-SACHIN/projects/blob/main/orchavate_gtm_workflow/outputs/v1.3_apollo_bse_master_list_20260811_112506_attempt6_succesful_reviewnotdone_orchavatecore_digital_digital/Gyftr_Ltd/screenshots/Gyftr_Ltd_Homepage_WAVE_Overlay.png)","Company Secretary (Gyftr Ltd)","Company Secretary & Compliance Officer","Not publicly disclosed","N/A","Managing Director / CEO","Not publicly disclosed"
"391","Unassigned","East Buildtech Ltd","https://ebl.co.in","Yes","Yes","Yes","8.5 out of 10","2","92","![WAVE Tool Screenshot](https://github.com/VEER-TANMAY-SACHIN/projects/blob/main/orchavate_gtm_workflow/outputs/v1.3_apollo_bse_master_list_20260811_112506_attempt6_succesful_reviewnotdone_orchavatecore_digital_digital/East_Buildtech_Ltd/screenshots/East_Buildtech_Ltd_Homepage_WAVE_Overlay.png)","Company Secretary (East Buildtech Ltd)","Company Secretary & Compliance Officer","contact@ebl.co.in","Investor Grievance / Compliance Officer Email","Managing Director / CEO","beetalrta@gmail.com"
"392","Unassigned","Manipal Finance Corporation Ltd","https://manipal.edu","Yes","Yes","Yes","1 out of 10","54","30","![WAVE Tool Screenshot](https://github.com/VEER-TANMAY-SACHIN/projects/blob/main/orchavate_gtm_workflow/outputs/v1.3_apollo_bse_master_list_20260811_112506_attempt6_succesful_reviewnotdone_orchavatecore_digital_digital/Manipal_Finance_Corporation_Ltd/screenshots/Manipal_Finance_Corporation_Ltd_Homepage_WAVE_Overlay.png)","Company Secretary (Manipal Finance Corporation Ltd)","Company Secretary & Compliance Officer","info@manipal.edu","General Contact Email (Guessed Pattern)","Managing Director / CEO","info@manipal.edu"
"393","Unassigned","Bajaj Steel Industries Ltd","https://bajajngp.com","Yes","No","No","8.5 out of 10","","","![WAVE Tool Screenshot](https://github.com/VEER-TANMAY-SACHIN/projects/blob/main/orchavate_gtm_workflow/outputs/v1.3_apollo_bse_master_list_20260811_112506_attempt6_succesful_reviewnotdone_orchavatecore_digital_digital/Bajaj_Steel_Industries_Ltd/screenshots/Bajaj_Steel_Industries_Ltd_Homepage_WAVE_Overlay.png)","Company Secretary (Bajaj Steel Industries Ltd)","Company Secretary & Compliance Officer","Not publicly disclosed","N/A","Managing Director / CEO","Not publicly disclosed"
"394","Unassigned","Key Corporation Ltd","https://key.com","Yes","Yes","Yes","6.3 out of 10","","100","![WAVE Tool Screenshot](https://github.com/VEER-TANMAY-SACHIN/projects/blob/main/orchavate_gtm_workflow/outputs/v1.3_apollo_bse_master_list_20260811_112506_attempt6_succesful_reviewnotdone_orchavatecore_digital_digital/Key_Corporation_Ltd/screenshots/Key_Corporation_Ltd_Homepage_WAVE_Overlay.png)","Company Secretary (Key Corporation Ltd)","Company Secretary & Compliance Officer","info@key.com","General Contact Email (Guessed Pattern)","Managing Director / CEO","info@key.com"
"395","Unassigned","Gujarat Hotels Ltd","https://gujarathotelsltd.in","Yes","Yes","Yes","6.3 out of 10","5","80","![WAVE Tool Screenshot](https://github.com/VEER-TANMAY-SACHIN/projects/blob/main/orchavate_gtm_workflow/outputs/v1.3_apollo_bse_master_list_20260811_112506_attempt6_succesful_reviewnotdone_orchavatecore_digital_digital/Gujarat_Hotels_Ltd/screenshots/Gujarat_Hotels_Ltd_Homepage_WAVE_Overlay.png)","Company Secretary (Gujarat Hotels Ltd)","Company Secretary & Compliance Officer","investors@gujarathotelsltd.com","General Contact Email","Managing Director / CEO","investors@gujarathotelsltd.com"
"396","Unassigned","Fynx Capital Ltd","https://fynxt.com","Yes","No","No","5.8 out of 10","","","![WAVE Tool Screenshot](https://github.com/VEER-TANMAY-SACHIN/projects/blob/main/orchavate_gtm_workflow/outputs/v1.3_apollo_bse_master_list_20260811_112506_attempt6_succesful_reviewnotdone_orchavatecore_digital_digital/Fynx_Capital_Ltd/screenshots/Fynx_Capital_Ltd_Homepage_WAVE_Overlay.png)","Company Secretary (Fynx Capital Ltd)","Company Secretary & Compliance Officer","Not publicly disclosed","N/A","Managing Director / CEO","Not publicly disclosed"
"397","Unassigned","Ras Resorts & Apart Hotels Ltd","https://rasresorts.com","Yes","No","No","7 out of 10","","","![WAVE Tool Screenshot](https://github.com/VEER-TANMAY-SACHIN/projects/blob/main/orchavate_gtm_workflow/outputs/v1.3_apollo_bse_master_list_20260811_112506_attempt6_succesful_reviewnotdone_orchavatecore_digital_digital/Ras_Resorts___Apart_Hotels_Ltd/screenshots/Ras_Resorts___Apart_Hotels_Ltd_Homepage_WAVE_Overlay.png)","Company Secretary (Ras Resorts & Apart Hotels Ltd)","Company Secretary & Compliance Officer","Not publicly disclosed","N/A","Managing Director / CEO","Not publicly disclosed"
"398","Unassigned","Jolly Plastic Industries Ltd","https://jollyplastic.com","Yes","Yes","Yes","1 out of 10","23","30","![WAVE Tool Screenshot](https://github.com/VEER-TANMAY-SACHIN/projects/blob/main/orchavate_gtm_workflow/outputs/v1.3_apollo_bse_master_list_20260811_112506_attempt6_succesful_reviewnotdone_orchavatecore_digital_digital/Jolly_Plastic_Industries_Ltd/screenshots/Jolly_Plastic_Industries_Ltd_Homepage_WAVE_Overlay.png)","Company Secretary (Jolly Plastic Industries Ltd)","Company Secretary & Compliance Officer","mail@jollyplastic.com","General Contact Email","Managing Director / CEO","mail@jollyplastic.com"
"399","Unassigned","Paramount Cosmetics India Ltd","https://parammount.com","Yes","Yes","Yes","4.3 out of 10","8","68","![WAVE Tool Screenshot](https://github.com/VEER-TANMAY-SACHIN/projects/blob/main/orchavate_gtm_workflow/outputs/v1.3_apollo_bse_master_list_20260811_112506_attempt6_succesful_reviewnotdone_orchavatecore_digital_digital/Paramount_Cosmetics_India_Ltd/screenshots/Paramount_Cosmetics_India_Ltd_Homepage_WAVE_Overlay.png)","Company Secretary (Paramount Cosmetics India Ltd)","Company Secretary & Compliance Officer","consumercare@parammount.com","Investor Grievance / Compliance Officer Email","Managing Director / CEO","compliance@parcos.in"
"400","Unassigned","Jupiter Industries & Leasing Ltd","https://jupiterindustries.com","Yes","No","No","8.5 out of 10","","","![WAVE Tool Screenshot](https://github.com/VEER-TANMAY-SACHIN/projects/blob/main/orchavate_gtm_workflow/outputs/v1.3_apollo_bse_master_list_20260811_112506_attempt6_succesful_reviewnotdone_orchavatecore_digital_digital/Jupiter_Industries___Leasing_Ltd/screenshots/Jupiter_Industries___Leasing_Ltd_Homepage_WAVE_Overlay.png)","Company Secretary (Jupiter Industries & Leasing Ltd)","Company Secretary & Compliance Officer","Not publicly disclosed","N/A","Managing Director / CEO","Not publicly disclosed"
"401","Unassigned","Simmonds Marshall Ltd","https://simmondsmarshall.com","Yes","No","No","7 out of 10","","","![WAVE Tool Screenshot](https://github.com/VEER-TANMAY-SACHIN/projects/blob/main/orchavate_gtm_workflow/outputs/v1.3_apollo_bse_master_list_20260811_112506_attempt6_succesful_reviewnotdone_orchavatecore_digital_digital/Simmonds_Marshall_Ltd/screenshots/Simmonds_Marshall_Ltd_Homepage_WAVE_Overlay.png)","Company Secretary (Simmonds Marshall Ltd)","Company Secretary & Compliance Officer","Not publicly disclosed","N/A","Managing Director / CEO","Not publicly disclosed"
"402","Unassigned","B & A Ltd","https://booking.com","Yes","Yes","Yes","8.5 out of 10","","100","![WAVE Tool Screenshot](https://github.com/VEER-TANMAY-SACHIN/projects/blob/main/orchavate_gtm_workflow/outputs/v1.3_apollo_bse_master_list_20260811_112506_attempt6_succesful_reviewnotdone_orchavatecore_digital_digital/B___A_Ltd/screenshots/B___A_Ltd_Homepage_WAVE_Overlay.png)","Company Secretary (B & A Ltd)","Company Secretary & Compliance Officer","customer.service@booking.com","General Contact Email","Managing Director / CEO","customer.service@booking.com"
"403","Unassigned","Hawkins Cookers Ltd","https://hawkinscookers.com","Yes","Yes","Yes","7 out of 10","","100","![WAVE Tool Screenshot](https://github.com/VEER-TANMAY-SACHIN/projects/blob/main/orchavate_gtm_workflow/outputs/v1.3_apollo_bse_master_list_20260811_112506_attempt6_succesful_reviewnotdone_orchavatecore_digital_digital/Hawkins_Cookers_Ltd/screenshots/Hawkins_Cookers_Ltd_Homepage_WAVE_Overlay.png)","Company Secretary (Hawkins Cookers Ltd)","Company Secretary & Compliance Officer","info@hawkinscookers.com","General Contact Email (Guessed Pattern)","Managing Director / CEO","info@hawkinscookers.com"
"404","Unassigned","Warren Tea Ltd","https://warrentea.com","Yes","Yes","Yes","7 out of 10","","100","![WAVE Tool Screenshot](https://github.com/VEER-TANMAY-SACHIN/projects/blob/main/orchavate_gtm_workflow/outputs/v1.3_apollo_bse_master_list_20260811_112506_attempt6_succesful_reviewnotdone_orchavatecore_digital_digital/Warren_Tea_Ltd/screenshots/Warren_Tea_Ltd_Homepage_WAVE_Overlay.png)","Company Secretary (Warren Tea Ltd)","Company Secretary & Compliance Officer","info@warrentea.com","General Contact Email (Guessed Pattern)","Managing Director / CEO","info@warrentea.com"
"405","Unassigned","Cochin Malabar Estates & Industries Ltd","https://cochinmalabar.in","Yes","Yes","Yes","1 out of 10","15","40","![WAVE Tool Screenshot](https://github.com/VEER-TANMAY-SACHIN/projects/blob/main/orchavate_gtm_workflow/outputs/v1.3_apollo_bse_master_list_20260811_112506_attempt6_succesful_reviewnotdone_orchavatecore_digital_digital/Cochin_Malabar_Estates___Industries_Ltd/screenshots/Cochin_Malabar_Estates___Industries_Ltd_Homepage_WAVE_Overlay.png)","Company Secretary (Cochin Malabar Estates & Industries Ltd)","Company Secretary & Compliance Officer","cochinmalabar@yahoo.com","General Contact Email","Managing Director / CEO","cochinmalabar@yahoo.com"
"406","Unassigned","Neelamalai Agro Industries Ltd","https://neelamalaiagro.com","Yes","Yes","Yes","5.8 out of 10","6","76","![WAVE Tool Screenshot](https://github.com/VEER-TANMAY-SACHIN/projects/blob/main/orchavate_gtm_workflow/outputs/v1.3_apollo_bse_master_list_20260811_112506_attempt6_succesful_reviewnotdone_orchavatecore_digital_digital/Neelamalai_Agro_Industries_Ltd/screenshots/Neelamalai_Agro_Industries_Ltd_Homepage_WAVE_Overlay.png)","Company Secretary (Neelamalai Agro Industries Ltd)","Company Secretary & Compliance Officer","info@neelamalaiagro.com","Investor Grievance / Compliance Officer Email","Managing Director / CEO","info@neelamalaiagro.com"
"407","Unassigned","I S T Ltd","https://ist.co.uk","Yes","Yes","Yes","5.8 out of 10","","100","![WAVE Tool Screenshot](https://github.com/VEER-TANMAY-SACHIN/projects/blob/main/orchavate_gtm_workflow/outputs/v1.3_apollo_bse_master_list_20260811_112506_attempt6_succesful_reviewnotdone_orchavatecore_digital_digital/I_S_T_Ltd/screenshots/I_S_T_Ltd_Homepage_WAVE_Overlay.png)","Company Secretary (I S T Ltd)","Company Secretary & Compliance Officer","info@ist.co.uk","General Contact Email (Guessed Pattern)","Managing Director / CEO","info@ist.co.uk"
"408","Unassigned","Cosmo First Ltd","https://cosmofirst.com","Yes","No","No","5.8 out of 10","","","![WAVE Tool Screenshot](https://github.com/VEER-TANMAY-SACHIN/projects/blob/main/orchavate_gtm_workflow/outputs/v1.3_apollo_bse_master_list_20260811_112506_attempt6_succesful_reviewnotdone_orchavatecore_digital_digital/Cosmo_First_Ltd/screenshots/Cosmo_First_Ltd_Homepage_WAVE_Overlay.png)","Company Secretary (Cosmo First Ltd)","Company Secretary & Compliance Officer","Not publicly disclosed","N/A","Managing Director / CEO","Not publicly disclosed"
"409","Unassigned","Apollo Hospitals Enterprise Ltd","https://apollohospitals.com","Yes","Yes","Yes","1 out of 10","95","30","![WAVE Tool Screenshot](https://github.com/VEER-TANMAY-SACHIN/projects/blob/main/orchavate_gtm_workflow/outputs/v1.3_apollo_bse_master_list_20260811_112506_attempt6_succesful_reviewnotdone_orchavatecore_digital_digital/Apollo_Hospitals_Enterprise_Ltd/screenshots/Apollo_Hospitals_Enterprise_Ltd_Homepage_WAVE_Overlay.png)","Company Secretary (Apollo Hospitals Enterprise Ltd)","Company Secretary & Compliance Officer","info@apollohospitals.com","General Contact Email (Guessed Pattern)","Managing Director / CEO","info@apollohospitals.com"
"410","Unassigned","Nitin Castings Ltd","https://nitincastings.com","Yes","Yes","Yes","7.8 out of 10","","100","![WAVE Tool Screenshot](https://github.com/VEER-TANMAY-SACHIN/projects/blob/main/orchavate_gtm_workflow/outputs/v1.3_apollo_bse_master_list_20260811_112506_attempt6_succesful_reviewnotdone_orchavatecore_digital_digital/Nitin_Castings_Ltd/screenshots/Nitin_Castings_Ltd_Homepage_WAVE_Overlay.png)","Company Secretary (Nitin Castings Ltd)","Company Secretary & Compliance Officer","salesnagl@nitincastings.com","General Contact Email","Managing Director / CEO","salesnagl@nitincastings.com"
"411","Unassigned","Everest Industries Ltd","https://everestgrp.com","Yes","No","No","6.3 out of 10","","","![WAVE Tool Screenshot](https://github.com/VEER-TANMAY-SACHIN/projects/blob/main/orchavate_gtm_workflow/outputs/v1.3_apollo_bse_master_list_20260811_112506_attempt6_succesful_reviewnotdone_orchavatecore_digital_digital/Everest_Industries_Ltd/screenshots/Everest_Industries_Ltd_Homepage_WAVE_Overlay.png)","Company Secretary (Everest Industries Ltd)","Company Secretary & Compliance Officer","Not publicly disclosed","N/A","Managing Director / CEO","Not publicly disclosed"
"412","Unassigned","AYM Syntex Ltd","https://aymsyntex.com","Yes","Yes","Yes","9.1 out of 10","1","96","![WAVE Tool Screenshot](https://github.com/VEER-TANMAY-SACHIN/projects/blob/main/orchavate_gtm_workflow/outputs/v1.3_apollo_bse_master_list_20260811_112506_attempt6_succesful_reviewnotdone_orchavatecore_digital_digital/AYM_Syntex_Ltd/screenshots/AYM_Syntex_Ltd_Homepage_WAVE_Overlay.png)","Company Secretary (AYM Syntex Ltd)","Company Secretary & Compliance Officer","info@aymgroup.com","General Contact Email","Managing Director / CEO","info@aymgroup.com"
"413","Unassigned","HB Leasing & Finance Company Ltd","https://hbleasingkent.co.uk","Yes","Yes","Yes","7.8 out of 10","","100","![WAVE Tool Screenshot](https://github.com/VEER-TANMAY-SACHIN/projects/blob/main/orchavate_gtm_workflow/outputs/v1.3_apollo_bse_master_list_20260811_112506_attempt6_succesful_reviewnotdone_orchavatecore_digital_digital/HB_Leasing___Finance_Company_Ltd/screenshots/HB_Leasing___Finance_Company_Ltd_Homepage_WAVE_Overlay.png)","Company Secretary (HB Leasing & Finance Company Ltd)","Company Secretary & Compliance Officer","info@hbleasingkent.co.uk","General Contact Email (Guessed Pattern)","Managing Director / CEO","info@hbleasingkent.co.uk"
"414","Unassigned","Shricon Industries Ltd","https://shriconsultant.com","Yes","Yes","Yes","7.8 out of 10","","100","![WAVE Tool Screenshot](https://github.com/VEER-TANMAY-SACHIN/projects/blob/main/orchavate_gtm_workflow/outputs/v1.3_apollo_bse_master_list_20260811_112506_attempt6_succesful_reviewnotdone_orchavatecore_digital_digital/Shricon_Industries_Ltd/screenshots/Shricon_Industries_Ltd_Homepage_WAVE_Overlay.png)","Company Secretary (Shricon Industries Ltd)","Company Secretary & Compliance Officer","info@shriconsultant.com","General Contact Email (Guessed Pattern)","Managing Director / CEO","info@shriconsultant.com"
"415","Unassigned","Sulabh Engineers & Services Ltd","https://sulabh.org.in","Yes","Yes","Yes","7.8 out of 10","3","88","![WAVE Tool Screenshot](https://github.com/VEER-TANMAY-SACHIN/projects/blob/main/orchavate_gtm_workflow/outputs/v1.3_apollo_bse_master_list_20260811_112506_attempt6_succesful_reviewnotdone_orchavatecore_digital_digital/Sulabh_Engineers___Services_Ltd/screenshots/Sulabh_Engineers___Services_Ltd_Homepage_WAVE_Overlay.png)","Company Secretary (Sulabh Engineers & Services Ltd)","Company Secretary & Compliance Officer","sulabheng22@gmail.com","General Contact Email","Managing Director / CEO","sulabheng22@gmail.com"
"416","Unassigned","Frontier Capital Ltd","https://flyfrontier.com","Yes","Yes","Yes","4.3 out of 10","8","68","![WAVE Tool Screenshot](https://github.com/VEER-TANMAY-SACHIN/projects/blob/main/orchavate_gtm_workflow/outputs/v1.3_apollo_bse_master_list_20260811_112506_attempt6_succesful_reviewnotdone_orchavatecore_digital_digital/Frontier_Capital_Ltd/screenshots/Frontier_Capital_Ltd_Homepage_WAVE_Overlay.png)","Company Secretary (Frontier Capital Ltd)","Company Secretary & Compliance Officer","info@flyfrontier.com","General Contact Email (Guessed Pattern)","Managing Director / CEO","info@flyfrontier.com"
"417","Unassigned","Thakral Services India Ltd","https://thakralone.com","Yes","Yes","Yes","1 out of 10","29","30","![WAVE Tool Screenshot](https://github.com/VEER-TANMAY-SACHIN/projects/blob/main/orchavate_gtm_workflow/outputs/v1.3_apollo_bse_master_list_20260811_112506_attempt6_succesful_reviewnotdone_orchavatecore_digital_digital/Thakral_Services_India_Ltd/screenshots/Thakral_Services_India_Ltd_Homepage_WAVE_Overlay.png)","Company Secretary (Thakral Services India Ltd)","Company Secretary & Compliance Officer","info@thakralone.com","General Contact Email (Guessed Pattern)","Managing Director / CEO","info@thakralone.com"
"418","Unassigned","Golden Legand Leasing & finance Ltd","https://gllfl.com","Yes","Yes","Yes","7 out of 10","","100","![WAVE Tool Screenshot](https://github.com/VEER-TANMAY-SACHIN/projects/blob/main/orchavate_gtm_workflow/outputs/v1.3_apollo_bse_master_list_20260811_112506_attempt6_succesful_reviewnotdone_orchavatecore_digital_digital/Golden_Legand_Leasing___finance_Ltd/screenshots/Golden_Legand_Leasing___finance_Ltd_Homepage_WAVE_Overlay.png)","Company Secretary (Golden Legand Leasing & finance Ltd)","Company Secretary & Compliance Officer","contactus@gllfl.com","General Contact Email","Managing Director / CEO","contactus@gllfl.com"
"419","Unassigned","Netlink Solutions India Ltd","https://netlink.com","Yes","Yes","Yes","1 out of 10","26","30","![WAVE Tool Screenshot](https://github.com/VEER-TANMAY-SACHIN/projects/blob/main/orchavate_gtm_workflow/outputs/v1.3_apollo_bse_master_list_20260811_112506_attempt6_succesful_reviewnotdone_orchavatecore_digital_digital/Netlink_Solutions_India_Ltd/screenshots/Netlink_Solutions_India_Ltd_Homepage_WAVE_Overlay.png)","Company Secretary (Netlink Solutions India Ltd)","Company Secretary & Compliance Officer","info@netlink.com","General Contact Email (Guessed Pattern)","Managing Director / CEO","info@netlink.com"
"420","Unassigned","Lancor Holdings Ltd","https://lancor.es","Yes","Yes","Yes","8.5 out of 10","2","92","![WAVE Tool Screenshot](https://github.com/VEER-TANMAY-SACHIN/projects/blob/main/orchavate_gtm_workflow/outputs/v1.3_apollo_bse_master_list_20260811_112506_attempt6_succesful_reviewnotdone_orchavatecore_digital_digital/Lancor_Holdings_Ltd/screenshots/Lancor_Holdings_Ltd_Homepage_WAVE_Overlay.png)","Company Secretary (Lancor Holdings Ltd)","Company Secretary & Compliance Officer","lancor@lancor.es","General Contact Email","Managing Director / CEO","lancor@lancor.es"
"421","Unassigned","Banas Finance Ltd","https://banasthali.org","Yes","Yes","Yes","6.3 out of 10","","100","![WAVE Tool Screenshot](https://github.com/VEER-TANMAY-SACHIN/projects/blob/main/orchavate_gtm_workflow/outputs/v1.3_apollo_bse_master_list_20260811_112506_attempt6_succesful_reviewnotdone_orchavatecore_digital_digital/Banas_Finance_Ltd/screenshots/Banas_Finance_Ltd_Homepage_WAVE_Overlay.png)","Company Secretary (Banas Finance Ltd)","Company Secretary & Compliance Officer","info@banasthali.org","General Contact Email (Guessed Pattern)","Managing Director / CEO","info@banasthali.org"
"422","Unassigned","Visaka Industries Ltd","https://visakai.com","Yes","Yes","Yes","7.8 out of 10","","100","![WAVE Tool Screenshot](https://github.com/VEER-TANMAY-SACHIN/projects/blob/main/orchavate_gtm_workflow/outputs/v1.3_apollo_bse_master_list_20260811_112506_attempt6_succesful_reviewnotdone_orchavatecore_digital_digital/Visaka_Industries_Ltd/screenshots/Visaka_Industries_Ltd_Homepage_WAVE_Overlay.png)","Company Secretary (Visaka Industries Ltd)","Company Secretary & Compliance Officer","info@visakai.com","General Contact Email (Guessed Pattern)","Managing Director / CEO","info@visakai.com"
"423","Unassigned","GRP Ltd","https://grp.com.sg","Yes","Yes","Yes","8.5 out of 10","2","92","![WAVE Tool Screenshot](https://github.com/VEER-TANMAY-SACHIN/projects/blob/main/orchavate_gtm_workflow/outputs/v1.3_apollo_bse_master_list_20260811_112506_attempt6_succesful_reviewnotdone_orchavatecore_digital_digital/GRP_Ltd/screenshots/GRP_Ltd_Homepage_WAVE_Overlay.png)","Company Secretary (GRP Ltd)","Company Secretary & Compliance Officer","investor@grp.com.sg","General Contact Email","Managing Director / CEO","investor@grp.com.sg"
"424","Unassigned","Indag Rubber Ltd","https://indagrubber.com","Yes","No","No","6.3 out of 10","","","![WAVE Tool Screenshot](https://github.com/VEER-TANMAY-SACHIN/projects/blob/main/orchavate_gtm_workflow/outputs/v1.3_apollo_bse_master_list_20260811_112506_attempt6_succesful_reviewnotdone_orchavatecore_digital_digital/Indag_Rubber_Ltd/screenshots/Indag_Rubber_Ltd_Homepage_WAVE_Overlay.png)","Company Secretary (Indag Rubber Ltd)","Company Secretary & Compliance Officer","Not publicly disclosed","N/A","Managing Director / CEO","Not publicly disclosed"
"425","Unassigned","PTL Enterprises Ltd","https://lamongenergi.co.id","Yes","Yes","Yes","1 out of 10","31","30","![WAVE Tool Screenshot](https://github.com/VEER-TANMAY-SACHIN/projects/blob/main/orchavate_gtm_workflow/outputs/v1.3_apollo_bse_master_list_20260811_112506_attempt6_succesful_reviewnotdone_orchavatecore_digital_digital/PTL_Enterprises_Ltd/screenshots/PTL_Enterprises_Ltd_Homepage_WAVE_Overlay.png)","Company Secretary (PTL Enterprises Ltd)","Company Secretary & Compliance Officer","info@lamongenergi.co.id","General Contact Email","Managing Director / CEO","info@lamongenergi.co.id"
"426","Unassigned","Sanathnagar Enterprises Ltd","https://sanathnagar.in","Yes","Yes","Yes","7.8 out of 10","3","88","![WAVE Tool Screenshot](https://github.com/VEER-TANMAY-SACHIN/projects/blob/main/orchavate_gtm_workflow/outputs/v1.3_apollo_bse_master_list_20260811_112506_attempt6_succesful_reviewnotdone_orchavatecore_digital_digital/Sanathnagar_Enterprises_Ltd/screenshots/Sanathnagar_Enterprises_Ltd_Homepage_WAVE_Overlay.png)","Company Secretary (Sanathnagar Enterprises Ltd)","Company Secretary & Compliance Officer","investors.sel@lodhagroup.com","General Contact Email","Managing Director / CEO","investors.sel@lodhagroup.com"
"427","Unassigned","Cravatex Ltd","https://cravatex.com","Yes","Yes","Yes","8.5 out of 10","2","92","![WAVE Tool Screenshot](https://github.com/VEER-TANMAY-SACHIN/projects/blob/main/orchavate_gtm_workflow/outputs/v1.3_apollo_bse_master_list_20260811_112506_attempt6_succesful_reviewnotdone_orchavatecore_digital_digital/Cravatex_Ltd/screenshots/Cravatex_Ltd_Homepage_WAVE_Overlay.png)","Company Secretary (Cravatex Ltd)","Company Secretary & Compliance Officer","info@cravatex.com","Investor Grievance / Compliance Officer Email","Managing Director / CEO","Investor.helpdesk@in.mpms.mufg.com"
"428","Unassigned","Caprihans India Ltd","https://caprihansindia.com","Yes","No","No","8.5 out of 10","","","![WAVE Tool Screenshot](https://github.com/VEER-TANMAY-SACHIN/projects/blob/main/orchavate_gtm_workflow/outputs/v1.3_apollo_bse_master_list_20260811_112506_attempt6_succesful_reviewnotdone_orchavatecore_digital_digital/Caprihans_India_Ltd/screenshots/Caprihans_India_Ltd_Homepage_WAVE_Overlay.png)","Company Secretary (Caprihans India Ltd)","Company Secretary & Compliance Officer","Not publicly disclosed","N/A","Managing Director / CEO","Not publicly disclosed"
"429","Unassigned","Graphite India Ltd","https://graphiteindia.com","Yes","Yes","Yes","7.8 out of 10","","100","![WAVE Tool Screenshot](https://github.com/VEER-TANMAY-SACHIN/projects/blob/main/orchavate_gtm_workflow/outputs/v1.3_apollo_bse_master_list_20260811_112506_attempt6_succesful_reviewnotdone_orchavatecore_digital_digital/Graphite_India_Ltd/screenshots/Graphite_India_Ltd_Homepage_WAVE_Overlay.png)","Company Secretary (Graphite India Ltd)","Company Secretary & Compliance Officer","info@graphiteindia.com","General Contact Email (Guessed Pattern)","Managing Director / CEO","info@graphiteindia.com"
"430","Unassigned","Empire Industries Ltd","https://empireflippers.com","Yes","Yes","Yes","1 out of 10","52","30","![WAVE Tool Screenshot](https://github.com/VEER-TANMAY-SACHIN/projects/blob/main/orchavate_gtm_workflow/outputs/v1.3_apollo_bse_master_list_20260811_112506_attempt6_succesful_reviewnotdone_orchavatecore_digital_digital/Empire_Industries_Ltd/screenshots/Empire_Industries_Ltd_Homepage_WAVE_Overlay.png)","Company Secretary (Empire Industries Ltd)","Company Secretary & Compliance Officer","sales@empireflippers.com","General Contact Email","Managing Director / CEO","sales@empireflippers.com"
"431","Unassigned","Garware Technical Fibres Ltd","https://garwarefibres.com","Yes","Yes","Yes","1 out of 10","30","30","![WAVE Tool Screenshot](https://github.com/VEER-TANMAY-SACHIN/projects/blob/main/orchavate_gtm_workflow/outputs/v1.3_apollo_bse_master_list_20260811_112506_attempt6_succesful_reviewnotdone_orchavatecore_digital_digital/Garware_Technical_Fibres_Ltd/screenshots/Garware_Technical_Fibres_Ltd_Homepage_WAVE_Overlay.png)","Company Secretary (Garware Technical Fibres Ltd)","Company Secretary & Compliance Officer","sales@garwarefibres.com","Investor Grievance / Compliance Officer Email","Managing Director / CEO","sales@garwarefibres.com"
"432","Unassigned","Garware Marine Industries Ltd","https://garwaremarine.com","Yes","Yes","Yes","5 out of 10","7","72","![WAVE Tool Screenshot](https://github.com/VEER-TANMAY-SACHIN/projects/blob/main/orchavate_gtm_workflow/outputs/v1.3_apollo_bse_master_list_20260811_112506_attempt6_succesful_reviewnotdone_orchavatecore_digital_digital/Garware_Marine_Industries_Ltd/screenshots/Garware_Marine_Industries_Ltd_Homepage_WAVE_Overlay.png)","Company Secretary (Garware Marine Industries Ltd)","Company Secretary & Compliance Officer","Garware.marine@gmail.com","General Contact Email","Managing Director / CEO","Garware.marine@gmail.com"
"433","Unassigned","Goa Carbon Ltd","https://goacarbon.com","Yes","No","No","6.3 out of 10","","","![WAVE Tool Screenshot](https://github.com/VEER-TANMAY-SACHIN/projects/blob/main/orchavate_gtm_workflow/outputs/v1.3_apollo_bse_master_list_20260811_112506_attempt6_succesful_reviewnotdone_orchavatecore_digital_digital/Goa_Carbon_Ltd/screenshots/Goa_Carbon_Ltd_Homepage_WAVE_Overlay.png)","Company Secretary (Goa Carbon Ltd)","Company Secretary & Compliance Officer","Not publicly disclosed","N/A","Managing Director / CEO","Not publicly disclosed"
"434","Unassigned","Hardcastle & Waud Manufacturing Company Ltd","https://hardcastleshober.com","Yes","Yes","Yes","7.8 out of 10","","100","![WAVE Tool Screenshot](https://github.com/VEER-TANMAY-SACHIN/projects/blob/main/orchavate_gtm_workflow/outputs/v1.3_apollo_bse_master_list_20260811_112506_attempt6_succesful_reviewnotdone_orchavatecore_digital_digital/Hardcastle___Waud_Manufacturing_Company_Ltd/screenshots/Hardcastle___Waud_Manufacturing_Company_Ltd_Homepage_WAVE_Overlay.png)","Company Secretary (Hardcastle & Waud Manufacturing Company Ltd)","Company Secretary & Compliance Officer","info@hardcastleshober.com","General Contact Email (Guessed Pattern)","Managing Director / CEO","info@hardcastleshober.com"
"435","Unassigned","HEG Ltd","https://hegltd.com","Yes","No","No","7 out of 10","","","![WAVE Tool Screenshot](https://github.com/VEER-TANMAY-SACHIN/projects/blob/main/orchavate_gtm_workflow/outputs/v1.3_apollo_bse_master_list_20260811_112506_attempt6_succesful_reviewnotdone_orchavatecore_digital_digital/HEG_Ltd/screenshots/HEG_Ltd_Homepage_WAVE_Overlay.png)","Company Secretary (HEG Ltd)","Company Secretary & Compliance Officer","Not publicly disclosed","N/A","Managing Director / CEO","Not publicly disclosed"
"436","Unassigned","Hindustan Composites Ltd","https://hindcompo.com","Yes","Yes","Yes","6.3 out of 10","","100","![WAVE Tool Screenshot](https://github.com/VEER-TANMAY-SACHIN/projects/blob/main/orchavate_gtm_workflow/outputs/v1.3_apollo_bse_master_list_20260811_112506_attempt6_succesful_reviewnotdone_orchavatecore_digital_digital/Hindustan_Composites_Ltd/screenshots/Hindustan_Composites_Ltd_Homepage_WAVE_Overlay.png)","Company Secretary (Hindustan Composites Ltd)","Company Secretary & Compliance Officer","sales@hindcompo.com","General Contact Email","Managing Director / CEO","sales@hindcompo.com"
"437","Unassigned","Indian Card Clothing Company Ltd","https://cardindia.com","Yes","Yes","Yes","1 out of 10","25","30","![WAVE Tool Screenshot](https://github.com/VEER-TANMAY-SACHIN/projects/blob/main/orchavate_gtm_workflow/outputs/v1.3_apollo_bse_master_list_20260811_112506_attempt6_succesful_reviewnotdone_orchavatecore_digital_digital/Indian_Card_Clothing_Company_Ltd/screenshots/Indian_Card_Clothing_Company_Ltd_Homepage_WAVE_Overlay.png)","Company Secretary (Indian Card Clothing Company Ltd)","Company Secretary & Compliance Officer","info@cardindia.com","General Contact Email (Guessed Pattern)","Managing Director / CEO","info@cardindia.com"
"438","Unassigned","International Conveyors Ltd","https://iclbelting.com","Yes","No","No","8.5 out of 10","","","![WAVE Tool Screenshot](https://github.com/VEER-TANMAY-SACHIN/projects/blob/main/orchavate_gtm_workflow/outputs/v1.3_apollo_bse_master_list_20260811_112506_attempt6_succesful_reviewnotdone_orchavatecore_digital_digital/International_Conveyors_Ltd/screenshots/International_Conveyors_Ltd_Homepage_WAVE_Overlay.png)","Company Secretary (International Conveyors Ltd)","Company Secretary & Compliance Officer","Not publicly disclosed","N/A","Managing Director / CEO","Not publicly disclosed"
"439","Unassigned","Jay Shree Tea & Industries Ltd","https://jayshreetea.com","Yes","No","No","7.8 out of 10","","","![WAVE Tool Screenshot](https://github.com/VEER-TANMAY-SACHIN/projects/blob/main/orchavate_gtm_workflow/outputs/v1.3_apollo_bse_master_list_20260811_112506_attempt6_succesful_reviewnotdone_orchavatecore_digital_digital/Jay_Shree_Tea___Industries_Ltd/screenshots/Jay_Shree_Tea___Industries_Ltd_Homepage_WAVE_Overlay.png)","Company Secretary (Jay Shree Tea & Industries Ltd)","Company Secretary & Compliance Officer","Not publicly disclosed","N/A","Managing Director / CEO","Not publicly disclosed"
"440","Unassigned","Mapro Industries Ltd","https://maprogress.com","Yes","Yes","Yes","7 out of 10","","100","![WAVE Tool Screenshot](https://github.com/VEER-TANMAY-SACHIN/projects/blob/main/orchavate_gtm_workflow/outputs/v1.3_apollo_bse_master_list_20260811_112506_attempt6_succesful_reviewnotdone_orchavatecore_digital_digital/Mapro_Industries_Ltd/screenshots/Mapro_Industries_Ltd_Homepage_WAVE_Overlay.png)","Company Secretary (Mapro Industries Ltd)","Company Secretary & Compliance Officer","info@maprogress.com","General Contact Email","Managing Director / CEO","info@maprogress.com"
"441","Unassigned","RJ Shah & Company Ltd","https://rjshahidshah.com","Yes","Yes","Yes","1 out of 10","15","40","![WAVE Tool Screenshot](https://github.com/VEER-TANMAY-SACHIN/projects/blob/main/orchavate_gtm_workflow/outputs/v1.3_apollo_bse_master_list_20260811_112506_attempt6_succesful_reviewnotdone_orchavatecore_digital_digital/RJ_Shah___Company_Ltd/screenshots/RJ_Shah___Company_Ltd_Homepage_WAVE_Overlay.png)","Company Secretary (RJ Shah & Company Ltd)","Company Secretary & Compliance Officer","micah@micahrich.com","General Contact Email","Managing Director / CEO","micah@micahrich.com"
"442","Unassigned","Shalimar Paints Ltd","https://shalimarpaints.com","Yes","Yes","Yes","6.3 out of 10","","100","![WAVE Tool Screenshot](https://github.com/VEER-TANMAY-SACHIN/projects/blob/main/orchavate_gtm_workflow/outputs/v1.3_apollo_bse_master_list_20260811_112506_attempt6_succesful_reviewnotdone_orchavatecore_digital_digital/Shalimar_Paints_Ltd/screenshots/Shalimar_Paints_Ltd_Homepage_WAVE_Overlay.png)","Company Secretary (Shalimar Paints Ltd)","Company Secretary & Compliance Officer","info@shalimarpaints.com","General Contact Email (Guessed Pattern)","Managing Director / CEO","info@shalimarpaints.com"
"443","Unassigned","Hindoostan Mills Ltd","https://hindoostan.com","Yes","No","No","6.3 out of 10","","","![WAVE Tool Screenshot](https://github.com/VEER-TANMAY-SACHIN/projects/blob/main/orchavate_gtm_workflow/outputs/v1.3_apollo_bse_master_list_20260811_112506_attempt6_succesful_reviewnotdone_orchavatecore_digital_digital/Hindoostan_Mills_Ltd/screenshots/Hindoostan_Mills_Ltd_Homepage_WAVE_Overlay.png)","Company Secretary (Hindoostan Mills Ltd)","Company Secretary & Compliance Officer","Not publicly disclosed","N/A","Managing Director / CEO","Not publicly disclosed"
"444","Unassigned","Supreme Industries Ltd","https://supremecourt.gov","Yes","No","No","7.8 out of 10","","","![WAVE Tool Screenshot](https://github.com/VEER-TANMAY-SACHIN/projects/blob/main/orchavate_gtm_workflow/outputs/v1.3_apollo_bse_master_list_20260811_112506_attempt6_succesful_reviewnotdone_orchavatecore_digital_digital/Supreme_Industries_Ltd/screenshots/Supreme_Industries_Ltd_Homepage_WAVE_Overlay.png)","Company Secretary (Supreme Industries Ltd)","Company Secretary & Compliance Officer","Not publicly disclosed","N/A","Managing Director / CEO","Not publicly disclosed"
"445","Unassigned","Thacker & Company Ltd","https://600thackerofficesfl.com","Yes","Yes","Yes","9.1 out of 10","1","96","![WAVE Tool Screenshot](https://github.com/VEER-TANMAY-SACHIN/projects/blob/main/orchavate_gtm_workflow/outputs/v1.3_apollo_bse_master_list_20260811_112506_attempt6_succesful_reviewnotdone_orchavatecore_digital_digital/Thacker___Company_Ltd/screenshots/Thacker___Company_Ltd_Homepage_WAVE_Overlay.png)","Company Secretary (Thacker & Company Ltd)","Company Secretary & Compliance Officer","info@600thackerofficesfl.com","General Contact Email (Guessed Pattern)","Managing Director / CEO","info@600thackerofficesfl.com"
"446","Unassigned","Trade Wings Ltd","https://tradewings.in","Yes","No","No","5.8 out of 10","","","![WAVE Tool Screenshot](https://github.com/VEER-TANMAY-SACHIN/projects/blob/main/orchavate_gtm_workflow/outputs/v1.3_apollo_bse_master_list_20260811_112506_attempt6_succesful_reviewnotdone_orchavatecore_digital_digital/Trade_Wings_Ltd/screenshots/Trade_Wings_Ltd_Homepage_WAVE_Overlay.png)","Company Secretary (Trade Wings Ltd)","Company Secretary & Compliance Officer","Not publicly disclosed","N/A","Managing Director / CEO","Not publicly disclosed"
"447","Unassigned","VST Industries Ltd","https://vstu.ru","Yes","Yes","Yes","7.8 out of 10","","100","![WAVE Tool Screenshot](https://github.com/VEER-TANMAY-SACHIN/projects/blob/main/orchavate_gtm_workflow/outputs/v1.3_apollo_bse_master_list_20260811_112506_attempt6_succesful_reviewnotdone_orchavatecore_digital_digital/VST_Industries_Ltd/screenshots/VST_Industries_Ltd_Homepage_WAVE_Overlay.png)","Company Secretary (VST Industries Ltd)","Company Secretary & Compliance Officer","info@vstu.ru","General Contact Email (Guessed Pattern)","Managing Director / CEO","info@vstu.ru"
"448","Unassigned","Swasti Vinayaka Synthetics Ltd","https://swastivinayaka.com","Yes","Yes","Yes","9.1 out of 10","1","96","![WAVE Tool Screenshot](https://github.com/VEER-TANMAY-SACHIN/projects/blob/main/orchavate_gtm_workflow/outputs/v1.3_apollo_bse_master_list_20260811_112506_attempt6_succesful_reviewnotdone_orchavatecore_digital_digital/Swasti_Vinayaka_Synthetics_Ltd/screenshots/Swasti_Vinayaka_Synthetics_Ltd_Homepage_WAVE_Overlay.png)","Company Secretary (Swasti Vinayaka Synthetics Ltd)","Company Secretary & Compliance Officer","info@swastivinayaka.com","General Contact Email (Guessed Pattern)","Managing Director / CEO","info@swastivinayaka.com"
"449","Unassigned","Msl Global Ltd","https://mslglobal.com","Yes","Yes","Yes","1 out of 10","16","36","![WAVE Tool Screenshot](https://github.com/VEER-TANMAY-SACHIN/projects/blob/main/orchavate_gtm_workflow/outputs/v1.3_apollo_bse_master_list_20260811_112506_attempt6_succesful_reviewnotdone_orchavatecore_digital_digital/Msl_Global_Ltd/screenshots/Msl_Global_Ltd_Homepage_WAVE_Overlay.png)","Company Secretary (Msl Global Ltd)","Company Secretary & Compliance Officer","info@mslglobal.com","General Contact Email","Managing Director / CEO","info@mslglobal.com"
"450","Unassigned","Premier Capital Services Ltd","https://premierleague.com","Yes","Yes","Yes","8.5 out of 10","","100","![WAVE Tool Screenshot](https://github.com/VEER-TANMAY-SACHIN/projects/blob/main/orchavate_gtm_workflow/outputs/v1.3_apollo_bse_master_list_20260811_112506_attempt6_succesful_reviewnotdone_orchavatecore_digital_digital/Premier_Capital_Services_Ltd/screenshots/Premier_Capital_Services_Ltd_Homepage_WAVE_Overlay.png)","Company Secretary (Premier Capital Services Ltd)","Company Secretary & Compliance Officer","info@premierleague.com","General Contact Email (Guessed Pattern)","Managing Director / CEO","info@premierleague.com"
"451","Unassigned","Jindal Drilling & Industries Ltd","https://jindaldrilling.com","Yes","Yes","Yes","7.8 out of 10","","100","![WAVE Tool Screenshot](https://github.com/VEER-TANMAY-SACHIN/projects/blob/main/orchavate_gtm_workflow/outputs/v1.3_apollo_bse_master_list_20260811_112506_attempt6_succesful_reviewnotdone_orchavatecore_digital_digital/Jindal_Drilling___Industries_Ltd/screenshots/Jindal_Drilling___Industries_Ltd_Homepage_WAVE_Overlay.png)","Company Secretary (Jindal Drilling & Industries Ltd)","Company Secretary & Compliance Officer","info@jindaldrilling.com","General Contact Email (Guessed Pattern)","Managing Director / CEO","info@jindaldrilling.com"
"452","Unassigned","Jumbo Finance Ltd","https://jumbo.com","Yes","Yes","Yes","8.5 out of 10","2","92","![WAVE Tool Screenshot](https://github.com/VEER-TANMAY-SACHIN/projects/blob/main/orchavate_gtm_workflow/outputs/v1.3_apollo_bse_master_list_20260811_112506_attempt6_succesful_reviewnotdone_orchavatecore_digital_digital/Jumbo_Finance_Ltd/screenshots/Jumbo_Finance_Ltd_Homepage_WAVE_Overlay.png)","Company Secretary (Jumbo Finance Ltd)","Company Secretary & Compliance Officer","info@jumbo.com","General Contact Email (Guessed Pattern)","Managing Director / CEO","info@jumbo.com"
"453","Unassigned","Sakthi Finance Ltd","https://sakthicadd.com","Yes","No","No","8.5 out of 10","","","![WAVE Tool Screenshot](https://github.com/VEER-TANMAY-SACHIN/projects/blob/main/orchavate_gtm_workflow/outputs/v1.3_apollo_bse_master_list_20260811_112506_attempt6_succesful_reviewnotdone_orchavatecore_digital_digital/Sakthi_Finance_Ltd/screenshots/Sakthi_Finance_Ltd_Homepage_WAVE_Overlay.png)","Company Secretary (Sakthi Finance Ltd)","Company Secretary & Compliance Officer","Not publicly disclosed","N/A","Managing Director / CEO","Not publicly disclosed"
"454","Unassigned","Aeroflex Enterprises Ltd","https://aeroflex.co.il","Yes","No","No","5.8 out of 10","","","![WAVE Tool Screenshot](https://github.com/VEER-TANMAY-SACHIN/projects/blob/main/orchavate_gtm_workflow/outputs/v1.3_apollo_bse_master_list_20260811_112506_attempt6_succesful_reviewnotdone_orchavatecore_digital_digital/Aeroflex_Enterprises_Ltd/screenshots/Aeroflex_Enterprises_Ltd_Homepage_WAVE_Overlay.png)","Company Secretary (Aeroflex Enterprises Ltd)","Company Secretary & Compliance Officer","Not publicly disclosed","N/A","Managing Director / CEO","Not publicly disclosed"
"455","Unassigned","JMD Ventures Ltd","https://jmdventures.ca","Yes","No","No","7 out of 10","","","![WAVE Tool Screenshot](https://github.com/VEER-TANMAY-SACHIN/projects/blob/main/orchavate_gtm_workflow/outputs/v1.3_apollo_bse_master_list_20260811_112506_attempt6_succesful_reviewnotdone_orchavatecore_digital_digital/JMD_Ventures_Ltd/screenshots/JMD_Ventures_Ltd_Homepage_WAVE_Overlay.png)","Company Secretary (JMD Ventures Ltd)","Company Secretary & Compliance Officer","Not publicly disclosed","N/A","Managing Director / CEO","Not publicly disclosed"
"456","Unassigned","Shiva Texyarn Ltd","https://shivatex.in","Yes","No","No","7 out of 10","","","![WAVE Tool Screenshot](https://github.com/VEER-TANMAY-SACHIN/projects/blob/main/orchavate_gtm_workflow/outputs/v1.3_apollo_bse_master_list_20260811_112506_attempt6_succesful_reviewnotdone_orchavatecore_digital_digital/Shiva_Texyarn_Ltd/screenshots/Shiva_Texyarn_Ltd_Homepage_WAVE_Overlay.png)","Company Secretary (Shiva Texyarn Ltd)","Company Secretary & Compliance Officer","Not publicly disclosed","N/A","Managing Director / CEO","Not publicly disclosed"
"457","Unassigned","First Custodian Fund India Ltd","https://firstcustodianfund.com","Yes","Yes","Yes","7.8 out of 10","","100","![WAVE Tool Screenshot](https://github.com/VEER-TANMAY-SACHIN/projects/blob/main/orchavate_gtm_workflow/outputs/v1.3_apollo_bse_master_list_20260811_112506_attempt6_succesful_reviewnotdone_orchavatecore_digital_digital/First_Custodian_Fund_India_Ltd/screenshots/First_Custodian_Fund_India_Ltd_Homepage_WAVE_Overlay.png)","Company Secretary (First Custodian Fund India Ltd)","Company Secretary & Compliance Officer","info@firstcustodianfund.com","General Contact Email (Guessed Pattern)","Managing Director / CEO","info@firstcustodianfund.com"
"458","Unassigned","Axis Solutions Ltd","https://axisbank.com","Yes","Yes","Yes","1 out of 10","20","30","![WAVE Tool Screenshot](https://github.com/VEER-TANMAY-SACHIN/projects/blob/main/orchavate_gtm_workflow/outputs/v1.3_apollo_bse_master_list_20260811_112506_attempt6_succesful_reviewnotdone_orchavatecore_digital_digital/Axis_Solutions_Ltd/screenshots/Axis_Solutions_Ltd_Homepage_WAVE_Overlay.png)","Company Secretary (Axis Solutions Ltd)","Company Secretary & Compliance Officer","PNO@axis.bank.in","Investor Grievance / Compliance Officer Email","Managing Director / CEO","PNO@axis.bank.in"
"459","Unassigned","WSFx Global Pay Ltd","https://wsfx.in","Yes","No","No","7.8 out of 10","","","![WAVE Tool Screenshot](https://github.com/VEER-TANMAY-SACHIN/projects/blob/main/orchavate_gtm_workflow/outputs/v1.3_apollo_bse_master_list_20260811_112506_attempt6_succesful_reviewnotdone_orchavatecore_digital_digital/WSFx_Global_Pay_Ltd/screenshots/WSFx_Global_Pay_Ltd_Homepage_WAVE_Overlay.png)","Company Secretary (WSFx Global Pay Ltd)","Company Secretary & Compliance Officer","Not publicly disclosed","N/A","Managing Director / CEO","Not publicly disclosed"
"460","Unassigned","Parshwanath Corporation Ltd","https://parshwanath.co.in","Yes","Yes","Yes","5.8 out of 10","6","76","![WAVE Tool Screenshot](https://github.com/VEER-TANMAY-SACHIN/projects/blob/main/orchavate_gtm_workflow/outputs/v1.3_apollo_bse_master_list_20260811_112506_attempt6_succesful_reviewnotdone_orchavatecore_digital_digital/Parshwanath_Corporation_Ltd/screenshots/Parshwanath_Corporation_Ltd_Homepage_WAVE_Overlay.png)","Company Secretary (Parshwanath Corporation Ltd)","Company Secretary & Compliance Officer","marketing@parshwanath.co.in","General Contact Email","Managing Director / CEO","marketing@parshwanath.co.in"
"461","Unassigned","Millennium Online Solutions ( India ) Ltd","https://mosil.co","Yes","Yes","Yes","8.5 out of 10","2","92","![WAVE Tool Screenshot](https://github.com/VEER-TANMAY-SACHIN/projects/blob/main/orchavate_gtm_workflow/outputs/v1.3_apollo_bse_master_list_20260811_112506_attempt6_succesful_reviewnotdone_orchavatecore_digital_digital/Millennium_Online_Solutions___India___Ltd/screenshots/Millennium_Online_Solutions___India___Ltd_Homepage_WAVE_Overlay.png)","Company Secretary (Millennium Online Solutions ( India ) Ltd)","Company Secretary & Compliance Officer","info@mosil.co","General Contact Email (Guessed Pattern)","Managing Director / CEO","info@mosil.co"
"462","Unassigned","ICDS Ltd","https://icdsoft.com","Yes","Yes","Yes","1 out of 10","37","30","![WAVE Tool Screenshot](https://github.com/VEER-TANMAY-SACHIN/projects/blob/main/orchavate_gtm_workflow/outputs/v1.3_apollo_bse_master_list_20260811_112506_attempt6_succesful_reviewnotdone_orchavatecore_digital_digital/ICDS_Ltd/screenshots/ICDS_Ltd_Homepage_WAVE_Overlay.png)","Company Secretary (ICDS Ltd)","Company Secretary & Compliance Officer","numbers-section-bg@2x.webp","General Contact Email","Managing Director / CEO","numbers-section-bg@2x.webp"
"463","Unassigned","Can Fin Homes Ltd","https://canfinhomes.com","Yes","Yes","Yes","1 out of 10","80","30","![WAVE Tool Screenshot](https://github.com/VEER-TANMAY-SACHIN/projects/blob/main/orchavate_gtm_workflow/outputs/v1.3_apollo_bse_master_list_20260811_112506_attempt6_succesful_reviewnotdone_orchavatecore_digital_digital/Can_Fin_Homes_Ltd/screenshots/Can_Fin_Homes_Ltd_Homepage_WAVE_Overlay.png)","Company Secretary (Can Fin Homes Ltd)","Company Secretary & Compliance Officer","customercare@canfinhomes.com","General Contact Email","Managing Director / CEO","customercare@canfinhomes.com"
"464","Unassigned","IL&FS Investment Managers Ltd","https://illinois.gov","Yes","Yes","Yes","7 out of 10","","100","![WAVE Tool Screenshot](https://github.com/VEER-TANMAY-SACHIN/projects/blob/main/orchavate_gtm_workflow/outputs/v1.3_apollo_bse_master_list_20260811_112506_attempt6_succesful_reviewnotdone_orchavatecore_digital_digital/IL_FS_Investment_Managers_Ltd/screenshots/IL_FS_Investment_Managers_Ltd_Homepage_WAVE_Overlay.png)","Company Secretary (IL&FS Investment Managers Ltd)","Company Secretary & Compliance Officer","info@illinois.gov","General Contact Email (Guessed Pattern)","Managing Director / CEO","info@illinois.gov"
"465","Unassigned","Shriram Finance Ltd","https://shriramfinance.in","Yes","Yes","Yes","5.8 out of 10","","100","![WAVE Tool Screenshot](https://github.com/VEER-TANMAY-SACHIN/projects/blob/main/orchavate_gtm_workflow/outputs/v1.3_apollo_bse_master_list_20260811_112506_attempt6_succesful_reviewnotdone_orchavatecore_digital_digital/Shriram_Finance_Ltd/screenshots/Shriram_Finance_Ltd_Homepage_WAVE_Overlay.png)","Company Secretary (Shriram Finance Ltd)","Company Secretary & Compliance Officer","info@shriramfinance.in","General Contact Email (Guessed Pattern)","Managing Director / CEO","info@shriramfinance.in"
"466","Unassigned","Sagar Systech Ltd","https://sagarsystech.com","Yes","Yes","Yes","7 out of 10","4","84","![WAVE Tool Screenshot](https://github.com/VEER-TANMAY-SACHIN/projects/blob/main/orchavate_gtm_workflow/outputs/v1.3_apollo_bse_master_list_20260811_112506_attempt6_succesful_reviewnotdone_orchavatecore_digital_digital/Sagar_Systech_Ltd/screenshots/Sagar_Systech_Ltd_Homepage_WAVE_Overlay.png)","Company Secretary (Sagar Systech Ltd)","Company Secretary & Compliance Officer","info@sagarsystech.com","Investor Grievance / Compliance Officer Email","Managing Director / CEO","info@sagarsystech.com"
"467","Unassigned","VLS Finance Ltd","https://vlsisoftech.com","Yes","Yes","Yes","6.3 out of 10","","100","![WAVE Tool Screenshot](https://github.com/VEER-TANMAY-SACHIN/projects/blob/main/orchavate_gtm_workflow/outputs/v1.3_apollo_bse_master_list_20260811_112506_attempt6_succesful_reviewnotdone_orchavatecore_digital_digital/VLS_Finance_Ltd/screenshots/VLS_Finance_Ltd_Homepage_WAVE_Overlay.png)","Company Secretary (VLS Finance Ltd)","Company Secretary & Compliance Officer","info@vlsisoftech.com","General Contact Email (Guessed Pattern)","Managing Director / CEO","info@vlsisoftech.com"
"468","Unassigned","India Cements Capital Ltd","https://indiacements.co.in","Yes","Yes","Yes","1 out of 10","20","30","![WAVE Tool Screenshot](https://github.com/VEER-TANMAY-SACHIN/projects/blob/main/orchavate_gtm_workflow/outputs/v1.3_apollo_bse_master_list_20260811_112506_attempt6_succesful_reviewnotdone_orchavatecore_digital_digital/India_Cements_Capital_Ltd/screenshots/India_Cements_Capital_Ltd_Homepage_WAVE_Overlay.png)","Company Secretary (India Cements Capital Ltd)","Company Secretary & Compliance Officer","info@indiacements.co.in","General Contact Email (Guessed Pattern)","Managing Director / CEO","info@indiacements.co.in"
"469","Unassigned","Ad-Manum Finance Ltd","https://admanumfinance.com","Yes","Yes","Yes","9.1 out of 10","1","96","![WAVE Tool Screenshot](https://github.com/VEER-TANMAY-SACHIN/projects/blob/main/orchavate_gtm_workflow/outputs/v1.3_apollo_bse_master_list_20260811_112506_attempt6_succesful_reviewnotdone_orchavatecore_digital_digital/Ad_Manum_Finance_Ltd/screenshots/Ad_Manum_Finance_Ltd_Homepage_WAVE_Overlay.png)","Company Secretary (Ad-Manum Finance Ltd)","Company Secretary & Compliance Officer","ho@admanumfinance.com","Investor Grievance / Compliance Officer Email","Managing Director / CEO","ho@admanumfinance.com"
"470","Unassigned","Inter Globe Finance Ltd","https://interglobeserver.com","Yes","Yes","Yes","7 out of 10","","100","![WAVE Tool Screenshot](https://github.com/VEER-TANMAY-SACHIN/projects/blob/main/orchavate_gtm_workflow/outputs/v1.3_apollo_bse_master_list_20260811_112506_attempt6_succesful_reviewnotdone_orchavatecore_digital_digital/Inter_Globe_Finance_Ltd/screenshots/Inter_Globe_Finance_Ltd_Homepage_WAVE_Overlay.png)","Company Secretary (Inter Globe Finance Ltd)","Company Secretary & Compliance Officer","info@interglobeserver.com","General Contact Email (Guessed Pattern)","Managing Director / CEO","info@interglobeserver.com"
"471","Unassigned","Crest Ventures Ltd","https://crest.co.in","Yes","No","No","7.8 out of 10","","","![WAVE Tool Screenshot](https://github.com/VEER-TANMAY-SACHIN/projects/blob/main/orchavate_gtm_workflow/outputs/v1.3_apollo_bse_master_list_20260811_112506_attempt6_succesful_reviewnotdone_orchavatecore_digital_digital/Crest_Ventures_Ltd/screenshots/Crest_Ventures_Ltd_Homepage_WAVE_Overlay.png)","Company Secretary (Crest Ventures Ltd)","Company Secretary & Compliance Officer","Not publicly disclosed","N/A","Managing Director / CEO","Not publicly disclosed"
"472","Unassigned","Vakrangee Ltd","https://vakrangee.in","Yes","No","No","5.8 out of 10","","","![WAVE Tool Screenshot](https://github.com/VEER-TANMAY-SACHIN/projects/blob/main/orchavate_gtm_workflow/outputs/v1.3_apollo_bse_master_list_20260811_112506_attempt6_succesful_reviewnotdone_orchavatecore_digital_digital/Vakrangee_Ltd/screenshots/Vakrangee_Ltd_Homepage_WAVE_Overlay.png)","Company Secretary (Vakrangee Ltd)","Company Secretary & Compliance Officer","Not publicly disclosed","N/A","Managing Director / CEO","Not publicly disclosed"
"473","Unassigned","Sylph Industries Ltd","https://wizevo.com","Yes","Yes","No","9.1 out of 10","1","96","![WAVE Tool Screenshot](https://github.com/VEER-TANMAY-SACHIN/projects/blob/main/orchavate_gtm_workflow/outputs/v1.3_apollo_bse_master_list_20260811_112506_attempt6_succesful_reviewnotdone_orchavatecore_digital_digital/Sylph_Industries_Ltd/screenshots/Sylph_Industries_Ltd_Homepage_WAVE_Overlay.png)","Company Secretary (Sylph Industries Ltd)","Company Secretary & Compliance Officer","info@wizevo.com","General Contact Email","Managing Director / CEO","info@wizevo.com"
"474","Unassigned","Dharani Finance Ltd","https://dharaniherbbals.in","Yes","Yes","Yes","1 out of 10","14","44","![WAVE Tool Screenshot](https://github.com/VEER-TANMAY-SACHIN/projects/blob/main/orchavate_gtm_workflow/outputs/v1.3_apollo_bse_master_list_20260811_112506_attempt6_succesful_reviewnotdone_orchavatecore_digital_digital/Dharani_Finance_Ltd/screenshots/Dharani_Finance_Ltd_Homepage_WAVE_Overlay.png)","Company Secretary (Dharani Finance Ltd)","Company Secretary & Compliance Officer","info@dharaniherbbals.in","General Contact Email","Managing Director / CEO","info@dharaniherbbals.in"
"475","Unassigned","Capital Trust Ltd","https://capitaltrustltd.com","Yes","Yes","Yes","6.3 out of 10","","100","![WAVE Tool Screenshot](https://github.com/VEER-TANMAY-SACHIN/projects/blob/main/orchavate_gtm_workflow/outputs/v1.3_apollo_bse_master_list_20260811_112506_attempt6_succesful_reviewnotdone_orchavatecore_digital_digital/Capital_Trust_Ltd/screenshots/Capital_Trust_Ltd_Homepage_WAVE_Overlay.png)","Company Secretary (Capital Trust Ltd)","Company Secretary & Compliance Officer","info@capitaltrustltd.com","General Contact Email (Guessed Pattern)","Managing Director / CEO","info@capitaltrustltd.com"
"476","Unassigned","Ushakiran Finance Ltd","https://uflfinance.com","Yes","Yes","Yes","6.3 out of 10","","100","![WAVE Tool Screenshot](https://github.com/VEER-TANMAY-SACHIN/projects/blob/main/orchavate_gtm_workflow/outputs/v1.3_apollo_bse_master_list_20260811_112506_attempt6_succesful_reviewnotdone_orchavatecore_digital_digital/Ushakiran_Finance_Ltd/screenshots/Ushakiran_Finance_Ltd_Homepage_WAVE_Overlay.png)","Company Secretary (Ushakiran Finance Ltd)","Company Secretary & Compliance Officer","info@uflfinance.com","General Contact Email (Guessed Pattern)","Managing Director / CEO","info@uflfinance.com"
"477","Unassigned","Vivo Bio Tech Ltd","https://vivobio.com","Yes","Yes","Yes","7 out of 10","","100","![WAVE Tool Screenshot](https://github.com/VEER-TANMAY-SACHIN/projects/blob/main/orchavate_gtm_workflow/outputs/v1.3_apollo_bse_master_list_20260811_112506_attempt6_succesful_reviewnotdone_orchavatecore_digital_digital/Vivo_Bio_Tech_Ltd/screenshots/Vivo_Bio_Tech_Ltd_Homepage_WAVE_Overlay.png)","Company Secretary (Vivo Bio Tech Ltd)","Company Secretary & Compliance Officer","info@vivobio.com","General Contact Email (Guessed Pattern)","Managing Director / CEO","info@vivobio.com"
"478","Unassigned","Veerhealth Care Ltd","https://veerhealthcare.net","Yes","Yes","Yes","5.8 out of 10","","100","![WAVE Tool Screenshot](https://github.com/VEER-TANMAY-SACHIN/projects/blob/main/orchavate_gtm_workflow/outputs/v1.3_apollo_bse_master_list_20260811_112506_attempt6_succesful_reviewnotdone_orchavatecore_digital_digital/Veerhealth_Care_Ltd/screenshots/Veerhealth_Care_Ltd_Homepage_WAVE_Overlay.png)","Company Secretary (Veerhealth Care Ltd)","Company Secretary & Compliance Officer","info@veerhealthcare.net","General Contact Email (Guessed Pattern)","Managing Director / CEO","info@veerhealthcare.net"
"479","Unassigned","Pan India Corporation Ltd","https://panindia.in","Yes","No","No","8.5 out of 10","","","![WAVE Tool Screenshot](https://github.com/VEER-TANMAY-SACHIN/projects/blob/main/orchavate_gtm_workflow/outputs/v1.3_apollo_bse_master_list_20260811_112506_attempt6_succesful_reviewnotdone_orchavatecore_digital_digital/Pan_India_Corporation_Ltd/screenshots/Pan_India_Corporation_Ltd_Homepage_WAVE_Overlay.png)","Company Secretary (Pan India Corporation Ltd)","Company Secretary & Compliance Officer","Not publicly disclosed","N/A","Managing Director / CEO","Not publicly disclosed"
"480","Unassigned","NDA Securities Ltd","https://ndaindia.com","Yes","Yes","Yes","6.3 out of 10","","100","![WAVE Tool Screenshot](https://github.com/VEER-TANMAY-SACHIN/projects/blob/main/orchavate_gtm_workflow/outputs/v1.3_apollo_bse_master_list_20260811_112506_attempt6_succesful_reviewnotdone_orchavatecore_digital_digital/NDA_Securities_Ltd/screenshots/NDA_Securities_Ltd_Homepage_WAVE_Overlay.png)","Company Secretary (NDA Securities Ltd)","Company Secretary & Compliance Officer","info@ndaindia.com","Investor Grievance / Compliance Officer Email","Managing Director / CEO","info@ndaindia.com"
"481","Unassigned","Supra Trends Ltd","https://supratrends.com","Yes","Yes","Yes","1.5 out of 10","12","52","![WAVE Tool Screenshot](https://github.com/VEER-TANMAY-SACHIN/projects/blob/main/orchavate_gtm_workflow/outputs/v1.3_apollo_bse_master_list_20260811_112506_attempt6_succesful_reviewnotdone_orchavatecore_digital_digital/Supra_Trends_Ltd/screenshots/Supra_Trends_Ltd_Homepage_WAVE_Overlay.png)","Company Secretary (Supra Trends Ltd)","Company Secretary & Compliance Officer","cs@supratrendsltd.com","Investor Grievance / Compliance Officer Email","Managing Director / CEO","cs@supratrendsltd.com"
"482","Unassigned","GSB Finance Ltd","https://gsb.gov.tr","Yes","Yes","Yes","6.3 out of 10","","100","![WAVE Tool Screenshot](https://github.com/VEER-TANMAY-SACHIN/projects/blob/main/orchavate_gtm_workflow/outputs/v1.3_apollo_bse_master_list_20260811_112506_attempt6_succesful_reviewnotdone_orchavatecore_digital_digital/GSB_Finance_Ltd/screenshots/GSB_Finance_Ltd_Homepage_WAVE_Overlay.png)","Company Secretary (GSB Finance Ltd)","Company Secretary & Compliance Officer","info@gsb.gov.tr","General Contact Email (Guessed Pattern)","Managing Director / CEO","info@gsb.gov.tr"
"483","Unassigned","Morarka Finance Ltd","https://morarkafinance.in","Yes","No","No","7.8 out of 10","","","![WAVE Tool Screenshot](https://github.com/VEER-TANMAY-SACHIN/projects/blob/main/orchavate_gtm_workflow/outputs/v1.3_apollo_bse_master_list_20260811_112506_attempt6_succesful_reviewnotdone_orchavatecore_digital_digital/Morarka_Finance_Ltd/screenshots/Morarka_Finance_Ltd_Homepage_WAVE_Overlay.png)","Company Secretary (Morarka Finance Ltd)","Company Secretary & Compliance Officer","Not publicly disclosed","N/A","Managing Director / CEO","Not publicly disclosed"
"484","Unassigned","Monarch Networth Capital Ltd","https://mnclgroup.com","Yes","Yes","Yes","5.8 out of 10","6","76","![WAVE Tool Screenshot](https://github.com/VEER-TANMAY-SACHIN/projects/blob/main/orchavate_gtm_workflow/outputs/v1.3_apollo_bse_master_list_20260811_112506_attempt6_succesful_reviewnotdone_orchavatecore_digital_digital/Monarch_Networth_Capital_Ltd/screenshots/Monarch_Networth_Capital_Ltd_Homepage_WAVE_Overlay.png)","Company Secretary (Monarch Networth Capital Ltd)","Company Secretary & Compliance Officer","helpdesk@mnclgroup.com","Investor Grievance / Compliance Officer Email","Managing Director / CEO","helpdesk@mnclgroup.com"
"485","Unassigned","Pro Fin Capital Services Ltd","https://profinance.ru","Yes","Yes","Yes","8.5 out of 10","","100","![WAVE Tool Screenshot](https://github.com/VEER-TANMAY-SACHIN/projects/blob/main/orchavate_gtm_workflow/outputs/v1.3_apollo_bse_master_list_20260811_112506_attempt6_succesful_reviewnotdone_orchavatecore_digital_digital/Pro_Fin_Capital_Services_Ltd/screenshots/Pro_Fin_Capital_Services_Ltd_Homepage_WAVE_Overlay.png)","Company Secretary (Pro Fin Capital Services Ltd)","Company Secretary & Compliance Officer","info@profinance.ru","General Contact Email (Guessed Pattern)","Managing Director / CEO","info@profinance.ru"
"486","Unassigned","Crescentis Capital Ltd","https://crescentisland.co","Yes","Yes","Yes","8.5 out of 10","2","92","![WAVE Tool Screenshot](https://github.com/VEER-TANMAY-SACHIN/projects/blob/main/orchavate_gtm_workflow/outputs/v1.3_apollo_bse_master_list_20260811_112506_attempt6_succesful_reviewnotdone_orchavatecore_digital_digital/Crescentis_Capital_Ltd/screenshots/Crescentis_Capital_Ltd_Homepage_WAVE_Overlay.png)","Company Secretary (Crescentis Capital Ltd)","Company Secretary & Compliance Officer","crescentisland2019@gmail.com","General Contact Email","Managing Director / CEO","crescentisland2019@gmail.com"
"487","Unassigned","Mantra Capital Ltd","https://mantracapital.uk","Yes","Yes","Yes","7.8 out of 10","","100","![WAVE Tool Screenshot](https://github.com/VEER-TANMAY-SACHIN/projects/blob/main/orchavate_gtm_workflow/outputs/v1.3_apollo_bse_master_list_20260811_112506_attempt6_succesful_reviewnotdone_orchavatecore_digital_digital/Mantra_Capital_Ltd/screenshots/Mantra_Capital_Ltd_Homepage_WAVE_Overlay.png)","Company Secretary (Mantra Capital Ltd)","Company Secretary & Compliance Officer","info@mantracapital.uk","General Contact Email (Guessed Pattern)","Managing Director / CEO","info@mantracapital.uk"
"488","Unassigned","Avonmore Capital & Management Services Ltd","https://avonmorecapital.in","Yes","Yes","Yes","7.8 out of 10","","100","![WAVE Tool Screenshot](https://github.com/VEER-TANMAY-SACHIN/projects/blob/main/orchavate_gtm_workflow/outputs/v1.3_apollo_bse_master_list_20260811_112506_attempt6_succesful_reviewnotdone_orchavatecore_digital_digital/Avonmore_Capital___Management_Services_Ltd/screenshots/Avonmore_Capital___Management_Services_Ltd_Homepage_WAVE_Overlay.png)","Company Secretary (Avonmore Capital & Management Services Ltd)","Company Secretary & Compliance Officer","info@avonmorecapital.in","General Contact Email (Guessed Pattern)","Managing Director / CEO","info@avonmorecapital.in"
"489","Unassigned","Libord Finance Ltd","https://libordbroking.com","Yes","Yes","Yes","1 out of 10","95","30","![WAVE Tool Screenshot](https://github.com/VEER-TANMAY-SACHIN/projects/blob/main/orchavate_gtm_workflow/outputs/v1.3_apollo_bse_master_list_20260811_112506_attempt6_succesful_reviewnotdone_orchavatecore_digital_digital/Libord_Finance_Ltd/screenshots/Libord_Finance_Ltd_Homepage_WAVE_Overlay.png)","Company Secretary (Libord Finance Ltd)","Company Secretary & Compliance Officer","customergrievances@libord.com","Investor Grievance / Compliance Officer Email","Managing Director / CEO","customergrievances@libord.com"
"490","Unassigned","Yash Management & Satellite Ltd","https://halliganlofts.com","Yes","Yes","Yes","1 out of 10","13","48","![WAVE Tool Screenshot](https://github.com/VEER-TANMAY-SACHIN/projects/blob/main/orchavate_gtm_workflow/outputs/v1.3_apollo_bse_master_list_20260811_112506_attempt6_succesful_reviewnotdone_orchavatecore_digital_digital/Yash_Management___Satellite_Ltd/screenshots/Yash_Management___Satellite_Ltd_Homepage_WAVE_Overlay.png)","Company Secretary (Yash Management & Satellite Ltd)","Company Secretary & Compliance Officer","info@halliganlofts.com","General Contact Email (Guessed Pattern)","Managing Director / CEO","info@halliganlofts.com"
"491","Unassigned","ISL Consulting Ltd","https://islconsulting.in","Yes","Yes","Yes","8.5 out of 10","","100","![WAVE Tool Screenshot](https://github.com/VEER-TANMAY-SACHIN/projects/blob/main/orchavate_gtm_workflow/outputs/v1.3_apollo_bse_master_list_20260811_112506_attempt6_succesful_reviewnotdone_orchavatecore_digital_digital/ISL_Consulting_Ltd/screenshots/ISL_Consulting_Ltd_Homepage_WAVE_Overlay.png)","Company Secretary (ISL Consulting Ltd)","Company Secretary & Compliance Officer","info@islconsulting.in","General Contact Email (Guessed Pattern)","Managing Director / CEO","info@islconsulting.in"
"492","Unassigned","Sugal & Damani Share Brokers Ltd","https://sugaldamani.com","Yes","No","No","6.3 out of 10","","","![WAVE Tool Screenshot](https://github.com/VEER-TANMAY-SACHIN/projects/blob/main/orchavate_gtm_workflow/outputs/v1.3_apollo_bse_master_list_20260811_112506_attempt6_succesful_reviewnotdone_orchavatecore_digital_digital/Sugal___Damani_Share_Brokers_Ltd/screenshots/Sugal___Damani_Share_Brokers_Ltd_Homepage_WAVE_Overlay.png)","Company Secretary (Sugal & Damani Share Brokers Ltd)","Company Secretary & Compliance Officer","Not publicly disclosed","N/A","Managing Director / CEO","Not publicly disclosed"
"493","Unassigned","Nettlinx Ltd","https://nettlinx.com","Yes","Yes","Yes","8.5 out of 10","2","92","![WAVE Tool Screenshot](https://github.com/VEER-TANMAY-SACHIN/projects/blob/main/orchavate_gtm_workflow/outputs/v1.3_apollo_bse_master_list_20260811_112506_attempt6_succesful_reviewnotdone_orchavatecore_digital_digital/Nettlinx_Ltd/screenshots/Nettlinx_Ltd_Homepage_WAVE_Overlay.png)","Company Secretary (Nettlinx Ltd)","Company Secretary & Compliance Officer","info@nettlinx.com","General Contact Email (Guessed Pattern)","Managing Director / CEO","info@nettlinx.com"
"494","Unassigned","BGIL Films & Technologies Ltd","https://bgilfilms.com","Yes","No","No","7.8 out of 10","","","![WAVE Tool Screenshot](https://github.com/VEER-TANMAY-SACHIN/projects/blob/main/orchavate_gtm_workflow/outputs/v1.3_apollo_bse_master_list_20260811_112506_attempt6_succesful_reviewnotdone_orchavatecore_digital_digital/BGIL_Films___Technologies_Ltd/screenshots/BGIL_Films___Technologies_Ltd_Homepage_WAVE_Overlay.png)","Company Secretary (BGIL Films & Technologies Ltd)","Company Secretary & Compliance Officer","Not publicly disclosed","N/A","Managing Director / CEO","Not publicly disclosed"
"495","Unassigned","Scan Steels Ltd","https://scansteels.com","Yes","Yes","Yes","1 out of 10","15","40","![WAVE Tool Screenshot](https://github.com/VEER-TANMAY-SACHIN/projects/blob/main/orchavate_gtm_workflow/outputs/v1.3_apollo_bse_master_list_20260811_112506_attempt6_succesful_reviewnotdone_orchavatecore_digital_digital/Scan_Steels_Ltd/screenshots/Scan_Steels_Ltd_Homepage_WAVE_Overlay.png)","Company Secretary (Scan Steels Ltd)","Company Secretary & Compliance Officer","scansteelsenquiry@gmail.com","Investor Grievance / Compliance Officer Email","Managing Director / CEO","scansteelsenquiry@gmail.com"
"496","Unassigned","GIC Housing Finance Ltd","https://gichfindia.com","Yes","No","No","6.3 out of 10","","","![WAVE Tool Screenshot](https://github.com/VEER-TANMAY-SACHIN/projects/blob/main/orchavate_gtm_workflow/outputs/v1.3_apollo_bse_master_list_20260811_112506_attempt6_succesful_reviewnotdone_orchavatecore_digital_digital/GIC_Housing_Finance_Ltd/screenshots/GIC_Housing_Finance_Ltd_Homepage_WAVE_Overlay.png)","Company Secretary (GIC Housing Finance Ltd)","Company Secretary & Compliance Officer","Not publicly disclosed","N/A","Managing Director / CEO","Not publicly disclosed"
"497","Unassigned","Ajcon Global Services Ltd","https://ajcononline.com","Yes","No","No","5.8 out of 10","","","![WAVE Tool Screenshot](https://github.com/VEER-TANMAY-SACHIN/projects/blob/main/orchavate_gtm_workflow/outputs/v1.3_apollo_bse_master_list_20260811_112506_attempt6_succesful_reviewnotdone_orchavatecore_digital_digital/Ajcon_Global_Services_Ltd/screenshots/Ajcon_Global_Services_Ltd_Homepage_WAVE_Overlay.png)","Company Secretary (Ajcon Global Services Ltd)","Company Secretary & Compliance Officer","Not publicly disclosed","N/A","Managing Director / CEO","Not publicly disclosed"
"498","Unassigned","Chartered Capital & Investment Ltd","https://charteredcapital.net","Yes","Yes","Yes","7.8 out of 10","","100","![WAVE Tool Screenshot](https://github.com/VEER-TANMAY-SACHIN/projects/blob/main/orchavate_gtm_workflow/outputs/v1.3_apollo_bse_master_list_20260811_112506_attempt6_succesful_reviewnotdone_orchavatecore_digital_digital/Chartered_Capital___Investment_Ltd/screenshots/Chartered_Capital___Investment_Ltd_Homepage_WAVE_Overlay.png)","Company Secretary (Chartered Capital & Investment Ltd)","Company Secretary & Compliance Officer","info@charteredcapital.net","General Contact Email (Guessed Pattern)","Managing Director / CEO","info@charteredcapital.net"
"499","Unassigned","YOGI Ltd","https://yogi24.co.uk","Yes","Yes","Yes","1 out of 10","35","30","![WAVE Tool Screenshot](https://github.com/VEER-TANMAY-SACHIN/projects/blob/main/orchavate_gtm_workflow/outputs/v1.3_apollo_bse_master_list_20260811_112506_attempt6_succesful_reviewnotdone_orchavatecore_digital_digital/YOGI_Ltd/screenshots/YOGI_Ltd_Homepage_WAVE_Overlay.png)","Company Secretary (YOGI Ltd)","Company Secretary & Compliance Officer","office@yogi24.co.uk","General Contact Email","Managing Director / CEO","office@yogi24.co.uk"
"500","Unassigned","Relic Technologies Ltd","https://relicradio.com","Yes","No","No","6.3 out of 10","","","![WAVE Tool Screenshot](https://github.com/VEER-TANMAY-SACHIN/projects/blob/main/orchavate_gtm_workflow/outputs/v1.3_apollo_bse_master_list_20260811_112506_attempt6_succesful_reviewnotdone_orchavatecore_digital_digital/Relic_Technologies_Ltd/screenshots/Relic_Technologies_Ltd_Homepage_WAVE_Overlay.png)","Company Secretary (Relic Technologies Ltd)","Company Secretary & Compliance Officer","Not publicly disclosed","N/A","Managing Director / CEO","Not publicly disclosed"
"501","Unassigned","Nimbus Projects Ltd","https://nimbusprojectsltd.com","Yes","Yes","Yes","1 out of 10","17","32","![WAVE Tool Screenshot](https://github.com/VEER-TANMAY-SACHIN/projects/blob/main/orchavate_gtm_workflow/outputs/v1.3_apollo_bse_master_list_20260811_112506_attempt6_succesful_reviewnotdone_orchavatecore_digital_digital/Nimbus_Projects_Ltd/screenshots/Nimbus_Projects_Ltd_Homepage_WAVE_Overlay.png)","Company Secretary (Nimbus Projects Ltd)","Company Secretary & Compliance Officer","info@nimbusgroup.net","General Contact Email","Managing Director / CEO","info@nimbusgroup.net"
"502","Unassigned","Baid Finserv Ltd","https://baidfinserv.com","Yes","No","No","7.8 out of 10","","","![WAVE Tool Screenshot](https://github.com/VEER-TANMAY-SACHIN/projects/blob/main/orchavate_gtm_workflow/outputs/v1.3_apollo_bse_master_list_20260811_112506_attempt6_succesful_reviewnotdone_orchavatecore_digital_digital/Baid_Finserv_Ltd/screenshots/Baid_Finserv_Ltd_Homepage_WAVE_Overlay.png)","Company Secretary (Baid Finserv Ltd)","Company Secretary & Compliance Officer","Not publicly disclosed","N/A","Managing Director / CEO","Not publicly disclosed"
"503","Unassigned","Vipul Ltd","https://vipulgroup.in","Yes","No","No","8.5 out of 10","","","![WAVE Tool Screenshot](https://github.com/VEER-TANMAY-SACHIN/projects/blob/main/orchavate_gtm_workflow/outputs/v1.3_apollo_bse_master_list_20260811_112506_attempt6_succesful_reviewnotdone_orchavatecore_digital_digital/Vipul_Ltd/screenshots/Vipul_Ltd_Homepage_WAVE_Overlay.png)","Company Secretary (Vipul Ltd)","Company Secretary & Compliance Officer","Not publicly disclosed","N/A","Managing Director / CEO","Not publicly disclosed"
"504","Unassigned","Ugro Capital Ltd","https://ugroupcu.com","Yes","Yes","Yes","1 out of 10","60","30","![WAVE Tool Screenshot](https://github.com/VEER-TANMAY-SACHIN/projects/blob/main/orchavate_gtm_workflow/outputs/v1.3_apollo_bse_master_list_20260811_112506_attempt6_succesful_reviewnotdone_orchavatecore_digital_digital/Ugro_Capital_Ltd/screenshots/Ugro_Capital_Ltd_Homepage_WAVE_Overlay.png)","Company Secretary (Ugro Capital Ltd)","Company Secretary & Compliance Officer","info@ugroupcu.com","General Contact Email (Guessed Pattern)","Managing Director / CEO","info@ugroupcu.com"
"505","Unassigned","Shalibhadra Finance Ltd","https://shalibhadrainternational.com","Yes","Yes","Yes","7.8 out of 10","3","88","![WAVE Tool Screenshot](https://github.com/VEER-TANMAY-SACHIN/projects/blob/main/orchavate_gtm_workflow/outputs/v1.3_apollo_bse_master_list_20260811_112506_attempt6_succesful_reviewnotdone_orchavatecore_digital_digital/Shalibhadra_Finance_Ltd/screenshots/Shalibhadra_Finance_Ltd_Homepage_WAVE_Overlay.png)","Company Secretary (Shalibhadra Finance Ltd)","Company Secretary & Compliance Officer","info@shalibhadrainternational.com","General Contact Email","Managing Director / CEO","info@shalibhadrainternational.com"
"506","Unassigned","Mansi Finance (Chennai) Ltd","https://mansionglobal.com","Yes","No","No","7 out of 10","","","![WAVE Tool Screenshot](https://github.com/VEER-TANMAY-SACHIN/projects/blob/main/orchavate_gtm_workflow/outputs/v1.3_apollo_bse_master_list_20260811_112506_attempt6_succesful_reviewnotdone_orchavatecore_digital_digital/Mansi_Finance__Chennai__Ltd/screenshots/Mansi_Finance__Chennai__Ltd_Homepage_WAVE_Overlay.png)","Company Secretary (Mansi Finance (Chennai) Ltd)","Company Secretary & Compliance Officer","Not publicly disclosed","N/A","Managing Director / CEO","Not publicly disclosed"
"507","Unassigned","Muthoot Capital Services Ltd","https://muthootfinance.com","Yes","Yes","Yes","9.1 out of 10","1","96","![WAVE Tool Screenshot](https://github.com/VEER-TANMAY-SACHIN/projects/blob/main/orchavate_gtm_workflow/outputs/v1.3_apollo_bse_master_list_20260811_112506_attempt6_succesful_reviewnotdone_orchavatecore_digital_digital/Muthoot_Capital_Services_Ltd/screenshots/Muthoot_Capital_Services_Ltd_Homepage_WAVE_Overlay.png)","Company Secretary (Muthoot Capital Services Ltd)","Company Secretary & Compliance Officer","info@muthootfinance.com","General Contact Email (Guessed Pattern)","Managing Director / CEO","info@muthootfinance.com"
"508","Unassigned","Master Trust Ltd","https://mastertrust.co.in","Yes","No","No","8.5 out of 10","","","![WAVE Tool Screenshot](https://github.com/VEER-TANMAY-SACHIN/projects/blob/main/orchavate_gtm_workflow/outputs/v1.3_apollo_bse_master_list_20260811_112506_attempt6_succesful_reviewnotdone_orchavatecore_digital_digital/Master_Trust_Ltd/screenshots/Master_Trust_Ltd_Homepage_WAVE_Overlay.png)","Company Secretary (Master Trust Ltd)","Company Secretary & Compliance Officer","Not publicly disclosed","N/A","Managing Director / CEO","Not publicly disclosed"
"509","Unassigned","EFC (I) Ltd","https://ef.com.cn","Yes","Yes","Yes","3.6 out of 10","9","64","![WAVE Tool Screenshot](https://github.com/VEER-TANMAY-SACHIN/projects/blob/main/orchavate_gtm_workflow/outputs/v1.3_apollo_bse_master_list_20260811_112506_attempt6_succesful_reviewnotdone_orchavatecore_digital_digital/EFC__I__Ltd/screenshots/EFC__I__Ltd_Homepage_WAVE_Overlay.png)","Company Secretary (EFC (I) Ltd)","Company Secretary & Compliance Officer","info@ef.com.cn","General Contact Email (Guessed Pattern)","Managing Director / CEO","info@ef.com.cn"
"510","Unassigned","Skybiotech Healthcare Ltd","https://skybiotech.net","Yes","Yes","Yes","5.8 out of 10","","100","![WAVE Tool Screenshot](https://github.com/VEER-TANMAY-SACHIN/projects/blob/main/orchavate_gtm_workflow/outputs/v1.3_apollo_bse_master_list_20260811_112506_attempt6_succesful_reviewnotdone_orchavatecore_digital_digital/Skybiotech_Healthcare_Ltd/screenshots/Skybiotech_Healthcare_Ltd_Homepage_WAVE_Overlay.png)","Company Secretary (Skybiotech Healthcare Ltd)","Company Secretary & Compliance Officer","info@skybiotech.net","General Contact Email (Guessed Pattern)","Managing Director / CEO","info@skybiotech.net"
"511","Unassigned","Royal India Corporation Ltd","https://royalindia.pl","Yes","Yes","Yes","2.3 out of 10","11","56","![WAVE Tool Screenshot](https://github.com/VEER-TANMAY-SACHIN/projects/blob/main/orchavate_gtm_workflow/outputs/v1.3_apollo_bse_master_list_20260811_112506_attempt6_succesful_reviewnotdone_orchavatecore_digital_digital/Royal_India_Corporation_Ltd/screenshots/Royal_India_Corporation_Ltd_Homepage_WAVE_Overlay.png)","Company Secretary (Royal India Corporation Ltd)","Company Secretary & Compliance Officer","royalindia@royalindia.pl","General Contact Email","Managing Director / CEO","royalindia@royalindia.pl"
"512","Unassigned","Tandhan Industries Ltd","https://tandhanpolyplast.com","Yes","No","No","7.8 out of 10","","","![WAVE Tool Screenshot](https://github.com/VEER-TANMAY-SACHIN/projects/blob/main/orchavate_gtm_workflow/outputs/v1.3_apollo_bse_master_list_20260811_112506_attempt6_succesful_reviewnotdone_orchavatecore_digital_digital/Tandhan_Industries_Ltd/screenshots/Tandhan_Industries_Ltd_Homepage_WAVE_Overlay.png)","Company Secretary (Tandhan Industries Ltd)","Company Secretary & Compliance Officer","Not publicly disclosed","N/A","Managing Director / CEO","Not publicly disclosed"
"513","Unassigned","Wardwizard Healthcare Ltd","https://wardwizard.in","Yes","No","No","7 out of 10","","","![WAVE Tool Screenshot](https://github.com/VEER-TANMAY-SACHIN/projects/blob/main/orchavate_gtm_workflow/outputs/v1.3_apollo_bse_master_list_20260811_112506_attempt6_succesful_reviewnotdone_orchavatecore_digital_digital/Wardwizard_Healthcare_Ltd/screenshots/Wardwizard_Healthcare_Ltd_Homepage_WAVE_Overlay.png)","Company Secretary (Wardwizard Healthcare Ltd)","Company Secretary & Compliance Officer","Not publicly disclosed","N/A","Managing Director / CEO","Not publicly disclosed"
"514","Unassigned","Vishvprabha Ventures Ltd","https://vishvprabhaventures.com","Yes","Yes","Yes","9.1 out of 10","1","96","![WAVE Tool Screenshot](https://github.com/VEER-TANMAY-SACHIN/projects/blob/main/orchavate_gtm_workflow/outputs/v1.3_apollo_bse_master_list_20260811_112506_attempt6_succesful_reviewnotdone_orchavatecore_digital_digital/Vishvprabha_Ventures_Ltd/screenshots/Vishvprabha_Ventures_Ltd_Homepage_WAVE_Overlay.png)","Company Secretary (Vishvprabha Ventures Ltd)","Company Secretary & Compliance Officer","info@vishvprabhaventures.com","General Contact Email (Guessed Pattern)","Managing Director / CEO","info@vishvprabhaventures.com"
"515","Unassigned","Deccan Gold Mines Ltd","https://deccangoldmines.com","Yes","Yes","Yes","1.5 out of 10","12","52","![WAVE Tool Screenshot](https://github.com/VEER-TANMAY-SACHIN/projects/blob/main/orchavate_gtm_workflow/outputs/v1.3_apollo_bse_master_list_20260811_112506_attempt6_succesful_reviewnotdone_orchavatecore_digital_digital/Deccan_Gold_Mines_Ltd/screenshots/Deccan_Gold_Mines_Ltd_Homepage_WAVE_Overlay.png)","Company Secretary (Deccan Gold Mines Ltd)","Company Secretary & Compliance Officer","info@deccangoldmines.com","Investor Grievance / Compliance Officer Email","Managing Director / CEO","investor-relations@deccangoldmines.com"
"516","Unassigned","UPL Ltd","https://upland.me","Yes","Yes","Yes","1 out of 10","25","30","![WAVE Tool Screenshot](https://github.com/VEER-TANMAY-SACHIN/projects/blob/main/orchavate_gtm_workflow/outputs/v1.3_apollo_bse_master_list_20260811_112506_attempt6_succesful_reviewnotdone_orchavatecore_digital_digital/UPL_Ltd/screenshots/UPL_Ltd_Homepage_WAVE_Overlay.png)","Company Secretary (UPL Ltd)","Company Secretary & Compliance Officer","support@upland.me","General Contact Email","Managing Director / CEO","support@upland.me"
"517","Unassigned","Global Defence Industries Ltd","https://globaldefenceacademy.com","Yes","Yes","Yes","1 out of 10","24","30","![WAVE Tool Screenshot](https://github.com/VEER-TANMAY-SACHIN/projects/blob/main/orchavate_gtm_workflow/outputs/v1.3_apollo_bse_master_list_20260811_112506_attempt6_succesful_reviewnotdone_orchavatecore_digital_digital/Global_Defence_Industries_Ltd/screenshots/Global_Defence_Industries_Ltd_Homepage_WAVE_Overlay.png)","Company Secretary (Global Defence Industries Ltd)","Company Secretary & Compliance Officer","info@globaldefenceacademy.com","General Contact Email (Guessed Pattern)","Managing Director / CEO","info@globaldefenceacademy.com"
"518","Unassigned","Triochem Products Ltd","https://triochemproducts.com","Yes","Yes","Yes","7 out of 10","4","84","![WAVE Tool Screenshot](https://github.com/VEER-TANMAY-SACHIN/projects/blob/main/orchavate_gtm_workflow/outputs/v1.3_apollo_bse_master_list_20260811_112506_attempt6_succesful_reviewnotdone_orchavatecore_digital_digital/Triochem_Products_Ltd/screenshots/Triochem_Products_Ltd_Homepage_WAVE_Overlay.png)","Company Secretary (Triochem Products Ltd)","Company Secretary & Compliance Officer","info@triochemproducts.com","General Contact Email (Guessed Pattern)","Managing Director / CEO","info@triochemproducts.com"
"519","Unassigned","Aviva Industries Ltd","https://avivaromm.com","Yes","Yes","Yes","1 out of 10","24","30","![WAVE Tool Screenshot](https://github.com/VEER-TANMAY-SACHIN/projects/blob/main/orchavate_gtm_workflow/outputs/v1.3_apollo_bse_master_list_20260811_112506_attempt6_succesful_reviewnotdone_orchavatecore_digital_digital/Aviva_Industries_Ltd/screenshots/Aviva_Industries_Ltd_Homepage_WAVE_Overlay.png)","Company Secretary (Aviva Industries Ltd)","Company Secretary & Compliance Officer","info@avivaromm.com","General Contact Email (Guessed Pattern)","Managing Director / CEO","info@avivaromm.com"
"520","Unassigned","Signet Industries Ltd","https://signetjewelers.com","Yes","No","No","8.5 out of 10","","","![WAVE Tool Screenshot](https://github.com/VEER-TANMAY-SACHIN/projects/blob/main/orchavate_gtm_workflow/outputs/v1.3_apollo_bse_master_list_20260811_112506_attempt6_succesful_reviewnotdone_orchavatecore_digital_digital/Signet_Industries_Ltd/screenshots/Signet_Industries_Ltd_Homepage_WAVE_Overlay.png)","Company Secretary (Signet Industries Ltd)","Company Secretary & Compliance Officer","Not publicly disclosed","N/A","Managing Director / CEO","Not publicly disclosed"
"521","Unassigned","Avance Technologies Ltd","https://avancefuneralhome.com","Yes","Yes","Yes","1.5 out of 10","12","52","![WAVE Tool Screenshot](https://github.com/VEER-TANMAY-SACHIN/projects/blob/main/orchavate_gtm_workflow/outputs/v1.3_apollo_bse_master_list_20260811_112506_attempt6_succesful_reviewnotdone_orchavatecore_digital_digital/Avance_Technologies_Ltd/screenshots/Avance_Technologies_Ltd_Homepage_WAVE_Overlay.png)","Company Secretary (Avance Technologies Ltd)","Company Secretary & Compliance Officer","website@funeraldirectorslife.com","General Contact Email","Managing Director / CEO","website@funeraldirectorslife.com"
"522","Unassigned","M Lakhamsi Industries Ltd","https://lakhamsi.com","Yes","Yes","Yes","7.8 out of 10","","100","![WAVE Tool Screenshot](https://github.com/VEER-TANMAY-SACHIN/projects/blob/main/orchavate_gtm_workflow/outputs/v1.3_apollo_bse_master_list_20260811_112506_attempt6_succesful_reviewnotdone_orchavatecore_digital_digital/M_Lakhamsi_Industries_Ltd/screenshots/M_Lakhamsi_Industries_Ltd_Homepage_WAVE_Overlay.png)","Company Secretary (M Lakhamsi Industries Ltd)","Company Secretary & Compliance Officer","info@lakhamsi.com","General Contact Email (Guessed Pattern)","Managing Director / CEO","info@lakhamsi.com"
"523","Unassigned","Securekloud Technologies Ltd","https://securekloud.com","Yes","No","No","8.5 out of 10","","","![WAVE Tool Screenshot](https://github.com/VEER-TANMAY-SACHIN/projects/blob/main/orchavate_gtm_workflow/outputs/v1.3_apollo_bse_master_list_20260811_112506_attempt6_succesful_reviewnotdone_orchavatecore_digital_digital/Securekloud_Technologies_Ltd/screenshots/Securekloud_Technologies_Ltd_Homepage_WAVE_Overlay.png)","Company Secretary (Securekloud Technologies Ltd)","Company Secretary & Compliance Officer","Not publicly disclosed","N/A","Managing Director / CEO","Not publicly disclosed"
"524","Unassigned","Abans Enterprises Ltd","https://aban.net","Yes","Yes","Yes","1 out of 10","27","30","![WAVE Tool Screenshot](https://github.com/VEER-TANMAY-SACHIN/projects/blob/main/orchavate_gtm_workflow/outputs/v1.3_apollo_bse_master_list_20260811_112506_attempt6_succesful_reviewnotdone_orchavatecore_digital_digital/Abans_Enterprises_Ltd/screenshots/Abans_Enterprises_Ltd_Homepage_WAVE_Overlay.png)","Company Secretary (Abans Enterprises Ltd)","Company Secretary & Compliance Officer","aban@aban.net","General Contact Email","Managing Director / CEO","aban@aban.net"
"525","Unassigned","Capricorn Systems Global Solutions Ltd","https://capricornsys-global.com","Yes","Yes","Yes","8.5 out of 10","","100","![WAVE Tool Screenshot](https://github.com/VEER-TANMAY-SACHIN/projects/blob/main/orchavate_gtm_workflow/outputs/v1.3_apollo_bse_master_list_20260811_112506_attempt6_succesful_reviewnotdone_orchavatecore_digital_digital/Capricorn_Systems_Global_Solutions_Ltd/screenshots/Capricorn_Systems_Global_Solutions_Ltd_Homepage_WAVE_Overlay.png)","Company Secretary (Capricorn Systems Global Solutions Ltd)","Company Secretary & Compliance Officer","info@capricornsys-global.com","General Contact Email (Guessed Pattern)","Managing Director / CEO","info@capricornsys-global.com"
"526","Unassigned","Vama Industries Ltd","https://vam.ac.uk","Yes","Yes","Yes","8.5 out of 10","","100","![WAVE Tool Screenshot](https://github.com/VEER-TANMAY-SACHIN/projects/blob/main/orchavate_gtm_workflow/outputs/v1.3_apollo_bse_master_list_20260811_112506_attempt6_succesful_reviewnotdone_orchavatecore_digital_digital/Vama_Industries_Ltd/screenshots/Vama_Industries_Ltd_Homepage_WAVE_Overlay.png)","Company Secretary (Vama Industries Ltd)","Company Secretary & Compliance Officer","hello@vam.ac.uk","General Contact Email","Managing Director / CEO","hello@vam.ac.uk"
"527","Unassigned","Sunteck Realty Ltd","https://sunteckindia.com","Yes","No","No","8.5 out of 10","","","![WAVE Tool Screenshot](https://github.com/VEER-TANMAY-SACHIN/projects/blob/main/orchavate_gtm_workflow/outputs/v1.3_apollo_bse_master_list_20260811_112506_attempt6_succesful_reviewnotdone_orchavatecore_digital_digital/Sunteck_Realty_Ltd/screenshots/Sunteck_Realty_Ltd_Homepage_WAVE_Overlay.png)","Company Secretary (Sunteck Realty Ltd)","Company Secretary & Compliance Officer","Not publicly disclosed","N/A","Managing Director / CEO","Not publicly disclosed"
"528","Unassigned","Bentley Commercial Enterprises Ltd","https://bentleycommercial.co.uk","Yes","Yes","Yes","6.3 out of 10","5","80","![WAVE Tool Screenshot](https://github.com/VEER-TANMAY-SACHIN/projects/blob/main/orchavate_gtm_workflow/outputs/v1.3_apollo_bse_master_list_20260811_112506_attempt6_succesful_reviewnotdone_orchavatecore_digital_digital/Bentley_Commercial_Enterprises_Ltd/screenshots/Bentley_Commercial_Enterprises_Ltd_Homepage_WAVE_Overlay.png)","Company Secretary (Bentley Commercial Enterprises Ltd)","Company Secretary & Compliance Officer","tom@bentleycommercial.co.uk","General Contact Email","Managing Director / CEO","tom@bentleycommercial.co.uk"
"529","Unassigned","Silveroak Commercials Ltd","https://silveroakcre.com","Yes","Yes","Yes","8.5 out of 10","2","92","![WAVE Tool Screenshot](https://github.com/VEER-TANMAY-SACHIN/projects/blob/main/orchavate_gtm_workflow/outputs/v1.3_apollo_bse_master_list_20260811_112506_attempt6_succesful_reviewnotdone_orchavatecore_digital_digital/Silveroak_Commercials_Ltd/screenshots/Silveroak_Commercials_Ltd_Homepage_WAVE_Overlay.png)","Company Secretary (Silveroak Commercials Ltd)","Company Secretary & Compliance Officer","info@silveroakcre.com","General Contact Email (Guessed Pattern)","Managing Director / CEO","info@silveroakcre.com"
"530","Unassigned","Veritas (India) Ltd","https://veritaspress.com","Yes","No","No","7.8 out of 10","","","![WAVE Tool Screenshot](https://github.com/VEER-TANMAY-SACHIN/projects/blob/main/orchavate_gtm_workflow/outputs/v1.3_apollo_bse_master_list_20260811_112506_attempt6_succesful_reviewnotdone_orchavatecore_digital_digital/Veritas__India__Ltd/screenshots/Veritas__India__Ltd_Homepage_WAVE_Overlay.png)","Company Secretary (Veritas (India) Ltd)","Company Secretary & Compliance Officer","Not publicly disclosed","N/A","Managing Director / CEO","Not publicly disclosed"
"531","Unassigned","Jai Corp Ltd","https://jailexchange.com","Yes","No","No","5.8 out of 10","","","![WAVE Tool Screenshot](https://github.com/VEER-TANMAY-SACHIN/projects/blob/main/orchavate_gtm_workflow/outputs/v1.3_apollo_bse_master_list_20260811_112506_attempt6_succesful_reviewnotdone_orchavatecore_digital_digital/Jai_Corp_Ltd/screenshots/Jai_Corp_Ltd_Homepage_WAVE_Overlay.png)","Company Secretary (Jai Corp Ltd)","Company Secretary & Compliance Officer","Not publicly disclosed","N/A","Managing Director / CEO","Not publicly disclosed"
"532","Unassigned","Ashirwad Capital Ltd","https://ashirwadagency.com","Yes","No","No","7.8 out of 10","","","![WAVE Tool Screenshot](https://github.com/VEER-TANMAY-SACHIN/projects/blob/main/orchavate_gtm_workflow/outputs/v1.3_apollo_bse_master_list_20260811_112506_attempt6_succesful_reviewnotdone_orchavatecore_digital_digital/Ashirwad_Capital_Ltd/screenshots/Ashirwad_Capital_Ltd_Homepage_WAVE_Overlay.png)","Company Secretary (Ashirwad Capital Ltd)","Company Secretary & Compliance Officer","Not publicly disclosed","N/A","Managing Director / CEO","Not publicly disclosed"
"533","Unassigned","Autoriders International Ltd","https://autoriders.in","Yes","Yes","Yes","1 out of 10","14","44","![WAVE Tool Screenshot](https://github.com/VEER-TANMAY-SACHIN/projects/blob/main/orchavate_gtm_workflow/outputs/v1.3_apollo_bse_master_list_20260811_112506_attempt6_succesful_reviewnotdone_orchavatecore_digital_digital/Autoriders_International_Ltd/screenshots/Autoriders_International_Ltd_Homepage_WAVE_Overlay.png)","Company Secretary (Autoriders International Ltd)","Company Secretary & Compliance Officer","enquiry@autoriders.in","Investor Grievance / Compliance Officer Email","Managing Director / CEO","Complianceofficer@autoriders.in"
"534","Unassigned","Bhagyanagar India Ltd","https://bhagyanagarindia.com","Yes","Yes","Yes","1 out of 10","25","30","![WAVE Tool Screenshot](https://github.com/VEER-TANMAY-SACHIN/projects/blob/main/orchavate_gtm_workflow/outputs/v1.3_apollo_bse_master_list_20260811_112506_attempt6_succesful_reviewnotdone_orchavatecore_digital_digital/Bhagyanagar_India_Ltd/screenshots/Bhagyanagar_India_Ltd_Homepage_WAVE_Overlay.png)","Company Secretary (Bhagyanagar India Ltd)","Company Secretary & Compliance Officer","nvrao@surana.com","General Contact Email","Managing Director / CEO","nvrao@surana.com"
"535","Unassigned","Typhoon Holdings Ltd","https://typhoontexas.com","Yes","Yes","Yes","7 out of 10","","100","![WAVE Tool Screenshot](https://github.com/VEER-TANMAY-SACHIN/projects/blob/main/orchavate_gtm_workflow/outputs/v1.3_apollo_bse_master_list_20260811_112506_attempt6_succesful_reviewnotdone_orchavatecore_digital_digital/Typhoon_Holdings_Ltd/screenshots/Typhoon_Holdings_Ltd_Homepage_WAVE_Overlay.png)","Company Secretary (Typhoon Holdings Ltd)","Company Secretary & Compliance Officer","info@typhoontexas.com","General Contact Email (Guessed Pattern)","Managing Director / CEO","info@typhoontexas.com"
"536","Unassigned","SG Mart Ltd","https://interiorblender.com","Yes","Yes","Yes","7 out of 10","","100","![WAVE Tool Screenshot](https://github.com/VEER-TANMAY-SACHIN/projects/blob/main/orchavate_gtm_workflow/outputs/v1.3_apollo_bse_master_list_20260811_112506_attempt6_succesful_reviewnotdone_orchavatecore_digital_digital/SG_Mart_Ltd/screenshots/SG_Mart_Ltd_Homepage_WAVE_Overlay.png)","Company Secretary (SG Mart Ltd)","Company Secretary & Compliance Officer","info@interiorblender.com","General Contact Email (Guessed Pattern)","Managing Director / CEO","info@interiorblender.com"
"537","Unassigned","Sheraton Properties & Finance Ltd","https://sheratonproperties.com","Yes","Yes","Yes","7 out of 10","","100","![WAVE Tool Screenshot](https://github.com/VEER-TANMAY-SACHIN/projects/blob/main/orchavate_gtm_workflow/outputs/v1.3_apollo_bse_master_list_20260811_112506_attempt6_succesful_reviewnotdone_orchavatecore_digital_digital/Sheraton_Properties___Finance_Ltd/screenshots/Sheraton_Properties___Finance_Ltd_Homepage_WAVE_Overlay.png)","Company Secretary (Sheraton Properties & Finance Ltd)","Company Secretary & Compliance Officer","605a7baede844d278b89dc95ae0a9123@sentry-next.wixpress.com","General Contact Email","Managing Director / CEO","605a7baede844d278b89dc95ae0a9123@sentry-next.wixpress.com"
"538","Unassigned","Starteck Finance Ltd","https://starteckworkspace.com","Yes","Yes","Yes","8.5 out of 10","2","92","![WAVE Tool Screenshot](https://github.com/VEER-TANMAY-SACHIN/projects/blob/main/orchavate_gtm_workflow/outputs/v1.3_apollo_bse_master_list_20260811_112506_attempt6_succesful_reviewnotdone_orchavatecore_digital_digital/Starteck_Finance_Ltd/screenshots/Starteck_Finance_Ltd_Homepage_WAVE_Overlay.png)","Company Secretary (Starteck Finance Ltd)","Company Secretary & Compliance Officer","info@starteckworkspace.com","General Contact Email (Guessed Pattern)","Managing Director / CEO","info@starteckworkspace.com"
"539","Unassigned","Apollo Finvest India Ltd","https://apollofinvest.com","Yes","Yes","Yes","1 out of 10","23","30","![WAVE Tool Screenshot](https://github.com/VEER-TANMAY-SACHIN/projects/blob/main/orchavate_gtm_workflow/outputs/v1.3_apollo_bse_master_list_20260811_112506_attempt6_succesful_reviewnotdone_orchavatecore_digital_digital/Apollo_Finvest_India_Ltd/screenshots/Apollo_Finvest_India_Ltd_Homepage_WAVE_Overlay.png)","Company Secretary (Apollo Finvest India Ltd)","Company Secretary & Compliance Officer","grievanceredressal@apollofinvest.com","Investor Grievance / Compliance Officer Email","Managing Director / CEO","grievanceredressal@apollofinvest.com"
"540","Unassigned","Enbee Trade & Finance Ltd","https://enbeetrade.com","Yes","Yes","Yes","7.8 out of 10","","100","![WAVE Tool Screenshot](https://github.com/VEER-TANMAY-SACHIN/projects/blob/main/orchavate_gtm_workflow/outputs/v1.3_apollo_bse_master_list_20260811_112506_attempt6_succesful_reviewnotdone_orchavatecore_digital_digital/Enbee_Trade___Finance_Ltd/screenshots/Enbee_Trade___Finance_Ltd_Homepage_WAVE_Overlay.png)","Company Secretary (Enbee Trade & Finance Ltd)","Company Secretary & Compliance Officer","info@enbeetrade.com","General Contact Email (Guessed Pattern)","Managing Director / CEO","info@enbeetrade.com"
"541","Unassigned","Lloyds Enterprises Ltd","https://lloydsbank.com","Yes","Yes","Yes","9.1 out of 10","1","96","![WAVE Tool Screenshot](https://github.com/VEER-TANMAY-SACHIN/projects/blob/main/orchavate_gtm_workflow/outputs/v1.3_apollo_bse_master_list_20260811_112506_attempt6_succesful_reviewnotdone_orchavatecore_digital_digital/Lloyds_Enterprises_Ltd/screenshots/Lloyds_Enterprises_Ltd_Homepage_WAVE_Overlay.png)","Company Secretary (Lloyds Enterprises Ltd)","Company Secretary & Compliance Officer","info@lloydsbank.com","General Contact Email (Guessed Pattern)","Managing Director / CEO","info@lloydsbank.com"
"542","Unassigned","Betex India Ltd","https://betexindia.com","Yes","Yes","Yes","9.1 out of 10","1","96","![WAVE Tool Screenshot](https://github.com/VEER-TANMAY-SACHIN/projects/blob/main/orchavate_gtm_workflow/outputs/v1.3_apollo_bse_master_list_20260811_112506_attempt6_succesful_reviewnotdone_orchavatecore_digital_digital/Betex_India_Ltd/screenshots/Betex_India_Ltd_Homepage_WAVE_Overlay.png)","Company Secretary (Betex India Ltd)","Company Secretary & Compliance Officer","corporate@betexindia.com","Investor Grievance / Compliance Officer Email","Managing Director / CEO","corporate@betexindia.com"
"543","Unassigned","Garnet International Ltd","https://garnetint.com","Yes","Yes","Yes","8.5 out of 10","2","92","![WAVE Tool Screenshot](https://github.com/VEER-TANMAY-SACHIN/projects/blob/main/orchavate_gtm_workflow/outputs/v1.3_apollo_bse_master_list_20260811_112506_attempt6_succesful_reviewnotdone_orchavatecore_digital_digital/Garnet_International_Ltd/screenshots/Garnet_International_Ltd_Homepage_WAVE_Overlay.png)","Company Secretary (Garnet International Ltd)","Company Secretary & Compliance Officer","info@garnetint.com","General Contact Email","Managing Director / CEO","info@garnetint.com"
"544","Unassigned","Shalimar Productions Ltd","https://shalimarpro.com","Yes","Yes","Yes","7.8 out of 10","3","88","![WAVE Tool Screenshot](https://github.com/VEER-TANMAY-SACHIN/projects/blob/main/orchavate_gtm_workflow/outputs/v1.3_apollo_bse_master_list_20260811_112506_attempt6_succesful_reviewnotdone_orchavatecore_digital_digital/Shalimar_Productions_Ltd/screenshots/Shalimar_Productions_Ltd_Homepage_WAVE_Overlay.png)","Company Secretary (Shalimar Productions Ltd)","Company Secretary & Compliance Officer","investor@shalimarpro.com","Investor Grievance / Compliance Officer Email","Managing Director / CEO","info@adroitcorporate.com"
"545","Unassigned","Meenakshi Steel Industries Ltd","https://meenakshisteel.co.in","Yes","No","No","8.5 out of 10","","","![WAVE Tool Screenshot](https://github.com/VEER-TANMAY-SACHIN/projects/blob/main/orchavate_gtm_workflow/outputs/v1.3_apollo_bse_master_list_20260811_112506_attempt6_succesful_reviewnotdone_orchavatecore_digital_digital/Meenakshi_Steel_Industries_Ltd/screenshots/Meenakshi_Steel_Industries_Ltd_Homepage_WAVE_Overlay.png)","Company Secretary (Meenakshi Steel Industries Ltd)","Company Secretary & Compliance Officer","Not publicly disclosed","N/A","Managing Director / CEO","Not publicly disclosed"
"546","Unassigned","Donear Industries Ltd","https://donear.com","Yes","Yes","Yes","1.5 out of 10","12","52","![WAVE Tool Screenshot](https://github.com/VEER-TANMAY-SACHIN/projects/blob/main/orchavate_gtm_workflow/outputs/v1.3_apollo_bse_master_list_20260811_112506_attempt6_succesful_reviewnotdone_orchavatecore_digital_digital/Donear_Industries_Ltd/screenshots/Donear_Industries_Ltd_Homepage_WAVE_Overlay.png)","Company Secretary (Donear Industries Ltd)","Company Secretary & Compliance Officer","info@donear.com","General Contact Email","Managing Director / CEO","info@donear.com"
"547","Unassigned","Super Sales India Ltd","https://supersales.co.in","Yes","Yes","Yes","1.5 out of 10","12","52","![WAVE Tool Screenshot](https://github.com/VEER-TANMAY-SACHIN/projects/blob/main/orchavate_gtm_workflow/outputs/v1.3_apollo_bse_master_list_20260811_112506_attempt6_succesful_reviewnotdone_orchavatecore_digital_digital/Super_Sales_India_Ltd/screenshots/Super_Sales_India_Ltd_Homepage_WAVE_Overlay.png)","Company Secretary (Super Sales India Ltd)","Company Secretary & Compliance Officer","ssil@vaamaa.com","General Contact Email","Managing Director / CEO","ssil@vaamaa.com"
"548","Unassigned","State Trading Corporation of India Ltd","https://stclimited.co.in","Yes","Yes","Yes","5.8 out of 10","6","76","![WAVE Tool Screenshot](https://github.com/VEER-TANMAY-SACHIN/projects/blob/main/orchavate_gtm_workflow/outputs/v1.3_apollo_bse_master_list_20260811_112506_attempt6_succesful_reviewnotdone_orchavatecore_digital_digital/State_Trading_Corporation_of_India_Ltd/screenshots/State_Trading_Corporation_of_India_Ltd_Homepage_WAVE_Overlay.png)","Company Secretary (State Trading Corporation of India Ltd)","Company Secretary & Compliance Officer","co@stclimited.co.in","Investor Grievance / Compliance Officer Email","Managing Director / CEO","co@stclimited.co.in"
"549","Unassigned","Zenith Exports Ltd","https://zenithexportslimited.com","Yes","Yes","Yes","7 out of 10","4","84","![WAVE Tool Screenshot](https://github.com/VEER-TANMAY-SACHIN/projects/blob/main/orchavate_gtm_workflow/outputs/v1.3_apollo_bse_master_list_20260811_112506_attempt6_succesful_reviewnotdone_orchavatecore_digital_digital/Zenith_Exports_Ltd/screenshots/Zenith_Exports_Ltd_Homepage_WAVE_Overlay.png)","Company Secretary (Zenith Exports Ltd)","Company Secretary & Compliance Officer","info@zenithexportslimited.com","General Contact Email","Managing Director / CEO","info@zenithexportslimited.com"
"550","Unassigned","Neelkanth Ltd","https://neelkanthdrugs.in","Yes","Yes","Yes","8.5 out of 10","","100","![WAVE Tool Screenshot](https://github.com/VEER-TANMAY-SACHIN/projects/blob/main/orchavate_gtm_workflow/outputs/v1.3_apollo_bse_master_list_20260811_112506_attempt6_succesful_reviewnotdone_orchavatecore_digital_digital/Neelkanth_Ltd/screenshots/Neelkanth_Ltd_Homepage_WAVE_Overlay.png)","Company Secretary (Neelkanth Ltd)","Company Secretary & Compliance Officer","info@neelkanthdrugs.in","General Contact Email (Guessed Pattern)","Managing Director / CEO","info@neelkanthdrugs.in"
"551","Unassigned","Avanti Feeds Ltd","https://avantifeeds.com","Yes","No","No","6.3 out of 10","","","![WAVE Tool Screenshot](https://github.com/VEER-TANMAY-SACHIN/projects/blob/main/orchavate_gtm_workflow/outputs/v1.3_apollo_bse_master_list_20260811_112506_attempt6_succesful_reviewnotdone_orchavatecore_digital_digital/Avanti_Feeds_Ltd/screenshots/Avanti_Feeds_Ltd_Homepage_WAVE_Overlay.png)","Company Secretary (Avanti Feeds Ltd)","Company Secretary & Compliance Officer","Not publicly disclosed","N/A","Managing Director / CEO","Not publicly disclosed"
"552","Unassigned","Sita Enterprises Ltd","https://sita.aero","Yes","Yes","Yes","5.8 out of 10","","100","![WAVE Tool Screenshot](https://github.com/VEER-TANMAY-SACHIN/projects/blob/main/orchavate_gtm_workflow/outputs/v1.3_apollo_bse_master_list_20260811_112506_attempt6_succesful_reviewnotdone_orchavatecore_digital_digital/Sita_Enterprises_Ltd/screenshots/Sita_Enterprises_Ltd_Homepage_WAVE_Overlay.png)","Company Secretary (Sita Enterprises Ltd)","Company Secretary & Compliance Officer","info@sita.aero","General Contact Email (Guessed Pattern)","Managing Director / CEO","info@sita.aero"
"553","Unassigned","Manbro Industries Ltd","https://manbroker.pl","Yes","Yes","Yes","1 out of 10","15","40","![WAVE Tool Screenshot](https://github.com/VEER-TANMAY-SACHIN/projects/blob/main/orchavate_gtm_workflow/outputs/v1.3_apollo_bse_master_list_20260811_112506_attempt6_succesful_reviewnotdone_orchavatecore_digital_digital/Manbro_Industries_Ltd/screenshots/Manbro_Industries_Ltd_Homepage_WAVE_Overlay.png)","Company Secretary (Manbro Industries Ltd)","Company Secretary & Compliance Officer","biuro@manbroker.pl","General Contact Email","Managing Director / CEO","biuro@manbroker.pl"
"554","Unassigned","Keynote Financial Services Ltd","https://keynotefinancial.com","Yes","Yes","Yes","5.8 out of 10","","100","![WAVE Tool Screenshot](https://github.com/VEER-TANMAY-SACHIN/projects/blob/main/orchavate_gtm_workflow/outputs/v1.3_apollo_bse_master_list_20260811_112506_attempt6_succesful_reviewnotdone_orchavatecore_digital_digital/Keynote_Financial_Services_Ltd/screenshots/Keynote_Financial_Services_Ltd_Homepage_WAVE_Overlay.png)","Company Secretary (Keynote Financial Services Ltd)","Company Secretary & Compliance Officer","605a7baede844d278b89dc95ae0a9123@sentry-next.wixpress.com","General Contact Email","Managing Director / CEO","605a7baede844d278b89dc95ae0a9123@sentry-next.wixpress.com"
"555","Unassigned","Adani Enterprises Ltd","https://adanielectricity.com","Yes","Yes","Yes","1 out of 10","33","30","![WAVE Tool Screenshot](https://github.com/VEER-TANMAY-SACHIN/projects/blob/main/orchavate_gtm_workflow/outputs/v1.3_apollo_bse_master_list_20260811_112506_attempt6_succesful_reviewnotdone_orchavatecore_digital_digital/Adani_Enterprises_Ltd/screenshots/Adani_Enterprises_Ltd_Homepage_WAVE_Overlay.png)","Company Secretary (Adani Enterprises Ltd)","Company Secretary & Compliance Officer","helpdesk.mumbaielectricity@adani.com","General Contact Email","Managing Director / CEO","helpdesk.mumbaielectricity@adani.com"
"556","Unassigned","Bhandari Hosiery Exports Ltd","https://bhandariexport.com","Yes","No","No","7.8 out of 10","","","![WAVE Tool Screenshot](https://github.com/VEER-TANMAY-SACHIN/projects/blob/main/orchavate_gtm_workflow/outputs/v1.3_apollo_bse_master_list_20260811_112506_attempt6_succesful_reviewnotdone_orchavatecore_digital_digital/Bhandari_Hosiery_Exports_Ltd/screenshots/Bhandari_Hosiery_Exports_Ltd_Homepage_WAVE_Overlay.png)","Company Secretary (Bhandari Hosiery Exports Ltd)","Company Secretary & Compliance Officer","Not publicly disclosed","N/A","Managing Director / CEO","Not publicly disclosed"
"557","Unassigned","RLF Ltd","https://rlfans.com","Yes","No","No","8.5 out of 10","","","![WAVE Tool Screenshot](https://github.com/VEER-TANMAY-SACHIN/projects/blob/main/orchavate_gtm_workflow/outputs/v1.3_apollo_bse_master_list_20260811_112506_attempt6_succesful_reviewnotdone_orchavatecore_digital_digital/RLF_Ltd/screenshots/RLF_Ltd_Homepage_WAVE_Overlay.png)","Company Secretary (RLF Ltd)","Company Secretary & Compliance Officer","Not publicly disclosed","N/A","Managing Director / CEO","Not publicly disclosed"
"558","Unassigned","Regent Enterprises Ltd","https://regententerprises.in","Yes","Yes","Yes","1.5 out of 10","12","52","![WAVE Tool Screenshot](https://github.com/VEER-TANMAY-SACHIN/projects/blob/main/orchavate_gtm_workflow/outputs/v1.3_apollo_bse_master_list_20260811_112506_attempt6_succesful_reviewnotdone_orchavatecore_digital_digital/Regent_Enterprises_Ltd/screenshots/Regent_Enterprises_Ltd_Homepage_WAVE_Overlay.png)","Company Secretary (Regent Enterprises Ltd)","Company Secretary & Compliance Officer","info@regententerprises.in","General Contact Email","Managing Director / CEO","info@regententerprises.in"
"559","Unassigned","Orbit Exports Ltd","https://orbitexports.com","Yes","Yes","Yes","9.1 out of 10","1","96","![WAVE Tool Screenshot](https://github.com/VEER-TANMAY-SACHIN/projects/blob/main/orchavate_gtm_workflow/outputs/v1.3_apollo_bse_master_list_20260811_112506_attempt6_succesful_reviewnotdone_orchavatecore_digital_digital/Orbit_Exports_Ltd/screenshots/Orbit_Exports_Ltd_Homepage_WAVE_Overlay.png)","Company Secretary (Orbit Exports Ltd)","Company Secretary & Compliance Officer","info@orbitexports.com","General Contact Email (Guessed Pattern)","Managing Director / CEO","info@orbitexports.com"
"560","Unassigned","Savera Industries Ltd","https://saveracruz.com.ar","Yes","Yes","Yes","1 out of 10","24","30","![WAVE Tool Screenshot](https://github.com/VEER-TANMAY-SACHIN/projects/blob/main/orchavate_gtm_workflow/outputs/v1.3_apollo_bse_master_list_20260811_112506_attempt6_succesful_reviewnotdone_orchavatecore_digital_digital/Savera_Industries_Ltd/screenshots/Savera_Industries_Ltd_Homepage_WAVE_Overlay.png)","Company Secretary (Savera Industries Ltd)","Company Secretary & Compliance Officer","info@saveracruz.com.ar","General Contact Email","Managing Director / CEO","info@saveracruz.com.ar"
"561","Unassigned","Nava Ltd","https://navalimited.com","Yes","Yes","Yes","1 out of 10","65","30","![WAVE Tool Screenshot](https://github.com/VEER-TANMAY-SACHIN/projects/blob/main/orchavate_gtm_workflow/outputs/v1.3_apollo_bse_master_list_20260811_112506_attempt6_succesful_reviewnotdone_orchavatecore_digital_digital/Nava_Ltd/screenshots/Nava_Ltd_Homepage_WAVE_Overlay.png)","Company Secretary (Nava Ltd)","Company Secretary & Compliance Officer","info@navalimited.com","General Contact Email (Guessed Pattern)","Managing Director / CEO","info@navalimited.com"
"562","Unassigned","Shivalik Bimetal Controls Ltd","https://shivalikbimetals.com","Yes","Yes","Yes","1 out of 10","35","30","![WAVE Tool Screenshot](https://github.com/VEER-TANMAY-SACHIN/projects/blob/main/orchavate_gtm_workflow/outputs/v1.3_apollo_bse_master_list_20260811_112506_attempt6_succesful_reviewnotdone_orchavatecore_digital_digital/Shivalik_Bimetal_Controls_Ltd/screenshots/Shivalik_Bimetal_Controls_Ltd_Homepage_WAVE_Overlay.png)","Company Secretary (Shivalik Bimetal Controls Ltd)","Company Secretary & Compliance Officer","info@shivalikbimetals.com","General Contact Email (Guessed Pattern)","Managing Director / CEO","info@shivalikbimetals.com"
"563","Unassigned","Gandhi Special Tubes Ltd","https://gandhispecialtubes.com","Yes","Yes","Yes","1 out of 10","20","30","![WAVE Tool Screenshot](https://github.com/VEER-TANMAY-SACHIN/projects/blob/main/orchavate_gtm_workflow/outputs/v1.3_apollo_bse_master_list_20260811_112506_attempt6_succesful_reviewnotdone_orchavatecore_digital_digital/Gandhi_Special_Tubes_Ltd/screenshots/Gandhi_Special_Tubes_Ltd_Homepage_WAVE_Overlay.png)","Company Secretary (Gandhi Special Tubes Ltd)","Company Secretary & Compliance Officer","info@gandhitubes.com","Investor Grievance / Compliance Officer Email","Managing Director / CEO","complianceofficer@gandhitubes.com"
"564","Unassigned","Oricon Enterprises Ltd","https://oricon.co.jp","Yes","Yes","Yes","9.1 out of 10","1","96","![WAVE Tool Screenshot](https://github.com/VEER-TANMAY-SACHIN/projects/blob/main/orchavate_gtm_workflow/outputs/v1.3_apollo_bse_master_list_20260811_112506_attempt6_succesful_reviewnotdone_orchavatecore_digital_digital/Oricon_Enterprises_Ltd/screenshots/Oricon_Enterprises_Ltd_Homepage_WAVE_Overlay.png)","Company Secretary (Oricon Enterprises Ltd)","Company Secretary & Compliance Officer","info@oricon.co.jp","General Contact Email (Guessed Pattern)","Managing Director / CEO","info@oricon.co.jp"
"565","Unassigned","Acrow India Ltd","https://acrowdofstocks.com","Yes","Yes","Yes","7.8 out of 10","","100","![WAVE Tool Screenshot](https://github.com/VEER-TANMAY-SACHIN/projects/blob/main/orchavate_gtm_workflow/outputs/v1.3_apollo_bse_master_list_20260811_112506_attempt6_succesful_reviewnotdone_orchavatecore_digital_digital/Acrow_India_Ltd/screenshots/Acrow_India_Ltd_Homepage_WAVE_Overlay.png)","Company Secretary (Acrow India Ltd)","Company Secretary & Compliance Officer","info@acrowdofstocks.com","General Contact Email (Guessed Pattern)","Managing Director / CEO","info@acrowdofstocks.com"
"566","Unassigned","Pennar Industries Ltd","https://pennarbed-immobilier.fr","Yes","Yes","Yes","9.1 out of 10","1","96","![WAVE Tool Screenshot](https://github.com/VEER-TANMAY-SACHIN/projects/blob/main/orchavate_gtm_workflow/outputs/v1.3_apollo_bse_master_list_20260811_112506_attempt6_succesful_reviewnotdone_orchavatecore_digital_digital/Pennar_Industries_Ltd/screenshots/Pennar_Industries_Ltd_Homepage_WAVE_Overlay.png)","Company Secretary (Pennar Industries Ltd)","Company Secretary & Compliance Officer","info@pennarbed-immobilier.fr","General Contact Email (Guessed Pattern)","Managing Director / CEO","info@pennarbed-immobilier.fr"
"567","Unassigned","Jyoti Structures Ltd","https://jsl.in","Yes","No","No","7 out of 10","","","![WAVE Tool Screenshot](https://github.com/VEER-TANMAY-SACHIN/projects/blob/main/orchavate_gtm_workflow/outputs/v1.3_apollo_bse_master_list_20260811_112506_attempt6_succesful_reviewnotdone_orchavatecore_digital_digital/Jyoti_Structures_Ltd/screenshots/Jyoti_Structures_Ltd_Homepage_WAVE_Overlay.png)","Company Secretary (Jyoti Structures Ltd)","Company Secretary & Compliance Officer","Not publicly disclosed","N/A","Managing Director / CEO","Not publicly disclosed"
"568","Unassigned","Steel Strips Wheels Ltd","https://sswlindia.com","Yes","Yes","Yes","4.3 out of 10","8","68","![WAVE Tool Screenshot](https://github.com/VEER-TANMAY-SACHIN/projects/blob/main/orchavate_gtm_workflow/outputs/v1.3_apollo_bse_master_list_20260811_112506_attempt6_succesful_reviewnotdone_orchavatecore_digital_digital/Steel_Strips_Wheels_Ltd/screenshots/Steel_Strips_Wheels_Ltd_Homepage_WAVE_Overlay.png)","Company Secretary (Steel Strips Wheels Ltd)","Company Secretary & Compliance Officer","info@sswlindia.com","General Contact Email","Managing Director / CEO","info@sswlindia.com"
"569","Unassigned","Man Industries (India) Ltd","https://mangakakalot.com","Yes","Yes","Yes","5.8 out of 10","6","76","![WAVE Tool Screenshot](https://github.com/VEER-TANMAY-SACHIN/projects/blob/main/orchavate_gtm_workflow/outputs/v1.3_apollo_bse_master_list_20260811_112506_attempt6_succesful_reviewnotdone_orchavatecore_digital_digital/Man_Industries__India__Ltd/screenshots/Man_Industries__India__Ltd_Homepage_WAVE_Overlay.png)","Company Secretary (Man Industries (India) Ltd)","Company Secretary & Compliance Officer","info@mangakakalot.com","General Contact Email (Guessed Pattern)","Managing Director / CEO","info@mangakakalot.com"
"570","Unassigned","Imec Services Ltd","https://ime.co.ir","Yes","Yes","Yes","6.3 out of 10","","100","![WAVE Tool Screenshot](https://github.com/VEER-TANMAY-SACHIN/projects/blob/main/orchavate_gtm_workflow/outputs/v1.3_apollo_bse_master_list_20260811_112506_attempt6_succesful_reviewnotdone_orchavatecore_digital_digital/Imec_Services_Ltd/screenshots/Imec_Services_Ltd_Homepage_WAVE_Overlay.png)","Company Secretary (Imec Services Ltd)","Company Secretary & Compliance Officer","info@ime.co.ir","General Contact Email (Guessed Pattern)","Managing Director / CEO","info@ime.co.ir"
"571","Unassigned","Modern Steels Ltd","https://modernsteel.net","Yes","Yes","Yes","1 out of 10","20","30","![WAVE Tool Screenshot](https://github.com/VEER-TANMAY-SACHIN/projects/blob/main/orchavate_gtm_workflow/outputs/v1.3_apollo_bse_master_list_20260811_112506_attempt6_succesful_reviewnotdone_orchavatecore_digital_digital/Modern_Steels_Ltd/screenshots/Modern_Steels_Ltd_Homepage_WAVE_Overlay.png)","Company Secretary (Modern Steels Ltd)","Company Secretary & Compliance Officer","mss@modernsteel.net","General Contact Email","Managing Director / CEO","mss@modernsteel.net"
"572","Unassigned","Gujarat Toolroom Ltd","https://gujarattoolroom.com","Yes","Yes","Yes","1 out of 10","14","44","![WAVE Tool Screenshot](https://github.com/VEER-TANMAY-SACHIN/projects/blob/main/orchavate_gtm_workflow/outputs/v1.3_apollo_bse_master_list_20260811_112506_attempt6_succesful_reviewnotdone_orchavatecore_digital_digital/Gujarat_Toolroom_Ltd/screenshots/Gujarat_Toolroom_Ltd_Homepage_WAVE_Overlay.png)","Company Secretary (Gujarat Toolroom Ltd)","Company Secretary & Compliance Officer","info@gujarattoolroom.com","General Contact Email (Guessed Pattern)","Managing Director / CEO","info@gujarattoolroom.com"
"573","Unassigned","India Homes Ltd","https://indiahomes.com","Yes","Yes","Yes","7.8 out of 10","","100","![WAVE Tool Screenshot](https://github.com/VEER-TANMAY-SACHIN/projects/blob/main/orchavate_gtm_workflow/outputs/v1.3_apollo_bse_master_list_20260811_112506_attempt6_succesful_reviewnotdone_orchavatecore_digital_digital/India_Homes_Ltd/screenshots/India_Homes_Ltd_Homepage_WAVE_Overlay.png)","Company Secretary (India Homes Ltd)","Company Secretary & Compliance Officer","info@indiahomes.com","General Contact Email (Guessed Pattern)","Managing Director / CEO","info@indiahomes.com"
"574","Unassigned","MMTC Ltd","https://mmt.com","Yes","Yes","Yes","1 out of 10","13","48","![WAVE Tool Screenshot](https://github.com/VEER-TANMAY-SACHIN/projects/blob/main/orchavate_gtm_workflow/outputs/v1.3_apollo_bse_master_list_20260811_112506_attempt6_succesful_reviewnotdone_orchavatecore_digital_digital/MMTC_Ltd/screenshots/MMTC_Ltd_Homepage_WAVE_Overlay.png)","Company Secretary (MMTC Ltd)","Company Secretary & Compliance Officer","email@domain.com","General Contact Email","Managing Director / CEO","email@domain.com"
"575","Unassigned","Vallabh Steels Ltd","https://vallabhsteels.com","Yes","Yes","Yes","8.5 out of 10","2","92","![WAVE Tool Screenshot](https://github.com/VEER-TANMAY-SACHIN/projects/blob/main/orchavate_gtm_workflow/outputs/v1.3_apollo_bse_master_list_20260811_112506_attempt6_succesful_reviewnotdone_orchavatecore_digital_digital/Vallabh_Steels_Ltd/screenshots/Vallabh_Steels_Ltd_Homepage_WAVE_Overlay.png)","Company Secretary (Vallabh Steels Ltd)","Company Secretary & Compliance Officer","vallabhsteels14@gmail.com","General Contact Email","Managing Director / CEO","vallabhsteels14@gmail.com"
"576","Unassigned","Smiths & Founders (India) Ltd","https://smithsonianmag.com","Yes","No","No","5.8 out of 10","","","![WAVE Tool Screenshot](https://github.com/VEER-TANMAY-SACHIN/projects/blob/main/orchavate_gtm_workflow/outputs/v1.3_apollo_bse_master_list_20260811_112506_attempt6_succesful_reviewnotdone_orchavatecore_digital_digital/Smiths___Founders__India__Ltd/screenshots/Smiths___Founders__India__Ltd_Homepage_WAVE_Overlay.png)","Company Secretary (Smiths & Founders (India) Ltd)","Company Secretary & Compliance Officer","Not publicly disclosed","N/A","Managing Director / CEO","Not publicly disclosed"
"577","Unassigned","Bloom Industries Ltd","https://bloomberg.com","Yes","Yes","Yes","7.8 out of 10","","100","![WAVE Tool Screenshot](https://github.com/VEER-TANMAY-SACHIN/projects/blob/main/orchavate_gtm_workflow/outputs/v1.3_apollo_bse_master_list_20260811_112506_attempt6_succesful_reviewnotdone_orchavatecore_digital_digital/Bloom_Industries_Ltd/screenshots/Bloom_Industries_Ltd_Homepage_WAVE_Overlay.png)","Company Secretary (Bloom Industries Ltd)","Company Secretary & Compliance Officer","info@bloomberg.com","General Contact Email (Guessed Pattern)","Managing Director / CEO","info@bloomberg.com"
"578","Unassigned","Maitri Enterprises Ltd","https://maitriobgyn.com","Yes","Yes","Yes","8.5 out of 10","2","92","![WAVE Tool Screenshot](https://github.com/VEER-TANMAY-SACHIN/projects/blob/main/orchavate_gtm_workflow/outputs/v1.3_apollo_bse_master_list_20260811_112506_attempt6_succesful_reviewnotdone_orchavatecore_digital_digital/Maitri_Enterprises_Ltd/screenshots/Maitri_Enterprises_Ltd_Homepage_WAVE_Overlay.png)","Company Secretary (Maitri Enterprises Ltd)","Company Secretary & Compliance Officer","billingdepartment@maitriobgyn.com","General Contact Email","Managing Director / CEO","billingdepartment@maitriobgyn.com"
"579","Unassigned","Shah Alloys Ltd","https://shahalloys.com","Yes","Yes","Yes","5.8 out of 10","","100","![WAVE Tool Screenshot](https://github.com/VEER-TANMAY-SACHIN/projects/blob/main/orchavate_gtm_workflow/outputs/v1.3_apollo_bse_master_list_20260811_112506_attempt6_succesful_reviewnotdone_orchavatecore_digital_digital/Shah_Alloys_Ltd/screenshots/Shah_Alloys_Ltd_Homepage_WAVE_Overlay.png)","Company Secretary (Shah Alloys Ltd)","Company Secretary & Compliance Officer","info@shahalloys.com","General Contact Email (Guessed Pattern)","Managing Director / CEO","info@shahalloys.com"
"580","Unassigned","Elango Industries Ltd","https://elang.or.id","Yes","Yes","Yes","1 out of 10","15","40","![WAVE Tool Screenshot](https://github.com/VEER-TANMAY-SACHIN/projects/blob/main/orchavate_gtm_workflow/outputs/v1.3_apollo_bse_master_list_20260811_112506_attempt6_succesful_reviewnotdone_orchavatecore_digital_digital/Elango_Industries_Ltd/screenshots/Elango_Industries_Ltd_Homepage_WAVE_Overlay.png)","Company Secretary (Elango Industries Ltd)","Company Secretary & Compliance Officer","perkumpulan@elang.or.id","General Contact Email","Managing Director / CEO","perkumpulan@elang.or.id"
"581","Unassigned","Simplex Castings Ltd","https://simplexcastings.com","Yes","No","No","7 out of 10","","","![WAVE Tool Screenshot](https://github.com/VEER-TANMAY-SACHIN/projects/blob/main/orchavate_gtm_workflow/outputs/v1.3_apollo_bse_master_list_20260811_112506_attempt6_succesful_reviewnotdone_orchavatecore_digital_digital/Simplex_Castings_Ltd/screenshots/Simplex_Castings_Ltd_Homepage_WAVE_Overlay.png)","Company Secretary (Simplex Castings Ltd)","Company Secretary & Compliance Officer","Not publicly disclosed","N/A","Managing Director / CEO","Not publicly disclosed"
"582","Unassigned","Gujarat Containers Ltd","https://gujaratcontainers.com","Yes","Yes","Yes","3.6 out of 10","9","64","![WAVE Tool Screenshot](https://github.com/VEER-TANMAY-SACHIN/projects/blob/main/orchavate_gtm_workflow/outputs/v1.3_apollo_bse_master_list_20260811_112506_attempt6_succesful_reviewnotdone_orchavatecore_digital_digital/Gujarat_Containers_Ltd/screenshots/Gujarat_Containers_Ltd_Homepage_WAVE_Overlay.png)","Company Secretary (Gujarat Containers Ltd)","Company Secretary & Compliance Officer","support@example.com","Investor Grievance / Compliance Officer Email","Managing Director / CEO","support@example.com"
"583","Unassigned","Kalyani Forge Ltd","https://kalyaniforge.co.in","Yes","Yes","Yes","6.3 out of 10","","100","![WAVE Tool Screenshot](https://github.com/VEER-TANMAY-SACHIN/projects/blob/main/orchavate_gtm_workflow/outputs/v1.3_apollo_bse_master_list_20260811_112506_attempt6_succesful_reviewnotdone_orchavatecore_digital_digital/Kalyani_Forge_Ltd/screenshots/Kalyani_Forge_Ltd_Homepage_WAVE_Overlay.png)","Company Secretary (Kalyani Forge Ltd)","Company Secretary & Compliance Officer","info@kalyaniforge.co.in","General Contact Email (Guessed Pattern)","Managing Director / CEO","info@kalyaniforge.co.in"
"584","Unassigned","Panchmahal Steel Ltd","https://panchmahalsteel.co.in","Yes","Yes","Yes","5.8 out of 10","","100","![WAVE Tool Screenshot](https://github.com/VEER-TANMAY-SACHIN/projects/blob/main/orchavate_gtm_workflow/outputs/v1.3_apollo_bse_master_list_20260811_112506_attempt6_succesful_reviewnotdone_orchavatecore_digital_digital/Panchmahal_Steel_Ltd/screenshots/Panchmahal_Steel_Ltd_Homepage_WAVE_Overlay.png)","Company Secretary (Panchmahal Steel Ltd)","Company Secretary & Compliance Officer","info@panchmahalsteel.co.in","General Contact Email (Guessed Pattern)","Managing Director / CEO","info@panchmahalsteel.co.in"
"585","Unassigned","Steelcast Ltd","https://steelcasterstore.com","Yes","Yes","Yes","7.8 out of 10","","100","![WAVE Tool Screenshot](https://github.com/VEER-TANMAY-SACHIN/projects/blob/main/orchavate_gtm_workflow/outputs/v1.3_apollo_bse_master_list_20260811_112506_attempt6_succesful_reviewnotdone_orchavatecore_digital_digital/Steelcast_Ltd/screenshots/Steelcast_Ltd_Homepage_WAVE_Overlay.png)","Company Secretary (Steelcast Ltd)","Company Secretary & Compliance Officer","sales@steelcasterstore.com","General Contact Email","Managing Director / CEO","sales@steelcasterstore.com"
"586","Unassigned","Pitti Engineering Ltd","https://pitti.in","Yes","Yes","Yes","7.8 out of 10","","100","![WAVE Tool Screenshot](https://github.com/VEER-TANMAY-SACHIN/projects/blob/main/orchavate_gtm_workflow/outputs/v1.3_apollo_bse_master_list_20260811_112506_attempt6_succesful_reviewnotdone_orchavatecore_digital_digital/Pitti_Engineering_Ltd/screenshots/Pitti_Engineering_Ltd_Homepage_WAVE_Overlay.png)","Company Secretary (Pitti Engineering Ltd)","Company Secretary & Compliance Officer","info@pitti.in","General Contact Email (Guessed Pattern)","Managing Director / CEO","info@pitti.in"
"587","Unassigned","Glittek Granites Ltd","https://glittek.com","Yes","Yes","Yes","1 out of 10","39","30","![WAVE Tool Screenshot](https://github.com/VEER-TANMAY-SACHIN/projects/blob/main/orchavate_gtm_workflow/outputs/v1.3_apollo_bse_master_list_20260811_112506_attempt6_succesful_reviewnotdone_orchavatecore_digital_digital/Glittek_Granites_Ltd/screenshots/Glittek_Granites_Ltd_Homepage_WAVE_Overlay.png)","Company Secretary (Glittek Granites Ltd)","Company Secretary & Compliance Officer","info@glittek.com","General Contact Email","Managing Director / CEO","info@glittek.com"
"588","Unassigned","Pradeep Metals Ltd","https://pradeepmetals.com","Yes","Yes","Yes","1 out of 10","17","32","![WAVE Tool Screenshot](https://github.com/VEER-TANMAY-SACHIN/projects/blob/main/orchavate_gtm_workflow/outputs/v1.3_apollo_bse_master_list_20260811_112506_attempt6_succesful_reviewnotdone_orchavatecore_digital_digital/Pradeep_Metals_Ltd/screenshots/Pradeep_Metals_Ltd_Homepage_WAVE_Overlay.png)","Company Secretary (Pradeep Metals Ltd)","Company Secretary & Compliance Officer","investors@pradeepmetals.com","General Contact Email","Managing Director / CEO","investors@pradeepmetals.com"
"589","Unassigned","Sharda Ispat Ltd","https://shardaispat.com","Yes","Yes","Yes","1 out of 10","20","30","![WAVE Tool Screenshot](https://github.com/VEER-TANMAY-SACHIN/projects/blob/main/orchavate_gtm_workflow/outputs/v1.3_apollo_bse_master_list_20260811_112506_attempt6_succesful_reviewnotdone_orchavatecore_digital_digital/Sharda_Ispat_Ltd/screenshots/Sharda_Ispat_Ltd_Homepage_WAVE_Overlay.png)","Company Secretary (Sharda Ispat Ltd)","Company Secretary & Compliance Officer","shardaispat.ngp@gmail.com","General Contact Email","Managing Director / CEO","shardaispat.ngp@gmail.com"
"590","Unassigned","Foundry Fuel Products Ltd","https://foundryfuel.co.in","Yes","Yes","Yes","5.8 out of 10","6","76","![WAVE Tool Screenshot](https://github.com/VEER-TANMAY-SACHIN/projects/blob/main/orchavate_gtm_workflow/outputs/v1.3_apollo_bse_master_list_20260811_112506_attempt6_succesful_reviewnotdone_orchavatecore_digital_digital/Foundry_Fuel_Products_Ltd/screenshots/Foundry_Fuel_Products_Ltd_Homepage_WAVE_Overlay.png)","Company Secretary (Foundry Fuel Products Ltd)","Company Secretary & Compliance Officer","info@foundryfuel.co.in","General Contact Email (Guessed Pattern)","Managing Director / CEO","info@foundryfuel.co.in"
"591","Unassigned","Hindustan Copper Ltd","https://hindustancopper.com","Yes","No","No","7.8 out of 10","","","![WAVE Tool Screenshot](https://github.com/VEER-TANMAY-SACHIN/projects/blob/main/orchavate_gtm_workflow/outputs/v1.3_apollo_bse_master_list_20260811_112506_attempt6_succesful_reviewnotdone_orchavatecore_digital_digital/Hindustan_Copper_Ltd/screenshots/Hindustan_Copper_Ltd_Homepage_WAVE_Overlay.png)","Company Secretary (Hindustan Copper Ltd)","Company Secretary & Compliance Officer","Not publicly disclosed","N/A","Managing Director / CEO","Not publicly disclosed"
"592","Unassigned","Tulsyan NEC Ltd","https://tulsyannec.in","Yes","Yes","Yes","8.5 out of 10","2","92","![WAVE Tool Screenshot](https://github.com/VEER-TANMAY-SACHIN/projects/blob/main/orchavate_gtm_workflow/outputs/v1.3_apollo_bse_master_list_20260811_112506_attempt6_succesful_reviewnotdone_orchavatecore_digital_digital/Tulsyan_NEC_Ltd/screenshots/Tulsyan_NEC_Ltd_Homepage_WAVE_Overlay.png)","Company Secretary (Tulsyan NEC Ltd)","Company Secretary & Compliance Officer","info@tulsyannec.in","Investor Grievance / Compliance Officer Email","Managing Director / CEO","investor@cameoindia.com"
"593","Unassigned","Spectra Industries Ltd","https://spectrasonics.net","Yes","No","No","6.3 out of 10","","","![WAVE Tool Screenshot](https://github.com/VEER-TANMAY-SACHIN/projects/blob/main/orchavate_gtm_workflow/outputs/v1.3_apollo_bse_master_list_20260811_112506_attempt6_succesful_reviewnotdone_orchavatecore_digital_digital/Spectra_Industries_Ltd/screenshots/Spectra_Industries_Ltd_Homepage_WAVE_Overlay.png)","Company Secretary (Spectra Industries Ltd)","Company Secretary & Compliance Officer","Not publicly disclosed","N/A","Managing Director / CEO","Not publicly disclosed"
"594","Unassigned","KIC Metaliks Ltd","https://kicmetaliks.com","Yes","No","No","8.5 out of 10","","","![WAVE Tool Screenshot](https://github.com/VEER-TANMAY-SACHIN/projects/blob/main/orchavate_gtm_workflow/outputs/v1.3_apollo_bse_master_list_20260811_112506_attempt6_succesful_reviewnotdone_orchavatecore_digital_digital/KIC_Metaliks_Ltd/screenshots/KIC_Metaliks_Ltd_Homepage_WAVE_Overlay.png)","Company Secretary (KIC Metaliks Ltd)","Company Secretary & Compliance Officer","Not publicly disclosed","N/A","Managing Director / CEO","Not publicly disclosed"
"595","Unassigned","Shilp Gravures Ltd","https://shilpgravures.com","Yes","Yes","Yes","1 out of 10","18","30","![WAVE Tool Screenshot](https://github.com/VEER-TANMAY-SACHIN/projects/blob/main/orchavate_gtm_workflow/outputs/v1.3_apollo_bse_master_list_20260811_112506_attempt6_succesful_reviewnotdone_orchavatecore_digital_digital/Shilp_Gravures_Ltd/screenshots/Shilp_Gravures_Ltd_Homepage_WAVE_Overlay.png)","Company Secretary (Shilp Gravures Ltd)","Company Secretary & Compliance Officer","sales@shilpgravures.com","General Contact Email","Managing Director / CEO","sales@shilpgravures.com"
"596","Unassigned","BSL Ltd","https://bslltd.com","Yes","Yes","Yes","6.3 out of 10","","100","![WAVE Tool Screenshot](https://github.com/VEER-TANMAY-SACHIN/projects/blob/main/orchavate_gtm_workflow/outputs/v1.3_apollo_bse_master_list_20260811_112506_attempt6_succesful_reviewnotdone_orchavatecore_digital_digital/BSL_Ltd/screenshots/BSL_Ltd_Homepage_WAVE_Overlay.png)","Company Secretary (BSL Ltd)","Company Secretary & Compliance Officer","user@domain.com","General Contact Email","Managing Director / CEO","user@domain.com"
"597","Unassigned","PBM Polytex Ltd","https://pbmpolytex.com","Yes","Yes","Yes","1 out of 10","17","32","![WAVE Tool Screenshot](https://github.com/VEER-TANMAY-SACHIN/projects/blob/main/orchavate_gtm_workflow/outputs/v1.3_apollo_bse_master_list_20260811_112506_attempt6_succesful_reviewnotdone_orchavatecore_digital_digital/PBM_Polytex_Ltd/screenshots/PBM_Polytex_Ltd_Homepage_WAVE_Overlay.png)","Company Secretary (PBM Polytex Ltd)","Company Secretary & Compliance Officer","pbm@patodiagroup.com","Investor Grievance / Compliance Officer Email","Managing Director / CEO","pbm@patodiagroup.com"
"598","Unassigned","T T Ltd","https://ttu.edu","Yes","Yes","Yes","1 out of 10","29","30","![WAVE Tool Screenshot](https://github.com/VEER-TANMAY-SACHIN/projects/blob/main/orchavate_gtm_workflow/outputs/v1.3_apollo_bse_master_list_20260811_112506_attempt6_succesful_reviewnotdone_orchavatecore_digital_digital/T_T_Ltd/screenshots/T_T_Ltd_Homepage_WAVE_Overlay.png)","Company Secretary (T T Ltd)","Company Secretary & Compliance Officer","info@ttu.edu","General Contact Email (Guessed Pattern)","Managing Director / CEO","info@ttu.edu"
"599","Unassigned","Ganesha Ecosphere Ltd","https://ganeshaecosphere.com","Yes","Yes","Yes","3.6 out of 10","9","64","![WAVE Tool Screenshot](https://github.com/VEER-TANMAY-SACHIN/projects/blob/main/orchavate_gtm_workflow/outputs/v1.3_apollo_bse_master_list_20260811_112506_attempt6_succesful_reviewnotdone_orchavatecore_digital_digital/Ganesha_Ecosphere_Ltd/screenshots/Ganesha_Ecosphere_Ltd_Homepage_WAVE_Overlay.png)","Company Secretary (Ganesha Ecosphere Ltd)","Company Secretary & Compliance Officer","info@ganeshaecosphere.com","General Contact Email (Guessed Pattern)","Managing Director / CEO","info@ganeshaecosphere.com"
"600","Unassigned","Ceeta Industries Ltd","https://ceeta.org","Yes","Yes","Yes","5 out of 10","7","72","![WAVE Tool Screenshot](https://github.com/VEER-TANMAY-SACHIN/projects/blob/main/orchavate_gtm_workflow/outputs/v1.3_apollo_bse_master_list_20260811_112506_attempt6_succesful_reviewnotdone_orchavatecore_digital_digital/Ceeta_Industries_Ltd/screenshots/Ceeta_Industries_Ltd_Homepage_WAVE_Overlay.png)","Company Secretary (Ceeta Industries Ltd)","Company Secretary & Compliance Officer","info@ceeta.org","General Contact Email (Guessed Pattern)","Managing Director / CEO","info@ceeta.org"
"601","Unassigned","Black Rose Industries Ltd","https://br.org","Yes","Yes","Yes","9.1 out of 10","1","96","![WAVE Tool Screenshot](https://github.com/VEER-TANMAY-SACHIN/projects/blob/main/orchavate_gtm_workflow/outputs/v1.3_apollo_bse_master_list_20260811_112506_attempt6_succesful_reviewnotdone_orchavatecore_digital_digital/Black_Rose_Industries_Ltd/screenshots/Black_Rose_Industries_Ltd_Homepage_WAVE_Overlay.png)","Company Secretary (Black Rose Industries Ltd)","Company Secretary & Compliance Officer","elections@br.org","General Contact Email","Managing Director / CEO","elections@br.org"
"602","Unassigned","S & T Corporation Ltd","https://salesforce.com","Yes","No","No","8.5 out of 10","","","![WAVE Tool Screenshot](https://github.com/VEER-TANMAY-SACHIN/projects/blob/main/orchavate_gtm_workflow/outputs/v1.3_apollo_bse_master_list_20260811_112506_attempt6_succesful_reviewnotdone_orchavatecore_digital_digital/S___T_Corporation_Ltd/screenshots/S___T_Corporation_Ltd_Homepage_WAVE_Overlay.png)","Company Secretary (S & T Corporation Ltd)","Company Secretary & Compliance Officer","Not publicly disclosed","N/A","Managing Director / CEO","Not publicly disclosed"
"603","Unassigned","Sumeet Industries Ltd","https://sumeetballal.com","Yes","Yes","Yes","6.3 out of 10","","100","![WAVE Tool Screenshot](https://github.com/VEER-TANMAY-SACHIN/projects/blob/main/orchavate_gtm_workflow/outputs/v1.3_apollo_bse_master_list_20260811_112506_attempt6_succesful_reviewnotdone_orchavatecore_digital_digital/Sumeet_Industries_Ltd/screenshots/Sumeet_Industries_Ltd_Homepage_WAVE_Overlay.png)","Company Secretary (Sumeet Industries Ltd)","Company Secretary & Compliance Officer","info@sumeetballal.com","General Contact Email (Guessed Pattern)","Managing Director / CEO","info@sumeetballal.com"
"604","Unassigned","Ramgopal Polytex Ltd","https://ramgopalpolytex.com","Yes","Yes","Yes","9.1 out of 10","1","96","![WAVE Tool Screenshot](https://github.com/VEER-TANMAY-SACHIN/projects/blob/main/orchavate_gtm_workflow/outputs/v1.3_apollo_bse_master_list_20260811_112506_attempt6_succesful_reviewnotdone_orchavatecore_digital_digital/Ramgopal_Polytex_Ltd/screenshots/Ramgopal_Polytex_Ltd_Homepage_WAVE_Overlay.png)","Company Secretary (Ramgopal Polytex Ltd)","Company Secretary & Compliance Officer","info@ramgopalpolytex.com","General Contact Email","Managing Director / CEO","info@ramgopalpolytex.com"
"605","Unassigned","Sangam India Ltd","https://sangam.com","Yes","Yes","Yes","8.5 out of 10","2","92","![WAVE Tool Screenshot](https://github.com/VEER-TANMAY-SACHIN/projects/blob/main/orchavate_gtm_workflow/outputs/v1.3_apollo_bse_master_list_20260811_112506_attempt6_succesful_reviewnotdone_orchavatecore_digital_digital/Sangam_India_Ltd/screenshots/Sangam_India_Ltd_Homepage_WAVE_Overlay.png)","Company Secretary (Sangam India Ltd)","Company Secretary & Compliance Officer","info@sangam.com","General Contact Email (Guessed Pattern)","Managing Director / CEO","info@sangam.com"
"606","Unassigned","TTL Enterprises Ltd","https://ttline.com","Yes","Yes","Yes","7 out of 10","","100","![WAVE Tool Screenshot](https://github.com/VEER-TANMAY-SACHIN/projects/blob/main/orchavate_gtm_workflow/outputs/v1.3_apollo_bse_master_list_20260811_112506_attempt6_succesful_reviewnotdone_orchavatecore_digital_digital/TTL_Enterprises_Ltd/screenshots/TTL_Enterprises_Ltd_Homepage_WAVE_Overlay.png)","Company Secretary (TTL Enterprises Ltd)","Company Secretary & Compliance Officer","info@ttline.com","General Contact Email (Guessed Pattern)","Managing Director / CEO","info@ttline.com"
"607","Unassigned","Mkventures Capital Ltd","https://mkventures.net.in","Yes","Yes","Yes","8.5 out of 10","","100","![WAVE Tool Screenshot](https://github.com/VEER-TANMAY-SACHIN/projects/blob/main/orchavate_gtm_workflow/outputs/v1.3_apollo_bse_master_list_20260811_112506_attempt6_succesful_reviewnotdone_orchavatecore_digital_digital/Mkventures_Capital_Ltd/screenshots/Mkventures_Capital_Ltd_Homepage_WAVE_Overlay.png)","Company Secretary (Mkventures Capital Ltd)","Company Secretary & Compliance Officer","info@mkventures.net.in","General Contact Email (Guessed Pattern)","Managing Director / CEO","info@mkventures.net.in"
"608","Unassigned","Kush Industries Ltd","https://kushindustrieslimited.com","Yes","Yes","Yes","9.1 out of 10","1","96","![WAVE Tool Screenshot](https://github.com/VEER-TANMAY-SACHIN/projects/blob/main/orchavate_gtm_workflow/outputs/v1.3_apollo_bse_master_list_20260811_112506_attempt6_succesful_reviewnotdone_orchavatecore_digital_digital/Kush_Industries_Ltd/screenshots/Kush_Industries_Ltd_Homepage_WAVE_Overlay.png)","Company Secretary (Kush Industries Ltd)","Company Secretary & Compliance Officer","info@kushindustrieslimited.com","General Contact Email (Guessed Pattern)","Managing Director / CEO","info@kushindustrieslimited.com"
"609","Unassigned","Surbhi Industries Ltd","https://surbhi.com","Yes","No","No","5.8 out of 10","","","![WAVE Tool Screenshot](https://github.com/VEER-TANMAY-SACHIN/projects/blob/main/orchavate_gtm_workflow/outputs/v1.3_apollo_bse_master_list_20260811_112506_attempt6_succesful_reviewnotdone_orchavatecore_digital_digital/Surbhi_Industries_Ltd/screenshots/Surbhi_Industries_Ltd_Homepage_WAVE_Overlay.png)","Company Secretary (Surbhi Industries Ltd)","Company Secretary & Compliance Officer","Not publicly disclosed","N/A","Managing Director / CEO","Not publicly disclosed"
"610","Unassigned","Seasons Textiles Ltd","https://seasonstextiles.co.uk","Yes","Yes","Yes","7.8 out of 10","","100","![WAVE Tool Screenshot](https://github.com/VEER-TANMAY-SACHIN/projects/blob/main/orchavate_gtm_workflow/outputs/v1.3_apollo_bse_master_list_20260811_112506_attempt6_succesful_reviewnotdone_orchavatecore_digital_digital/Seasons_Textiles_Ltd/screenshots/Seasons_Textiles_Ltd_Homepage_WAVE_Overlay.png)","Company Secretary (Seasons Textiles Ltd)","Company Secretary & Compliance Officer","info@seasonstextiles.co.uk","General Contact Email (Guessed Pattern)","Managing Director / CEO","info@seasonstextiles.co.uk"
"611","Unassigned","Ashima Ltd","https://ashima.ph","Yes","Yes","Yes","7 out of 10","","100","![WAVE Tool Screenshot](https://github.com/VEER-TANMAY-SACHIN/projects/blob/main/orchavate_gtm_workflow/outputs/v1.3_apollo_bse_master_list_20260811_112506_attempt6_succesful_reviewnotdone_orchavatecore_digital_digital/Ashima_Ltd/screenshots/Ashima_Ltd_Homepage_WAVE_Overlay.png)","Company Secretary (Ashima Ltd)","Company Secretary & Compliance Officer","info@konsum.ph","General Contact Email","Managing Director / CEO","info@konsum.ph"
"612","Unassigned","Pioneer Embroideries Ltd","https://pelhakoba.com","Yes","Yes","Yes","8.5 out of 10","","100","![WAVE Tool Screenshot](https://github.com/VEER-TANMAY-SACHIN/projects/blob/main/orchavate_gtm_workflow/outputs/v1.3_apollo_bse_master_list_20260811_112506_attempt6_succesful_reviewnotdone_orchavatecore_digital_digital/Pioneer_Embroideries_Ltd/screenshots/Pioneer_Embroideries_Ltd_Homepage_WAVE_Overlay.png)","Company Secretary (Pioneer Embroideries Ltd)","Company Secretary & Compliance Officer","info@pelhakoba.com","General Contact Email (Guessed Pattern)","Managing Director / CEO","info@pelhakoba.com"
"613","Unassigned","Jaihind Industries Ltd","https://jaihindcollege.com","Yes","Yes","Yes","5.8 out of 10","6","76","![WAVE Tool Screenshot](https://github.com/VEER-TANMAY-SACHIN/projects/blob/main/orchavate_gtm_workflow/outputs/v1.3_apollo_bse_master_list_20260811_112506_attempt6_succesful_reviewnotdone_orchavatecore_digital_digital/Jaihind_Industries_Ltd/screenshots/Jaihind_Industries_Ltd_Homepage_WAVE_Overlay.png)","Company Secretary (Jaihind Industries Ltd)","Company Secretary & Compliance Officer","contactus@jaihindcollege.edu.in","General Contact Email","Managing Director / CEO","contactus@jaihindcollege.edu.in"
"614","Unassigned","Kamadgiri Fashion Ltd","https://kflindia.com","Yes","Yes","Yes","1.5 out of 10","12","52","![WAVE Tool Screenshot](https://github.com/VEER-TANMAY-SACHIN/projects/blob/main/orchavate_gtm_workflow/outputs/v1.3_apollo_bse_master_list_20260811_112506_attempt6_succesful_reviewnotdone_orchavatecore_digital_digital/Kamadgiri_Fashion_Ltd/screenshots/Kamadgiri_Fashion_Ltd_Homepage_WAVE_Overlay.png)","Company Secretary (Kamadgiri Fashion Ltd)","Company Secretary & Compliance Officer","info@kflindia.com","General Contact Email (Guessed Pattern)","Managing Director / CEO","info@kflindia.com"
"615","Unassigned","Omnitex Industries India Ltd","https://omnitex.com","Yes","Yes","Yes","5.8 out of 10","","100","![WAVE Tool Screenshot](https://github.com/VEER-TANMAY-SACHIN/projects/blob/main/orchavate_gtm_workflow/outputs/v1.3_apollo_bse_master_list_20260811_112506_attempt6_succesful_reviewnotdone_orchavatecore_digital_digital/Omnitex_Industries_India_Ltd/screenshots/Omnitex_Industries_India_Ltd_Homepage_WAVE_Overlay.png)","Company Secretary (Omnitex Industries India Ltd)","Company Secretary & Compliance Officer","info@omnitex.com","General Contact Email (Guessed Pattern)","Managing Director / CEO","info@omnitex.com"
"616","Unassigned","Neo Infracon Ltd","https://neoinfraconltd.com","Yes","Yes","Yes","8.5 out of 10","","100","![WAVE Tool Screenshot](https://github.com/VEER-TANMAY-SACHIN/projects/blob/main/orchavate_gtm_workflow/outputs/v1.3_apollo_bse_master_list_20260811_112506_attempt6_succesful_reviewnotdone_orchavatecore_digital_digital/Neo_Infracon_Ltd/screenshots/Neo_Infracon_Ltd_Homepage_WAVE_Overlay.png)","Company Secretary (Neo Infracon Ltd)","Company Secretary & Compliance Officer","info@neoinfraconltd.com","General Contact Email (Guessed Pattern)","Managing Director / CEO","info@neoinfraconltd.com"
"617","Unassigned","Premier Polyfilm Ltd","https://premierpoly.com","Yes","Yes","Yes","1 out of 10","15","40","![WAVE Tool Screenshot](https://github.com/VEER-TANMAY-SACHIN/projects/blob/main/orchavate_gtm_workflow/outputs/v1.3_apollo_bse_master_list_20260811_112506_attempt6_succesful_reviewnotdone_orchavatecore_digital_digital/Premier_Polyfilm_Ltd/screenshots/Premier_Polyfilm_Ltd_Homepage_WAVE_Overlay.png)","Company Secretary (Premier Polyfilm Ltd)","Company Secretary & Compliance Officer","premierpoly@premierpoly.com","Investor Grievance / Compliance Officer Email","Managing Director / CEO","compliance.officer@premierpoly.com"
"618","Unassigned","Everlon Financials Ltd","https://everlon.in","Yes","Yes","Yes","5.8 out of 10","","100","![WAVE Tool Screenshot](https://github.com/VEER-TANMAY-SACHIN/projects/blob/main/orchavate_gtm_workflow/outputs/v1.3_apollo_bse_master_list_20260811_112506_attempt6_succesful_reviewnotdone_orchavatecore_digital_digital/Everlon_Financials_Ltd/screenshots/Everlon_Financials_Ltd_Homepage_WAVE_Overlay.png)","Company Secretary (Everlon Financials Ltd)","Company Secretary & Compliance Officer","info@everlon.in","General Contact Email (Guessed Pattern)","Managing Director / CEO","info@everlon.in"
"619","Unassigned","K&R Rail Engineering Ltd","https://kohls.com","Yes","No","No","7.8 out of 10","","","![WAVE Tool Screenshot](https://github.com/VEER-TANMAY-SACHIN/projects/blob/main/orchavate_gtm_workflow/outputs/v1.3_apollo_bse_master_list_20260811_112506_attempt6_succesful_reviewnotdone_orchavatecore_digital_digital/K_R_Rail_Engineering_Ltd/screenshots/K_R_Rail_Engineering_Ltd_Homepage_WAVE_Overlay.png)","Company Secretary (K&R Rail Engineering Ltd)","Company Secretary & Compliance Officer","Not publicly disclosed","N/A","Managing Director / CEO","Not publicly disclosed"
"620","Unassigned","Garware Synthetics Ltd","https://garwaresyn.com","Yes","No","No","5.8 out of 10","","","![WAVE Tool Screenshot](https://github.com/VEER-TANMAY-SACHIN/projects/blob/main/orchavate_gtm_workflow/outputs/v1.3_apollo_bse_master_list_20260811_112506_attempt6_succesful_reviewnotdone_orchavatecore_digital_digital/Garware_Synthetics_Ltd/screenshots/Garware_Synthetics_Ltd_Homepage_WAVE_Overlay.png)","Company Secretary (Garware Synthetics Ltd)","Company Secretary & Compliance Officer","Not publicly disclosed","N/A","Managing Director / CEO","Not publicly disclosed"
"621","Unassigned","Eco Hotels And Resorts Ltd","https://ecohotelsandresorts.com","Yes","No","No","7.8 out of 10","","","![WAVE Tool Screenshot](https://github.com/VEER-TANMAY-SACHIN/projects/blob/main/orchavate_gtm_workflow/outputs/v1.3_apollo_bse_master_list_20260811_112506_attempt6_succesful_reviewnotdone_orchavatecore_digital_digital/Eco_Hotels_And_Resorts_Ltd/screenshots/Eco_Hotels_And_Resorts_Ltd_Homepage_WAVE_Overlay.png)","Company Secretary (Eco Hotels And Resorts Ltd)","Company Secretary & Compliance Officer","Not publicly disclosed","N/A","Managing Director / CEO","Not publicly disclosed"
"622","Unassigned","Sarup Industries Ltd","https://sarupasidaarth.com","Yes","Yes","Yes","6.3 out of 10","5","80","![WAVE Tool Screenshot](https://github.com/VEER-TANMAY-SACHIN/projects/blob/main/orchavate_gtm_workflow/outputs/v1.3_apollo_bse_master_list_20260811_112506_attempt6_succesful_reviewnotdone_orchavatecore_digital_digital/Sarup_Industries_Ltd/screenshots/Sarup_Industries_Ltd_Homepage_WAVE_Overlay.png)","Company Secretary (Sarup Industries Ltd)","Company Secretary & Compliance Officer","info@sarupasidaarth.com","General Contact Email (Guessed Pattern)","Managing Director / CEO","info@sarupasidaarth.com"
"623","Unassigned","Oxford Industries Ltd","https://oup.com","Yes","No","No","6.3 out of 10","","","![WAVE Tool Screenshot](https://github.com/VEER-TANMAY-SACHIN/projects/blob/main/orchavate_gtm_workflow/outputs/v1.3_apollo_bse_master_list_20260811_112506_attempt6_succesful_reviewnotdone_orchavatecore_digital_digital/Oxford_Industries_Ltd/screenshots/Oxford_Industries_Ltd_Homepage_WAVE_Overlay.png)","Company Secretary (Oxford Industries Ltd)","Company Secretary & Compliance Officer","Not publicly disclosed","N/A","Managing Director / CEO","Not publicly disclosed"
"624","Unassigned","Mangalam Organics Ltd","https://mangalamorganics.com","Yes","Yes","Yes","1.5 out of 10","12","52","![WAVE Tool Screenshot](https://github.com/VEER-TANMAY-SACHIN/projects/blob/main/orchavate_gtm_workflow/outputs/v1.3_apollo_bse_master_list_20260811_112506_attempt6_succesful_reviewnotdone_orchavatecore_digital_digital/Mangalam_Organics_Ltd/screenshots/Mangalam_Organics_Ltd_Homepage_WAVE_Overlay.png)","Company Secretary (Mangalam Organics Ltd)","Company Secretary & Compliance Officer","info@mangalamorganics.com","General Contact Email","Managing Director / CEO","info@mangalamorganics.com"
"625","Unassigned","Mahalaxmi Rubtech Ltd","https://mrtglobal.com","Yes","Yes","Yes","7 out of 10","","100","![WAVE Tool Screenshot](https://github.com/VEER-TANMAY-SACHIN/projects/blob/main/orchavate_gtm_workflow/outputs/v1.3_apollo_bse_master_list_20260811_112506_attempt6_succesful_reviewnotdone_orchavatecore_digital_digital/Mahalaxmi_Rubtech_Ltd/screenshots/Mahalaxmi_Rubtech_Ltd_Homepage_WAVE_Overlay.png)","Company Secretary (Mahalaxmi Rubtech Ltd)","Company Secretary & Compliance Officer","info@mrtglobal.com","General Contact Email (Guessed Pattern)","Managing Director / CEO","info@mrtglobal.com"
"626","Unassigned","Winsome Textile Industries Ltd","https://winsometextile.com","Yes","No","No","7.8 out of 10","","","![WAVE Tool Screenshot](https://github.com/VEER-TANMAY-SACHIN/projects/blob/main/orchavate_gtm_workflow/outputs/v1.3_apollo_bse_master_list_20260811_112506_attempt6_succesful_reviewnotdone_orchavatecore_digital_digital/Winsome_Textile_Industries_Ltd/screenshots/Winsome_Textile_Industries_Ltd_Homepage_WAVE_Overlay.png)","Company Secretary (Winsome Textile Industries Ltd)","Company Secretary & Compliance Officer","Not publicly disclosed","N/A","Managing Director / CEO","Not publicly disclosed"
"627","Unassigned","Modern Insulators Ltd","https://moderninsulators.com","Yes","Yes","Yes","1 out of 10","18","30","![WAVE Tool Screenshot](https://github.com/VEER-TANMAY-SACHIN/projects/blob/main/orchavate_gtm_workflow/outputs/v1.3_apollo_bse_master_list_20260811_112506_attempt6_succesful_reviewnotdone_orchavatecore_digital_digital/Modern_Insulators_Ltd/screenshots/Modern_Insulators_Ltd_Homepage_WAVE_Overlay.png)","Company Secretary (Modern Insulators Ltd)","Company Secretary & Compliance Officer","info@moderninsulators.com","General Contact Email (Guessed Pattern)","Managing Director / CEO","info@moderninsulators.com"
"628","Unassigned","Regency Ceramics Ltd","https://regencytiles.com","Yes","Yes","Yes","7 out of 10","","100","![WAVE Tool Screenshot](https://github.com/VEER-TANMAY-SACHIN/projects/blob/main/orchavate_gtm_workflow/outputs/v1.3_apollo_bse_master_list_20260811_112506_attempt6_succesful_reviewnotdone_orchavatecore_digital_digital/Regency_Ceramics_Ltd/screenshots/Regency_Ceramics_Ltd_Homepage_WAVE_Overlay.png)","Company Secretary (Regency Ceramics Ltd)","Company Secretary & Compliance Officer","info@regencytiles.com","General Contact Email (Guessed Pattern)","Managing Director / CEO","info@regencytiles.com"
"629","Unassigned","Asahi India Glass Ltd","https://aisglass.com","Yes","Yes","Yes","9.1 out of 10","1","96","![WAVE Tool Screenshot](https://github.com/VEER-TANMAY-SACHIN/projects/blob/main/orchavate_gtm_workflow/outputs/v1.3_apollo_bse_master_list_20260811_112506_attempt6_succesful_reviewnotdone_orchavatecore_digital_digital/Asahi_India_Glass_Ltd/screenshots/Asahi_India_Glass_Ltd_Homepage_WAVE_Overlay.png)","Company Secretary (Asahi India Glass Ltd)","Company Secretary & Compliance Officer","info@aisglass.com","General Contact Email (Guessed Pattern)","Managing Director / CEO","info@aisglass.com"
"630","Unassigned","Anant Raj Ltd","https://anantrajlimited.com","Yes","Yes","Yes","7 out of 10","4","84","![WAVE Tool Screenshot](https://github.com/VEER-TANMAY-SACHIN/projects/blob/main/orchavate_gtm_workflow/outputs/v1.3_apollo_bse_master_list_20260811_112506_attempt6_succesful_reviewnotdone_orchavatecore_digital_digital/Anant_Raj_Ltd/screenshots/Anant_Raj_Ltd_Homepage_WAVE_Overlay.png)","Company Secretary (Anant Raj Ltd)","Company Secretary & Compliance Officer","estate@anantrajlimited.com","Investor Grievance / Compliance Officer Email","Managing Director / CEO","pankajgupta@anantrajlimited.com"
"631","Unassigned","Madhusudan Industries Ltd","https://mlu.ac.in","Yes","No","No","7 out of 10","","","![WAVE Tool Screenshot](https://github.com/VEER-TANMAY-SACHIN/projects/blob/main/orchavate_gtm_workflow/outputs/v1.3_apollo_bse_master_list_20260811_112506_attempt6_succesful_reviewnotdone_orchavatecore_digital_digital/Madhusudan_Industries_Ltd/screenshots/Madhusudan_Industries_Ltd_Homepage_WAVE_Overlay.png)","Company Secretary (Madhusudan Industries Ltd)","Company Secretary & Compliance Officer","Not publicly disclosed","N/A","Managing Director / CEO","Not publicly disclosed"
"632","Unassigned","Madhav Marbles & Granites Ltd","https://madhavmarbles.com","Yes","Yes","Yes","5 out of 10","7","72","![WAVE Tool Screenshot](https://github.com/VEER-TANMAY-SACHIN/projects/blob/main/orchavate_gtm_workflow/outputs/v1.3_apollo_bse_master_list_20260811_112506_attempt6_succesful_reviewnotdone_orchavatecore_digital_digital/Madhav_Marbles___Granites_Ltd/screenshots/Madhav_Marbles___Granites_Ltd_Homepage_WAVE_Overlay.png)","Company Secretary (Madhav Marbles & Granites Ltd)","Company Secretary & Compliance Officer","madhav@madhavmarbles.com","General Contact Email","Managing Director / CEO","madhav@madhavmarbles.com"
"633","Unassigned","Duroply Industries Ltd","https://duroply.in","Yes","No","No","7.8 out of 10","","","![WAVE Tool Screenshot](https://github.com/VEER-TANMAY-SACHIN/projects/blob/main/orchavate_gtm_workflow/outputs/v1.3_apollo_bse_master_list_20260811_112506_attempt6_succesful_reviewnotdone_orchavatecore_digital_digital/Duroply_Industries_Ltd/screenshots/Duroply_Industries_Ltd_Homepage_WAVE_Overlay.png)","Company Secretary (Duroply Industries Ltd)","Company Secretary & Compliance Officer","Not publicly disclosed","N/A","Managing Director / CEO","Not publicly disclosed"
"634","Unassigned","Shreyans Industries Ltd","https://shreyansgroup.com","Yes","No","No","7.8 out of 10","","","![WAVE Tool Screenshot](https://github.com/VEER-TANMAY-SACHIN/projects/blob/main/orchavate_gtm_workflow/outputs/v1.3_apollo_bse_master_list_20260811_112506_attempt6_succesful_reviewnotdone_orchavatecore_digital_digital/Shreyans_Industries_Ltd/screenshots/Shreyans_Industries_Ltd_Homepage_WAVE_Overlay.png)","Company Secretary (Shreyans Industries Ltd)","Company Secretary & Compliance Officer","Not publicly disclosed","N/A","Managing Director / CEO","Not publicly disclosed"
"635","Unassigned","Pakka Ltd","https://pakka.com","Yes","No","No","6.3 out of 10","","","![WAVE Tool Screenshot](https://github.com/VEER-TANMAY-SACHIN/projects/blob/main/orchavate_gtm_workflow/outputs/v1.3_apollo_bse_master_list_20260811_112506_attempt6_succesful_reviewnotdone_orchavatecore_digital_digital/Pakka_Ltd/screenshots/Pakka_Ltd_Homepage_WAVE_Overlay.png)","Company Secretary (Pakka Ltd)","Company Secretary & Compliance Officer","Not publicly disclosed","N/A","Managing Director / CEO","Not publicly disclosed"
"636","Unassigned","Tahmar Enterprises Ltd","https://tahm.com.mx","Yes","Yes","Yes","1 out of 10","36","30","![WAVE Tool Screenshot](https://github.com/VEER-TANMAY-SACHIN/projects/blob/main/orchavate_gtm_workflow/outputs/v1.3_apollo_bse_master_list_20260811_112506_attempt6_succesful_reviewnotdone_orchavatecore_digital_digital/Tahmar_Enterprises_Ltd/screenshots/Tahmar_Enterprises_Ltd_Homepage_WAVE_Overlay.png)","Company Secretary (Tahmar Enterprises Ltd)","Company Secretary & Compliance Officer","info@tahm.com.mx","General Contact Email","Managing Director / CEO","info@tahm.com.mx"
"637","Unassigned","KS Smart Technologies Ltd","https://kssmart.co","Yes","No","No","7.8 out of 10","","","![WAVE Tool Screenshot](https://github.com/VEER-TANMAY-SACHIN/projects/blob/main/orchavate_gtm_workflow/outputs/v1.3_apollo_bse_master_list_20260811_112506_attempt6_succesful_reviewnotdone_orchavatecore_digital_digital/KS_Smart_Technologies_Ltd/screenshots/KS_Smart_Technologies_Ltd_Homepage_WAVE_Overlay.png)","Company Secretary (KS Smart Technologies Ltd)","Company Secretary & Compliance Officer","Not publicly disclosed","N/A","Managing Director / CEO","Not publicly disclosed"
"638","Unassigned","National Plywood Industries Ltd","https://nationalply.in","Yes","Yes","Yes","6.3 out of 10","","100","![WAVE Tool Screenshot](https://github.com/VEER-TANMAY-SACHIN/projects/blob/main/orchavate_gtm_workflow/outputs/v1.3_apollo_bse_master_list_20260811_112506_attempt6_succesful_reviewnotdone_orchavatecore_digital_digital/National_Plywood_Industries_Ltd/screenshots/National_Plywood_Industries_Ltd_Homepage_WAVE_Overlay.png)","Company Secretary (National Plywood Industries Ltd)","Company Secretary & Compliance Officer","info@nationalply.in","General Contact Email (Guessed Pattern)","Managing Director / CEO","info@nationalply.in"
"639","Unassigned","Arrow Greentech Ltd","https://arrowgreentech.com","Yes","No","No","7 out of 10","","","![WAVE Tool Screenshot](https://github.com/VEER-TANMAY-SACHIN/projects/blob/main/orchavate_gtm_workflow/outputs/v1.3_apollo_bse_master_list_20260811_112506_attempt6_succesful_reviewnotdone_orchavatecore_digital_digital/Arrow_Greentech_Ltd/screenshots/Arrow_Greentech_Ltd_Homepage_WAVE_Overlay.png)","Company Secretary (Arrow Greentech Ltd)","Company Secretary & Compliance Officer","Not publicly disclosed","N/A","Managing Director / CEO","Not publicly disclosed"
"640","Unassigned","Vishnu Chemicals Ltd","https://vishnuchemicals.com","Yes","Yes","Yes","5.8 out of 10","6","76","![WAVE Tool Screenshot](https://github.com/VEER-TANMAY-SACHIN/projects/blob/main/orchavate_gtm_workflow/outputs/v1.3_apollo_bse_master_list_20260811_112506_attempt6_succesful_reviewnotdone_orchavatecore_digital_digital/Vishnu_Chemicals_Ltd/screenshots/Vishnu_Chemicals_Ltd_Homepage_WAVE_Overlay.png)","Company Secretary (Vishnu Chemicals Ltd)","Company Secretary & Compliance Officer","vcl.americas@vishnuchemicals.net","Investor Grievance / Compliance Officer Email","Managing Director / CEO","vishnu@vishnuchemicals.com"
"641","Unassigned","Jumbo Bag Ltd","https://jumbobagshop.in","Yes","Yes","Yes","6.3 out of 10","","100","![WAVE Tool Screenshot](https://github.com/VEER-TANMAY-SACHIN/projects/blob/main/orchavate_gtm_workflow/outputs/v1.3_apollo_bse_master_list_20260811_112506_attempt6_succesful_reviewnotdone_orchavatecore_digital_digital/Jumbo_Bag_Ltd/screenshots/Jumbo_Bag_Ltd_Homepage_WAVE_Overlay.png)","Company Secretary (Jumbo Bag Ltd)","Company Secretary & Compliance Officer","info@jumbobagshop.in","General Contact Email (Guessed Pattern)","Managing Director / CEO","info@jumbobagshop.in"
"642","Unassigned","NR Agarwal Industries Ltd","https://nrail.com","Yes","Yes","Yes","7.8 out of 10","","100","![WAVE Tool Screenshot](https://github.com/VEER-TANMAY-SACHIN/projects/blob/main/orchavate_gtm_workflow/outputs/v1.3_apollo_bse_master_list_20260811_112506_attempt6_succesful_reviewnotdone_orchavatecore_digital_digital/NR_Agarwal_Industries_Ltd/screenshots/NR_Agarwal_Industries_Ltd_Homepage_WAVE_Overlay.png)","Company Secretary (NR Agarwal Industries Ltd)","Company Secretary & Compliance Officer","info@nrail.com","General Contact Email (Guessed Pattern)","Managing Director / CEO","info@nrail.com"
"643","Unassigned","3P Land Holdings Ltd","https://planday.com","Yes","Yes","Yes","3.6 out of 10","9","64","![WAVE Tool Screenshot](https://github.com/VEER-TANMAY-SACHIN/projects/blob/main/orchavate_gtm_workflow/outputs/v1.3_apollo_bse_master_list_20260811_112506_attempt6_succesful_reviewnotdone_orchavatecore_digital_digital/3P_Land_Holdings_Ltd/screenshots/3P_Land_Holdings_Ltd_Homepage_WAVE_Overlay.png)","Company Secretary (3P Land Holdings Ltd)","Company Secretary & Compliance Officer","info@planday.com","General Contact Email (Guessed Pattern)","Managing Director / CEO","info@planday.com"
"644","Unassigned","Sangal Papers Ltd","https://sangalpapers.com","Yes","Yes","Yes","2.3 out of 10","11","56","![WAVE Tool Screenshot](https://github.com/VEER-TANMAY-SACHIN/projects/blob/main/orchavate_gtm_workflow/outputs/v1.3_apollo_bse_master_list_20260811_112506_attempt6_succesful_reviewnotdone_orchavatecore_digital_digital/Sangal_Papers_Ltd/screenshots/Sangal_Papers_Ltd_Homepage_WAVE_Overlay.png)","Company Secretary (Sangal Papers Ltd)","Company Secretary & Compliance Officer","investor@masserv.com","Investor Grievance / Compliance Officer Email","Managing Director / CEO","investor@masserv.com"
"645","Unassigned","Family Care Hospitals Ltd","https://familycarehospitals.com","Yes","No","No","7.8 out of 10","","","![WAVE Tool Screenshot](https://github.com/VEER-TANMAY-SACHIN/projects/blob/main/orchavate_gtm_workflow/outputs/v1.3_apollo_bse_master_list_20260811_112506_attempt6_succesful_reviewnotdone_orchavatecore_digital_digital/Family_Care_Hospitals_Ltd/screenshots/Family_Care_Hospitals_Ltd_Homepage_WAVE_Overlay.png)","Company Secretary (Family Care Hospitals Ltd)","Company Secretary & Compliance Officer","Not publicly disclosed","N/A","Managing Director / CEO","Not publicly disclosed"
"646","Unassigned","Vindhya Telelinks Ltd","https://vtlrewa.com","Yes","No","No","7 out of 10","","","![WAVE Tool Screenshot](https://github.com/VEER-TANMAY-SACHIN/projects/blob/main/orchavate_gtm_workflow/outputs/v1.3_apollo_bse_master_list_20260811_112506_attempt6_succesful_reviewnotdone_orchavatecore_digital_digital/Vindhya_Telelinks_Ltd/screenshots/Vindhya_Telelinks_Ltd_Homepage_WAVE_Overlay.png)","Company Secretary (Vindhya Telelinks Ltd)","Company Secretary & Compliance Officer","Not publicly disclosed","N/A","Managing Director / CEO","Not publicly disclosed"
"647","Unassigned","RIR Power Electronics Ltd","https://rirpowersemi.com","Yes","No","No","7.8 out of 10","","","![WAVE Tool Screenshot](https://github.com/VEER-TANMAY-SACHIN/projects/blob/main/orchavate_gtm_workflow/outputs/v1.3_apollo_bse_master_list_20260811_112506_attempt6_succesful_reviewnotdone_orchavatecore_digital_digital/RIR_Power_Electronics_Ltd/screenshots/RIR_Power_Electronics_Ltd_Homepage_WAVE_Overlay.png)","Company Secretary (RIR Power Electronics Ltd)","Company Secretary & Compliance Officer","Not publicly disclosed","N/A","Managing Director / CEO","Not publicly disclosed"
"648","Unassigned","Ador Welding Ltd","https://adorwelding.com","Yes","No","No","7 out of 10","","","![WAVE Tool Screenshot](https://github.com/VEER-TANMAY-SACHIN/projects/blob/main/orchavate_gtm_workflow/outputs/v1.3_apollo_bse_master_list_20260811_112506_attempt6_succesful_reviewnotdone_orchavatecore_digital_digital/Ador_Welding_Ltd/screenshots/Ador_Welding_Ltd_Homepage_WAVE_Overlay.png)","Company Secretary (Ador Welding Ltd)","Company Secretary & Compliance Officer","Not publicly disclosed","N/A","Managing Director / CEO","Not publicly disclosed"
"649","Unassigned","Salzer Electronics Ltd","https://salzerelectonics.net","Yes","Yes","Yes","1 out of 10","74","30","![WAVE Tool Screenshot](https://github.com/VEER-TANMAY-SACHIN/projects/blob/main/orchavate_gtm_workflow/outputs/v1.3_apollo_bse_master_list_20260811_112506_attempt6_succesful_reviewnotdone_orchavatecore_digital_digital/Salzer_Electronics_Ltd/screenshots/Salzer_Electronics_Ltd_Homepage_WAVE_Overlay.png)","Company Secretary (Salzer Electronics Ltd)","Company Secretary & Compliance Officer","rajesh@salzergroup.com","General Contact Email","Managing Director / CEO","rajesh@salzergroup.com"
"650","Unassigned","Jetking Infotrain Ltd","https://jetking.co","Yes","No","No","7.8 out of 10","","","![WAVE Tool Screenshot](https://github.com/VEER-TANMAY-SACHIN/projects/blob/main/orchavate_gtm_workflow/outputs/v1.3_apollo_bse_master_list_20260811_112506_attempt6_succesful_reviewnotdone_orchavatecore_digital_digital/Jetking_Infotrain_Ltd/screenshots/Jetking_Infotrain_Ltd_Homepage_WAVE_Overlay.png)","Company Secretary (Jetking Infotrain Ltd)","Company Secretary & Compliance Officer","Not publicly disclosed","N/A","Managing Director / CEO","Not publicly disclosed"
"651","Unassigned","Aplab Ltd","https://ap-lab.ca","Yes","Yes","Yes","1 out of 10","23","30","![WAVE Tool Screenshot](https://github.com/VEER-TANMAY-SACHIN/projects/blob/main/orchavate_gtm_workflow/outputs/v1.3_apollo_bse_master_list_20260811_112506_attempt6_succesful_reviewnotdone_orchavatecore_digital_digital/Aplab_Ltd/screenshots/Aplab_Ltd_Homepage_WAVE_Overlay.png)","Company Secretary (Aplab Ltd)","Company Secretary & Compliance Officer","mail@ap-lab.ca","General Contact Email","Managing Director / CEO","mail@ap-lab.ca"
"652","Unassigned","PCS Technology Ltd","https://pcs-technology.com","Yes","Yes","Yes","8.5 out of 10","","100","![WAVE Tool Screenshot](https://github.com/VEER-TANMAY-SACHIN/projects/blob/main/orchavate_gtm_workflow/outputs/v1.3_apollo_bse_master_list_20260811_112506_attempt6_succesful_reviewnotdone_orchavatecore_digital_digital/PCS_Technology_Ltd/screenshots/PCS_Technology_Ltd_Homepage_WAVE_Overlay.png)","Company Secretary (PCS Technology Ltd)","Company Secretary & Compliance Officer","info@pcs-technology.com","General Contact Email (Guessed Pattern)","Managing Director / CEO","info@pcs-technology.com"
"653","Unassigned","Usha Martin Ltd","https://umu.ac.in","Yes","Yes","Yes","1 out of 10","37","30","![WAVE Tool Screenshot](https://github.com/VEER-TANMAY-SACHIN/projects/blob/main/orchavate_gtm_workflow/outputs/v1.3_apollo_bse_master_list_20260811_112506_attempt6_succesful_reviewnotdone_orchavatecore_digital_digital/Usha_Martin_Ltd/screenshots/Usha_Martin_Ltd_Homepage_WAVE_Overlay.png)","Company Secretary (Usha Martin Ltd)","Company Secretary & Compliance Officer","Not publicly disclosed","General Contact Email","Managing Director / CEO","Not publicly disclosed"
"654","Unassigned","Subros Ltd","https://sb-rs.com","Yes","Yes","Yes","1 out of 10","33","30","![WAVE Tool Screenshot](https://github.com/VEER-TANMAY-SACHIN/projects/blob/main/orchavate_gtm_workflow/outputs/v1.3_apollo_bse_master_list_20260811_112506_attempt6_succesful_reviewnotdone_orchavatecore_digital_digital/Subros_Ltd/screenshots/Subros_Ltd_Homepage_WAVE_Overlay.png)","Company Secretary (Subros Ltd)","Company Secretary & Compliance Officer","info@sb-rs.com","General Contact Email (Guessed Pattern)","Managing Director / CEO","info@sb-rs.com"
"655","Unassigned","Edvenswa Enterprises Ltd","https://edvenswa.in","Yes","Yes","Yes","7.8 out of 10","","100","![WAVE Tool Screenshot](https://github.com/VEER-TANMAY-SACHIN/projects/blob/main/orchavate_gtm_workflow/outputs/v1.3_apollo_bse_master_list_20260811_112506_attempt6_succesful_reviewnotdone_orchavatecore_digital_digital/Edvenswa_Enterprises_Ltd/screenshots/Edvenswa_Enterprises_Ltd_Homepage_WAVE_Overlay.png)","Company Secretary (Edvenswa Enterprises Ltd)","Company Secretary & Compliance Officer","info@edvenswa.in","General Contact Email (Guessed Pattern)","Managing Director / CEO","info@edvenswa.in"
"656","Unassigned","Lumax Industries Ltd","https://lumaxworld.in","Yes","No","No","5.8 out of 10","","","![WAVE Tool Screenshot](https://github.com/VEER-TANMAY-SACHIN/projects/blob/main/orchavate_gtm_workflow/outputs/v1.3_apollo_bse_master_list_20260811_112506_attempt6_succesful_reviewnotdone_orchavatecore_digital_digital/Lumax_Industries_Ltd/screenshots/Lumax_Industries_Ltd_Homepage_WAVE_Overlay.png)","Company Secretary (Lumax Industries Ltd)","Company Secretary & Compliance Officer","Not publicly disclosed","N/A","Managing Director / CEO","Not publicly disclosed"
"657","Unassigned","Digispice Technologies Ltd","https://digispice.com","Yes","Yes","Yes","6.3 out of 10","5","80","![WAVE Tool Screenshot](https://github.com/VEER-TANMAY-SACHIN/projects/blob/main/orchavate_gtm_workflow/outputs/v1.3_apollo_bse_master_list_20260811_112506_attempt6_succesful_reviewnotdone_orchavatecore_digital_digital/Digispice_Technologies_Ltd/screenshots/Digispice_Technologies_Ltd_Homepage_WAVE_Overlay.png)","Company Secretary (Digispice Technologies Ltd)","Company Secretary & Compliance Officer","info@digispice.com","General Contact Email (Guessed Pattern)","Managing Director / CEO","info@digispice.com"
"658","Unassigned","Calcom Vision Ltd","https://calcomindia.com","Yes","No","No","7.8 out of 10","","","![WAVE Tool Screenshot](https://github.com/VEER-TANMAY-SACHIN/projects/blob/main/orchavate_gtm_workflow/outputs/v1.3_apollo_bse_master_list_20260811_112506_attempt6_succesful_reviewnotdone_orchavatecore_digital_digital/Calcom_Vision_Ltd/screenshots/Calcom_Vision_Ltd_Homepage_WAVE_Overlay.png)","Company Secretary (Calcom Vision Ltd)","Company Secretary & Compliance Officer","Not publicly disclosed","N/A","Managing Director / CEO","Not publicly disclosed"
"659","Unassigned","Dynavision Ltd","https://dynavision.co.jp","Yes","No","No","5.8 out of 10","","","![WAVE Tool Screenshot](https://github.com/VEER-TANMAY-SACHIN/projects/blob/main/orchavate_gtm_workflow/outputs/v1.3_apollo_bse_master_list_20260811_112506_attempt6_succesful_reviewnotdone_orchavatecore_digital_digital/Dynavision_Ltd/screenshots/Dynavision_Ltd_Homepage_WAVE_Overlay.png)","Company Secretary (Dynavision Ltd)","Company Secretary & Compliance Officer","Not publicly disclosed","N/A","Managing Director / CEO","Not publicly disclosed"
"660","Unassigned","BCC Fuba India Ltd","https://bccfuba.com","Yes","No","No","6.3 out of 10","","","![WAVE Tool Screenshot](https://github.com/VEER-TANMAY-SACHIN/projects/blob/main/orchavate_gtm_workflow/outputs/v1.3_apollo_bse_master_list_20260811_112506_attempt6_succesful_reviewnotdone_orchavatecore_digital_digital/BCC_Fuba_India_Ltd/screenshots/BCC_Fuba_India_Ltd_Homepage_WAVE_Overlay.png)","Company Secretary (BCC Fuba India Ltd)","Company Secretary & Compliance Officer","Not publicly disclosed","N/A","Managing Director / CEO","Not publicly disclosed"
"661","Unassigned","Precision Electronics Ltd","https://pel-india.in","Yes","Yes","Yes","5 out of 10","7","72","![WAVE Tool Screenshot](https://github.com/VEER-TANMAY-SACHIN/projects/blob/main/orchavate_gtm_workflow/outputs/v1.3_apollo_bse_master_list_20260811_112506_attempt6_succesful_reviewnotdone_orchavatecore_digital_digital/Precision_Electronics_Ltd/screenshots/Precision_Electronics_Ltd_Homepage_WAVE_Overlay.png)","Company Secretary (Precision Electronics Ltd)","Company Secretary & Compliance Officer","info@pel-india.in","General Contact Email (Guessed Pattern)","Managing Director / CEO","info@pel-india.in"
"662","Unassigned","Fine Line Circuits Ltd","https://finelineindia.com","Yes","Yes","Yes","8.5 out of 10","","100","![WAVE Tool Screenshot](https://github.com/VEER-TANMAY-SACHIN/projects/blob/main/orchavate_gtm_workflow/outputs/v1.3_apollo_bse_master_list_20260811_112506_attempt6_succesful_reviewnotdone_orchavatecore_digital_digital/Fine_Line_Circuits_Ltd/screenshots/Fine_Line_Circuits_Ltd_Homepage_WAVE_Overlay.png)","Company Secretary (Fine Line Circuits Ltd)","Company Secretary & Compliance Officer","info@finelineindia.com","General Contact Email (Guessed Pattern)","Managing Director / CEO","info@finelineindia.com"
"663","Unassigned","S&S Power Switchgear Ltd","https://salesforce.com","Yes","No","No","8.5 out of 10","","","![WAVE Tool Screenshot](https://github.com/VEER-TANMAY-SACHIN/projects/blob/main/orchavate_gtm_workflow/outputs/v1.3_apollo_bse_master_list_20260811_112506_attempt6_succesful_reviewnotdone_orchavatecore_digital_digital/S_S_Power_Switchgear_Ltd/screenshots/S_S_Power_Switchgear_Ltd_Homepage_WAVE_Overlay.png)","Company Secretary (S&S Power Switchgear Ltd)","Company Secretary & Compliance Officer","Not publicly disclosed","N/A","Managing Director / CEO","Not publicly disclosed"
"664","Unassigned","Rnit Ai Solutions Ltd","https://rnit.ai","Yes","Yes","Yes","6.3 out of 10","","100","![WAVE Tool Screenshot](https://github.com/VEER-TANMAY-SACHIN/projects/blob/main/orchavate_gtm_workflow/outputs/v1.3_apollo_bse_master_list_20260811_112506_attempt6_succesful_reviewnotdone_orchavatecore_digital_digital/Rnit_Ai_Solutions_Ltd/screenshots/Rnit_Ai_Solutions_Ltd_Homepage_WAVE_Overlay.png)","Company Secretary (Rnit Ai Solutions Ltd)","Company Secretary & Compliance Officer","info@rnit.ai","General Contact Email (Guessed Pattern)","Managing Director / CEO","info@rnit.ai"
"665","Unassigned","Mindteck (India) Ltd","https://mindteck.com","Yes","Yes","Yes","8.5 out of 10","2","92","![WAVE Tool Screenshot](https://github.com/VEER-TANMAY-SACHIN/projects/blob/main/orchavate_gtm_workflow/outputs/v1.3_apollo_bse_master_list_20260811_112506_attempt6_succesful_reviewnotdone_orchavatecore_digital_digital/Mindteck__India__Ltd/screenshots/Mindteck__India__Ltd_Homepage_WAVE_Overlay.png)","Company Secretary (Mindteck (India) Ltd)","Company Secretary & Compliance Officer","info@mindteck.com","Investor Grievance / Compliance Officer Email","Managing Director / CEO","investor.helpdesk@in.mpms.mufg.com"
"666","Unassigned","Havells India Ltd","https://havells.shop","Yes","Yes","Yes","7.8 out of 10","","100","![WAVE Tool Screenshot](https://github.com/VEER-TANMAY-SACHIN/projects/blob/main/orchavate_gtm_workflow/outputs/v1.3_apollo_bse_master_list_20260811_112506_attempt6_succesful_reviewnotdone_orchavatecore_digital_digital/Havells_India_Ltd/screenshots/Havells_India_Ltd_Homepage_WAVE_Overlay.png)","Company Secretary (Havells India Ltd)","Company Secretary & Compliance Officer","info@havells.shop","General Contact Email (Guessed Pattern)","Managing Director / CEO","info@havells.shop"
"667","Unassigned","Incap Ltd","https://incaper.es.gov.br","Yes","Yes","Yes","1 out of 10","14","44","![WAVE Tool Screenshot](https://github.com/VEER-TANMAY-SACHIN/projects/blob/main/orchavate_gtm_workflow/outputs/v1.3_apollo_bse_master_list_20260811_112506_attempt6_succesful_reviewnotdone_orchavatecore_digital_digital/Incap_Ltd/screenshots/Incap_Ltd_Homepage_WAVE_Overlay.png)","Company Secretary (Incap Ltd)","Company Secretary & Compliance Officer","gvej76kic97hmtpgchffkpipsk@group.calendar.google.com","General Contact Email","Managing Director / CEO","gvej76kic97hmtpgchffkpipsk@group.calendar.google.com"
"668","Unassigned","Gujarat Intrux Ltd","https://gujaratintrux.com","Yes","Yes","Yes","1 out of 10","46","30","![WAVE Tool Screenshot](https://github.com/VEER-TANMAY-SACHIN/projects/blob/main/orchavate_gtm_workflow/outputs/v1.3_apollo_bse_master_list_20260811_112506_attempt6_succesful_reviewnotdone_orchavatecore_digital_digital/Gujarat_Intrux_Ltd/screenshots/Gujarat_Intrux_Ltd_Homepage_WAVE_Overlay.png)","Company Secretary (Gujarat Intrux Ltd)","Company Secretary & Compliance Officer","info@gujaratintrux.com","Investor Grievance / Compliance Officer Email","Managing Director / CEO","cs@gujaratintrux.com"
"669","Unassigned","Symphony Ltd","https://symphony-usa.com","Yes","Yes","Yes","5.8 out of 10","6","76","![WAVE Tool Screenshot](https://github.com/VEER-TANMAY-SACHIN/projects/blob/main/orchavate_gtm_workflow/outputs/v1.3_apollo_bse_master_list_20260811_112506_attempt6_succesful_reviewnotdone_orchavatecore_digital_digital/Symphony_Ltd/screenshots/Symphony_Ltd_Homepage_WAVE_Overlay.png)","Company Secretary (Symphony Ltd)","Company Secretary & Compliance Officer","sales.usa@symphonylimited.com","General Contact Email","Managing Director / CEO","sales.usa@symphonylimited.com"
"670","Unassigned","Reganto Enterprises Ltd","https://regantotalconstruction.com","Yes","No","No","8.5 out of 10","","","![WAVE Tool Screenshot](https://github.com/VEER-TANMAY-SACHIN/projects/blob/main/orchavate_gtm_workflow/outputs/v1.3_apollo_bse_master_list_20260811_112506_attempt6_succesful_reviewnotdone_orchavatecore_digital_digital/Reganto_Enterprises_Ltd/screenshots/Reganto_Enterprises_Ltd_Homepage_WAVE_Overlay.png)","Company Secretary (Reganto Enterprises Ltd)","Company Secretary & Compliance Officer","Not publicly disclosed","N/A","Managing Director / CEO","Not publicly disclosed"
"671","Unassigned","Lee & Nee Softwares Exports Ltd","https://leetcode.com","Yes","Yes","Yes","2.8 out of 10","10","60","![WAVE Tool Screenshot](https://github.com/VEER-TANMAY-SACHIN/projects/blob/main/orchavate_gtm_workflow/outputs/v1.3_apollo_bse_master_list_20260811_112506_attempt6_succesful_reviewnotdone_orchavatecore_digital_digital/Lee___Nee_Softwares_Exports_Ltd/screenshots/Lee___Nee_Softwares_Exports_Ltd_Homepage_WAVE_Overlay.png)","Company Secretary (Lee & Nee Softwares Exports Ltd)","Company Secretary & Compliance Officer","me@gbraad.nl","General Contact Email","Managing Director / CEO","me@gbraad.nl"
"672","Unassigned","Patels Airtemp India Ltd","https://patelsairtemp.com","Yes","No","No","8.5 out of 10","","","![WAVE Tool Screenshot](https://github.com/VEER-TANMAY-SACHIN/projects/blob/main/orchavate_gtm_workflow/outputs/v1.3_apollo_bse_master_list_20260811_112506_attempt6_succesful_reviewnotdone_orchavatecore_digital_digital/Patels_Airtemp_India_Ltd/screenshots/Patels_Airtemp_India_Ltd_Homepage_WAVE_Overlay.png)","Company Secretary (Patels Airtemp India Ltd)","Company Secretary & Compliance Officer","Not publicly disclosed","N/A","Managing Director / CEO","Not publicly disclosed"
"673","Unassigned","Butterfly Gandhimathi Appliances Ltd","https://butterflygalleria.com","Yes","Yes","Yes","7.8 out of 10","","100","![WAVE Tool Screenshot](https://github.com/VEER-TANMAY-SACHIN/projects/blob/main/orchavate_gtm_workflow/outputs/v1.3_apollo_bse_master_list_20260811_112506_attempt6_succesful_reviewnotdone_orchavatecore_digital_digital/Butterfly_Gandhimathi_Appliances_Ltd/screenshots/Butterfly_Gandhimathi_Appliances_Ltd_Homepage_WAVE_Overlay.png)","Company Secretary (Butterfly Gandhimathi Appliances Ltd)","Company Secretary & Compliance Officer","info@butterflygalleria.com","General Contact Email (Guessed Pattern)","Managing Director / CEO","info@butterflygalleria.com"
"674","Unassigned","Athena Global Technologies Ltd","https://athenaglobalconsulting.com","Yes","Yes","Yes","7.8 out of 10","","100","![WAVE Tool Screenshot](https://github.com/VEER-TANMAY-SACHIN/projects/blob/main/orchavate_gtm_workflow/outputs/v1.3_apollo_bse_master_list_20260811_112506_attempt6_succesful_reviewnotdone_orchavatecore_digital_digital/Athena_Global_Technologies_Ltd/screenshots/Athena_Global_Technologies_Ltd_Homepage_WAVE_Overlay.png)","Company Secretary (Athena Global Technologies Ltd)","Company Secretary & Compliance Officer","info@athenaglobalconsulting.com","General Contact Email (Guessed Pattern)","Managing Director / CEO","info@athenaglobalconsulting.com"
"675","Unassigned","Magna Electro Castings Ltd","https://magnacast.com","Yes","Yes","Yes","7.8 out of 10","","100","![WAVE Tool Screenshot](https://github.com/VEER-TANMAY-SACHIN/projects/blob/main/orchavate_gtm_workflow/outputs/v1.3_apollo_bse_master_list_20260811_112506_attempt6_succesful_reviewnotdone_orchavatecore_digital_digital/Magna_Electro_Castings_Ltd/screenshots/Magna_Electro_Castings_Ltd_Homepage_WAVE_Overlay.png)","Company Secretary (Magna Electro Castings Ltd)","Company Secretary & Compliance Officer","info@magnacast.com","General Contact Email (Guessed Pattern)","Managing Director / CEO","info@magnacast.com"
"676","Unassigned","Marsons Ltd","https://marsonselectricals.com","Yes","No","No","7 out of 10","","","![WAVE Tool Screenshot](https://github.com/VEER-TANMAY-SACHIN/projects/blob/main/orchavate_gtm_workflow/outputs/v1.3_apollo_bse_master_list_20260811_112506_attempt6_succesful_reviewnotdone_orchavatecore_digital_digital/Marsons_Ltd/screenshots/Marsons_Ltd_Homepage_WAVE_Overlay.png)","Company Secretary (Marsons Ltd)","Company Secretary & Compliance Officer","Not publicly disclosed","N/A","Managing Director / CEO","Not publicly disclosed"
"677","Unassigned","Elnet Technologies Ltd","https://elnetkenya.org","Yes","Yes","Yes","8.5 out of 10","","100","![WAVE Tool Screenshot](https://github.com/VEER-TANMAY-SACHIN/projects/blob/main/orchavate_gtm_workflow/outputs/v1.3_apollo_bse_master_list_20260811_112506_attempt6_succesful_reviewnotdone_orchavatecore_digital_digital/Elnet_Technologies_Ltd/screenshots/Elnet_Technologies_Ltd_Homepage_WAVE_Overlay.png)","Company Secretary (Elnet Technologies Ltd)","Company Secretary & Compliance Officer","info@elnetkenya.org","General Contact Email (Guessed Pattern)","Managing Director / CEO","info@elnetkenya.org"
"678","Unassigned","Accel Ltd","https://accela.com","Yes","Yes","Yes","7 out of 10","4","84","![WAVE Tool Screenshot](https://github.com/VEER-TANMAY-SACHIN/projects/blob/main/orchavate_gtm_workflow/outputs/v1.3_apollo_bse_master_list_20260811_112506_attempt6_succesful_reviewnotdone_orchavatecore_digital_digital/Accel_Ltd/screenshots/Accel_Ltd_Homepage_WAVE_Overlay.png)","Company Secretary (Accel Ltd)","Company Secretary & Compliance Officer","info@accela.com","General Contact Email (Guessed Pattern)","Managing Director / CEO","info@accela.com"
"679","Unassigned","Websol Energy System Ltd","https://webelsolar.com","Yes","Yes","Yes","6.3 out of 10","","100","![WAVE Tool Screenshot](https://github.com/VEER-TANMAY-SACHIN/projects/blob/main/orchavate_gtm_workflow/outputs/v1.3_apollo_bse_master_list_20260811_112506_attempt6_succesful_reviewnotdone_orchavatecore_digital_digital/Websol_Energy_System_Ltd/screenshots/Websol_Energy_System_Ltd_Homepage_WAVE_Overlay.png)","Company Secretary (Websol Energy System Ltd)","Company Secretary & Compliance Officer","info@webelsolar.com","General Contact Email (Guessed Pattern)","Managing Director / CEO","info@webelsolar.com"
"680","Unassigned","Roto Pumps Ltd","https://rotopumps.com","Yes","No","No","7 out of 10","","","![WAVE Tool Screenshot](https://github.com/VEER-TANMAY-SACHIN/projects/blob/main/orchavate_gtm_workflow/outputs/v1.3_apollo_bse_master_list_20260811_112506_attempt6_succesful_reviewnotdone_orchavatecore_digital_digital/Roto_Pumps_Ltd/screenshots/Roto_Pumps_Ltd_Homepage_WAVE_Overlay.png)","Company Secretary (Roto Pumps Ltd)","Company Secretary & Compliance Officer","Not publicly disclosed","N/A","Managing Director / CEO","Not publicly disclosed"
"681","Unassigned","TTK Prestige Ltd","https://ttkprestige.com","Yes","Yes","Yes","1 out of 10","110","30","![WAVE Tool Screenshot](https://github.com/VEER-TANMAY-SACHIN/projects/blob/main/orchavate_gtm_workflow/outputs/v1.3_apollo_bse_master_list_20260811_112506_attempt6_succesful_reviewnotdone_orchavatecore_digital_digital/TTK_Prestige_Ltd/screenshots/TTK_Prestige_Ltd_Homepage_WAVE_Overlay.png)","Company Secretary (TTK Prestige Ltd)","Company Secretary & Compliance Officer","customercare@ttkprestige.com","Investor Grievance / Compliance Officer Email","Managing Director / CEO","investorhelp@ttkprestige.com"
"682","Unassigned","D & H India Ltd","https://discord.com","Yes","Yes","Yes","1.5 out of 10","12","52","![WAVE Tool Screenshot](https://github.com/VEER-TANMAY-SACHIN/projects/blob/main/orchavate_gtm_workflow/outputs/v1.3_apollo_bse_master_list_20260811_112506_attempt6_succesful_reviewnotdone_orchavatecore_digital_digital/D___H_India_Ltd/screenshots/D___H_India_Ltd_Homepage_WAVE_Overlay.png)","Company Secretary (D & H India Ltd)","Company Secretary & Compliance Officer","support@discord.com","General Contact Email","Managing Director / CEO","support@discord.com"
"683","Unassigned","Onward Technologies Ltd","https://onward.co.jp","Yes","Yes","Yes","7 out of 10","","100","![WAVE Tool Screenshot](https://github.com/VEER-TANMAY-SACHIN/projects/blob/main/orchavate_gtm_workflow/outputs/v1.3_apollo_bse_master_list_20260811_112506_attempt6_succesful_reviewnotdone_orchavatecore_digital_digital/Onward_Technologies_Ltd/screenshots/Onward_Technologies_Ltd_Homepage_WAVE_Overlay.png)","Company Secretary (Onward Technologies Ltd)","Company Secretary & Compliance Officer","info@onward.co.jp","General Contact Email (Guessed Pattern)","Managing Director / CEO","info@onward.co.jp"
"684","Unassigned","Centum Electronics Ltd","https://centumelectronics.com","Yes","No","No","7.8 out of 10","","","![WAVE Tool Screenshot](https://github.com/VEER-TANMAY-SACHIN/projects/blob/main/orchavate_gtm_workflow/outputs/v1.3_apollo_bse_master_list_20260811_112506_attempt6_succesful_reviewnotdone_orchavatecore_digital_digital/Centum_Electronics_Ltd/screenshots/Centum_Electronics_Ltd_Homepage_WAVE_Overlay.png)","Company Secretary (Centum Electronics Ltd)","Company Secretary & Compliance Officer","Not publicly disclosed","N/A","Managing Director / CEO","Not publicly disclosed"
"685","Unassigned","Trigyn Technologies Ltd","https://trigyn.com","Yes","Yes","Yes","1 out of 10","16","36","![WAVE Tool Screenshot](https://github.com/VEER-TANMAY-SACHIN/projects/blob/main/orchavate_gtm_workflow/outputs/v1.3_apollo_bse_master_list_20260811_112506_attempt6_succesful_reviewnotdone_orchavatecore_digital_digital/Trigyn_Technologies_Ltd/screenshots/Trigyn_Technologies_Ltd_Homepage_WAVE_Overlay.png)","Company Secretary (Trigyn Technologies Ltd)","Company Secretary & Compliance Officer","info@trigyn.com","General Contact Email (Guessed Pattern)","Managing Director / CEO","info@trigyn.com"
"686","Unassigned","KEI Industries Ltd","https://keiseruniversity.edu","Yes","No","No","7.8 out of 10","","","![WAVE Tool Screenshot](https://github.com/VEER-TANMAY-SACHIN/projects/blob/main/orchavate_gtm_workflow/outputs/v1.3_apollo_bse_master_list_20260811_112506_attempt6_succesful_reviewnotdone_orchavatecore_digital_digital/KEI_Industries_Ltd/screenshots/KEI_Industries_Ltd_Homepage_WAVE_Overlay.png)","Company Secretary (KEI Industries Ltd)","Company Secretary & Compliance Officer","Not publicly disclosed","N/A","Managing Director / CEO","Not publicly disclosed"
"687","Unassigned","Keerthi Industries Ltd","https://keerthisecurity.com","Yes","No","No","7 out of 10","","","![WAVE Tool Screenshot](https://github.com/VEER-TANMAY-SACHIN/projects/blob/main/orchavate_gtm_workflow/outputs/v1.3_apollo_bse_master_list_20260811_112506_attempt6_succesful_reviewnotdone_orchavatecore_digital_digital/Keerthi_Industries_Ltd/screenshots/Keerthi_Industries_Ltd_Homepage_WAVE_Overlay.png)","Company Secretary (Keerthi Industries Ltd)","Company Secretary & Compliance Officer","Not publicly disclosed","N/A","Managing Director / CEO","Not publicly disclosed"
"688","Unassigned","Sri Chakra Cement Ltd","https://srichakracement.com","Yes","Yes","Yes","6.3 out of 10","","100","![WAVE Tool Screenshot](https://github.com/VEER-TANMAY-SACHIN/projects/blob/main/orchavate_gtm_workflow/outputs/v1.3_apollo_bse_master_list_20260811_112506_attempt6_succesful_reviewnotdone_orchavatecore_digital_digital/Sri_Chakra_Cement_Ltd/screenshots/Sri_Chakra_Cement_Ltd_Homepage_WAVE_Overlay.png)","Company Secretary (Sri Chakra Cement Ltd)","Company Secretary & Compliance Officer","info@srichakracement.com","General Contact Email (Guessed Pattern)","Managing Director / CEO","info@srichakracement.com"
"689","Unassigned","Suraj Products Ltd","https://surajproducts.com","Yes","Yes","Yes","7.8 out of 10","3","88","![WAVE Tool Screenshot](https://github.com/VEER-TANMAY-SACHIN/projects/blob/main/orchavate_gtm_workflow/outputs/v1.3_apollo_bse_master_list_20260811_112506_attempt6_succesful_reviewnotdone_orchavatecore_digital_digital/Suraj_Products_Ltd/screenshots/Suraj_Products_Ltd_Homepage_WAVE_Overlay.png)","Company Secretary (Suraj Products Ltd)","Company Secretary & Compliance Officer","info@surajproduct.com","General Contact Email","Managing Director / CEO","info@surajproduct.com"
"690","Unassigned","Anjani Portland Cement Ltd","https://anjanicement.com","Yes","Yes","Yes","6.3 out of 10","","100","![WAVE Tool Screenshot](https://github.com/VEER-TANMAY-SACHIN/projects/blob/main/orchavate_gtm_workflow/outputs/v1.3_apollo_bse_master_list_20260811_112506_attempt6_succesful_reviewnotdone_orchavatecore_digital_digital/Anjani_Portland_Cement_Ltd/screenshots/Anjani_Portland_Cement_Ltd_Homepage_WAVE_Overlay.png)","Company Secretary (Anjani Portland Cement Ltd)","Company Secretary & Compliance Officer","secretarial@anjanicement.com","Investor Grievance / Compliance Officer Email","Managing Director / CEO","raghu.veedha@kfintech.com"
"691","Unassigned","Modi Naturals Ltd","https://modinaturals.com","Yes","Yes","Yes","1 out of 10","16","36","![WAVE Tool Screenshot](https://github.com/VEER-TANMAY-SACHIN/projects/blob/main/orchavate_gtm_workflow/outputs/v1.3_apollo_bse_master_list_20260811_112506_attempt6_succesful_reviewnotdone_orchavatecore_digital_digital/Modi_Naturals_Ltd/screenshots/Modi_Naturals_Ltd_Homepage_WAVE_Overlay.png)","Company Secretary (Modi Naturals Ltd)","Company Secretary & Compliance Officer","corporate@modinaturals.com","General Contact Email","Managing Director / CEO","corporate@modinaturals.com"
"692","Unassigned","Prashant India Ltd","https://prashantindia.info","Yes","Yes","Yes","5 out of 10","7","72","![WAVE Tool Screenshot](https://github.com/VEER-TANMAY-SACHIN/projects/blob/main/orchavate_gtm_workflow/outputs/v1.3_apollo_bse_master_list_20260811_112506_attempt6_succesful_reviewnotdone_orchavatecore_digital_digital/Prashant_India_Ltd/screenshots/Prashant_India_Ltd_Homepage_WAVE_Overlay.png)","Company Secretary (Prashant India Ltd)","Company Secretary & Compliance Officer","info@prashantindia.info","General Contact Email","Managing Director / CEO","info@prashantindia.info"
"693","Unassigned","Shah Foods Ltd","https://shahfoods.in","Yes","Yes","Yes","2.8 out of 10","10","60","![WAVE Tool Screenshot](https://github.com/VEER-TANMAY-SACHIN/projects/blob/main/orchavate_gtm_workflow/outputs/v1.3_apollo_bse_master_list_20260811_112506_attempt6_succesful_reviewnotdone_orchavatecore_digital_digital/Shah_Foods_Ltd/screenshots/Shah_Foods_Ltd_Homepage_WAVE_Overlay.png)","Company Secretary (Shah Foods Ltd)","Company Secretary & Compliance Officer","shahfoodsprocessing@yahoo.co.in","General Contact Email","Managing Director / CEO","shahfoodsprocessing@yahoo.co.in"
"694","Unassigned","Ritesh International Ltd","https://riteshinternationalltd.com","Yes","Yes","Yes","2.3 out of 10","11","56","![WAVE Tool Screenshot](https://github.com/VEER-TANMAY-SACHIN/projects/blob/main/orchavate_gtm_workflow/outputs/v1.3_apollo_bse_master_list_20260811_112506_attempt6_succesful_reviewnotdone_orchavatecore_digital_digital/Ritesh_International_Ltd/screenshots/Ritesh_International_Ltd_Homepage_WAVE_Overlay.png)","Company Secretary (Ritesh International Ltd)","Company Secretary & Compliance Officer","info@riteshinternationalltd.com","General Contact Email","Managing Director / CEO","info@riteshinternationalltd.com"
"695","Unassigned","Hindustan Foods Ltd","https://hindustanfoodslimited.com","Yes","Yes","Yes","1 out of 10","37","30","![WAVE Tool Screenshot](https://github.com/VEER-TANMAY-SACHIN/projects/blob/main/orchavate_gtm_workflow/outputs/v1.3_apollo_bse_master_list_20260811_112506_attempt6_succesful_reviewnotdone_orchavatecore_digital_digital/Hindustan_Foods_Ltd/screenshots/Hindustan_Foods_Ltd_Homepage_WAVE_Overlay.png)","Company Secretary (Hindustan Foods Ltd)","Company Secretary & Compliance Officer","business@thevanitycase.com","General Contact Email","Managing Director / CEO","business@thevanitycase.com"
"696","Unassigned","Vadilal Enterprises Ltd","https://vadilalicecreams.com","Yes","Yes","Yes","1 out of 10","33","30","![WAVE Tool Screenshot](https://github.com/VEER-TANMAY-SACHIN/projects/blob/main/orchavate_gtm_workflow/outputs/v1.3_apollo_bse_master_list_20260811_112506_attempt6_succesful_reviewnotdone_orchavatecore_digital_digital/Vadilal_Enterprises_Ltd/screenshots/Vadilal_Enterprises_Ltd_Homepage_WAVE_Overlay.png)","Company Secretary (Vadilal Enterprises Ltd)","Company Secretary & Compliance Officer","info@vadilalgroup.com","General Contact Email","Managing Director / CEO","info@vadilalgroup.com"
"697","Unassigned","Vadilal Industries Ltd","https://vadilalicecreams.com","Yes","Yes","Yes","1 out of 10","33","30","![WAVE Tool Screenshot](https://github.com/VEER-TANMAY-SACHIN/projects/blob/main/orchavate_gtm_workflow/outputs/v1.3_apollo_bse_master_list_20260811_112506_attempt6_succesful_reviewnotdone_orchavatecore_digital_digital/Vadilal_Industries_Ltd/screenshots/Vadilal_Industries_Ltd_Homepage_WAVE_Overlay.png)","Company Secretary (Vadilal Industries Ltd)","Company Secretary & Compliance Officer","info@vadilalgroup.com","General Contact Email","Managing Director / CEO","info@vadilalgroup.com"
"698","Unassigned","Adf Foods Ltd","https://adf-foods.com","Yes","Yes","Yes","6.3 out of 10","","100","![WAVE Tool Screenshot](https://github.com/VEER-TANMAY-SACHIN/projects/blob/main/orchavate_gtm_workflow/outputs/v1.3_apollo_bse_master_list_20260811_112506_attempt6_succesful_reviewnotdone_orchavatecore_digital_digital/Adf_Foods_Ltd/screenshots/Adf_Foods_Ltd_Homepage_WAVE_Overlay.png)","Company Secretary (Adf Foods Ltd)","Company Secretary & Compliance Officer","info@adf-foods.com","General Contact Email","Managing Director / CEO","info@adf-foods.com"
"699","Unassigned","Williamson Financial Services Ltd","https://williamsonfinancialtx.com","Yes","Yes","Yes","5 out of 10","7","72","![WAVE Tool Screenshot](https://github.com/VEER-TANMAY-SACHIN/projects/blob/main/orchavate_gtm_workflow/outputs/v1.3_apollo_bse_master_list_20260811_112506_attempt6_succesful_reviewnotdone_orchavatecore_digital_digital/Williamson_Financial_Services_Ltd/screenshots/Williamson_Financial_Services_Ltd_Homepage_WAVE_Overlay.png)","Company Secretary (Williamson Financial Services Ltd)","Company Secretary & Compliance Officer","info@williamsonfinancialtx.com","General Contact Email (Guessed Pattern)","Managing Director / CEO","info@williamsonfinancialtx.com"
"700","Unassigned","Ajanta Soya Ltd","https://ajantasoya.com","Yes","No","No","5.8 out of 10","","","![WAVE Tool Screenshot](https://github.com/VEER-TANMAY-SACHIN/projects/blob/main/orchavate_gtm_workflow/outputs/v1.3_apollo_bse_master_list_20260811_112506_attempt6_succesful_reviewnotdone_orchavatecore_digital_digital/Ajanta_Soya_Ltd/screenshots/Ajanta_Soya_Ltd_Homepage_WAVE_Overlay.png)","Company Secretary (Ajanta Soya Ltd)","Company Secretary & Compliance Officer","Not publicly disclosed","N/A","Managing Director / CEO","Not publicly disclosed"
"701","Unassigned","Kisaan Parivar Industries Ltd","https://kisaanparivar.com","Yes","Yes","No","8.5 out of 10","","100","![WAVE Tool Screenshot](https://github.com/VEER-TANMAY-SACHIN/projects/blob/main/orchavate_gtm_workflow/outputs/v1.3_apollo_bse_master_list_20260811_112506_attempt6_succesful_reviewnotdone_orchavatecore_digital_digital/Kisaan_Parivar_Industries_Ltd/screenshots/Kisaan_Parivar_Industries_Ltd_Homepage_WAVE_Overlay.png)","Company Secretary (Kisaan Parivar Industries Ltd)","Company Secretary & Compliance Officer","info@kisaanparivar.com","General Contact Email (Guessed Pattern)","Managing Director / CEO","info@kisaanparivar.com"