[2026-08-06T19:36:05.244Z] COMPANY: "20 Microns Limited" | QUERIES: ["20 Microns Limited" official website] | CANDIDATES: [https://20microns.com] | SELECTED: "https://20microns.com" | CONFIDENCE: HIGH | TIME: 1ms | REASON: Resolved via readymade-fallback
[2026-08-06T19:36:16.288Z] COMPANY: "21st Century Management Services Limited" | QUERIES: ["21st Century Management Services Limited" official website] | CANDIDATES: [https://Not Found] | SELECTED: "https://Not Found" | CONFIDENCE: HIGH | TIME: 0ms | REASON: Resolved via readymade-fallback
[2026-08-06T19:36:22.639Z] COMPANY: "360 ONE WAM LIMITED" | QUERIES: ["360 ONE WAM LIMITED" official website] | CANDIDATES: [https://Not Found] | SELECTED: "https://Not Found" | CONFIDENCE: HIGH | TIME: 1ms | REASON: Resolved via readymade-fallback
[2026-08-06T19:36:30.954Z] COMPANY: "3B Blackbio Dx Limited" | QUERIES: ["3B Blackbio Dx Limited" official website] | CANDIDATES: [https://Not Found] | SELECTED: "https://Not Found" | CONFIDENCE: HIGH | TIME: 0ms | REASON: Resolved via readymade-fallback
[2026-08-06T19:36:38.751Z] COMPANY: "3i Infotech Limited" | QUERIES: ["3i Infotech Limited" official website] | CANDIDATES: [https://3i-infotech.com] | SELECTED: "https://3i-infotech.com" | CONFIDENCE: HIGH | TIME: 0ms | REASON: Resolved via readymade-fallback
[2026-08-06T19:36:51.998Z] COMPANY: "3M India Limited" | QUERIES: ["3M India Limited" official website] | CANDIDATES: [https://msn.com] | SELECTED: "https://msn.com" | CONFIDENCE: HIGH | TIME: 0ms | REASON: Resolved via readymade-fallback
[2026-08-06T19:36:52.632Z] COMPANY: "3P Land Holdings Limited" | QUERIES: ["3P Land Holdings Limited" official website] | CANDIDATES: [https://Not Found] | SELECTED: "https://Not Found" | CONFIDENCE: HIGH | TIME: 0ms | REASON: Resolved via readymade-fallback
[2026-08-06T19:36:57.511Z] COMPANY: "5Paisa Capital Limited" | QUERIES: ["5Paisa Capital Limited" official website] | CANDIDATES: [https://Not Found] | SELECTED: "https://Not Found" | CONFIDENCE: HIGH | TIME: 0ms | REASON: Resolved via readymade-fallback
[2026-08-06T19:37:02.317Z] COMPANY: "63 moons technologies limited" | QUERIES: ["63 moons technologies limited" official website] | CANDIDATES: [https://63moons.com] | SELECTED: "https://63moons.com" | CONFIDENCE: HIGH | TIME: 0ms | REASON: Resolved via readymade-fallback
[2026-08-06T19:37:12.467Z] COMPANY: "A2Z Infra Engineering Limited" | QUERIES: ["A2Z Infra Engineering Limited" official website] | CANDIDATES: [https://Not Found] | SELECTED: "https://Not Found" | CONFIDENCE: HIGH | TIME: 0ms | REASON: Resolved via readymade-fallback
[2026-08-06T19:37:19.585Z] COMPANY: "AAA Technologies Limited" | QUERIES: ["AAA Technologies Limited" official website] | CANDIDATES: [https://aaa.com] | SELECTED: "https://aaa.com" | CONFIDENCE: HIGH | TIME: 0ms | REASON: Resolved via readymade-fallback
[2026-08-06T19:37:22.674Z] COMPANY: "Aadhar Housing Finance Limited" | QUERIES: ["Aadhar Housing Finance Limited" official website] | CANDIDATES: [https://aadharhousing.com] | SELECTED: "https://aadharhousing.com" | CONFIDENCE: HIGH | TIME: 0ms | REASON: Resolved via readymade-fallback
[2026-08-06T19:37:31.910Z] COMPANY: "Aakash Exploration Services Limited" | QUERIES: ["Aakash Exploration Services Limited" official website] | CANDIDATES: [https://Not Found] | SELECTED: "https://Not Found" | CONFIDENCE: HIGH | TIME: 0ms | REASON: Resolved via readymade-fallback
[2026-08-06T19:37:37.832Z] COMPANY: "Aarey Drugs & Pharmaceuticals Limited" | QUERIES: ["Aarey Drugs & Pharmaceuticals Limited" official website] | CANDIDATES: [https://aareydrugs.com] | SELECTED: "https://aareydrugs.com" | CONFIDENCE: HIGH | TIME: 0ms | REASON: Resolved via readymade-fallback
[2026-08-06T19:37:39.066Z] COMPANY: "Aarnav Fashions Limited" | QUERIES: ["Aarnav Fashions Limited" official website] | CANDIDATES: [https://Not Found] | SELECTED: "https://Not Found" | CONFIDENCE: HIGH | TIME: 0ms | REASON: Resolved via readymade-fallback
[2026-08-06T19:37:46.996Z] COMPANY: "Aaron Industries Limited" | QUERIES: ["Aaron Industries Limited" official website] | CANDIDATES: [https://aaronindustries.net] | SELECTED: "https://aaronindustries.net" | CONFIDENCE: HIGH | TIME: 0ms | REASON: Resolved via readymade-fallback
[2026-08-06T19:38:04.382Z] COMPANY: "Aartech Solonics Limited" | QUERIES: ["Aartech Solonics Limited" official website] | CANDIDATES: [https://aartechsolonics.com] | SELECTED: "https://aartechsolonics.com" | CONFIDENCE: HIGH | TIME: 0ms | REASON: Resolved via readymade-fallback
[2026-08-06T19:38:15.393Z] COMPANY: "Aarti Drugs Limited" | QUERIES: ["Aarti Drugs Limited" official website] | CANDIDATES: [https://aartidrugs.com] | SELECTED: "https://aartidrugs.com" | CONFIDENCE: HIGH | TIME: 0ms | REASON: Resolved via readymade-fallback
[2026-08-06T19:38:18.873Z] COMPANY: "Aarti Industries Limited" | QUERIES: ["Aarti Industries Limited" official website] | CANDIDATES: [https://aarti-industries.com] | SELECTED: "https://aarti-industries.com" | CONFIDENCE: HIGH | TIME: 0ms | REASON: Resolved via readymade-fallback
[2026-08-06T19:38:28.867Z] COMPANY: "Aarti Pharmalabs Limited" | QUERIES: ["Aarti Pharmalabs Limited" official website] | CANDIDATES: [https://aartipharmalabs.com] | SELECTED: "https://aartipharmalabs.com" | CONFIDENCE: HIGH | TIME: 0ms | REASON: Resolved via readymade-fallback
[2026-08-06T19:38:38.651Z] COMPANY: "Aarti Surfactants Limited" | QUERIES: ["Aarti Surfactants Limited" official website] | CANDIDATES: [https://aarti-surfactants.com] | SELECTED: "https://aarti-surfactants.com" | CONFIDENCE: HIGH | TIME: 1ms | REASON: Resolved via readymade-fallback
[2026-08-06T19:38:47.150Z] COMPANY: "Aarvi Encon Limited" | QUERIES: ["Aarvi Encon Limited" official website] | CANDIDATES: [https://aarviencon.com] | SELECTED: "https://aarviencon.com" | CONFIDENCE: HIGH | TIME: 1ms | REASON: Resolved via readymade-fallback
[2026-08-06T19:38:47.961Z] COMPANY: "Aastha Spintex Limited" | QUERIES: ["Aastha Spintex Limited" official website] | CANDIDATES: [https://Not Found] | SELECTED: "https://Not Found" | CONFIDENCE: HIGH | TIME: 0ms | REASON: Resolved via readymade-fallback
[2026-08-06T19:38:52.562Z] COMPANY: "Aavas Financiers Limited" | QUERIES: ["Aavas Financiers Limited" official website] | CANDIDATES: [https://aavas.in] | SELECTED: "https://aavas.in" | CONFIDENCE: HIGH | TIME: 0ms | REASON: Resolved via readymade-fallback
[2026-08-06T19:38:53.348Z] COMPANY: "Aban Offshore Limited" | QUERIES: ["Aban Offshore Limited" official website] | CANDIDATES: [https://abanoffshore.com] | SELECTED: "https://abanoffshore.com" | CONFIDENCE: HIGH | TIME: 0ms | REASON: Resolved via readymade-fallback
[2026-08-06T19:41:15.255Z] COMPANY: "Abans Enterprises Limited" | QUERIES: ["Abans Enterprises Limited" official website] | CANDIDATES: [https://aban.net] | SELECTED: "https://aban.net" | CONFIDENCE: HIGH | TIME: 0ms | REASON: Resolved via readymade-fallback
[2026-08-06T19:41:26.600Z] COMPANY: "ABB India Limited" | QUERIES: ["ABB India Limited" official website] | CANDIDATES: [https://abbvie.com] | SELECTED: "https://abbvie.com" | CONFIDENCE: HIGH | TIME: 0ms | REASON: Resolved via readymade-fallback
[2026-08-06T19:41:29.154Z] COMPANY: "Abbott India Limited" | QUERIES: ["Abbott India Limited" official website] | CANDIDATES: [https://abbott.com] | SELECTED: "https://abbott.com" | CONFIDENCE: HIGH | TIME: 0ms | REASON: Resolved via readymade-fallback
[2026-08-06T19:41:41.311Z] COMPANY: "Aditya Birla Capital Limited" | QUERIES: ["Aditya Birla Capital Limited" official website] | CANDIDATES: [https://adityabirlacapital.com] | SELECTED: "https://adityabirlacapital.com" | CONFIDENCE: HIGH | TIME: 0ms | REASON: Resolved via readymade-fallback
[2026-08-06T19:41:46.539Z] COMPANY: "A B Cotspin India Limited" | QUERIES: ["A B Cotspin India Limited" official website] | CANDIDATES: [https://Not Found] | SELECTED: "https://Not Found" | CONFIDENCE: HIGH | TIME: 0ms | REASON: Resolved via readymade-fallback
[2026-08-06T19:41:53.983Z] COMPANY: "Allied Blenders and Distillers Limited" | QUERIES: ["Allied Blenders and Distillers Limited" official website] | CANDIDATES: [https://Not Found] | SELECTED: "https://Not Found" | CONFIDENCE: HIGH | TIME: 0ms | REASON: Resolved via readymade-fallback
[2026-08-06T19:42:00.053Z] COMPANY: "Aditya Birla Fashion and Retail Limited" | QUERIES: ["Aditya Birla Fashion and Retail Limited" official website] | CANDIDATES: [https://Not Found] | SELECTED: "https://Not Found" | CONFIDENCE: HIGH | TIME: 0ms | REASON: Resolved via readymade-fallback
[2026-08-06T19:42:07.927Z] COMPANY: "A B Infrabuild Limited" | QUERIES: ["A B Infrabuild Limited" official website] | CANDIDATES: [https://Not Found] | SELECTED: "https://Not Found" | CONFIDENCE: HIGH | TIME: 0ms | REASON: Resolved via readymade-fallback
[2026-08-06T19:42:13.126Z] COMPANY: "Aditya Birla Lifestyle Brands Limited" | QUERIES: ["Aditya Birla Lifestyle Brands Limited" official website] | CANDIDATES: [https://Not Found] | SELECTED: "https://Not Found" | CONFIDENCE: HIGH | TIME: 0ms | REASON: Resolved via readymade-fallback
[2026-08-06T19:42:21.067Z] COMPANY: "ABM International Limited" | QUERIES: ["ABM International Limited" official website] | CANDIDATES: [https://abmintl.in] | SELECTED: "https://abmintl.in" | CONFIDENCE: HIGH | TIME: 0ms | REASON: Resolved via readymade-fallback
[2026-08-06T19:42:30.970Z] COMPANY: "ABM Knowledgeware Limited" | QUERIES: ["ABM Knowledgeware Limited" official website] | CANDIDATES: [https://abmindia.com] | SELECTED: "https://abmindia.com" | CONFIDENCE: HIGH | TIME: 0ms | REASON: Resolved via readymade-fallback
[2026-08-06T19:42:42.997Z] COMPANY: "Aditya Birla Real Estate Limited" | QUERIES: ["Aditya Birla Real Estate Limited" official website] | CANDIDATES: [https://Not Found] | SELECTED: "https://Not Found" | CONFIDENCE: HIGH | TIME: 1ms | REASON: Resolved via readymade-fallback
[2026-08-06T19:42:48.929Z] COMPANY: "Aditya Birla Sun Life AMC Limited" | QUERIES: ["Aditya Birla Sun Life AMC Limited" official website] | CANDIDATES: [https://adityabirlasunlifeamc.com] | SELECTED: "https://adityabirlasunlifeamc.com" | CONFIDENCE: HIGH | TIME: 0ms | REASON: Resolved via readymade-fallback
[2026-08-06T19:42:57.525Z] COMPANY: "ACC Limited" | QUERIES: ["ACC Limited" official website] | CANDIDATES: [https://acclimited.com] | SELECTED: "https://acclimited.com" | CONFIDENCE: HIGH | TIME: 1ms | REASON: Resolved via readymade-fallback
[2026-08-06T19:43:04.652Z] COMPANY: "Accelya Solutions India Limited" | QUERIES: ["Accelya Solutions India Limited" official website] | CANDIDATES: [https://Not Found] | SELECTED: "https://Not Found" | CONFIDENCE: HIGH | TIME: 0ms | REASON: Resolved via readymade-fallback
[2026-08-06T19:43:09.930Z] COMPANY: "Accuracy Shipping Limited" | QUERIES: ["Accuracy Shipping Limited" official website] | CANDIDATES: [https://aslindia.net] | SELECTED: "https://aslindia.net" | CONFIDENCE: HIGH | TIME: 0ms | REASON: Resolved via readymade-fallback
[2026-08-06T19:43:25.439Z] COMPANY: "Action Construction Equipment Limited" | QUERIES: ["Action Construction Equipment Limited" official website] | CANDIDATES: [https://ace-cranes.com] | SELECTED: "https://ace-cranes.com" | CONFIDENCE: HIGH | TIME: 0ms | REASON: Resolved via readymade-fallback
[2026-08-06T19:43:28.511Z] COMPANY: "Ace Integrated Solutions Limited" | QUERIES: ["Ace Integrated Solutions Limited" official website] | CANDIDATES: [https://Not Found] | SELECTED: "https://Not Found" | CONFIDENCE: HIGH | TIME: 0ms | REASON: Resolved via readymade-fallback
[2026-08-06T19:43:34.184Z] COMPANY: "Archean Chemical Industries Limited" | QUERIES: ["Archean Chemical Industries Limited" official website] | CANDIDATES: [https://archeanchemicals.com] | SELECTED: "https://archeanchemicals.com" | CONFIDENCE: HIGH | TIME: 0ms | REASON: Resolved via readymade-fallback
[2026-08-06T19:43:45.761Z] COMPANY: "Andhra Cements Limited" | QUERIES: ["Andhra Cements Limited" official website] | CANDIDATES: [https://Not Found] | SELECTED: "https://Not Found" | CONFIDENCE: HIGH | TIME: 0ms | REASON: Resolved via readymade-fallback
[2026-08-06T19:43:52.202Z] COMPANY: "Acme Solar Holdings Limited" | QUERIES: ["Acme Solar Holdings Limited" official website] | CANDIDATES: [https://Not Found] | SELECTED: "https://Not Found" | CONFIDENCE: HIGH | TIME: 0ms | REASON: Resolved via readymade-fallback
[2026-08-06T19:44:00.380Z] COMPANY: "ACS Technologies Limited" | QUERIES: ["ACS Technologies Limited" official website] | CANDIDATES: [https://acstechnologies.co.in] | SELECTED: "https://acstechnologies.co.in" | CONFIDENCE: HIGH | TIME: 0ms | REASON: Resolved via readymade-fallback
[2026-08-06T19:44:08.136Z] COMPANY: "Acutaas Chemicals Limited" | QUERIES: ["Acutaas Chemicals Limited" official website] | CANDIDATES: [https://Not Found] | SELECTED: "https://Not Found" | CONFIDENCE: HIGH | TIME: 0ms | REASON: Resolved via readymade-fallback
[2026-08-06T19:44:14.771Z] COMPANY: "Adani Energy Solutions Limited" | QUERIES: ["Adani Energy Solutions Limited" official website] | CANDIDATES: [https://adanienergysolutions.com] | SELECTED: "https://adanienergysolutions.com" | CONFIDENCE: HIGH | TIME: 0ms | REASON: Resolved via readymade-fallback
[2026-08-06T19:44:27.034Z] COMPANY: "Adani Enterprises Limited" | QUERIES: ["Adani Enterprises Limited" official website] | CANDIDATES: [https://adanielectricity.com] | SELECTED: "https://adanielectricity.com" | CONFIDENCE: HIGH | TIME: 0ms | REASON: Resolved via readymade-fallback
[2026-08-06T19:44:37.905Z] COMPANY: "Adani Green Energy Limited" | QUERIES: ["Adani Green Energy Limited" official website] | CANDIDATES: [https://Not Found] | SELECTED: "https://Not Found" | CONFIDENCE: HIGH | TIME: 0ms | REASON: Resolved via readymade-fallback
[2026-08-06T19:44:43.280Z] COMPANY: "Adani Ports and Special Economic Zone Limited" | QUERIES: ["Adani Ports and Special Economic Zone Limited" official website] | CANDIDATES: [https://Not Found] | SELECTED: "https://Not Found" | CONFIDENCE: HIGH | TIME: 0ms | REASON: Resolved via readymade-fallback
[2026-08-06T19:44:47.907Z] COMPANY: "Adani Power Limited" | QUERIES: ["Adani Power Limited" official website] | CANDIDATES: [https://adanipower.com] | SELECTED: "https://adanipower.com" | CONFIDENCE: HIGH | TIME: 0ms | REASON: Resolved via readymade-fallback
[2026-08-06T19:44:59.390Z] COMPANY: "ADF Foods Limited" | QUERIES: ["ADF Foods Limited" official website] | CANDIDATES: [https://adf-foods.com] | SELECTED: "https://adf-foods.com" | CONFIDENCE: HIGH | TIME: 0ms | REASON: Resolved via readymade-fallback
[2026-08-06T19:45:20.045Z] COMPANY: "Archidply Decor Limited" | QUERIES: ["Archidply Decor Limited" official website] | CANDIDATES: [https://archidplydecor.com] | SELECTED: "https://archidplydecor.com" | CONFIDENCE: HIGH | TIME: 0ms | REASON: Resolved via readymade-fallback
[2026-08-06T19:45:22.460Z] COMPANY: "Ador Welding Limited" | QUERIES: ["Ador Welding Limited" official website] | CANDIDATES: [https://adorwelding.com] | SELECTED: "https://adorwelding.com" | CONFIDENCE: HIGH | TIME: 0ms | REASON: Resolved via readymade-fallback
[2026-08-06T19:45:23.841Z] COMPANY: "Adroit Infotech Limited" | QUERIES: ["Adroit Infotech Limited" official website] | CANDIDATES: [https://adroitinfotech.com] | SELECTED: "https://adroitinfotech.com" | CONFIDENCE: HIGH | TIME: 0ms | REASON: Resolved via readymade-fallback
[2026-08-06T19:45:48.551Z] COMPANY: "Allied Digital Services Limited" | QUERIES: ["Allied Digital Services Limited" official website] | CANDIDATES: [https://Not Found] | SELECTED: "https://Not Found" | CONFIDENCE: HIGH | TIME: 0ms | REASON: Resolved via readymade-fallback
[2026-08-06T19:45:53.962Z] COMPANY: "Advait Energy Transitions Limited" | QUERIES: ["Advait Energy Transitions Limited" official website] | CANDIDATES: [https://Not Found] | SELECTED: "https://Not Found" | CONFIDENCE: HIGH | TIME: 0ms | REASON: Resolved via readymade-fallback
[2026-08-06T19:45:59.724Z] COMPANY: "Advance Agrolife Limited" | QUERIES: ["Advance Agrolife Limited" official website] | CANDIDATES: [https://Not Found] | SELECTED: "https://Not Found" | CONFIDENCE: HIGH | TIME: 0ms | REASON: Resolved via readymade-fallback
[2026-08-06T19:46:05.110Z] COMPANY: "Advani Hotels & Resorts (India) Limited" | QUERIES: ["Advani Hotels & Resorts (India) Limited" official website] | CANDIDATES: [https://Not Found] | SELECTED: "https://Not Found" | CONFIDENCE: HIGH | TIME: 0ms | REASON: Resolved via readymade-fallback
[2026-08-06T19:46:12.848Z] COMPANY: "Advent Hotels International Limited" | QUERIES: ["Advent Hotels International Limited" official website] | CANDIDATES: [https://Not Found] | SELECTED: "https://Not Found" | CONFIDENCE: HIGH | TIME: 0ms | REASON: Resolved via readymade-fallback
[2026-08-06T19:46:18.012Z] COMPANY: "Advanced Enzyme Technologies Limited" | QUERIES: ["Advanced Enzyme Technologies Limited" official website] | CANDIDATES: [https://advancedenzymes.com] | SELECTED: "https://advancedenzymes.com" | CONFIDENCE: HIGH | TIME: 0ms | REASON: Resolved via readymade-fallback
[2026-08-06T19:46:30.012Z] COMPANY: "Aegis Logistics Limited" | QUERIES: ["Aegis Logistics Limited" official website] | CANDIDATES: [https://aegislogistics.com] | SELECTED: "https://aegislogistics.com" | CONFIDENCE: HIGH | TIME: 0ms | REASON: Resolved via readymade-fallback
[2026-08-06T19:46:39.695Z] COMPANY: "Aegis Vopak Terminals Limited" | QUERIES: ["Aegis Vopak Terminals Limited" official website] | CANDIDATES: [https://Not Found] | SELECTED: "https://Not Found" | CONFIDENCE: HIGH | TIME: 0ms | REASON: Resolved via readymade-fallback
[2026-08-06T19:46:44.226Z] COMPANY: "Artemis Electricals and Projects Limited" | QUERIES: ["Artemis Electricals and Projects Limited" official website] | CANDIDATES: [https://Not Found] | SELECTED: "https://Not Found" | CONFIDENCE: HIGH | TIME: 0ms | REASON: Resolved via readymade-fallback
[2026-08-06T19:46:49.455Z] COMPANY: "Aequs Limited" | QUERIES: ["Aequs Limited" official website] | CANDIDATES: [https://aequs.com] | SELECTED: "https://aequs.com" | CONFIDENCE: HIGH | TIME: 0ms | REASON: Resolved via readymade-fallback
[2026-08-06T19:47:24.330Z] COMPANY: "Aeroflex Enterprises Limited" | QUERIES: ["Aeroflex Enterprises Limited" official website] | CANDIDATES: [https://aeroflex.co.il] | SELECTED: "https://aeroflex.co.il" | CONFIDENCE: HIGH | TIME: 0ms | REASON: Resolved via readymade-fallback
[2026-08-06T19:47:27.319Z] COMPANY: "Aeroflex Industries Limited" | QUERIES: ["Aeroflex Industries Limited" official website] | CANDIDATES: [https://aeroflexindia.com] | SELECTED: "https://aeroflexindia.com" | CONFIDENCE: HIGH | TIME: 0ms | REASON: Resolved via readymade-fallback
[2026-08-06T19:47:51.317Z] COMPANY: "Aeroflex Neu Limited" | QUERIES: ["Aeroflex Neu Limited" official website] | CANDIDATES: [https://Not Found] | SELECTED: "https://Not Found" | CONFIDENCE: HIGH | TIME: 1ms | REASON: Resolved via readymade-fallback
[2026-08-06T19:47:56.874Z] COMPANY: "Amir Chand Jagdish Kumar (Exports) Limited" | QUERIES: ["Amir Chand Jagdish Kumar (Exports) Limited" official website] | CANDIDATES: [https://Not Found] | SELECTED: "https://Not Found" | CONFIDENCE: HIGH | TIME: 0ms | REASON: Resolved via readymade-fallback
[2026-08-06T19:48:04.323Z] COMPANY: "Aether Industries Limited" | QUERIES: ["Aether Industries Limited" official website] | CANDIDATES: [https://aether.co.in] | SELECTED: "https://aether.co.in" | CONFIDENCE: HIGH | TIME: 0ms | REASON: Resolved via readymade-fallback
[2026-08-06T19:48:05.533Z] COMPANY: "Afcons Infrastructure Limited" | QUERIES: ["Afcons Infrastructure Limited" official website] | CANDIDATES: [https://afcons.com] | SELECTED: "https://afcons.com" | CONFIDENCE: HIGH | TIME: 0ms | REASON: Resolved via readymade-fallback
[2026-08-06T19:48:24.686Z] COMPANY: "Affle 3i Limited" | QUERIES: ["Affle 3i Limited" official website] | CANDIDATES: [https://affleico.com] | SELECTED: "https://affleico.com" | CONFIDENCE: HIGH | TIME: 0ms | REASON: Resolved via readymade-fallback
[2026-08-06T19:48:32.334Z] COMPANY: "Affordable Robotic & Automation Limited" | QUERIES: ["Affordable Robotic & Automation Limited" official website] | CANDIDATES: [https://Not Found] | SELECTED: "https://Not Found" | CONFIDENCE: HIGH | TIME: 0ms | REASON: Resolved via readymade-fallback
[2026-08-06T19:48:38.416Z] COMPANY: "Akme Fintrade (India) Limited" | QUERIES: ["Akme Fintrade (India) Limited" official website] | CANDIDATES: [https://akmefintrade.com] | SELECTED: "https://akmefintrade.com" | CONFIDENCE: HIGH | TIME: 0ms | REASON: Resolved via readymade-fallback
[2026-08-06T19:48:57.567Z] COMPANY: "Abans Financial Services Limited" | QUERIES: ["Abans Financial Services Limited" official website] | CANDIDATES: [https://Not Found] | SELECTED: "https://Not Found" | CONFIDENCE: HIGH | TIME: 0ms | REASON: Resolved via readymade-fallback
[2026-08-06T19:49:05.279Z] COMPANY: "Agarwal Industrial Corporation Limited" | QUERIES: ["Agarwal Industrial Corporation Limited" official website] | CANDIDATES: [https://Not Found] | SELECTED: "https://Not Found" | CONFIDENCE: HIGH | TIME: 0ms | REASON: Resolved via readymade-fallback
[2026-08-06T19:49:10.241Z] COMPANY: "Dr. Agarwal's Health Care Limited" | QUERIES: ["Dr. Agarwal's Health Care Limited" official website] | CANDIDATES: [https://Not Found] | SELECTED: "https://Not Found" | CONFIDENCE: HIGH | TIME: 1ms | REASON: Resolved via readymade-fallback
[2026-08-06T19:49:16.536Z] COMPANY: "AGI Greenpac Limited" | QUERIES: ["AGI Greenpac Limited" official website] | CANDIDATES: [https://agigreenpac.com] | SELECTED: "https://agigreenpac.com" | CONFIDENCE: HIGH | TIME: 0ms | REASON: Resolved via readymade-fallback
[2026-08-06T19:49:28.164Z] COMPANY: "Agi Infra Limited" | QUERIES: ["Agi Infra Limited" official website] | CANDIDATES: [https://agiinfra.com] | SELECTED: "https://agiinfra.com" | CONFIDENCE: HIGH | TIME: 0ms | REASON: Resolved via readymade-fallback
[2026-08-06T19:49:29.898Z] COMPANY: "Allcargo Global Limited" | QUERIES: ["Allcargo Global Limited" official website] | CANDIDATES: [https://Not Found] | SELECTED: "https://Not Found" | CONFIDENCE: HIGH | TIME: 0ms | REASON: Resolved via readymade-fallback
[2026-08-06T19:49:34.937Z] COMPANY: "Agri-Tech (India) Limited" | QUERIES: ["Agri-Tech (India) Limited" official website] | CANDIDATES: [https://agritechtomorrow.com] | SELECTED: "https://agritechtomorrow.com" | CONFIDENCE: HIGH | TIME: 0ms | REASON: Resolved via readymade-fallback
[2026-08-06T19:49:43.507Z] COMPANY: "Agro Phos India Limited" | QUERIES: ["Agro Phos India Limited" official website] | CANDIDATES: [https://Not Found] | SELECTED: "https://Not Found" | CONFIDENCE: HIGH | TIME: 0ms | REASON: Resolved via readymade-fallback
[2026-08-06T19:49:51.475Z] COMPANY: "Anlon Healthcare Limited" | QUERIES: ["Anlon Healthcare Limited" official website] | CANDIDATES: [https://Not Found] | SELECTED: "https://Not Found" | CONFIDENCE: HIGH | TIME: 0ms | REASON: Resolved via readymade-fallback
[2026-08-06T19:49:59.265Z] COMPANY: "Ahlada Engineers Limited" | QUERIES: ["Ahlada Engineers Limited" official website] | CANDIDATES: [https://ahlada.com] | SELECTED: "https://ahlada.com" | CONFIDENCE: HIGH | TIME: 0ms | REASON: Resolved via readymade-fallback
[2026-08-06T19:50:11.387Z] COMPANY: "Asian Hotels (East) Limited" | QUERIES: ["Asian Hotels (East) Limited" official website] | CANDIDATES: [https://Not Found] | SELECTED: "https://Not Found" | CONFIDENCE: HIGH | TIME: 0ms | REASON: Resolved via readymade-fallback
[2026-08-06T19:50:16.858Z] COMPANY: "Ahluwalia Contracts (India) Limited" | QUERIES: ["Ahluwalia Contracts (India) Limited" official website] | CANDIDATES: [https://acilnet.com] | SELECTED: "https://acilnet.com" | CONFIDENCE: HIGH | TIME: 0ms | REASON: Resolved via readymade-fallback
[2026-08-06T19:50:26.748Z] COMPANY: "Asian Hotels (West) Limited" | QUERIES: ["Asian Hotels (West) Limited" official website] | CANDIDATES: [https://asianhotelswest.com] | SELECTED: "https://asianhotelswest.com" | CONFIDENCE: HIGH | TIME: 0ms | REASON: Resolved via readymade-fallback
[2026-08-06T19:50:34.215Z] COMPANY: "AIA Engineering Limited" | QUERIES: ["AIA Engineering Limited" official website] | CANDIDATES: [https://aiaengineering.com] | SELECTED: "https://aiaengineering.com" | CONFIDENCE: HIGH | TIME: 0ms | REASON: Resolved via readymade-fallback
[2026-08-06T19:50:40.649Z] COMPANY: "Authum Investment & Infrastructure Limited" | QUERIES: ["Authum Investment & Infrastructure Limited" official website] | CANDIDATES: [https://authum.com] | SELECTED: "https://authum.com" | CONFIDENCE: HIGH | TIME: 1ms | REASON: Resolved via readymade-fallback
[2026-08-06T19:50:41.268Z] COMPANY: "Airan Limited" | QUERIES: ["Airan Limited" official website] | CANDIDATES: [https://airanlimited.in] | SELECTED: "https://airanlimited.in" | CONFIDENCE: HIGH | TIME: 0ms | REASON: Resolved via readymade-fallback
[2026-08-06T19:50:53.345Z] COMPANY: "Airo Lam limited" | QUERIES: ["Airo Lam limited" official website] | CANDIDATES: [https://airolam.com] | SELECTED: "https://airolam.com" | CONFIDENCE: HIGH | TIME: 0ms | REASON: Resolved via readymade-fallback
[2026-08-06T19:55:00.253Z] COMPANY: "Ajanta Pharma Limited" | QUERIES: ["Ajanta Pharma Limited" official website] | CANDIDATES: [https://ajantapharma.com] | SELECTED: "https://ajantapharma.com" | CONFIDENCE: HIGH | TIME: 0ms | REASON: Resolved via readymade-fallback
[2026-08-06T19:55:00.864Z] COMPANY: "Ajax Engineering Limited" | QUERIES: ["Ajax Engineering Limited" official website] | CANDIDATES: [https://ajax-engg.com] | SELECTED: "https://ajax-engg.com" | CONFIDENCE: HIGH | TIME: 0ms | REASON: Resolved via readymade-fallback
[2026-08-06T19:55:15.736Z] COMPANY: "Ajmera Realty & Infra India Limited" | QUERIES: ["Ajmera Realty & Infra India Limited" official website] | CANDIDATES: [https://Not Found] | SELECTED: "https://Not Found" | CONFIDENCE: HIGH | TIME: 0ms | REASON: Resolved via readymade-fallback
[2026-08-06T19:55:20.556Z] COMPANY: "Ajooni Biotech Limited" | QUERIES: ["Ajooni Biotech Limited" official website] | CANDIDATES: [https://Not Found] | SELECTED: "https://Not Found" | CONFIDENCE: HIGH | TIME: 0ms | REASON: Resolved via readymade-fallback
[2026-08-06T19:55:27.693Z] COMPANY: "Akash Infra-Projects Limited" | QUERIES: ["Akash Infra-Projects Limited" official website] | CANDIDATES: [https://akashinfra.com] | SELECTED: "https://akashinfra.com" | CONFIDENCE: HIGH | TIME: 0ms | REASON: Resolved via readymade-fallback
[2026-08-06T19:55:36.574Z] COMPANY: "AK Capital Services Limited" | QUERIES: ["AK Capital Services Limited" official website] | CANDIDATES: [https://Not Found] | SELECTED: "https://Not Found" | CONFIDENCE: HIGH | TIME: 0ms | REASON: Resolved via readymade-fallback
[2026-08-06T19:55:41.741Z] COMPANY: "Akg Exim Limited" | QUERIES: ["Akg Exim Limited" official website] | CANDIDATES: [https://Not Found] | SELECTED: "https://Not Found" | CONFIDENCE: HIGH | TIME: 0ms | REASON: Resolved via readymade-fallback
[2026-08-06T19:55:47.170Z] COMPANY: "AKI India Limited" | QUERIES: ["AKI India Limited" official website] | CANDIDATES: [https://akinator.com] | SELECTED: "https://akinator.com" | CONFIDENCE: HIGH | TIME: 0ms | REASON: Resolved via readymade-fallback
[2026-08-06T19:55:49.287Z] COMPANY: "Akshar Spintex Limited" | QUERIES: ["Akshar Spintex Limited" official website] | CANDIDATES: [https://aksharspintex.in] | SELECTED: "https://aksharspintex.in" | CONFIDENCE: HIGH | TIME: 0ms | REASON: Resolved via readymade-fallback
[2026-08-06T19:59:54.929Z] COMPANY: "AksharChem India Limited" | QUERIES: ["AksharChem India Limited" official website] | CANDIDATES: [https://aksharchemindia.com] | SELECTED: "https://aksharchemindia.com" | CONFIDENCE: HIGH | TIME: 0ms | REASON: Resolved via readymade-fallback
[2026-08-06T20:00:06.593Z] COMPANY: "Aksh Optifibre Limited" | QUERIES: ["Aksh Optifibre Limited" official website] | CANDIDATES: [https://akshoptifibre.com] | SELECTED: "https://akshoptifibre.com" | CONFIDENCE: HIGH | TIME: 0ms | REASON: Resolved via readymade-fallback
[2026-08-06T20:00:18.258Z] COMPANY: "Akums Drugs and Pharmaceuticals Limited" | QUERIES: ["Akums Drugs and Pharmaceuticals Limited" official website] | CANDIDATES: [https://Not Found] | SELECTED: "https://Not Found" | CONFIDENCE: HIGH | TIME: 0ms | REASON: Resolved via readymade-fallback
[2026-08-06T20:00:24.719Z] COMPANY: "Alankit Limited" | QUERIES: ["Alankit Limited" official website] | CANDIDATES: [https://alankit.com] | SELECTED: "https://alankit.com" | CONFIDENCE: HIGH | TIME: 0ms | REASON: Resolved via readymade-fallback
[2026-08-06T20:00:25.967Z] COMPANY: "Albert David Limited" | QUERIES: ["Albert David Limited" official website] | CANDIDATES: [https://albertdavidindia.com] | SELECTED: "https://albertdavidindia.com" | CONFIDENCE: HIGH | TIME: 0ms | REASON: Resolved via readymade-fallback
[2026-08-06T20:00:32.887Z] COMPANY: "Alembic Limited" | QUERIES: ["Alembic Limited" official website] | CANDIDATES: [https://alembiclimited.com] | SELECTED: "https://alembiclimited.com" | CONFIDENCE: HIGH | TIME: 0ms | REASON: Resolved via readymade-fallback
[2026-08-06T20:00:42.722Z] COMPANY: "Algoquant Fintech Limited" | QUERIES: ["Algoquant Fintech Limited" official website] | CANDIDATES: [https://algoquantfintech.com] | SELECTED: "https://algoquantfintech.com" | CONFIDENCE: HIGH | TIME: 0ms | REASON: Resolved via readymade-fallback
[2026-08-06T20:17:07.882Z] COMPANY: "Alicon Castalloy Limited" | QUERIES: ["Alicon Castalloy Limited" official website] | CANDIDATES: [https://Not Found] | SELECTED: "https://Not Found" | CONFIDENCE: HIGH | TIME: 0ms | REASON: Resolved via readymade-fallback
[2026-08-06T20:17:14.855Z] COMPANY: "Alivus Life Sciences Limited" | QUERIES: ["Alivus Life Sciences Limited" official website] | CANDIDATES: [https://Not Found] | SELECTED: "https://Not Found" | CONFIDENCE: HIGH | TIME: 0ms | REASON: Resolved via readymade-fallback
[2026-08-06T20:17:21.820Z] COMPANY: "Alkali Metals Limited" | QUERIES: ["Alkali Metals Limited" official website] | CANDIDATES: [https://alkalimetals.com] | SELECTED: "https://alkalimetals.com" | CONFIDENCE: HIGH | TIME: 0ms | REASON: Resolved via readymade-fallback
[2026-08-06T20:17:24.953Z] COMPANY: "Alkem Laboratories Limited" | QUERIES: ["Alkem Laboratories Limited" official website] | CANDIDATES: [https://alkemlabs.com] | SELECTED: "https://alkemlabs.com" | CONFIDENCE: HIGH | TIME: 0ms | REASON: Resolved via readymade-fallback
[2026-08-06T20:17:37.321Z] COMPANY: "Alkyl Amines Chemicals Limited" | QUERIES: ["Alkyl Amines Chemicals Limited" official website] | CANDIDATES: [https://alkylamines.com] | SELECTED: "https://alkylamines.com" | CONFIDENCE: HIGH | TIME: 1ms | REASON: Resolved via readymade-fallback
[2026-08-06T20:18:07.780Z] COMPANY: "Allcargo Logistics Limited" | QUERIES: ["Allcargo Logistics Limited" official website] | CANDIDATES: [https://allcargologistics.com] | SELECTED: "https://allcargologistics.com" | CONFIDENCE: HIGH | TIME: 0ms | REASON: Resolved via readymade-fallback
[2026-08-06T20:18:22.717Z] COMPANY: "Alldigi Tech Limited" | QUERIES: ["Alldigi Tech Limited" official website] | CANDIDATES: [https://Not Found] | SELECTED: "https://Not Found" | CONFIDENCE: HIGH | TIME: 1ms | REASON: Resolved via readymade-fallback
[2026-08-06T20:18:27.403Z] COMPANY: "All Time Plastics Limited" | QUERIES: ["All Time Plastics Limited" official website] | CANDIDATES: [https://alltimeplastics.com] | SELECTED: "https://alltimeplastics.com" | CONFIDENCE: HIGH | TIME: 0ms | REASON: Resolved via readymade-fallback
[2026-08-06T20:18:38.491Z] COMPANY: "Almondz Global Securities Limited" | QUERIES: ["Almondz Global Securities Limited" official website] | CANDIDATES: [https://almondzglobal.com] | SELECTED: "https://almondzglobal.com" | CONFIDENCE: HIGH | TIME: 0ms | REASON: Resolved via readymade-fallback
[2026-08-06T20:18:48.401Z] COMPANY: "Alok Industries Limited" | QUERIES: ["Alok Industries Limited" official website] | CANDIDATES: [https://alokind.com] | SELECTED: "https://alokind.com" | CONFIDENCE: HIGH | TIME: 1ms | REASON: Resolved via readymade-fallback
[2026-08-06T20:18:56.571Z] COMPANY: "Alpa Laboratories Limited" | QUERIES: ["Alpa Laboratories Limited" official website] | CANDIDATES: [https://Not Found] | SELECTED: "https://Not Found" | CONFIDENCE: HIGH | TIME: 0ms | REASON: Resolved via readymade-fallback
[2026-08-06T20:19:01.363Z] COMPANY: "Alphageo (India) Limited" | QUERIES: ["Alphageo (India) Limited" official website] | CANDIDATES: [https://alphageomatics.ca] | SELECTED: "https://alphageomatics.ca" | CONFIDENCE: HIGH | TIME: 0ms | REASON: Resolved via readymade-fallback
[2026-08-06T20:19:06.480Z] COMPANY: "Alpine Texworld Limited" | QUERIES: ["Alpine Texworld Limited" official website] | CANDIDATES: [https://Not Found] | SELECTED: "https://Not Found" | CONFIDENCE: HIGH | TIME: 1ms | REASON: Resolved via readymade-fallback
[2026-08-06T20:19:12.541Z] COMPANY: "Amagi Media Labs Limited" | QUERIES: ["Amagi Media Labs Limited" official website] | CANDIDATES: [https://Not Found] | SELECTED: "https://Not Found" | CONFIDENCE: HIGH | TIME: 0ms | REASON: Resolved via readymade-fallback
[2026-08-06T20:19:20.125Z] COMPANY: "Amanta Healthcare Limited" | QUERIES: ["Amanta Healthcare Limited" official website] | CANDIDATES: [https://amanta.co.in] | SELECTED: "https://amanta.co.in" | CONFIDENCE: HIGH | TIME: 0ms | REASON: Resolved via readymade-fallback
[2026-08-06T20:19:22.363Z] COMPANY: "Ambalal Sarabhai Enterprises Limited" | QUERIES: ["Ambalal Sarabhai Enterprises Limited" official website] | CANDIDATES: [https://Not Found] | SELECTED: "https://Not Found" | CONFIDENCE: HIGH | TIME: 1ms | REASON: Resolved via readymade-fallback
[2026-08-06T20:19:28.145Z] COMPANY: "Amber Enterprises India Limited" | QUERIES: ["Amber Enterprises India Limited" official website] | CANDIDATES: [https://amberinteriordesign.com] | SELECTED: "https://amberinteriordesign.com" | CONFIDENCE: HIGH | TIME: 0ms | REASON: Resolved via readymade-fallback
[2026-08-06T20:19:31.424Z] COMPANY: "Ambica Agarbathies & Aroma industries Limited" | QUERIES: ["Ambica Agarbathies & Aroma industries Limited" official website] | CANDIDATES: [https://ambicaagarbathies.com] | SELECTED: "https://ambicaagarbathies.com" | CONFIDENCE: HIGH | TIME: 0ms | REASON: Resolved via readymade-fallback
[2026-08-06T20:19:45.038Z] COMPANY: "Ambika Cotton Mills Limited" | QUERIES: ["Ambika Cotton Mills Limited" official website] | CANDIDATES: [https://Not Found] | SELECTED: "https://Not Found" | CONFIDENCE: HIGH | TIME: 0ms | REASON: Resolved via readymade-fallback
[2026-08-06T20:19:49.591Z] COMPANY: "Ambuja Cements Limited" | QUERIES: ["Ambuja Cements Limited" official website] | CANDIDATES: [https://ambujacement.com] | SELECTED: "https://ambujacement.com" | CONFIDENCE: HIGH | TIME: 0ms | REASON: Resolved via readymade-fallback
[2026-08-06T20:19:57.760Z] COMPANY: "AMD Industries Limited" | QUERIES: ["AMD Industries Limited" official website] | CANDIDATES: [https://amdpop.com] | SELECTED: "https://amdpop.com" | CONFIDENCE: HIGH | TIME: 0ms | REASON: Resolved via readymade-fallback
[2026-08-06T20:22:18.840Z] COMPANY: "Amj Land Holdings Limited" | QUERIES: ["Amj Land Holdings Limited" official website] | CANDIDATES: [https://Not Found] | SELECTED: "https://Not Found" | CONFIDENCE: HIGH | TIME: 0ms | REASON: Resolved via readymade-fallback
[2026-08-06T20:22:26.694Z] COMPANY: "Amines & Plasticizers Limited" | QUERIES: ["Amines & Plasticizers Limited" official website] | CANDIDATES: [https://aminess.com] | SELECTED: "https://aminess.com" | CONFIDENCE: HIGH | TIME: 0ms | REASON: Resolved via readymade-fallback
[2026-08-06T20:22:40.573Z] COMPANY: "Amrutanjan Health Care Limited" | QUERIES: ["Amrutanjan Health Care Limited" official website] | CANDIDATES: [https://amrutanjan.com] | SELECTED: "https://amrutanjan.com" | CONFIDENCE: HIGH | TIME: 0ms | REASON: Resolved via readymade-fallback
[2026-08-06T20:22:47.730Z] COMPANY: "Anand Rathi Wealth Limited" | QUERIES: ["Anand Rathi Wealth Limited" official website] | CANDIDATES: [https://rathi.com] | SELECTED: "https://rathi.com" | CONFIDENCE: HIGH | TIME: 0ms | REASON: Resolved via readymade-fallback
[2026-08-06T20:22:59.874Z] COMPANY: "Anant Raj Limited" | QUERIES: ["Anant Raj Limited" official website] | CANDIDATES: [https://anantrajlimited.com] | SELECTED: "https://anantrajlimited.com" | CONFIDENCE: HIGH | TIME: 0ms | REASON: Resolved via readymade-fallback
[2026-08-06T20:23:07.270Z] COMPANY: "ANDHRA PAPER LIMITED" | QUERIES: ["ANDHRA PAPER LIMITED" official website] | CANDIDATES: [https://andhrapaper.com] | SELECTED: "https://andhrapaper.com" | CONFIDENCE: HIGH | TIME: 0ms | REASON: Resolved via readymade-fallback
[2026-08-06T20:23:16.255Z] COMPANY: "The Andhra Sugars Limited" | QUERIES: ["The Andhra Sugars Limited" official website] | CANDIDATES: [https://theandhrasugars.com] | SELECTED: "https://theandhrasugars.com" | CONFIDENCE: HIGH | TIME: 0ms | REASON: Resolved via readymade-fallback
[2026-08-06T20:23:33.866Z] COMPANY: "Angel One Limited" | QUERIES: ["Angel One Limited" official website] | CANDIDATES: [https://angelone.in] | SELECTED: "https://angelone.in" | CONFIDENCE: HIGH | TIME: 0ms | REASON: Resolved via readymade-fallback
[2026-08-06T20:23:43.120Z] COMPANY: "Anik Industries Limited" | QUERIES: ["Anik Industries Limited" official website] | CANDIDATES: [https://anikgroup.com] | SELECTED: "https://anikgroup.com" | CONFIDENCE: HIGH | TIME: 1ms | REASON: Resolved via readymade-fallback
[2026-08-06T20:24:22.393Z] COMPANY: "Ankit Metal & Power Limited" | QUERIES: ["Ankit Metal & Power Limited" official website] | CANDIDATES: [https://ankitmetal.com] | SELECTED: "https://ankitmetal.com" | CONFIDENCE: HIGH | TIME: 0ms | REASON: Resolved via readymade-fallback
[2026-08-06T20:24:28.488Z] COMPANY: "Anmol India Limited" | QUERIES: ["Anmol India Limited" official website] | CANDIDATES: [https://anmolindustries.com] | SELECTED: "https://anmolindustries.com" | CONFIDENCE: HIGH | TIME: 0ms | REASON: Resolved via readymade-fallback
[2026-08-06T20:24:28.788Z] COMPANY: "Ansal Properties & Infrastructure Limited" | QUERIES: ["Ansal Properties & Infrastructure Limited" official website] | CANDIDATES: [https://Not Found] | SELECTED: "https://Not Found" | CONFIDENCE: HIGH | TIME: 1ms | REASON: Resolved via readymade-fallback
[2026-08-06T20:24:37.260Z] COMPANY: "Antelopus Selan Energy Limited" | QUERIES: ["Antelopus Selan Energy Limited" official website] | CANDIDATES: [https://Not Found] | SELECTED: "https://Not Found" | CONFIDENCE: HIGH | TIME: 1ms | REASON: Resolved via readymade-fallback
[2026-08-06T20:24:44.212Z] COMPANY: "Antarctica Limited" | QUERIES: ["Antarctica Limited" official website] | CANDIDATES: [https://antarctica-packaging.com] | SELECTED: "https://antarctica-packaging.com" | CONFIDENCE: HIGH | TIME: 0ms | REASON: Resolved via readymade-fallback
[2026-08-06T20:24:52.133Z] COMPANY: "Anthem Biosciences Limited" | QUERIES: ["Anthem Biosciences Limited" official website] | CANDIDATES: [https://anthembio.com] | SELECTED: "https://anthembio.com" | CONFIDENCE: HIGH | TIME: 0ms | REASON: Resolved via readymade-fallback
[2026-08-06T20:27:15.814Z] COMPANY: "Anuh Pharma Limited" | QUERIES: ["Anuh Pharma Limited" official website] | CANDIDATES: [https://anuhpharma.com] | SELECTED: "https://anuhpharma.com" | CONFIDENCE: HIGH | TIME: 0ms | REASON: Resolved via readymade-fallback
[2026-08-06T20:27:19.414Z] COMPANY: "The Anup Engineering Limited" | QUERIES: ["The Anup Engineering Limited" official website] | CANDIDATES: [https://Not Found] | SELECTED: "https://Not Found" | CONFIDENCE: HIGH | TIME: 0ms | REASON: Resolved via readymade-fallback
[2026-08-06T20:27:27.593Z] COMPANY: "Anupam Rasayan India Limited" | QUERIES: ["Anupam Rasayan India Limited" official website] | CANDIDATES: [https://anupamrasayan.com] | SELECTED: "https://anupamrasayan.com" | CONFIDENCE: HIGH | TIME: 0ms | REASON: Resolved via readymade-fallback
[2026-08-06T20:27:37.424Z] COMPANY: "Apar Industries Limited" | QUERIES: ["Apar Industries Limited" official website] | CANDIDATES: [https://apar.com] | SELECTED: "https://apar.com" | CONFIDENCE: HIGH | TIME: 0ms | REASON: Resolved via readymade-fallback
[2026-08-06T20:29:57.867Z] COMPANY: "Anjani Portland Cement Limited" | QUERIES: ["Anjani Portland Cement Limited" official website] | CANDIDATES: [https://anjanicement.com] | SELECTED: "https://anjanicement.com" | CONFIDENCE: HIGH | TIME: 0ms | REASON: Resolved via readymade-fallback
[2026-08-06T20:30:08.808Z] COMPANY: "Apcotex Industries Limited" | QUERIES: ["Apcotex Industries Limited" official website] | CANDIDATES: [https://apcotex.com] | SELECTED: "https://apcotex.com" | CONFIDENCE: HIGH | TIME: 1ms | REASON: Resolved via readymade-fallback
[2026-08-06T20:30:09.469Z] COMPANY: "Apex Frozen Foods Limited" | QUERIES: ["Apex Frozen Foods Limited" official website] | CANDIDATES: [https://Not Found] | SELECTED: "https://Not Found" | CONFIDENCE: HIGH | TIME: 0ms | REASON: Resolved via readymade-fallback
[2026-08-06T20:30:14.795Z] COMPANY: "APL Apollo Tubes Limited" | QUERIES: ["APL Apollo Tubes Limited" official website] | CANDIDATES: [https://aplapollo.com] | SELECTED: "https://aplapollo.com" | CONFIDENCE: HIGH | TIME: 0ms | REASON: Resolved via readymade-fallback
[2026-08-06T20:30:25.509Z] COMPANY: "Alembic Pharmaceuticals Limited" | QUERIES: ["Alembic Pharmaceuticals Limited" official website] | CANDIDATES: [https://alembicpharmaceuticals.com] | SELECTED: "https://alembicpharmaceuticals.com" | CONFIDENCE: HIGH | TIME: 0ms | REASON: Resolved via readymade-fallback
[2026-08-06T20:30:36.875Z] COMPANY: "Apollo Micro Systems Limited" | QUERIES: ["Apollo Micro Systems Limited" official website] | CANDIDATES: [https://apollo-micro.com] | SELECTED: "https://apollo-micro.com" | CONFIDENCE: HIGH | TIME: 0ms | REASON: Resolved via readymade-fallback
[2026-08-06T20:30:37.810Z] COMPANY: "Apollo Hospitals Enterprise Limited" | QUERIES: ["Apollo Hospitals Enterprise Limited" official website] | CANDIDATES: [https://Not Found] | SELECTED: "https://Not Found" | CONFIDENCE: HIGH | TIME: 0ms | REASON: Resolved via readymade-fallback
[2026-08-06T20:30:45.596Z] COMPANY: "Apollo Pipes Limited" | QUERIES: ["Apollo Pipes Limited" official website] | CANDIDATES: [https://apollopipes.com] | SELECTED: "https://apollopipes.com" | CONFIDENCE: HIGH | TIME: 0ms | REASON: Resolved via readymade-fallback
[2026-08-06T20:30:48.581Z] COMPANY: "Apollo Tyres Limited" | QUERIES: ["Apollo Tyres Limited" official website] | CANDIDATES: [https://apollotyres.com] | SELECTED: "https://apollotyres.com" | CONFIDENCE: HIGH | TIME: 0ms | REASON: Resolved via readymade-fallback
[2026-08-06T20:30:54.314Z] COMPANY: "Apollo Sindoori Hotels Limited" | QUERIES: ["Apollo Sindoori Hotels Limited" official website] | CANDIDATES: [https://Not Found] | SELECTED: "https://Not Found" | CONFIDENCE: HIGH | TIME: 0ms | REASON: Resolved via readymade-fallback
[2026-08-06T20:31:01.349Z] COMPANY: "Aptech Limited" | QUERIES: ["Aptech Limited" official website] | CANDIDATES: [https://aptechvisa.com] | SELECTED: "https://aptechvisa.com" | CONFIDENCE: HIGH | TIME: 0ms | REASON: Resolved via readymade-fallback
[2026-08-06T20:31:03.764Z] COMPANY: "Aptus Value Housing Finance India Limited" | QUERIES: ["Aptus Value Housing Finance India Limited" official website] | CANDIDATES: [https://Not Found] | SELECTED: "https://Not Found" | CONFIDENCE: HIGH | TIME: 0ms | REASON: Resolved via readymade-fallback
[2026-08-06T20:31:10.915Z] COMPANY: "Aqylon Nexus Limited" | QUERIES: ["Aqylon Nexus Limited" official website] | CANDIDATES: [https://Not Found] | SELECTED: "https://Not Found" | CONFIDENCE: HIGH | TIME: 0ms | REASON: Resolved via readymade-fallback
[2026-08-06T20:31:16.038Z] COMPANY: "Archidply Industries Limited" | QUERIES: ["Archidply Industries Limited" official website] | CANDIDATES: [https://Not Found] | SELECTED: "https://Not Found" | CONFIDENCE: HIGH | TIME: 1ms | REASON: Resolved via readymade-fallback
[2026-08-06T20:31:22.427Z] COMPANY: "Archies Limited" | QUERIES: ["Archies Limited" official website] | CANDIDATES: [https://archiesonline.com] | SELECTED: "https://archiesonline.com" | CONFIDENCE: HIGH | TIME: 0ms | REASON: Resolved via readymade-fallback
[2026-08-06T20:31:26.648Z] COMPANY: "Amara Raja Energy & Mobility Limited" | QUERIES: ["Amara Raja Energy & Mobility Limited" official website] | CANDIDATES: [https://Not Found] | SELECTED: "https://Not Found" | CONFIDENCE: HIGH | TIME: 0ms | REASON: Resolved via readymade-fallback
[2026-08-06T20:31:34.215Z] COMPANY: "Rajdarshan Industries Limited" | QUERIES: ["Rajdarshan Industries Limited" official website] | CANDIDATES: [https://rajdarshanindustrieslimited.com] | SELECTED: "https://rajdarshanindustrieslimited.com" | CONFIDENCE: HIGH | TIME: 0ms | REASON: Resolved via readymade-fallback
[2026-08-06T20:31:41.069Z] COMPANY: "Arfin India Limited" | QUERIES: ["Arfin India Limited" official website] | CANDIDATES: [https://arfin.co.in] | SELECTED: "https://arfin.co.in" | CONFIDENCE: HIGH | TIME: 0ms | REASON: Resolved via readymade-fallback
[2026-08-06T20:31:53.137Z] COMPANY: "Aries Agro Limited" | QUERIES: ["Aries Agro Limited" official website] | CANDIDATES: [https://ariesagro.com] | SELECTED: "https://ariesagro.com" | CONFIDENCE: HIGH | TIME: 0ms | REASON: Resolved via readymade-fallback
[2026-08-06T20:31:54.753Z] COMPANY: "Arihant Foundations & Housing Limited" | QUERIES: ["Arihant Foundations & Housing Limited" official website] | CANDIDATES: [https://Not Found] | SELECTED: "https://Not Found" | CONFIDENCE: HIGH | TIME: 0ms | REASON: Resolved via readymade-fallback
[2026-08-06T20:32:00.337Z] COMPANY: "Arihant Capital Markets Limited" | QUERIES: ["Arihant Capital Markets Limited" official website] | CANDIDATES: [https://Not Found] | SELECTED: "https://Not Found" | CONFIDENCE: HIGH | TIME: 1ms | REASON: Resolved via readymade-fallback
[2026-08-06T20:32:07.499Z] COMPANY: "Arihant Superstructures Limited" | QUERIES: ["Arihant Superstructures Limited" official website] | CANDIDATES: [https://asl.net.in] | SELECTED: "https://asl.net.in" | CONFIDENCE: HIGH | TIME: 1ms | REASON: Resolved via readymade-fallback
[2026-08-06T20:32:20.420Z] COMPANY: "Arisinfra Solutions Limited" | QUERIES: ["Arisinfra Solutions Limited" official website] | CANDIDATES: [https://Not Found] | SELECTED: "https://Not Found" | CONFIDENCE: HIGH | TIME: 1ms | REASON: Resolved via readymade-fallback
[2026-08-06T20:32:25.366Z] COMPANY: "Arkade Developers Limited" | QUERIES: ["Arkade Developers Limited" official website] | CANDIDATES: [https://Not Found] | SELECTED: "https://Not Found" | CONFIDENCE: HIGH | TIME: 0ms | REASON: Resolved via readymade-fallback
[2026-08-06T20:32:30.480Z] COMPANY: "Arman Financial Services Limited" | QUERIES: ["Arman Financial Services Limited" official website] | CANDIDATES: [https://armanindia.com] | SELECTED: "https://armanindia.com" | CONFIDENCE: HIGH | TIME: 0ms | REASON: Resolved via readymade-fallback
[2026-08-06T20:32:41.557Z] COMPANY: "Aro Granite Industries Limited" | QUERIES: ["Aro Granite Industries Limited" official website] | CANDIDATES: [https://Not Found] | SELECTED: "https://Not Found" | CONFIDENCE: HIGH | TIME: 0ms | REASON: Resolved via readymade-fallback
[2026-08-06T20:32:47.683Z] COMPANY: "Arrow Greentech Limited" | QUERIES: ["Arrow Greentech Limited" official website] | CANDIDATES: [https://arrowgreentech.com] | SELECTED: "https://arrowgreentech.com" | CONFIDENCE: HIGH | TIME: 0ms | REASON: Resolved via readymade-fallback
[2026-08-06T20:32:51.755Z] COMPANY: "Arshiya Limited" | QUERIES: ["Arshiya Limited" official website] | CANDIDATES: [https://arshiyalimited.com] | SELECTED: "https://arshiyalimited.com" | CONFIDENCE: HIGH | TIME: 0ms | REASON: Resolved via readymade-fallback
[2026-08-06T20:32:59.529Z] COMPANY: "Anand Rathi Share and Stock Brokers Limited" | QUERIES: ["Anand Rathi Share and Stock Brokers Limited" official website] | CANDIDATES: [https://Not Found] | SELECTED: "https://Not Found" | CONFIDENCE: HIGH | TIME: 0ms | REASON: Resolved via readymade-fallback
[2026-08-06T20:33:07.663Z] COMPANY: "Artemis Medicare Services Limited" | QUERIES: ["Artemis Medicare Services Limited" official website] | CANDIDATES: [https://Not Found] | SELECTED: "https://Not Found" | CONFIDENCE: HIGH | TIME: 0ms | REASON: Resolved via readymade-fallback
[2026-08-06T20:33:15.163Z] COMPANY: "Art Nirman Limited" | QUERIES: ["Art Nirman Limited" official website] | CANDIDATES: [https://artnirman.com] | SELECTED: "https://artnirman.com" | CONFIDENCE: HIGH | TIME: 0ms | REASON: Resolved via readymade-fallback
[2026-08-06T20:33:24.529Z] COMPANY: "Arvee Laboratories (India) Limited" | QUERIES: ["Arvee Laboratories (India) Limited" official website] | CANDIDATES: [https://Not Found] | SELECTED: "https://Not Found" | CONFIDENCE: HIGH | TIME: 1ms | REASON: Resolved via readymade-fallback
[2026-08-06T20:33:32.567Z] COMPANY: "Arvind Limited" | QUERIES: ["Arvind Limited" official website] | CANDIDATES: [https://arvind.com] | SELECTED: "https://arvind.com" | CONFIDENCE: HIGH | TIME: 0ms | REASON: Resolved via readymade-fallback
[2026-08-06T20:33:47.183Z] COMPANY: "Arvind Fashions Limited" | QUERIES: ["Arvind Fashions Limited" official website] | CANDIDATES: [https://arvindfashions.com] | SELECTED: "https://arvindfashions.com" | CONFIDENCE: HIGH | TIME: 0ms | REASON: Resolved via readymade-fallback
[2026-08-06T20:33:51.294Z] COMPANY: "Arvind SmartSpaces Limited" | QUERIES: ["Arvind SmartSpaces Limited" official website] | CANDIDATES: [https://arvindsmartspaces.com] | SELECTED: "https://arvindsmartspaces.com" | CONFIDENCE: HIGH | TIME: 0ms | REASON: Resolved via readymade-fallback
[2026-08-06T20:33:54.766Z] COMPANY: "Asahi India Glass Limited" | QUERIES: ["Asahi India Glass Limited" official website] | CANDIDATES: [https://aisglass.com] | SELECTED: "https://aisglass.com" | CONFIDENCE: HIGH | TIME: 0ms | REASON: Resolved via readymade-fallback
[2026-08-06T20:34:00.173Z] COMPANY: "Asahi Songwon Colors Limited" | QUERIES: ["Asahi Songwon Colors Limited" official website] | CANDIDATES: [https://asahisongwon.com] | SELECTED: "https://asahisongwon.com" | CONFIDENCE: HIGH | TIME: 0ms | REASON: Resolved via readymade-fallback
[2026-08-06T20:34:03.148Z] COMPANY: "Automotive Stampings and Assemblies Limited" | QUERIES: ["Automotive Stampings and Assemblies Limited" official website] | CANDIDATES: [https://Not Found] | SELECTED: "https://Not Found" | CONFIDENCE: HIGH | TIME: 0ms | REASON: Resolved via readymade-fallback
[2026-08-06T20:34:09.325Z] COMPANY: "Associated Alcohols & Breweries Ltd." | QUERIES: ["Associated Alcohols & Breweries Ltd." official website] | CANDIDATES: [https://associatedalcohols.com] | SELECTED: "https://associatedalcohols.com" | CONFIDENCE: HIGH | TIME: 0ms | REASON: Resolved via readymade-fallback
[2026-08-06T20:34:22.973Z] COMPANY: "Ashapura Minechem Limited" | QUERIES: ["Ashapura Minechem Limited" official website] | CANDIDATES: [https://Not Found] | SELECTED: "https://Not Found" | CONFIDENCE: HIGH | TIME: 0ms | REASON: Resolved via readymade-fallback
[2026-08-06T20:34:28.258Z] COMPANY: "Ashiana Housing Limited" | QUERIES: ["Ashiana Housing Limited" official website] | CANDIDATES: [https://ashianahousing.com] | SELECTED: "https://ashianahousing.com" | CONFIDENCE: HIGH | TIME: 1ms | REASON: Resolved via readymade-fallback
[2026-08-06T20:36:45.873Z] COMPANY: "Ashika Global Securities Limited" | QUERIES: ["Ashika Global Securities Limited" official website] | CANDIDATES: [https://Not Found] | SELECTED: "https://Not Found" | CONFIDENCE: HIGH | TIME: 0ms | REASON: Resolved via readymade-fallback
[2026-08-06T20:36:51.787Z] COMPANY: "Ashima Limited" | QUERIES: ["Ashima Limited" official website] | CANDIDATES: [https://ashima.ph] | SELECTED: "https://ashima.ph" | CONFIDENCE: HIGH | TIME: 1ms | REASON: Resolved via readymade-fallback
[2026-08-06T20:37:03.910Z] COMPANY: "Ashoka Buildcon Limited" | QUERIES: ["Ashoka Buildcon Limited" official website] | CANDIDATES: [https://ashokabuildcon.com] | SELECTED: "https://ashokabuildcon.com" | CONFIDENCE: HIGH | TIME: 0ms | REASON: Resolved via readymade-fallback
[2026-08-06T20:37:20.911Z] COMPANY: "Ashoka Metcast Limited" | QUERIES: ["Ashoka Metcast Limited" official website] | CANDIDATES: [https://Not Found] | SELECTED: "https://Not Found" | CONFIDENCE: HIGH | TIME: 0ms | REASON: Resolved via readymade-fallback
[2026-08-06T20:37:27.047Z] COMPANY: "Ashok Leyland Limited" | QUERIES: ["Ashok Leyland Limited" official website] | CANDIDATES: [https://ashokleyland.com] | SELECTED: "https://ashokleyland.com" | CONFIDENCE: HIGH | TIME: 0ms | REASON: Resolved via readymade-fallback
[2026-08-06T20:37:28.540Z] COMPANY: "Asian Energy Services Limited" | QUERIES: ["Asian Energy Services Limited" official website] | CANDIDATES: [https://Not Found] | SELECTED: "https://Not Found" | CONFIDENCE: HIGH | TIME: 1ms | REASON: Resolved via readymade-fallback
[2026-08-06T20:37:34.038Z] COMPANY: "Asian Hotels (North) Limited" | QUERIES: ["Asian Hotels (North) Limited" official website] | CANDIDATES: [https://asianhotelsnorth.com] | SELECTED: "https://asianhotelsnorth.com" | CONFIDENCE: HIGH | TIME: 0ms | REASON: Resolved via readymade-fallback
[2026-08-06T20:37:44.872Z] COMPANY: "Asian Paints Limited" | QUERIES: ["Asian Paints Limited" official website] | CANDIDATES: [https://asianpaints.com] | SELECTED: "https://asianpaints.com" | CONFIDENCE: HIGH | TIME: 0ms | REASON: Resolved via readymade-fallback
[2026-08-06T20:37:53.345Z] COMPANY: "Asian Granito India Limited" | QUERIES: ["Asian Granito India Limited" official website] | CANDIDATES: [https://aglasiangranito.com] | SELECTED: "https://aglasiangranito.com" | CONFIDENCE: HIGH | TIME: 0ms | REASON: Resolved via readymade-fallback
[2026-08-06T20:37:56.509Z] COMPANY: "ASK Automotive Limited" | QUERIES: ["ASK Automotive Limited" official website] | CANDIDATES: [https://askbrake.com] | SELECTED: "https://askbrake.com" | CONFIDENCE: HIGH | TIME: 0ms | REASON: Resolved via readymade-fallback
[2026-08-06T20:38:01.115Z] COMPANY: "Avio Smart Market Stack Limited" | QUERIES: ["Avio Smart Market Stack Limited" official website] | CANDIDATES: [https://Not Found] | SELECTED: "https://Not Found" | CONFIDENCE: HIGH | TIME: 0ms | REASON: Resolved via readymade-fallback
[2026-08-06T20:38:06.906Z] COMPANY: "Aspinwall and Company Limited" | QUERIES: ["Aspinwall and Company Limited" official website] | CANDIDATES: [https://Not Found] | SELECTED: "https://Not Found" | CONFIDENCE: HIGH | TIME: 0ms | REASON: Resolved via readymade-fallback
[2026-08-06T20:38:13.907Z] COMPANY: "Asian Star Company Limited" | QUERIES: ["Asian Star Company Limited" official website] | CANDIDATES: [https://Not Found] | SELECTED: "https://Not Found" | CONFIDENCE: HIGH | TIME: 0ms | REASON: Resolved via readymade-fallback
[2026-08-06T20:38:20.452Z] COMPANY: "Astec LifeSciences Limited" | QUERIES: ["Astec LifeSciences Limited" official website] | CANDIDATES: [https://astecls.com] | SELECTED: "https://astecls.com" | CONFIDENCE: HIGH | TIME: 0ms | REASON: Resolved via readymade-fallback
[2026-08-06T20:38:27.241Z] COMPANY: "Aster DM Quality Care Limited" | QUERIES: ["Aster DM Quality Care Limited" official website] | CANDIDATES: [https://Not Found] | SELECTED: "https://Not Found" | CONFIDENCE: HIGH | TIME: 0ms | REASON: Resolved via readymade-fallback
[2026-08-06T20:38:34.344Z] COMPANY: "Astral Limited" | QUERIES: ["Astral Limited" official website] | CANDIDATES: [https://astrallimited.pl] | SELECTED: "https://astrallimited.pl" | CONFIDENCE: HIGH | TIME: 0ms | REASON: Resolved via readymade-fallback
[2026-08-06T20:38:49.762Z] COMPANY: "Astra Microwave Products Limited" | QUERIES: ["Astra Microwave Products Limited" official website] | CANDIDATES: [https://astramwp.com] | SELECTED: "https://astramwp.com" | CONFIDENCE: HIGH | TIME: 1ms | REASON: Resolved via readymade-fallback
[2026-08-06T20:38:52.919Z] COMPANY: "AstraZeneca Pharma India Limited" | QUERIES: ["AstraZeneca Pharma India Limited" official website] | CANDIDATES: [https://Not Found] | SELECTED: "https://Not Found" | CONFIDENCE: HIGH | TIME: 1ms | REASON: Resolved via readymade-fallback
[2026-08-06T20:38:58.878Z] COMPANY: "Astron Paper & Board Mill Limited" | QUERIES: ["Astron Paper & Board Mill Limited" official website] | CANDIDATES: [https://astronpaper.com] | SELECTED: "https://astronpaper.com" | CONFIDENCE: HIGH | TIME: 0ms | REASON: Resolved via readymade-fallback
[2026-08-06T20:39:27.221Z] COMPANY: "Atal Realtech Limited" | QUERIES: ["Atal Realtech Limited" official website] | CANDIDATES: [https://Not Found] | SELECTED: "https://Not Found" | CONFIDENCE: HIGH | TIME: 0ms | REASON: Resolved via readymade-fallback
[2026-08-06T20:39:35.085Z] COMPANY: "Atam Valves Limited" | QUERIES: ["Atam Valves Limited" official website] | CANDIDATES: [https://atamvalves.in] | SELECTED: "https://atamvalves.in" | CONFIDENCE: HIGH | TIME: 0ms | REASON: Resolved via readymade-fallback
[2026-08-06T20:39:45.029Z] COMPANY: "Adani Total Gas Limited" | QUERIES: ["Adani Total Gas Limited" official website] | CANDIDATES: [https://Not Found] | SELECTED: "https://Not Found" | CONFIDENCE: HIGH | TIME: 0ms | REASON: Resolved via readymade-fallback
[2026-08-06T20:39:52.707Z] COMPANY: "Ather Energy Limited" | QUERIES: ["Ather Energy Limited" official website] | CANDIDATES: [https://atherenergy.com] | SELECTED: "https://atherenergy.com" | CONFIDENCE: HIGH | TIME: 0ms | REASON: Resolved via readymade-fallback
[2026-08-06T20:39:53.423Z] COMPANY: "Allcargo Terminals Limited" | QUERIES: ["Allcargo Terminals Limited" official website] | CANDIDATES: [https://allcargoterminals.com] | SELECTED: "https://allcargoterminals.com" | CONFIDENCE: HIGH | TIME: 0ms | REASON: Resolved via readymade-fallback
[2026-08-06T20:39:58.988Z] COMPANY: "ATLANTAA LIMITED" | QUERIES: ["ATLANTAA LIMITED" official website] | CANDIDATES: [https://atlanta-airport.com] | SELECTED: "https://atlanta-airport.com" | CONFIDENCE: HIGH | TIME: 0ms | REASON: Resolved via readymade-fallback
[2026-08-06T20:42:20.873Z] COMPANY: "Atlanta Electricals Limited" | QUERIES: ["Atlanta Electricals Limited" official website] | CANDIDATES: [https://Not Found] | SELECTED: "https://Not Found" | CONFIDENCE: HIGH | TIME: 0ms | REASON: Resolved via readymade-fallback
[2026-08-06T20:42:26.667Z] COMPANY: "Atlas Cycles (Haryana) Limited" | QUERIES: ["Atlas Cycles (Haryana) Limited" official website] | CANDIDATES: [https://Not Found] | SELECTED: "https://Not Found" | CONFIDENCE: HIGH | TIME: 1ms | REASON: Resolved via readymade-fallback
[2026-08-06T20:42:33.674Z] COMPANY: "Atul Limited" | QUERIES: ["Atul Limited" official website] | CANDIDATES: [https://atulsongaday.me] | SELECTED: "https://atulsongaday.me" | CONFIDENCE: HIGH | TIME: 1ms | REASON: Resolved via readymade-fallback
[2026-08-06T20:42:41.525Z] COMPANY: "Atul Auto Limited" | QUERIES: ["Atul Auto Limited" official website] | CANDIDATES: [https://atulauto.co.in] | SELECTED: "https://atulauto.co.in" | CONFIDENCE: HIGH | TIME: 0ms | REASON: Resolved via readymade-fallback
[2026-08-06T20:42:59.166Z] COMPANY: "AU Small Finance Bank Limited" | QUERIES: ["AU Small Finance Bank Limited" official website] | CANDIDATES: [https://aubank.in] | SELECTED: "https://aubank.in" | CONFIDENCE: HIGH | TIME: 0ms | REASON: Resolved via readymade-fallback
[2026-08-06T20:43:00.111Z] COMPANY: "Aurionpro Solutions Limited" | QUERIES: ["Aurionpro Solutions Limited" official website] | CANDIDATES: [https://Not Found] | SELECTED: "https://Not Found" | CONFIDENCE: HIGH | TIME: 1ms | REASON: Resolved via readymade-fallback
[2026-08-06T20:43:06.563Z] COMPANY: "Aurobindo Pharma Limited" | QUERIES: ["Aurobindo Pharma Limited" official website] | CANDIDATES: [https://aurobindo.com] | SELECTED: "https://aurobindo.com" | CONFIDENCE: HIGH | TIME: 0ms | REASON: Resolved via readymade-fallback
[2026-08-06T20:43:17.183Z] COMPANY: "Aurum PropTech Limited" | QUERIES: ["Aurum PropTech Limited" official website] | CANDIDATES: [https://aurumproptech.in] | SELECTED: "https://aurumproptech.in" | CONFIDENCE: HIGH | TIME: 1ms | REASON: Resolved via readymade-fallback
[2026-08-06T20:43:25.850Z] COMPANY: "AURUS GEM CORPORATION LIMITED" | QUERIES: ["AURUS GEM CORPORATION LIMITED" official website] | CANDIDATES: [https://Not Found] | SELECTED: "https://Not Found" | CONFIDENCE: HIGH | TIME: 0ms | REASON: Resolved via readymade-fallback
[2026-08-06T20:43:33.256Z] COMPANY: "Ausom Enterprise Limited" | QUERIES: ["Ausom Enterprise Limited" official website] | CANDIDATES: [https://Not Found] | SELECTED: "https://Not Found" | CONFIDENCE: HIGH | TIME: 0ms | REASON: Resolved via readymade-fallback
[2026-08-06T20:43:38.185Z] COMPANY: "Automotive Axles Limited" | QUERIES: ["Automotive Axles Limited" official website] | CANDIDATES: [https://autoaxle.com] | SELECTED: "https://autoaxle.com" | CONFIDENCE: HIGH | TIME: 0ms | REASON: Resolved via readymade-fallback
[2026-08-06T20:43:50.727Z] COMPANY: "Autoline Industries Limited" | QUERIES: ["Autoline Industries Limited" official website] | CANDIDATES: [https://autolineind.com] | SELECTED: "https://autolineind.com" | CONFIDENCE: HIGH | TIME: 1ms | REASON: Resolved via readymade-fallback
[2026-08-06T20:44:03.823Z] COMPANY: "Avadh Sugar & Energy Limited" | QUERIES: ["Avadh Sugar & Energy Limited" official website] | CANDIDATES: [https://Not Found] | SELECTED: "https://Not Found" | CONFIDENCE: HIGH | TIME: 1ms | REASON: Resolved via readymade-fallback
[2026-08-06T20:44:09.881Z] COMPANY: "Avalon Technologies Limited" | QUERIES: ["Avalon Technologies Limited" official website] | CANDIDATES: [https://avalontec.com] | SELECTED: "https://avalontec.com" | CONFIDENCE: HIGH | TIME: 0ms | REASON: Resolved via readymade-fallback
[2026-08-06T20:44:26.129Z] COMPANY: "Avantel Limited" | QUERIES: ["Avantel Limited" official website] | CANDIDATES: [https://avantel.co] | SELECTED: "https://avantel.co" | CONFIDENCE: HIGH | TIME: 0ms | REASON: Resolved via readymade-fallback
[2026-08-06T20:44:31.528Z] COMPANY: "Avanti Feeds Limited" | QUERIES: ["Avanti Feeds Limited" official website] | CANDIDATES: [https://avantifeeds.com] | SELECTED: "https://avantifeeds.com" | CONFIDENCE: HIGH | TIME: 1ms | REASON: Resolved via readymade-fallback
[2026-08-06T20:44:35.897Z] COMPANY: "AVG Logistics Limited" | QUERIES: ["AVG Logistics Limited" official website] | CANDIDATES: [https://avglogistics.com] | SELECTED: "https://avglogistics.com" | CONFIDENCE: HIGH | TIME: 0ms | REASON: Resolved via readymade-fallback
[2026-08-06T20:44:37.627Z] COMPANY: "Aditya Vision Limited" | QUERIES: ["Aditya Vision Limited" official website] | CANDIDATES: [https://adityavision.com] | SELECTED: "https://adityavision.com" | CONFIDENCE: HIGH | TIME: 0ms | REASON: Resolved via readymade-fallback
[2026-08-06T20:44:52.974Z] COMPANY: "Avonmore Capital & Management Services Limited" | QUERIES: ["Avonmore Capital & Management Services Limited" official website] | CANDIDATES: [https://avonmorecapital.in] | SELECTED: "https://avonmorecapital.in" | CONFIDENCE: HIGH | TIME: 0ms | REASON: Resolved via readymade-fallback
[2026-08-06T20:45:02.217Z] COMPANY: "AVRO INDIA LIMITED" | QUERIES: ["AVRO INDIA LIMITED" official website] | CANDIDATES: [https://avrotros.nl] | SELECTED: "https://avrotros.nl" | CONFIDENCE: HIGH | TIME: 1ms | REASON: Resolved via readymade-fallback
[2026-08-06T20:45:21.351Z] COMPANY: "AVT Natural Products Limited" | QUERIES: ["AVT Natural Products Limited" official website] | CANDIDATES: [https://Not Found] | SELECTED: "https://Not Found" | CONFIDENCE: HIGH | TIME: 0ms | REASON: Resolved via readymade-fallback
[2026-08-06T20:45:29.424Z] COMPANY: "Awfis Space Solutions Limited" | QUERIES: ["Awfis Space Solutions Limited" official website] | CANDIDATES: [https://awfis.co] | SELECTED: "https://awfis.co" | CONFIDENCE: HIGH | TIME: 0ms | REASON: Resolved via readymade-fallback
[2026-08-06T20:45:29.732Z] COMPANY: "Antony Waste Handling Cell Limited" | QUERIES: ["Antony Waste Handling Cell Limited" official website] | CANDIDATES: [https://Not Found] | SELECTED: "https://Not Found" | CONFIDENCE: HIGH | TIME: 0ms | REASON: Resolved via readymade-fallback
[2026-08-06T20:45:34.428Z] COMPANY: "AWL Agri Business Limited" | QUERIES: ["AWL Agri Business Limited" official website] | CANDIDATES: [https://Not Found] | SELECTED: "https://Not Found" | CONFIDENCE: HIGH | TIME: 0ms | REASON: Resolved via readymade-fallback
[2026-08-06T20:45:39.072Z] COMPANY: "Axis Bank Limited" | QUERIES: ["Axis Bank Limited" official website] | CANDIDATES: [https://axisbank.com] | SELECTED: "https://axisbank.com" | CONFIDENCE: HIGH | TIME: 0ms | REASON: Resolved via readymade-fallback
[2026-08-06T20:45:52.901Z] COMPANY: "AXISCADES Technologies Limited" | QUERIES: ["AXISCADES Technologies Limited" official website] | CANDIDATES: [https://axiscades.com] | SELECTED: "https://axiscades.com" | CONFIDENCE: HIGH | TIME: 0ms | REASON: Resolved via readymade-fallback
[2026-08-06T20:46:04.739Z] COMPANY: "Axita Cotton Limited" | QUERIES: ["Axita Cotton Limited" official website] | CANDIDATES: [https://axitacotton.com] | SELECTED: "https://axitacotton.com" | CONFIDENCE: HIGH | TIME: 1ms | REASON: Resolved via readymade-fallback
[2026-08-06T20:48:24.770Z] COMPANY: "Aye Finance Limited" | QUERIES: ["Aye Finance Limited" official website] | CANDIDATES: [https://Not Found] | SELECTED: "https://Not Found" | CONFIDENCE: HIGH | TIME: 0ms | REASON: Resolved via readymade-fallback
[2026-08-06T20:48:29.838Z] COMPANY: "AYM Syntex Limited" | QUERIES: ["AYM Syntex Limited" official website] | CANDIDATES: [https://aymsyntex.com] | SELECTED: "https://aymsyntex.com" | CONFIDENCE: HIGH | TIME: 0ms | REASON: Resolved via readymade-fallback
[2026-08-06T20:50:50.368Z] COMPANY: "Azad Engineering Limited" | QUERIES: ["Azad Engineering Limited" official website] | CANDIDATES: [https://azad.in] | SELECTED: "https://azad.in" | CONFIDENCE: HIGH | TIME: 0ms | REASON: Resolved via readymade-fallback
[2026-08-06T20:51:04.052Z] COMPANY: "Bafna Pharmaceuticals Limited" | QUERIES: ["Bafna Pharmaceuticals Limited" official website] | CANDIDATES: [https://Not Found] | SELECTED: "https://Not Found" | CONFIDENCE: HIGH | TIME: 0ms | REASON: Resolved via readymade-fallback
[2026-08-06T20:51:10.349Z] COMPANY: "B.A.G Films and Media Limited" | QUERIES: ["B.A.G Films and Media Limited" official website] | CANDIDATES: [https://Not Found] | SELECTED: "https://Not Found" | CONFIDENCE: HIGH | TIME: 0ms | REASON: Resolved via readymade-fallback
[2026-08-06T20:51:15.728Z] COMPANY: "Baid Finserv Limited" | QUERIES: ["Baid Finserv Limited" official website] | CANDIDATES: [https://baidfinserv.com] | SELECTED: "https://baidfinserv.com" | CONFIDENCE: HIGH | TIME: 0ms | REASON: Resolved via readymade-fallback
[2026-08-06T20:51:20.496Z] COMPANY: "Bajaj Auto Limited" | QUERIES: ["Bajaj Auto Limited" official website] | CANDIDATES: [https://bajajauto.com] | SELECTED: "https://bajajauto.com" | CONFIDENCE: HIGH | TIME: 0ms | REASON: Resolved via readymade-fallback
[2026-08-06T20:51:21.909Z] COMPANY: "Bajaj Consumer Care Limited" | QUERIES: ["Bajaj Consumer Care Limited" official website] | CANDIDATES: [https://bajajconsumercare.com] | SELECTED: "https://bajajconsumercare.com" | CONFIDENCE: HIGH | TIME: 0ms | REASON: Resolved via readymade-fallback
[2026-08-06T20:51:23.217Z] COMPANY: "Bajaj Electricals Limited" | QUERIES: ["Bajaj Electricals Limited" official website] | CANDIDATES: [https://bajajelectricals.com] | SELECTED: "https://bajajelectricals.com" | CONFIDENCE: HIGH | TIME: 0ms | REASON: Resolved via readymade-fallback
[2026-08-06T20:51:35.739Z] COMPANY: "Bajaj Finserv Limited" | QUERIES: ["Bajaj Finserv Limited" official website] | CANDIDATES: [https://bajajfinserv.in] | SELECTED: "https://bajajfinserv.in" | CONFIDENCE: HIGH | TIME: 0ms | REASON: Resolved via readymade-fallback
[2026-08-06T20:51:35.883Z] COMPANY: "Bajaj Healthcare Limited" | QUERIES: ["Bajaj Healthcare Limited" official website] | CANDIDATES: [https://bajajhealth.com] | SELECTED: "https://bajajhealth.com" | CONFIDENCE: HIGH | TIME: 0ms | REASON: Resolved via readymade-fallback
[2026-08-06T20:51:54.785Z] COMPANY: "Bajaj Housing Finance Limited" | QUERIES: ["Bajaj Housing Finance Limited" official website] | CANDIDATES: [https://bajajhousingfinance.in] | SELECTED: "https://bajajhousingfinance.in" | CONFIDENCE: HIGH | TIME: 0ms | REASON: Resolved via readymade-fallback
[2026-08-06T20:52:05.456Z] COMPANY: "Bajaj Hindusthan Sugar Limited" | QUERIES: ["Bajaj Hindusthan Sugar Limited" official website] | CANDIDATES: [https://bajajhindusthan.com] | SELECTED: "https://bajajhindusthan.com" | CONFIDENCE: HIGH | TIME: 0ms | REASON: Resolved via readymade-fallback
[2026-08-06T20:52:15.118Z] COMPANY: "Bajaj Holdings & Investment Limited" | QUERIES: ["Bajaj Holdings & Investment Limited" official website] | CANDIDATES: [https://Not Found] | SELECTED: "https://Not Found" | CONFIDENCE: HIGH | TIME: 1ms | REASON: Resolved via readymade-fallback
[2026-08-06T20:52:19.502Z] COMPANY: "Indef Manufacturing Limited" | QUERIES: ["Indef Manufacturing Limited" official website] | CANDIDATES: [https://Not Found] | SELECTED: "https://Not Found" | CONFIDENCE: HIGH | TIME: 0ms | REASON: Resolved via readymade-fallback
[2026-08-06T20:52:24.778Z] COMPANY: "Bajaj Steel Industries Limited" | QUERIES: ["Bajaj Steel Industries Limited" official website] | CANDIDATES: [https://bajajngp.com] | SELECTED: "https://bajajngp.com" | CONFIDENCE: HIGH | TIME: 0ms | REASON: Resolved via readymade-fallback
[2026-08-06T20:54:44.503Z] COMPANY: "Bajel Projects Limited" | QUERIES: ["Bajel Projects Limited" official website] | CANDIDATES: [https://bajelprojects.com] | SELECTED: "https://bajelprojects.com" | CONFIDENCE: HIGH | TIME: 0ms | REASON: Resolved via readymade-fallback
[2026-08-06T20:54:55.751Z] COMPANY: "Bajaj Finance Limited" | QUERIES: ["Bajaj Finance Limited" official website] | CANDIDATES: [https://bajajhousingfinance.in] | SELECTED: "https://bajajhousingfinance.in" | CONFIDENCE: HIGH | TIME: 0ms | REASON: Resolved via readymade-fallback
[2026-08-06T20:55:07.766Z] COMPANY: "Shree Tirupati Balajee Agro Trading Company Limited" | QUERIES: ["Shree Tirupati Balajee Agro Trading Company Limited" official website] | CANDIDATES: [https://Not Found] | SELECTED: "https://Not Found" | CONFIDENCE: HIGH | TIME: 0ms | REASON: Resolved via readymade-fallback
[2026-08-06T20:55:14.130Z] COMPANY: "Balaji Telefilms Limited" | QUERIES: ["Balaji Telefilms Limited" official website] | CANDIDATES: [https://balajitelefilms.com] | SELECTED: "https://balajitelefilms.com" | CONFIDENCE: HIGH | TIME: 0ms | REASON: Resolved via readymade-fallback
[2026-08-06T20:55:33.878Z] COMPANY: "Balaji Amines Limited" | QUERIES: ["Balaji Amines Limited" official website] | CANDIDATES: [https://Not Found] | SELECTED: "https://Not Found" | CONFIDENCE: HIGH | TIME: 1ms | REASON: Resolved via readymade-fallback
[2026-08-06T20:55:39.753Z] COMPANY: "BALAXI PHARMACEUTICALS LIMITED" | QUERIES: ["BALAXI PHARMACEUTICALS LIMITED" official website] | CANDIDATES: [https://balaxipharma.in] | SELECTED: "https://balaxipharma.in" | CONFIDENCE: HIGH | TIME: 0ms | REASON: Resolved via readymade-fallback
[2026-08-06T20:55:42.455Z] COMPANY: "Balkrishna Paper Mills Limited" | QUERIES: ["Balkrishna Paper Mills Limited" official website] | CANDIDATES: [https://bpml.in] | SELECTED: "https://bpml.in" | CONFIDENCE: HIGH | TIME: 0ms | REASON: Resolved via readymade-fallback
[2026-08-06T20:55:54.582Z] COMPANY: "Balkrishna Industries Limited" | QUERIES: ["Balkrishna Industries Limited" official website] | CANDIDATES: [https://Not Found] | SELECTED: "https://Not Found" | CONFIDENCE: HIGH | TIME: 0ms | REASON: Resolved via readymade-fallback
[2026-08-06T20:56:02.823Z] COMPANY: "Balmer Lawrie & Company Limited" | QUERIES: ["Balmer Lawrie & Company Limited" official website] | CANDIDATES: [https://balmerlawrie.com] | SELECTED: "https://balmerlawrie.com" | CONFIDENCE: HIGH | TIME: 1ms | REASON: Resolved via readymade-fallback
[2026-08-06T20:56:05.207Z] COMPANY: "Bal Pharma Limited" | QUERIES: ["Bal Pharma Limited" official website] | CANDIDATES: [https://balpharma.com] | SELECTED: "https://balpharma.com" | CONFIDENCE: HIGH | TIME: 0ms | REASON: Resolved via readymade-fallback
[2026-08-06T20:56:18.942Z] COMPANY: "Balrampur Chini Mills Limited" | QUERIES: ["Balrampur Chini Mills Limited" official website] | CANDIDATES: [https://chini.com] | SELECTED: "https://chini.com" | CONFIDENCE: HIGH | TIME: 1ms | REASON: Resolved via readymade-fallback
[2026-08-06T20:58:37.047Z] COMPANY: "Balu Forge Industries Limited" | QUERIES: ["Balu Forge Industries Limited" official website] | CANDIDATES: [https://baluindustries.com] | SELECTED: "https://baluindustries.com" | CONFIDENCE: HIGH | TIME: 1ms | REASON: Resolved via readymade-fallback
[2026-08-06T20:58:37.889Z] COMPANY: "Banaras Beads Limited" | QUERIES: ["Banaras Beads Limited" official website] | CANDIDATES: [https://banarasbead.com] | SELECTED: "https://banarasbead.com" | CONFIDENCE: HIGH | TIME: 0ms | REASON: Resolved via readymade-fallback
[2026-08-06T20:58:52.936Z] COMPANY: "Bannari Amman Sugars Limited" | QUERIES: ["Bannari Amman Sugars Limited" official website] | CANDIDATES: [https://Not Found] | SELECTED: "https://Not Found" | CONFIDENCE: HIGH | TIME: 1ms | REASON: Resolved via readymade-fallback
[2026-08-06T20:58:59.977Z] COMPANY: "Banco Products (I) Limited" | QUERIES: ["Banco Products (I) Limited" official website] | CANDIDATES: [https://Not Found] | SELECTED: "https://Not Found" | CONFIDENCE: HIGH | TIME: 0ms | REASON: Resolved via readymade-fallback
[2026-08-06T20:59:07.603Z] COMPANY: "Bandhan Bank Limited" | QUERIES: ["Bandhan Bank Limited" official website] | CANDIDATES: [https://bandhanbank.com] | SELECTED: "https://bandhanbank.com" | CONFIDENCE: HIGH | TIME: 0ms | REASON: Resolved via readymade-fallback
[2026-08-06T20:59:09.144Z] COMPANY: "Bang Overseas Limited" | QUERIES: ["Bang Overseas Limited" official website] | CANDIDATES: [https://banggroup.com] | SELECTED: "https://banggroup.com" | CONFIDENCE: HIGH | TIME: 0ms | REASON: Resolved via readymade-fallback
[2026-08-06T20:59:12.430Z] COMPANY: "Banka BioLoo Limited" | QUERIES: ["Banka BioLoo Limited" official website] | CANDIDATES: [https://Not Found] | SELECTED: "https://Not Found" | CONFIDENCE: HIGH | TIME: 0ms | REASON: Resolved via readymade-fallback
[2026-08-06T20:59:17.303Z] COMPANY: "Bank of Baroda" | QUERIES: ["Bank of Baroda" official website] | CANDIDATES: [https://bankofbaroda.in] | SELECTED: "https://bankofbaroda.in" | CONFIDENCE: HIGH | TIME: 0ms | REASON: Resolved via readymade-fallback
[2026-08-06T20:59:38.438Z] COMPANY: "Bank of India" | QUERIES: ["Bank of India" official website] | CANDIDATES: [https://bankofindia.co.in] | SELECTED: "https://bankofindia.co.in" | CONFIDENCE: HIGH | TIME: 0ms | REASON: Resolved via readymade-fallback
[2026-08-06T20:59:38.612Z] COMPANY: "Bansal Wire Industries Limited" | QUERIES: ["Bansal Wire Industries Limited" official website] | CANDIDATES: [https://Not Found] | SELECTED: "https://Not Found" | CONFIDENCE: HIGH | TIME: 0ms | REASON: Resolved via readymade-fallback
[2026-08-06T20:59:43.287Z] COMPANY: "Banswara Syntex Limited" | QUERIES: ["Banswara Syntex Limited" official website] | CANDIDATES: [https://banswarasyntex.com] | SELECTED: "https://banswarasyntex.com" | CONFIDENCE: HIGH | TIME: 0ms | REASON: Resolved via readymade-fallback
[2026-08-06T21:00:10.064Z] COMPANY: "BASF India Limited" | QUERIES: ["BASF India Limited" official website] | CANDIDATES: [https://basf.com] | SELECTED: "https://basf.com" | CONFIDENCE: HIGH | TIME: 0ms | REASON: Resolved via readymade-fallback
[2026-08-06T21:00:22.604Z] COMPANY: "Bannari Amman Spinning Mills Limited" | QUERIES: ["Bannari Amman Spinning Mills Limited" official website] | CANDIDATES: [https://bannarimills.com] | SELECTED: "https://bannarimills.com" | CONFIDENCE: HIGH | TIME: 0ms | REASON: Resolved via readymade-fallback
[2026-08-06T21:00:23.922Z] COMPANY: "Bata India Limited" | QUERIES: ["Bata India Limited" official website] | CANDIDATES: [https://batalp.com] | SELECTED: "https://batalp.com" | CONFIDENCE: HIGH | TIME: 0ms | REASON: Resolved via readymade-fallback
[2026-08-06T21:00:28.042Z] COMPANY: "Batliboi Limited" | QUERIES: ["Batliboi Limited" official website] | CANDIDATES: [https://batliboi.com] | SELECTED: "https://batliboi.com" | CONFIDENCE: HIGH | TIME: 0ms | REASON: Resolved via readymade-fallback
[2026-08-06T21:00:42.880Z] COMPANY: "Bayer Cropscience Limited" | QUERIES: ["Bayer Cropscience Limited" official website] | CANDIDATES: [https://bayer.rs] | SELECTED: "https://bayer.rs" | CONFIDENCE: HIGH | TIME: 0ms | REASON: Resolved via readymade-fallback
[2026-08-06T21:00:55.296Z] COMPANY: "Bharat Bijlee Limited" | QUERIES: ["Bharat Bijlee Limited" official website] | CANDIDATES: [https://bharatbijlee.com] | SELECTED: "https://bharatbijlee.com" | CONFIDENCE: HIGH | TIME: 1ms | REASON: Resolved via readymade-fallback
[2026-08-06T21:01:04.598Z] COMPANY: "Black Box Limited" | QUERIES: ["Black Box Limited" official website] | CANDIDATES: [https://blackboxstocks.com] | SELECTED: "https://blackboxstocks.com" | CONFIDENCE: HIGH | TIME: 0ms | REASON: Resolved via readymade-fallback
[2026-08-06T21:01:21.554Z] COMPANY: "The Bombay Burmah Trading Corporation Limited" | QUERIES: ["The Bombay Burmah Trading Corporation Limited" official website] | CANDIDATES: [https://bbtcl.com] | SELECTED: "https://bbtcl.com" | CONFIDENCE: HIGH | TIME: 0ms | REASON: Resolved via readymade-fallback
[2026-08-06T21:01:33.011Z] COMPANY: "B&B Triplewall Containers Limited" | QUERIES: ["B&B Triplewall Containers Limited" official website] | CANDIDATES: [https://booking.com] | SELECTED: "https://booking.com" | CONFIDENCE: HIGH | TIME: 0ms | REASON: Resolved via readymade-fallback
[2026-08-06T21:01:47.227Z] COMPANY: "Brightcom Group Limited" | QUERIES: ["Brightcom Group Limited" official website] | CANDIDATES: [https://brightcomgroup.com] | SELECTED: "https://brightcomgroup.com" | CONFIDENCE: HIGH | TIME: 0ms | REASON: Resolved via readymade-fallback
[2026-08-06T21:02:00.044Z] COMPANY: "Bcl Industries Limited" | QUERIES: ["Bcl Industries Limited" official website] | CANDIDATES: [https://bcl.ind.in] | SELECTED: "https://bcl.ind.in" | CONFIDENCE: HIGH | TIME: 0ms | REASON: Resolved via readymade-fallback
[2026-08-06T21:02:02.263Z] COMPANY: "Brand Concepts Limited" | QUERIES: ["Brand Concepts Limited" official website] | CANDIDATES: [https://brandconcept.cz] | SELECTED: "https://brandconcept.cz" | CONFIDENCE: HIGH | TIME: 0ms | REASON: Resolved via readymade-fallback
[2026-08-06T21:02:14.903Z] COMPANY: "BCPL Railway Infrastructure Limited" | QUERIES: ["BCPL Railway Infrastructure Limited" official website] | CANDIDATES: [https://Not Found] | SELECTED: "https://Not Found" | CONFIDENCE: HIGH | TIME: 0ms | REASON: Resolved via readymade-fallback
[2026-08-06T21:02:22.177Z] COMPANY: "Bharat Dynamics Limited" | QUERIES: ["Bharat Dynamics Limited" official website] | CANDIDATES: [https://bdl-india.com] | SELECTED: "https://bdl-india.com" | CONFIDENCE: HIGH | TIME: 0ms | REASON: Resolved via readymade-fallback
[2026-08-06T21:02:23.893Z] COMPANY: "Beardsell Limited" | QUERIES: ["Beardsell Limited" official website] | CANDIDATES: [https://beardsell.co.in] | SELECTED: "https://beardsell.co.in" | CONFIDENCE: HIGH | TIME: 0ms | REASON: Resolved via readymade-fallback
[2026-08-06T21:02:35.384Z] COMPANY: "Mrs. Bectors Food Specialities Limited" | QUERIES: ["Mrs. Bectors Food Specialities Limited" official website] | CANDIDATES: [https://bectorfoods.com] | SELECTED: "https://bectorfoods.com" | CONFIDENCE: HIGH | TIME: 0ms | REASON: Resolved via readymade-fallback
[2026-08-06T21:02:50.058Z] COMPANY: "Bedmutha Industries Limited" | QUERIES: ["Bedmutha Industries Limited" official website] | CANDIDATES: [https://bedmutha.com] | SELECTED: "https://bedmutha.com" | CONFIDENCE: HIGH | TIME: 0ms | REASON: Resolved via readymade-fallback
[2026-08-06T21:05:11.889Z] COMPANY: "Beekay Steel Industries Limited" | QUERIES: ["Beekay Steel Industries Limited" official website] | CANDIDATES: [https://Not Found] | SELECTED: "https://Not Found" | CONFIDENCE: HIGH | TIME: 1ms | REASON: Resolved via readymade-fallback
[2026-08-06T21:05:17.506Z] COMPANY: "Bharat Electronics Limited" | QUERIES: ["Bharat Electronics Limited" official website] | CANDIDATES: [https://beil.co.in] | SELECTED: "https://beil.co.in" | CONFIDENCE: HIGH | TIME: 0ms | REASON: Resolved via readymade-fallback
[2026-08-06T21:05:18.063Z] COMPANY: "Bella Casa Fashion & Retail Limited" | QUERIES: ["Bella Casa Fashion & Retail Limited" official website] | CANDIDATES: [https://bellacasaretail.com] | SELECTED: "https://bellacasaretail.com" | CONFIDENCE: HIGH | TIME: 0ms | REASON: Resolved via readymade-fallback
[2026-08-06T21:05:54.060Z] COMPANY: "Belrise Industries Limited" | QUERIES: ["Belrise Industries Limited" official website] | CANDIDATES: [https://belriseindustries.com] | SELECTED: "https://belriseindustries.com" | CONFIDENCE: HIGH | TIME: 0ms | REASON: Resolved via readymade-fallback
[2026-08-06T21:05:54.802Z] COMPANY: "BEML Limited" | QUERIES: ["BEML Limited" official website] | CANDIDATES: [https://bemlindia.in] | SELECTED: "https://bemlindia.in" | CONFIDENCE: HIGH | TIME: 0ms | REASON: Resolved via readymade-fallback
[2026-08-06T21:06:18.834Z] COMPANY: "Bengal & Assam Company Limited" | QUERIES: ["Bengal & Assam Company Limited" official website] | CANDIDATES: [https://bengals.com] | SELECTED: "https://bengals.com" | CONFIDENCE: HIGH | TIME: 1ms | REASON: Resolved via readymade-fallback
[2026-08-06T21:06:33.316Z] COMPANY: "Bhansali Engineering Polymers Limited" | QUERIES: ["Bhansali Engineering Polymers Limited" official website] | CANDIDATES: [https://bhansaliabs.com] | SELECTED: "https://bhansaliabs.com" | CONFIDENCE: HIGH | TIME: 0ms | REASON: Resolved via readymade-fallback
[2026-08-06T21:06:48.368Z] COMPANY: "Berger Paints (I) Limited" | QUERIES: ["Berger Paints (I) Limited" official website] | CANDIDATES: [https://Not Found] | SELECTED: "https://Not Found" | CONFIDENCE: HIGH | TIME: 0ms | REASON: Resolved via readymade-fallback
[2026-08-06T21:06:53.766Z] COMPANY: "Best Agrolife Limited" | QUERIES: ["Best Agrolife Limited" official website] | CANDIDATES: [https://bestagrolife.com] | SELECTED: "https://bestagrolife.com" | CONFIDENCE: HIGH | TIME: 0ms | REASON: Resolved via readymade-fallback
[2026-08-06T21:06:54.999Z] COMPANY: "Beta Drugs Limited" | QUERIES: ["Beta Drugs Limited" official website] | CANDIDATES: [https://betadrugslimited.com] | SELECTED: "https://betadrugslimited.com" | CONFIDENCE: HIGH | TIME: 0ms | REASON: Resolved via readymade-fallback
[2026-08-06T21:06:56.449Z] COMPANY: "BF Investment Limited" | QUERIES: ["BF Investment Limited" official website] | CANDIDATES: [https://bfigroup.org] | SELECTED: "https://bfigroup.org" | CONFIDENCE: HIGH | TIME: 0ms | REASON: Resolved via readymade-fallback
[2026-08-06T21:07:08.988Z] COMPANY: "BF Utilities Limited" | QUERIES: ["BF Utilities Limited" official website] | CANDIDATES: [https://Not Found] | SELECTED: "https://Not Found" | CONFIDENCE: HIGH | TIME: 0ms | REASON: Resolved via readymade-fallback
[2026-08-06T21:07:14.352Z] COMPANY: "BGR Energy Systems Limited" | QUERIES: ["BGR Energy Systems Limited" official website] | CANDIDATES: [https://bgrcorp.com] | SELECTED: "https://bgrcorp.com" | CONFIDENCE: HIGH | TIME: 0ms | REASON: Resolved via readymade-fallback
[2026-08-06T21:07:22.679Z] COMPANY: "Bhagiradha Chemicals & Industries Limited" | QUERIES: ["Bhagiradha Chemicals & Industries Limited" official website] | CANDIDATES: [https://Not Found] | SELECTED: "https://Not Found" | CONFIDENCE: HIGH | TIME: 0ms | REASON: Resolved via readymade-fallback
[2026-08-06T21:07:30.104Z] COMPANY: "Bhageria Industries Limited" | QUERIES: ["Bhageria Industries Limited" official website] | CANDIDATES: [https://Not Found] | SELECTED: "https://Not Found" | CONFIDENCE: HIGH | TIME: 0ms | REASON: Resolved via readymade-fallback
[2026-08-06T21:07:34.812Z] COMPANY: "Bhagyanagar India Limited" | QUERIES: ["Bhagyanagar India Limited" official website] | CANDIDATES: [https://bhagyanagarindia.com] | SELECTED: "https://bhagyanagarindia.com" | CONFIDENCE: HIGH | TIME: 0ms | REASON: Resolved via readymade-fallback
[2026-08-06T21:09:22.437Z] COMPANY: "Bhandari Hosiery Exports Limited" | QUERIES: ["Bhandari Hosiery Exports Limited" official website] | CANDIDATES: [https://bhandariexport.com] | SELECTED: "https://bhandariexport.com" | CONFIDENCE: HIGH | TIME: 1ms | REASON: Resolved via readymade-fallback
[2026-08-06T21:09:28.062Z] COMPANY: "Bharat Coking Coal Limited" | QUERIES: ["Bharat Coking Coal Limited" official website] | CANDIDATES: [https://bcclweb.in] | SELECTED: "https://bcclweb.in" | CONFIDENCE: HIGH | TIME: 0ms | REASON: Resolved via readymade-fallback
[2026-08-06T21:09:34.591Z] COMPANY: "Bharat Forge Limited" | QUERIES: ["Bharat Forge Limited" official website] | CANDIDATES: [https://bharatforge.com] | SELECTED: "https://bharatforge.com" | CONFIDENCE: HIGH | TIME: 0ms | REASON: Resolved via readymade-fallback
[2026-08-06T21:09:35.924Z] COMPANY: "Bharat Gears Limited" | QUERIES: ["Bharat Gears Limited" official website] | CANDIDATES: [https://bharatgears.com] | SELECTED: "https://bharatgears.com" | CONFIDENCE: HIGH | TIME: 0ms | REASON: Resolved via readymade-fallback
[2026-08-06T21:09:36.771Z] COMPANY: "Bharat Rasayan Limited" | QUERIES: ["Bharat Rasayan Limited" official website] | CANDIDATES: [https://brl.in] | SELECTED: "https://brl.in" | CONFIDENCE: HIGH | TIME: 0ms | REASON: Resolved via readymade-fallback
[2026-08-06T21:09:43.896Z] COMPANY: "Bharat Seats Limited" | QUERIES: ["Bharat Seats Limited" official website] | CANDIDATES: [https://bharatseats.com] | SELECTED: "https://bharatseats.com" | CONFIDENCE: HIGH | TIME: 0ms | REASON: Resolved via readymade-fallback
[2026-08-06T21:09:56.895Z] COMPANY: "Bharat Wire Ropes Limited" | QUERIES: ["Bharat Wire Ropes Limited" official website] | CANDIDATES: [https://bharatwireropes.com] | SELECTED: "https://bharatwireropes.com" | CONFIDENCE: HIGH | TIME: 0ms | REASON: Resolved via readymade-fallback
[2026-08-06T21:09:58.637Z] COMPANY: "Bharti Airtel Limited" | QUERIES: ["Bharti Airtel Limited" official website] | CANDIDATES: [https://Not Found] | SELECTED: "https://Not Found" | CONFIDENCE: HIGH | TIME: 0ms | REASON: Resolved via readymade-fallback
[2026-08-06T21:10:04.310Z] COMPANY: "Bharti Hexacom Limited" | QUERIES: ["Bharti Hexacom Limited" official website] | CANDIDATES: [https://Not Found] | SELECTED: "https://Not Found" | CONFIDENCE: HIGH | TIME: 0ms | REASON: Resolved via readymade-fallback
[2026-08-06T21:10:12.163Z] COMPANY: "Bharat Heavy Electricals Limited" | QUERIES: ["Bharat Heavy Electricals Limited" official website] | CANDIDATES: [https://bhel.com] | SELECTED: "https://bhel.com" | CONFIDENCE: HIGH | TIME: 1ms | REASON: Resolved via readymade-fallback
[2026-08-06T21:10:34.375Z] COMPANY: "Bilcare Limited" | QUERIES: ["Bilcare Limited" official website] | CANDIDATES: [https://bilcare.com] | SELECTED: "https://bilcare.com" | CONFIDENCE: HIGH | TIME: 0ms | REASON: Resolved via readymade-fallback
[2026-08-06T21:10:47.503Z] COMPANY: "Bigbloc Construction Limited" | QUERIES: ["Bigbloc Construction Limited" official website] | CANDIDATES: [https://bigbloc.in] | SELECTED: "https://bigbloc.in" | CONFIDENCE: HIGH | TIME: 0ms | REASON: Resolved via readymade-fallback
[2026-08-06T21:13:06.594Z] COMPANY: "Bikaji Foods International Limited" | QUERIES: ["Bikaji Foods International Limited" official website] | CANDIDATES: [https://Not Found] | SELECTED: "https://Not Found" | CONFIDENCE: HIGH | TIME: 0ms | REASON: Resolved via readymade-fallback
[2026-08-06T21:13:12.190Z] COMPANY: "Bhartiya International Limited" | QUERIES: ["Bhartiya International Limited" official website] | CANDIDATES: [https://Not Found] | SELECTED: "https://Not Found" | CONFIDENCE: HIGH | TIME: 0ms | REASON: Resolved via readymade-fallback
[2026-08-06T21:13:18.912Z] COMPANY: "BIL VYAPAR LIMITED" | QUERIES: ["BIL VYAPAR LIMITED" official website] | CANDIDATES: [https://Not Found] | SELECTED: "https://Not Found" | CONFIDENCE: HIGH | TIME: 1ms | REASON: Resolved via readymade-fallback
[2026-08-06T21:13:23.522Z] COMPANY: "Bimetal Bearings Limited" | QUERIES: ["Bimetal Bearings Limited" official website] | CANDIDATES: [https://Not Found] | SELECTED: "https://Not Found" | CONFIDENCE: HIGH | TIME: 0ms | REASON: Resolved via readymade-fallback
[2026-08-06T21:13:31.225Z] COMPANY: "Biocon Limited" | QUERIES: ["Biocon Limited" official website] | CANDIDATES: [https://bioconductor.org] | SELECTED: "https://bioconductor.org" | CONFIDENCE: HIGH | TIME: 0ms | REASON: Resolved via readymade-fallback
[2026-08-06T21:13:32.194Z] COMPANY: "Biofil Chemicals & Pharmaceuticals Limited" | QUERIES: ["Biofil Chemicals & Pharmaceuticals Limited" official website] | CANDIDATES: [https://Not Found] | SELECTED: "https://Not Found" | CONFIDENCE: HIGH | TIME: 0ms | REASON: Resolved via readymade-fallback
[2026-08-06T21:13:39.119Z] COMPANY: "Birla Cable Limited" | QUERIES: ["Birla Cable Limited" official website] | CANDIDATES: [https://birlacable.com] | SELECTED: "https://birlacable.com" | CONFIDENCE: HIGH | TIME: 1ms | REASON: Resolved via readymade-fallback
[2026-08-06T21:13:50.777Z] COMPANY: "Birla Corporation Limited" | QUERIES: ["Birla Corporation Limited" official website] | CANDIDATES: [https://birlasoft.com] | SELECTED: "https://birlasoft.com" | CONFIDENCE: HIGH | TIME: 0ms | REASON: Resolved via readymade-fallback
[2026-08-06T21:13:52.389Z] COMPANY: "Aditya Birla Money Limited" | QUERIES: ["Aditya Birla Money Limited" official website] | CANDIDATES: [https://Not Found] | SELECTED: "https://Not Found" | CONFIDENCE: HIGH | TIME: 0ms | REASON: Resolved via readymade-fallback
[2026-08-06T21:13:57.595Z] COMPANY: "BirlaNu Limited" | QUERIES: ["BirlaNu Limited" official website] | CANDIDATES: [https://Not Found] | SELECTED: "https://Not Found" | CONFIDENCE: HIGH | TIME: 1ms | REASON: Resolved via readymade-fallback
[2026-08-06T21:14:05.525Z] COMPANY: "Birla Precision Technologies Limited" | QUERIES: ["Birla Precision Technologies Limited" official website] | CANDIDATES: [https://birlaprecision.com] | SELECTED: "https://birlaprecision.com" | CONFIDENCE: HIGH | TIME: 0ms | REASON: Resolved via readymade-fallback
[2026-08-06T21:14:06.005Z] COMPANY: "BLACKBUCK LIMITED" | QUERIES: ["BLACKBUCK LIMITED" official website] | CANDIDATES: [https://blackbuck.com] | SELECTED: "https://blackbuck.com" | CONFIDENCE: HIGH | TIME: 1ms | REASON: Resolved via readymade-fallback
[2026-08-06T21:14:06.671Z] COMPANY: "Black Rose Inds. Limited" | QUERIES: ["Black Rose Inds. Limited" official website] | CANDIDATES: [https://Not Found] | SELECTED: "https://Not Found" | CONFIDENCE: HIGH | TIME: 0ms | REASON: Resolved via readymade-fallback
[2026-08-06T21:14:14.196Z] COMPANY: "BEML Land Assets Limited" | QUERIES: ["BEML Land Assets Limited" official website] | CANDIDATES: [https://Not Found] | SELECTED: "https://Not Found" | CONFIDENCE: HIGH | TIME: 0ms | REASON: Resolved via readymade-fallback
[2026-08-06T21:14:20.973Z] COMPANY: "BLB Limited" | QUERIES: ["BLB Limited" official website] | CANDIDATES: [https://blblimited.com] | SELECTED: "https://blblimited.com" | CONFIDENCE: HIGH | TIME: 0ms | REASON: Resolved via readymade-fallback
[2026-08-06T21:14:22.219Z] COMPANY: "Balmer Lawrie Investments Limited" | QUERIES: ["Balmer Lawrie Investments Limited" official website] | CANDIDATES: [https://blinv.com] | SELECTED: "https://blinv.com" | CONFIDENCE: HIGH | TIME: 0ms | REASON: Resolved via readymade-fallback
[2026-08-06T21:14:23.140Z] COMPANY: "Bliss GVS Pharma Limited" | QUERIES: ["Bliss GVS Pharma Limited" official website] | CANDIDATES: [https://blissgvs.com] | SELECTED: "https://blissgvs.com" | CONFIDENCE: HIGH | TIME: 0ms | REASON: Resolved via readymade-fallback
[2026-08-06T21:14:30.136Z] COMPANY: "B. L. Kashyap and Sons Limited" | QUERIES: ["B. L. Kashyap and Sons Limited" official website] | CANDIDATES: [https://Not Found] | SELECTED: "https://Not Found" | CONFIDENCE: HIGH | TIME: 0ms | REASON: Resolved via readymade-fallback
[2026-08-06T21:14:37.896Z] COMPANY: "BLS International Services Limited" | QUERIES: ["BLS International Services Limited" official website] | CANDIDATES: [https://Not Found] | SELECTED: "https://Not Found" | CONFIDENCE: HIGH | TIME: 0ms | REASON: Resolved via readymade-fallback
[2026-08-06T21:14:43.157Z] COMPANY: "BLS E-Services Limited" | QUERIES: ["BLS E-Services Limited" official website] | CANDIDATES: [https://Not Found] | SELECTED: "https://Not Found" | CONFIDENCE: HIGH | TIME: 0ms | REASON: Resolved via readymade-fallback
[2026-08-06T21:14:47.858Z] COMPANY: "Blue Chip India Limited" | QUERIES: ["Blue Chip India Limited" official website] | CANDIDATES: [https://bluechipgroup.net] | SELECTED: "https://bluechipgroup.net" | CONFIDENCE: HIGH | TIME: 1ms | REASON: Resolved via readymade-fallback
[2026-08-06T21:15:03.841Z] COMPANY: "Blue Coast Hotels Limited" | QUERIES: ["Blue Coast Hotels Limited" official website] | CANDIDATES: [https://bluecoast.in] | SELECTED: "https://bluecoast.in" | CONFIDENCE: HIGH | TIME: 0ms | REASON: Resolved via readymade-fallback
[2026-08-06T21:15:15.539Z] COMPANY: "Blue Dart Express Limited" | QUERIES: ["Blue Dart Express Limited" official website] | CANDIDATES: [https://Not Found] | SELECTED: "https://Not Found" | CONFIDENCE: HIGH | TIME: 1ms | REASON: Resolved via readymade-fallback
[2026-08-06T21:15:20.894Z] COMPANY: "Blue Jet Healthcare Limited" | QUERIES: ["Blue Jet Healthcare Limited" official website] | CANDIDATES: [https://bluejethealthcare.com] | SELECTED: "https://bluejethealthcare.com" | CONFIDENCE: HIGH | TIME: 0ms | REASON: Resolved via readymade-fallback
[2026-08-06T21:15:23.894Z] COMPANY: "Blue Star Limited" | QUERIES: ["Blue Star Limited" official website] | CANDIDATES: [https://bluestarindia.com] | SELECTED: "https://bluestarindia.com" | CONFIDENCE: HIGH | TIME: 0ms | REASON: Resolved via readymade-fallback
[2026-08-06T21:15:33.538Z] COMPANY: "BlueStone Jewellery and Lifestyle Limited" | QUERIES: ["BlueStone Jewellery and Lifestyle Limited" official website] | CANDIDATES: [https://Not Found] | SELECTED: "https://Not Found" | CONFIDENCE: HIGH | TIME: 0ms | REASON: Resolved via readymade-fallback
[2026-08-06T21:15:40.255Z] COMPANY: "Bluspring Enterprises Limited" | QUERIES: ["Bluspring Enterprises Limited" official website] | CANDIDATES: [https://bluspringhealth.com] | SELECTED: "https://bluspringhealth.com" | CONFIDENCE: HIGH | TIME: 0ms | REASON: Resolved via readymade-fallback
[2026-08-06T21:15:48.337Z] COMPANY: "BMW Ventures Limited" | QUERIES: ["BMW Ventures Limited" official website] | CANDIDATES: [https://bmwventures.com] | SELECTED: "https://bmwventures.com" | CONFIDENCE: HIGH | TIME: 0ms | REASON: Resolved via readymade-fallback
[2026-08-06T21:15:49.733Z] COMPANY: "BN Agrochem Limited" | QUERIES: ["BN Agrochem Limited" official website] | CANDIDATES: [https://Not Found] | SELECTED: "https://Not Found" | CONFIDENCE: HIGH | TIME: 0ms | REASON: Resolved via readymade-fallback
[2026-08-06T21:15:56.611Z] COMPANY: "B & A Limited" | QUERIES: ["B & A Limited" official website] | CANDIDATES: [https://booking.com] | SELECTED: "https://booking.com" | CONFIDENCE: HIGH | TIME: 0ms | REASON: Resolved via readymade-fallback
[2026-08-06T21:16:12.687Z] COMPANY: "Bodal Chemicals Limited" | QUERIES: ["Bodal Chemicals Limited" official website] | CANDIDATES: [https://bodal.com] | SELECTED: "https://bodal.com" | CONFIDENCE: HIGH | TIME: 1ms | REASON: Resolved via readymade-fallback
[2026-08-06T21:16:25.572Z] COMPANY: "Bohra Industries Limited" | QUERIES: ["Bohra Industries Limited" official website] | CANDIDATES: [https://bohraindustries.com] | SELECTED: "https://bohraindustries.com" | CONFIDENCE: HIGH | TIME: 1ms | REASON: Resolved via readymade-fallback
[2026-08-06T21:16:32.786Z] COMPANY: "Bombay Dyeing & Mfg Company Limited" | QUERIES: ["Bombay Dyeing & Mfg Company Limited" official website] | CANDIDATES: [https://bombaydyeing.com] | SELECTED: "https://bombaydyeing.com" | CONFIDENCE: HIGH | TIME: 0ms | REASON: Resolved via readymade-fallback
[2026-08-06T21:16:42.948Z] COMPANY: "Bonlon Industries Limited" | QUERIES: ["Bonlon Industries Limited" official website] | CANDIDATES: [https://bonlonindustries.com] | SELECTED: "https://bonlonindustries.com" | CONFIDENCE: HIGH | TIME: 1ms | REASON: Resolved via readymade-fallback
[2026-08-06T21:16:55.298Z] COMPANY: "Borana Weaves Limited" | QUERIES: ["Borana Weaves Limited" official website] | CANDIDATES: [https://Not Found] | SELECTED: "https://Not Found" | CONFIDENCE: HIGH | TIME: 0ms | REASON: Resolved via readymade-fallback
[2026-08-06T21:17:03.309Z] COMPANY: "Borosil Limited" | QUERIES: ["Borosil Limited" official website] | CANDIDATES: [https://myborosil.store] | SELECTED: "https://myborosil.store" | CONFIDENCE: HIGH | TIME: 0ms | REASON: Resolved via readymade-fallback
[2026-08-06T21:17:15.077Z] COMPANY: "BOROSIL RENEWABLES LIMITED" | QUERIES: ["BOROSIL RENEWABLES LIMITED" official website] | CANDIDATES: [https://borosilrenewables.com] | SELECTED: "https://borosilrenewables.com" | CONFIDENCE: HIGH | TIME: 0ms | REASON: Resolved via readymade-fallback
[2026-08-06T21:17:26.261Z] COMPANY: "Borosil Scientific Limited" | QUERIES: ["Borosil Scientific Limited" official website] | CANDIDATES: [https://Not Found] | SELECTED: "https://Not Found" | CONFIDENCE: HIGH | TIME: 0ms | REASON: Resolved via readymade-fallback
[2026-08-06T21:17:32.224Z] COMPANY: "BOSCH HOME COMFORT INDIA LIMITED" | QUERIES: ["BOSCH HOME COMFORT INDIA LIMITED" official website] | CANDIDATES: [https://Not Found] | SELECTED: "https://Not Found" | CONFIDENCE: HIGH | TIME: 0ms | REASON: Resolved via readymade-fallback
[2026-08-06T21:17:40.414Z] COMPANY: "Bosch Limited" | QUERIES: ["Bosch Limited" official website] | CANDIDATES: [https://bosch.com] | SELECTED: "https://bosch.com" | CONFIDENCE: HIGH | TIME: 1ms | REASON: Resolved via readymade-fallback
[2026-08-06T21:17:48.935Z] COMPANY: "Bharat Petroleum Corporation Limited" | QUERIES: ["Bharat Petroleum Corporation Limited" official website] | CANDIDATES: [https://bharatpetroleum.in] | SELECTED: "https://bharatpetroleum.in" | CONFIDENCE: HIGH | TIME: 0ms | REASON: Resolved via readymade-fallback
[2026-08-06T21:17:56.556Z] COMPANY: "BPL Limited" | QUERIES: ["BPL Limited" official website] | CANDIDATES: [https://bpllimited.com] | SELECTED: "https://bpllimited.com" | CONFIDENCE: HIGH | TIME: 0ms | REASON: Resolved via readymade-fallback
[2026-08-06T21:17:59.157Z] COMPANY: "Brigade Enterprises Limited" | QUERIES: ["Brigade Enterprises Limited" official website] | CANDIDATES: [https://brigadegroup.com] | SELECTED: "https://brigadegroup.com" | CONFIDENCE: HIGH | TIME: 0ms | REASON: Resolved via readymade-fallback
[2026-08-06T21:18:06.155Z] COMPANY: "Brigade Hotel Ventures Limited" | QUERIES: ["Brigade Hotel Ventures Limited" official website] | CANDIDATES: [https://Not Found] | SELECTED: "https://Not Found" | CONFIDENCE: HIGH | TIME: 1ms | REASON: Resolved via readymade-fallback
[2026-08-06T21:18:12.818Z] COMPANY: "Britannia Industries Limited" | QUERIES: ["Britannia Industries Limited" official website] | CANDIDATES: [https://britannia.co.in] | SELECTED: "https://britannia.co.in" | CONFIDENCE: HIGH | TIME: 0ms | REASON: Resolved via readymade-fallback
[2026-08-06T21:18:24.057Z] COMPANY: "Bharat Road Network Limited" | QUERIES: ["Bharat Road Network Limited" official website] | CANDIDATES: [https://Not Found] | SELECTED: "https://Not Found" | CONFIDENCE: HIGH | TIME: 0ms | REASON: Resolved via readymade-fallback
[2026-08-06T21:18:30.440Z] COMPANY: "Brooks Laboratories Limited" | QUERIES: ["Brooks Laboratories Limited" official website] | CANDIDATES: [https://brookslabs.net] | SELECTED: "https://brookslabs.net" | CONFIDENCE: HIGH | TIME: 0ms | REASON: Resolved via readymade-fallback
[2026-08-06T21:18:32.160Z] COMPANY: "BSE Limited" | QUERIES: ["BSE Limited" official website] | CANDIDATES: [https://bseindia.com] | SELECTED: "https://bseindia.com" | CONFIDENCE: HIGH | TIME: 0ms | REASON: Resolved via readymade-fallback
[2026-08-06T21:18:32.373Z] COMPANY: "Bombay Super Hybrid Seeds Limited" | QUERIES: ["Bombay Super Hybrid Seeds Limited" official website] | CANDIDATES: [https://bombayhybridseeds.com] | SELECTED: "https://bombayhybridseeds.com" | CONFIDENCE: HIGH | TIME: 0ms | REASON: Resolved via readymade-fallback
[2026-08-06T21:18:38.650Z] COMPANY: "BSL Limited" | QUERIES: ["BSL Limited" official website] | CANDIDATES: [https://bslshaders.com] | SELECTED: "https://bslshaders.com" | CONFIDENCE: HIGH | TIME: 0ms | REASON: Resolved via readymade-fallback
[2026-08-06T21:18:42.068Z] COMPANY: "BIRLASOFT LIMITED" | QUERIES: ["BIRLASOFT LIMITED" official website] | CANDIDATES: [https://birlasoft.com] | SELECTED: "https://birlasoft.com" | CONFIDENCE: HIGH | TIME: 0ms | REASON: Resolved via readymade-fallback
[2026-08-06T21:18:43.515Z] COMPANY: "Bodhi Tree Multimedia Limited" | QUERIES: ["Bodhi Tree Multimedia Limited" official website] | CANDIDATES: [https://bodhitreemultimedia.com] | SELECTED: "https://bodhitreemultimedia.com" | CONFIDENCE: HIGH | TIME: 0ms | REASON: Resolved via readymade-fallback
[2026-08-06T21:18:53.509Z] COMPANY: "Bhilwara Technical Textiles Limited" | QUERIES: ["Bhilwara Technical Textiles Limited" official website] | CANDIDATES: [https://Not Found] | SELECTED: "https://Not Found" | CONFIDENCE: HIGH | TIME: 1ms | REASON: Resolved via readymade-fallback
[2026-08-06T21:18:59.850Z] COMPANY: "Shankara Buildpro Limited" | QUERIES: ["Shankara Buildpro Limited" official website] | CANDIDATES: [https://shankarabuildpro.com] | SELECTED: "https://shankarabuildpro.com" | CONFIDENCE: HIGH | TIME: 0ms | REASON: Resolved via readymade-fallback
[2026-08-06T21:19:00.262Z] COMPANY: "Butterfly Gandhimathi Appliances Limited" | QUERIES: ["Butterfly Gandhimathi Appliances Limited" official website] | CANDIDATES: [https://butterflygalleria.com] | SELECTED: "https://butterflygalleria.com" | CONFIDENCE: HIGH | TIME: 0ms | REASON: Resolved via readymade-fallback
[2026-08-06T21:19:08.783Z] COMPANY: "Barak Valley Cements Limited" | QUERIES: ["Barak Valley Cements Limited" official website] | CANDIDATES: [https://barakcement.com] | SELECTED: "https://barakcement.com" | CONFIDENCE: HIGH | TIME: 0ms | REASON: Resolved via readymade-fallback
[2026-08-06T21:19:20.269Z] COMPANY: "The Byke Hospitality Ltd" | QUERIES: ["The Byke Hospitality Ltd" official website] | CANDIDATES: [https://Not Found] | SELECTED: "https://Not Found" | CONFIDENCE: HIGH | TIME: 0ms | REASON: Resolved via readymade-fallback
[2026-08-06T21:19:27.601Z] COMPANY: "California Software Company Limited" | QUERIES: ["California Software Company Limited" official website] | CANDIDATES: [https://Not Found] | SELECTED: "https://Not Found" | CONFIDENCE: HIGH | TIME: 1ms | REASON: Resolved via readymade-fallback
[2026-08-06T21:19:33.296Z] COMPANY: "Camlin Fine Sciences Limited" | QUERIES: ["Camlin Fine Sciences Limited" official website] | CANDIDATES: [https://camlinfs.com] | SELECTED: "https://camlinfs.com" | CONFIDENCE: HIGH | TIME: 1ms | REASON: Resolved via readymade-fallback
[2026-08-06T21:19:41.914Z] COMPANY: "Campus Activewear Limited" | QUERIES: ["Campus Activewear Limited" official website] | CANDIDATES: [https://campusactivewear.com] | SELECTED: "https://campusactivewear.com" | CONFIDENCE: HIGH | TIME: 0ms | REASON: Resolved via readymade-fallback
[2026-08-06T21:19:48.563Z] COMPANY: "Computer Age Management Services Limited" | QUERIES: ["Computer Age Management Services Limited" official website] | CANDIDATES: [https://camsonline.com] | SELECTED: "https://camsonline.com" | CONFIDENCE: HIGH | TIME: 0ms | REASON: Resolved via readymade-fallback
[2026-08-06T21:19:56.549Z] COMPANY: "Canara Bank" | QUERIES: ["Canara Bank" official website] | CANDIDATES: [https://canarabank.com] | SELECTED: "https://canarabank.com" | CONFIDENCE: HIGH | TIME: 0ms | REASON: Resolved via readymade-fallback
[2026-08-06T21:19:58.287Z] COMPANY: "Can Fin Homes Limited" | QUERIES: ["Can Fin Homes Limited" official website] | CANDIDATES: [https://canfinhomes.com] | SELECTED: "https://canfinhomes.com" | CONFIDENCE: HIGH | TIME: 0ms | REASON: Resolved via readymade-fallback
[2026-08-06T21:20:16.008Z] COMPANY: "Canara HSBC Life Insurance Company Limited" | QUERIES: ["Canara HSBC Life Insurance Company Limited" official website] | CANDIDATES: [https://Not Found] | SELECTED: "https://Not Found" | CONFIDENCE: HIGH | TIME: 0ms | REASON: Resolved via readymade-fallback
[2026-08-06T21:20:22.410Z] COMPANY: "Cantabil Retail India Limited" | QUERIES: ["Cantabil Retail India Limited" official website] | CANDIDATES: [https://Not Found] | SELECTED: "https://Not Found" | CONFIDENCE: HIGH | TIME: 0ms | REASON: Resolved via readymade-fallback
[2026-08-06T21:20:28.997Z] COMPANY: "Capacit'e Infraprojects Limited" | QUERIES: ["Capacit'e Infraprojects Limited" official website] | CANDIDATES: [https://Not Found] | SELECTED: "https://Not Found" | CONFIDENCE: HIGH | TIME: 0ms | REASON: Resolved via readymade-fallback
[2026-08-06T21:20:35.631Z] COMPANY: "Capillary Technologies India Limited" | QUERIES: ["Capillary Technologies India Limited" official website] | CANDIDATES: [https://capillarytech.com] | SELECTED: "https://capillarytech.com" | CONFIDENCE: HIGH | TIME: 0ms | REASON: Resolved via readymade-fallback
[2026-08-06T21:20:38.540Z] COMPANY: "Capital Small Finance Bank Limited" | QUERIES: ["Capital Small Finance Bank Limited" official website] | CANDIDATES: [https://capitalbank.co.in] | SELECTED: "https://capitalbank.co.in" | CONFIDENCE: HIGH | TIME: 0ms | REASON: Resolved via readymade-fallback
[2026-08-06T21:20:45.739Z] COMPANY: "Caplin Point Laboratories Limited" | QUERIES: ["Caplin Point Laboratories Limited" official website] | CANDIDATES: [https://caplinonco.com] | SELECTED: "https://caplinonco.com" | CONFIDENCE: HIGH | TIME: 0ms | REASON: Resolved via readymade-fallback
[2026-08-06T21:20:54.154Z] COMPANY: "Capital Trust Limited" | QUERIES: ["Capital Trust Limited" official website] | CANDIDATES: [https://capitaltrust.lk] | SELECTED: "https://capitaltrust.lk" | CONFIDENCE: HIGH | TIME: 1ms | REASON: Resolved via readymade-fallback
[2026-08-06T21:21:07.418Z] COMPANY: "Carborundum Universal Limited" | QUERIES: ["Carborundum Universal Limited" official website] | CANDIDATES: [https://Not Found] | SELECTED: "https://Not Found" | CONFIDENCE: HIGH | TIME: 0ms | REASON: Resolved via readymade-fallback
[2026-08-06T21:21:13.755Z] COMPANY: "CARE Ratings Limited" | QUERIES: ["CARE Ratings Limited" official website] | CANDIDATES: [https://careratings.com] | SELECTED: "https://careratings.com" | CONFIDENCE: HIGH | TIME: 0ms | REASON: Resolved via readymade-fallback
[2026-08-06T21:21:22.600Z] COMPANY: "Carraro India Limited" | QUERIES: ["Carraro India Limited" official website] | CANDIDATES: [https://carrarobisiklet.com] | SELECTED: "https://carrarobisiklet.com" | CONFIDENCE: HIGH | TIME: 0ms | REASON: Resolved via readymade-fallback
[2026-08-06T21:22:00.070Z] COMPANY: "Cartrade Tech Limited" | QUERIES: ["Cartrade Tech Limited" official website] | CANDIDATES: [https://cartradetech.com] | SELECTED: "https://cartradetech.com" | CONFIDENCE: HIGH | TIME: 1ms | REASON: Resolved via readymade-fallback
[2026-08-06T21:22:07.785Z] COMPANY: "CARYSIL LIMITED" | QUERIES: ["CARYSIL LIMITED" official website] | CANDIDATES: [https://carysil.com] | SELECTED: "https://carysil.com" | CONFIDENCE: HIGH | TIME: 0ms | REASON: Resolved via readymade-fallback
[2026-08-06T21:24:27.926Z] COMPANY: "Castrol India Limited" | QUERIES: ["Castrol India Limited" official website] | CANDIDATES: [https://castrol.com] | SELECTED: "https://castrol.com" | CONFIDENCE: HIGH | TIME: 0ms | REASON: Resolved via readymade-fallback
[2026-08-06T21:24:40.098Z] COMPANY: "AvenuesAI Limited" | QUERIES: ["AvenuesAI Limited" official website] | CANDIDATES: [https://Not Found] | SELECTED: "https://Not Found" | CONFIDENCE: HIGH | TIME: 1ms | REASON: Resolved via readymade-fallback
[2026-08-06T21:24:44.714Z] COMPANY: "Consolidated Construction Consortium Limited" | QUERIES: ["Consolidated Construction Consortium Limited" official website] | CANDIDATES: [https://Not Found] | SELECTED: "https://Not Found" | CONFIDENCE: HIGH | TIME: 0ms | REASON: Resolved via readymade-fallback
[2026-08-06T21:24:50.553Z] COMPANY: "Country Club Hospitality & Holidays Limited" | QUERIES: ["Country Club Hospitality & Holidays Limited" official website] | CANDIDATES: [https://Not Found] | SELECTED: "https://Not Found" | CONFIDENCE: HIGH | TIME: 0ms | REASON: Resolved via readymade-fallback
[2026-08-06T21:24:56.341Z] COMPANY: "CCL Products (India) Limited" | QUERIES: ["CCL Products (India) Limited" official website] | CANDIDATES: [https://cclproducts.com] | SELECTED: "https://cclproducts.com" | CONFIDENCE: HIGH | TIME: 1ms | REASON: Resolved via readymade-fallback
[2026-08-06T21:24:59.332Z] COMPANY: "Central Depository Services (India) Limited" | QUERIES: ["Central Depository Services (India) Limited" official website] | CANDIDATES: [https://Not Found] | SELECTED: "https://Not Found" | CONFIDENCE: HIGH | TIME: 1ms | REASON: Resolved via readymade-fallback
[2026-08-06T21:25:07.295Z] COMPANY: "CEAT Limited" | QUERIES: ["CEAT Limited" official website] | CANDIDATES: [https://ceat.com] | SELECTED: "https://ceat.com" | CONFIDENCE: HIGH | TIME: 1ms | REASON: Resolved via readymade-fallback
[2026-08-06T21:25:09.488Z] COMPANY: "Ceigall India Limited" | QUERIES: ["Ceigall India Limited" official website] | CANDIDATES: [https://ceigall.com] | SELECTED: "https://ceigall.com" | CONFIDENCE: HIGH | TIME: 0ms | REASON: Resolved via readymade-fallback
[2026-08-06T21:25:10.586Z] COMPANY: "Ceinsys Tech Limited" | QUERIES: ["Ceinsys Tech Limited" official website] | CANDIDATES: [https://Not Found] | SELECTED: "https://Not Found" | CONFIDENCE: HIGH | TIME: 0ms | REASON: Resolved via readymade-fallback
[2026-08-06T21:25:18.115Z] COMPANY: "Celebrity Fashions Limited" | QUERIES: ["Celebrity Fashions Limited" official website] | CANDIDATES: [https://Not Found] | SELECTED: "https://Not Found" | CONFIDENCE: HIGH | TIME: 0ms | REASON: Resolved via readymade-fallback
[2026-08-06T21:25:23.946Z] COMPANY: "Cello World Limited" | QUERIES: ["Cello World Limited" official website] | CANDIDATES: [https://celloworld.com] | SELECTED: "https://celloworld.com" | CONFIDENCE: HIGH | TIME: 1ms | REASON: Resolved via readymade-fallback
[2026-08-06T21:25:36.227Z] COMPANY: "Cemindia Projects Limited" | QUERIES: ["Cemindia Projects Limited" official website] | CANDIDATES: [https://Not Found] | SELECTED: "https://Not Found" | CONFIDENCE: HIGH | TIME: 0ms | REASON: Resolved via readymade-fallback
[2026-08-06T21:25:40.970Z] COMPANY: "Century Enka Limited" | QUERIES: ["Century Enka Limited" official website] | CANDIDATES: [https://centuryenka.com] | SELECTED: "https://centuryenka.com" | CONFIDENCE: HIGH | TIME: 0ms | REASON: Resolved via readymade-fallback
[2026-08-06T21:25:42.541Z] COMPANY: "Century Extrusions Limited" | QUERIES: ["Century Extrusions Limited" official website] | CANDIDATES: [https://centuryextrusions.com] | SELECTED: "https://centuryextrusions.com" | CONFIDENCE: HIGH | TIME: 0ms | REASON: Resolved via readymade-fallback
[2026-08-06T21:25:53.440Z] COMPANY: "Central Bank of India" | QUERIES: ["Central Bank of India" official website] | CANDIDATES: [https://centralbank.net.in] | SELECTED: "https://centralbank.net.in" | CONFIDENCE: HIGH | TIME: 0ms | REASON: Resolved via readymade-fallback
[2026-08-06T21:26:08.543Z] COMPANY: "Centrum Capital Limited" | QUERIES: ["Centrum Capital Limited" official website] | CANDIDATES: [https://Not Found] | SELECTED: "https://Not Found" | CONFIDENCE: HIGH | TIME: 0ms | REASON: Resolved via readymade-fallback
[2026-08-06T21:26:16.746Z] COMPANY: "Centum Electronics Limited" | QUERIES: ["Centum Electronics Limited" official website] | CANDIDATES: [https://centumelectronics.com] | SELECTED: "https://centumelectronics.com" | CONFIDENCE: HIGH | TIME: 0ms | REASON: Resolved via readymade-fallback
[2026-08-06T21:28:36.658Z] COMPANY: "Century Plyboards (India) Limited" | QUERIES: ["Century Plyboards (India) Limited" official website] | CANDIDATES: [https://centuryply.com] | SELECTED: "https://centuryply.com" | CONFIDENCE: HIGH | TIME: 0ms | REASON: Resolved via readymade-fallback
[2026-08-06T21:28:49.460Z] COMPANY: "Cera Sanitaryware Limited" | QUERIES: ["Cera Sanitaryware Limited" official website] | CANDIDATES: [https://Not Found] | SELECTED: "https://Not Found" | CONFIDENCE: HIGH | TIME: 0ms | REASON: Resolved via readymade-fallback
[2026-08-06T21:28:56.980Z] COMPANY: "Cerebra Integrated Technologies Limited" | QUERIES: ["Cerebra Integrated Technologies Limited" official website] | CANDIDATES: [https://Not Found] | SELECTED: "https://Not Found" | CONFIDENCE: HIGH | TIME: 1ms | REASON: Resolved via readymade-fallback
[2026-08-06T21:29:04.221Z] COMPANY: "CESC Limited" | QUERIES: ["CESC Limited" official website] | CANDIDATES: [https://cesc.co.in] | SELECTED: "https://cesc.co.in" | CONFIDENCE: HIGH | TIME: 0ms | REASON: Resolved via readymade-fallback
[2026-08-06T21:29:11.539Z] COMPANY: "Concord Enviro Systems Limited" | QUERIES: ["Concord Enviro Systems Limited" official website] | CANDIDATES: [https://Not Found] | SELECTED: "https://Not Found" | CONFIDENCE: HIGH | TIME: 0ms | REASON: Resolved via readymade-fallback
[2026-08-06T21:29:18.444Z] COMPANY: "Capri Global Capital Limited" | QUERIES: ["Capri Global Capital Limited" official website] | CANDIDATES: [https://Not Found] | SELECTED: "https://Not Found" | CONFIDENCE: HIGH | TIME: 0ms | REASON: Resolved via readymade-fallback
[2026-08-06T21:29:24.538Z] COMPANY: "CG Power and Industrial Solutions Limited" | QUERIES: ["CG Power and Industrial Solutions Limited" official website] | CANDIDATES: [https://cgglobal.com] | SELECTED: "https://cgglobal.com" | CONFIDENCE: HIGH | TIME: 0ms | REASON: Resolved via readymade-fallback
[2026-08-06T21:29:32.844Z] COMPANY: "Chalet Hotels Limited" | QUERIES: ["Chalet Hotels Limited" official website] | CANDIDATES: [https://chalethotels.com] | SELECTED: "https://chalethotels.com" | CONFIDENCE: HIGH | TIME: 1ms | REASON: Resolved via readymade-fallback
[2026-08-06T21:29:37.524Z] COMPANY: "Chambal Fertilizers & Chemicals Limited" | QUERIES: ["Chambal Fertilizers & Chemicals Limited" official website] | CANDIDATES: [https://Not Found] | SELECTED: "https://Not Found" | CONFIDENCE: HIGH | TIME: 0ms | REASON: Resolved via readymade-fallback
[2026-08-06T21:29:44.807Z] COMPANY: "Chembond Material Technologies Limited" | QUERIES: ["Chembond Material Technologies Limited" official website] | CANDIDATES: [https://chembondmatech.com] | SELECTED: "https://chembondmatech.com" | CONFIDENCE: HIGH | TIME: 0ms | REASON: Resolved via readymade-fallback
[2026-08-06T21:29:56.364Z] COMPANY: "Chembond Chemicals Limited" | QUERIES: ["Chembond Chemicals Limited" official website] | CANDIDATES: [https://chembondindia.com] | SELECTED: "https://chembondindia.com" | CONFIDENCE: HIGH | TIME: 1ms | REASON: Resolved via readymade-fallback
[2026-08-06T21:29:57.758Z] COMPANY: "Chemcon Speciality Chemicals Limited" | QUERIES: ["Chemcon Speciality Chemicals Limited" official website] | CANDIDATES: [https://cscpl.com] | SELECTED: "https://cscpl.com" | CONFIDENCE: HIGH | TIME: 0ms | REASON: Resolved via readymade-fallback
[2026-08-06T21:29:58.701Z] COMPANY: "Chemfab Alkalis Limited" | QUERIES: ["Chemfab Alkalis Limited" official website] | CANDIDATES: [https://chemfabalkalis.com] | SELECTED: "https://chemfabalkalis.com" | CONFIDENCE: HIGH | TIME: 0ms | REASON: Resolved via readymade-fallback
[2026-08-06T21:30:19.912Z] COMPANY: "Chemplast Sanmar Limited" | QUERIES: ["Chemplast Sanmar Limited" official website] | CANDIDATES: [https://chemplastsanmar.com] | SELECTED: "https://chemplastsanmar.com" | CONFIDENCE: HIGH | TIME: 0ms | REASON: Resolved via readymade-fallback
[2026-08-06T21:30:29.376Z] COMPANY: "Chennai Petroleum Corporation Limited" | QUERIES: ["Chennai Petroleum Corporation Limited" official website] | CANDIDATES: [https://Not Found] | SELECTED: "https://Not Found" | CONFIDENCE: HIGH | TIME: 1ms | REASON: Resolved via readymade-fallback
[2026-08-06T21:30:37.214Z] COMPANY: "Cheviot Company Limited" | QUERIES: ["Cheviot Company Limited" official website] | CANDIDATES: [https://Not Found] | SELECTED: "https://Not Found" | CONFIDENCE: HIGH | TIME: 0ms | REASON: Resolved via readymade-fallback
[2026-08-06T21:30:45.480Z] COMPANY: "Choice International Limited" | QUERIES: ["Choice International Limited" official website] | CANDIDATES: [https://choiceagencyins.com] | SELECTED: "https://choiceagencyins.com" | CONFIDENCE: HIGH | TIME: 0ms | REASON: Resolved via readymade-fallback
[2026-08-06T21:30:54.544Z] COMPANY: "Cholamandalam Investment and Finance Company Limited" | QUERIES: ["Cholamandalam Investment and Finance Company Limited" official website] | CANDIDATES: [https://cholamandalam.com] | SELECTED: "https://cholamandalam.com" | CONFIDENCE: HIGH | TIME: 0ms | REASON: Resolved via readymade-fallback
[2026-08-06T21:33:14.857Z] COMPANY: "Cholamandalam Financial Holdings Limited" | QUERIES: ["Cholamandalam Financial Holdings Limited" official website] | CANDIDATES: [https://Not Found] | SELECTED: "https://Not Found" | CONFIDENCE: HIGH | TIME: 1ms | REASON: Resolved via readymade-fallback
[2026-08-06T21:33:21.770Z] COMPANY: "CIE Automotive India Limited" | QUERIES: ["CIE Automotive India Limited" official website] | CANDIDATES: [https://cieautomotive.com] | SELECTED: "https://cieautomotive.com" | CONFIDENCE: HIGH | TIME: 0ms | REASON: Resolved via readymade-fallback
[2026-08-06T21:33:41.213Z] COMPANY: "Capital India Finance Limited" | QUERIES: ["Capital India Finance Limited" official website] | CANDIDATES: [https://capitalindia.com] | SELECTED: "https://capitalindia.com" | CONFIDENCE: HIGH | TIME: 0ms | REASON: Resolved via readymade-fallback
[2026-08-06T21:34:05.825Z] COMPANY: "Cineline India Limited" | QUERIES: ["Cineline India Limited" official website] | CANDIDATES: [https://cineline.pl] | SELECTED: "https://cineline.pl" | CONFIDENCE: HIGH | TIME: 0ms | REASON: Resolved via readymade-fallback
[2026-08-06T21:34:17.978Z] COMPANY: "Cinevista Limited" | QUERIES: ["Cinevista Limited" official website] | CANDIDATES: [https://cinevistablog.com] | SELECTED: "https://cinevistablog.com" | CONFIDENCE: HIGH | TIME: 0ms | REASON: Resolved via readymade-fallback
[2026-08-06T21:34:19.071Z] COMPANY: "Cipla Limited" | QUERIES: ["Cipla Limited" official website] | CANDIDATES: [https://cipla.com] | SELECTED: "https://cipla.com" | CONFIDENCE: HIGH | TIME: 0ms | REASON: Resolved via readymade-fallback
[2026-08-06T21:34:30.085Z] COMPANY: "Clean Science and Technology Limited" | QUERIES: ["Clean Science and Technology Limited" official website] | CANDIDATES: [https://cleanscience.co.in] | SELECTED: "https://cleanscience.co.in" | CONFIDENCE: HIGH | TIME: 0ms | REASON: Resolved via readymade-fallback
[2026-08-06T21:34:31.315Z] COMPANY: "Clean Max Enviro Energy Solutions Limited" | QUERIES: ["Clean Max Enviro Energy Solutions Limited" official website] | CANDIDATES: [https://Not Found] | SELECTED: "https://Not Found" | CONFIDENCE: HIGH | TIME: 0ms | REASON: Resolved via readymade-fallback
[2026-08-06T21:34:39.190Z] COMPANY: "CL Educate Limited" | QUERIES: ["CL Educate Limited" official website] | CANDIDATES: [https://cleducate.com] | SELECTED: "https://cleducate.com" | CONFIDENCE: HIGH | TIME: 0ms | REASON: Resolved via readymade-fallback
[2026-08-06T21:34:48.815Z] COMPANY: "Chaman Lal Setia Exports Limited" | QUERIES: ["Chaman Lal Setia Exports Limited" official website] | CANDIDATES: [https://Not Found] | SELECTED: "https://Not Found" | CONFIDENCE: HIGH | TIME: 0ms | REASON: Resolved via readymade-fallback
[2026-08-06T21:34:54.620Z] COMPANY: "Caliber Mining and Logistics Limited" | QUERIES: ["Caliber Mining and Logistics Limited" official website] | CANDIDATES: [https://Not Found] | SELECTED: "https://Not Found" | CONFIDENCE: HIGH | TIME: 0ms | REASON: Resolved via readymade-fallback
[2026-08-06T21:35:00.844Z] COMPANY: "Central Mine Planning & Design Institute Limited" | QUERIES: ["Central Mine Planning & Design Institute Limited" official website] | CANDIDATES: [https://Not Found] | SELECTED: "https://Not Found" | CONFIDENCE: HIGH | TIME: 0ms | REASON: Resolved via readymade-fallback
[2026-08-06T21:35:05.930Z] COMPANY: "CMR Green Technologies Limited" | QUERIES: ["CMR Green Technologies Limited" official website] | CANDIDATES: [https://cmr.co.in] | SELECTED: "https://cmr.co.in" | CONFIDENCE: HIGH | TIME: 0ms | REASON: Resolved via readymade-fallback
[2026-08-06T21:35:19.349Z] COMPANY: "CMS Info Systems Limited" | QUERIES: ["CMS Info Systems Limited" official website] | CANDIDATES: [https://cms.com] | SELECTED: "https://cms.com" | CONFIDENCE: HIGH | TIME: 0ms | REASON: Resolved via readymade-fallback
[2026-08-06T21:35:19.918Z] COMPANY: "Creative Newtech Limited" | QUERIES: ["Creative Newtech Limited" official website] | CANDIDATES: [https://creativenewtech.com] | SELECTED: "https://creativenewtech.com" | CONFIDENCE: HIGH | TIME: 0ms | REASON: Resolved via readymade-fallback
[2026-08-06T21:37:40.063Z] COMPANY: "Coal India Limited" | QUERIES: ["Coal India Limited" official website] | CANDIDATES: [https://coalindia.in] | SELECTED: "https://coalindia.in" | CONFIDENCE: HIGH | TIME: 0ms | REASON: Resolved via readymade-fallback
[2026-08-06T21:37:46.288Z] COMPANY: "Coastal Corporation Limited" | QUERIES: ["Coastal Corporation Limited" official website] | CANDIDATES: [https://coastal24.com] | SELECTED: "https://coastal24.com" | CONFIDENCE: HIGH | TIME: 0ms | REASON: Resolved via readymade-fallback
[2026-08-06T21:37:50.869Z] COMPANY: "Cochin Shipyard Limited" | QUERIES: ["Cochin Shipyard Limited" official website] | CANDIDATES: [https://cochinshipyard.in] | SELECTED: "https://cochinshipyard.in" | CONFIDENCE: HIGH | TIME: 0ms | REASON: Resolved via readymade-fallback
[2026-08-06T21:38:02.614Z] COMPANY: "John Cockerill India Limited" | QUERIES: ["John Cockerill India Limited" official website] | CANDIDATES: [https://johncockerill.com] | SELECTED: "https://johncockerill.com" | CONFIDENCE: HIGH | TIME: 0ms | REASON: Resolved via readymade-fallback
[2026-08-06T21:38:08.713Z] COMPANY: "Coffee Day Enterprises Limited" | QUERIES: ["Coffee Day Enterprises Limited" official website] | CANDIDATES: [https://coffeedays.net] | SELECTED: "https://coffeedays.net" | CONFIDENCE: HIGH | TIME: 0ms | REASON: Resolved via readymade-fallback
[2026-08-06T21:38:18.700Z] COMPANY: "Coforge Limited" | QUERIES: ["Coforge Limited" official website] | CANDIDATES: [https://coforge.com] | SELECTED: "https://coforge.com" | CONFIDENCE: HIGH | TIME: 0ms | REASON: Resolved via readymade-fallback
[2026-08-06T21:38:33.925Z] COMPANY: "Cohance Lifesciences Limited" | QUERIES: ["Cohance Lifesciences Limited" official website] | CANDIDATES: [https://cohance.com] | SELECTED: "https://cohance.com" | CONFIDENCE: HIGH | TIME: 0ms | REASON: Resolved via readymade-fallback
[2026-08-06T21:42:38.744Z] COMPANY: "Colgate Palmolive (India) Limited" | QUERIES: ["Colgate Palmolive (India) Limited" official website] | CANDIDATES: [https://colgatepalmolive.com] | SELECTED: "https://colgatepalmolive.com" | CONFIDENCE: HIGH | TIME: 0ms | REASON: Resolved via readymade-fallback
[2026-08-06T21:42:40.957Z] COMPANY: "Comfort Intech Limited" | QUERIES: ["Comfort Intech Limited" official website] | CANDIDATES: [https://comfortintech.com] | SELECTED: "https://comfortintech.com" | CONFIDENCE: HIGH | TIME: 0ms | REASON: Resolved via readymade-fallback
[2026-08-06T21:42:52.920Z] COMPANY: "Compuage Infocom Limited" | QUERIES: ["Compuage Infocom Limited" official website] | CANDIDATES: [https://compuageindia.com] | SELECTED: "https://compuageindia.com" | CONFIDENCE: HIGH | TIME: 0ms | REASON: Resolved via readymade-fallback
[2026-08-06T21:43:00.676Z] COMPANY: "Compucom Software Limited" | QUERIES: ["Compucom Software Limited" official website] | CANDIDATES: [https://Not Found] | SELECTED: "https://Not Found" | CONFIDENCE: HIGH | TIME: 0ms | REASON: Resolved via readymade-fallback
[2026-08-06T21:43:07.691Z] COMPANY: "Commercial Syn Bags Limited" | QUERIES: ["Commercial Syn Bags Limited" official website] | CANDIDATES: [https://comsyn.com] | SELECTED: "https://comsyn.com" | CONFIDENCE: HIGH | TIME: 0ms | REASON: Resolved via readymade-fallback
[2026-08-06T21:43:08.456Z] COMPANY: "Container Corporation of India Limited" | QUERIES: ["Container Corporation of India Limited" official website] | CANDIDATES: [https://containerofamerica.com] | SELECTED: "https://containerofamerica.com" | CONFIDENCE: HIGH | TIME: 0ms | REASON: Resolved via readymade-fallback
[2026-08-06T21:43:33.483Z] COMPANY: "Concord Biotech Limited" | QUERIES: ["Concord Biotech Limited" official website] | CANDIDATES: [https://concordbiotech.com] | SELECTED: "https://concordbiotech.com" | CONFIDENCE: HIGH | TIME: 0ms | REASON: Resolved via readymade-fallback
[2026-08-06T21:45:54.054Z] COMPANY: "Confidence Petroleum India Limited" | QUERIES: ["Confidence Petroleum India Limited" official website] | CANDIDATES: [https://confidencegroup.co] | SELECTED: "https://confidencegroup.co" | CONFIDENCE: HIGH | TIME: 0ms | REASON: Resolved via readymade-fallback
[2026-08-06T21:46:01.037Z] COMPANY: "Consolidated Finvest & Holdings Limited" | QUERIES: ["Consolidated Finvest & Holdings Limited" official website] | CANDIDATES: [https://Not Found] | SELECTED: "https://Not Found" | CONFIDENCE: HIGH | TIME: 0ms | REASON: Resolved via readymade-fallback
[2026-08-06T21:46:06.465Z] COMPANY: "Control Print Limited" | QUERIES: ["Control Print Limited" official website] | CANDIDATES: [https://controlprint.com] | SELECTED: "https://controlprint.com" | CONFIDENCE: HIGH | TIME: 0ms | REASON: Resolved via readymade-fallback
[2026-08-06T21:46:24.002Z] COMPANY: "Coral India Finance & Housing Limited" | QUERIES: ["Coral India Finance & Housing Limited" official website] | CANDIDATES: [https://coralhousing.in] | SELECTED: "https://coralhousing.in" | CONFIDENCE: HIGH | TIME: 0ms | REASON: Resolved via readymade-fallback
[2026-08-06T21:48:47.664Z] COMPANY: "Waterways Leisure Tourism Limited" | QUERIES: ["Waterways Leisure Tourism Limited" official website] | CANDIDATES: [https://Not Found] | SELECTED: "https://Not Found" | CONFIDENCE: HIGH | TIME: 1ms | REASON: Resolved via readymade-fallback
[2026-08-06T21:48:53.752Z] COMPANY: "Cords Cable Industries Limited" | QUERIES: ["Cords Cable Industries Limited" official website] | CANDIDATES: [https://Not Found] | SELECTED: "https://Not Found" | CONFIDENCE: HIGH | TIME: 1ms | REASON: Resolved via readymade-fallback
[2026-08-06T21:48:58.738Z] COMPANY: "Coromandel International Limited" | QUERIES: ["Coromandel International Limited" official website] | CANDIDATES: [https://coromandel.biz] | SELECTED: "https://coromandel.biz" | CONFIDENCE: HIGH | TIME: 0ms | REASON: Resolved via readymade-fallback
[2026-08-06T21:49:05.283Z] COMPANY: "CORONA Remedies Limited" | QUERIES: ["CORONA Remedies Limited" official website] | CANDIDATES: [https://coronaremedies.com] | SELECTED: "https://coronaremedies.com" | CONFIDENCE: HIGH | TIME: 0ms | REASON: Resolved via readymade-fallback
[2026-08-06T21:51:25.237Z] COMPANY: "COSMO FIRST LIMITED" | QUERIES: ["COSMO FIRST LIMITED" official website] | CANDIDATES: [https://cosmofirst.com] | SELECTED: "https://cosmofirst.com" | CONFIDENCE: HIGH | TIME: 0ms | REASON: Resolved via readymade-fallback
[2026-08-06T21:51:26.484Z] COMPANY: "Country Condo's Limited" | QUERIES: ["Country Condo's Limited" official website] | CANDIDATES: [https://countrycondos.co.in] | SELECTED: "https://countrycondos.co.in" | CONFIDENCE: HIGH | TIME: 0ms | REASON: Resolved via readymade-fallback
[2026-08-06T21:51:36.332Z] COMPANY: "CP Capital Limited" | QUERIES: ["CP Capital Limited" official website] | CANDIDATES: [https://cpcapital.com] | SELECTED: "https://cpcapital.com" | CONFIDENCE: HIGH | TIME: 0ms | REASON: Resolved via readymade-fallback
[2026-08-06T21:52:02.341Z] COMPANY: "Career Point Edutech Limited" | QUERIES: ["Career Point Edutech Limited" official website] | CANDIDATES: [https://Not Found] | SELECTED: "https://Not Found" | CONFIDENCE: HIGH | TIME: 0ms | REASON: Resolved via readymade-fallback
[2026-08-06T21:52:07.672Z] COMPANY: "Captain Polyplast Limited" | QUERIES: ["Captain Polyplast Limited" official website] | CANDIDATES: [https://captainpolyplast.com] | SELECTED: "https://captainpolyplast.com" | CONFIDENCE: HIGH | TIME: 0ms | REASON: Resolved via readymade-fallback
[2026-08-06T21:52:29.439Z] COMPANY: "Aditya Infotech Limited" | QUERIES: ["Aditya Infotech Limited" official website] | CANDIDATES: [https://adityainfotech.com] | SELECTED: "https://adityainfotech.com" | CONFIDENCE: HIGH | TIME: 0ms | REASON: Resolved via readymade-fallback
[2026-08-06T21:52:47.383Z] COMPANY: "Craftsman Automation Limited" | QUERIES: ["Craftsman Automation Limited" official website] | CANDIDATES: [https://craftsmanautomation.com] | SELECTED: "https://craftsmanautomation.com" | CONFIDENCE: HIGH | TIME: 0ms | REASON: Resolved via readymade-fallback
[2026-08-06T21:52:49.105Z] COMPANY: "Canara Robeco Asset Management Company Limited" | QUERIES: ["Canara Robeco Asset Management Company Limited" official website] | CANDIDATES: [https://Not Found] | SELECTED: "https://Not Found" | CONFIDENCE: HIGH | TIME: 1ms | REASON: Resolved via readymade-fallback
[2026-08-06T21:52:54.158Z] COMPANY: "Creative Eye Limited" | QUERIES: ["Creative Eye Limited" official website] | CANDIDATES: [https://creativeeye.com] | SELECTED: "https://creativeeye.com" | CONFIDENCE: HIGH | TIME: 0ms | REASON: Resolved via readymade-fallback
[2026-08-06T21:52:55.208Z] COMPANY: "CREDITACCESS GRAMEEN LIMITED" | QUERIES: ["CREDITACCESS GRAMEEN LIMITED" official website] | CANDIDATES: [https://creditaccessgrameen.in] | SELECTED: "https://creditaccessgrameen.in" | CONFIDENCE: HIGH | TIME: 0ms | REASON: Resolved via readymade-fallback
[2026-08-06T21:53:10.887Z] COMPANY: "Crest Ventures Limited" | QUERIES: ["Crest Ventures Limited" official website] | CANDIDATES: [https://crest.co.in] | SELECTED: "https://crest.co.in" | CONFIDENCE: HIGH | TIME: 0ms | REASON: Resolved via readymade-fallback
[2026-08-06T21:53:13.449Z] COMPANY: "Crisil Limited" | QUERIES: ["Crisil Limited" official website] | CANDIDATES: [https://crisil.com] | SELECTED: "https://crisil.com" | CONFIDENCE: HIGH | TIME: 0ms | REASON: Resolved via readymade-fallback
[2026-08-06T21:53:25.274Z] COMPANY: "Crizac Limited" | QUERIES: ["Crizac Limited" official website] | CANDIDATES: [https://crizacglobal.com] | SELECTED: "https://crizacglobal.com" | CONFIDENCE: HIGH | TIME: 0ms | REASON: Resolved via readymade-fallback
[2026-08-06T21:53:41.800Z] COMPANY: "Crompton Greaves Consumer Electricals Limited" | QUERIES: ["Crompton Greaves Consumer Electricals Limited" official website] | CANDIDATES: [https://crompton.co.in] | SELECTED: "https://crompton.co.in" | CONFIDENCE: HIGH | TIME: 0ms | REASON: Resolved via readymade-fallback
[2026-08-06T21:53:50.194Z] COMPANY: "Crown Lifters Limited" | QUERIES: ["Crown Lifters Limited" official website] | CANDIDATES: [https://crownlifters.com] | SELECTED: "https://crownlifters.com" | CONFIDENCE: HIGH | TIME: 0ms | REASON: Resolved via readymade-fallback
[2026-08-06T21:56:12.682Z] COMPANY: "CSB Bank Limited" | QUERIES: ["CSB Bank Limited" official website] | CANDIDATES: [https://csb.co.in] | SELECTED: "https://csb.co.in" | CONFIDENCE: HIGH | TIME: 0ms | REASON: Resolved via readymade-fallback
[2026-08-06T21:56:30.206Z] COMPANY: "CSL Finance Limited" | QUERIES: ["CSL Finance Limited" official website] | CANDIDATES: [https://cslfinance.in] | SELECTED: "https://cslfinance.in" | CONFIDENCE: HIGH | TIME: 0ms | REASON: Resolved via readymade-fallback
[2026-08-06T21:56:42.259Z] COMPANY: "CSM Technologies Limited" | QUERIES: ["CSM Technologies Limited" official website] | CANDIDATES: [https://csmonitor.com] | SELECTED: "https://csmonitor.com" | CONFIDENCE: HIGH | TIME: 1ms | REASON: Resolved via readymade-fallback
[2026-08-06T21:56:54.598Z] COMPANY: "Cambridge Technology Enterprises Limited" | QUERIES: ["Cambridge Technology Enterprises Limited" official website] | CANDIDATES: [https://ctepl.com] | SELECTED: "https://ctepl.com" | CONFIDENCE: HIGH | TIME: 0ms | REASON: Resolved via readymade-fallback
[2026-08-06T21:57:28.481Z] COMPANY: "City Union Bank Limited" | QUERIES: ["City Union Bank Limited" official website] | CANDIDATES: [https://cityunionbank.com] | SELECTED: "https://cityunionbank.com" | CONFIDENCE: HIGH | TIME: 0ms | REASON: Resolved via readymade-fallback
[2026-08-06T21:57:42.180Z] COMPANY: "Cubex Tubings Limited" | QUERIES: ["Cubex Tubings Limited" official website] | CANDIDATES: [https://cubextubings.com] | SELECTED: "https://cubextubings.com" | CONFIDENCE: HIGH | TIME: 0ms | REASON: Resolved via readymade-fallback
[2026-08-06T21:57:58.321Z] COMPANY: "Cummins India Limited" | QUERIES: ["Cummins India Limited" official website] | CANDIDATES: [https://cummins.com] | SELECTED: "https://cummins.com" | CONFIDENCE: HIGH | TIME: 0ms | REASON: Resolved via readymade-fallback
[2026-08-06T21:58:02.300Z] COMPANY: "Cupid Limited" | QUERIES: ["Cupid Limited" official website] | CANDIDATES: [https://cupidlimited.com] | SELECTED: "https://cupidlimited.com" | CONFIDENCE: HIGH | TIME: 0ms | REASON: Resolved via readymade-fallback
[2026-08-06T21:59:49.115Z] COMPANY: "Cura Technologies Limited" | QUERIES: ["Cura Technologies Limited" official website] | CANDIDATES: [https://curaleaf.com] | SELECTED: "https://curaleaf.com" | CONFIDENCE: HIGH | TIME: 0ms | REASON: Resolved via readymade-fallback
[2026-08-06T22:00:03.273Z] COMPANY: "Cyber Media (India) Limited" | QUERIES: ["Cyber Media (India) Limited" official website] | CANDIDATES: [https://cybermedia.com.tw] | SELECTED: "https://cybermedia.com.tw" | CONFIDENCE: HIGH | TIME: 0ms | REASON: Resolved via readymade-fallback
[2026-08-06T22:00:16.273Z] COMPANY: "Cybertech Systems And Software Limited" | QUERIES: ["Cybertech Systems And Software Limited" official website] | CANDIDATES: [https://geocivic.in] | SELECTED: "https://geocivic.in" | CONFIDENCE: HIGH | TIME: 0ms | REASON: Resolved via readymade-fallback
[2026-08-06T22:02:36.832Z] COMPANY: "Cyient Limited" | QUERIES: ["Cyient Limited" official website] | CANDIDATES: [https://cyient.com] | SELECTED: "https://cyient.com" | CONFIDENCE: HIGH | TIME: 0ms | REASON: Resolved via readymade-fallback
[2026-08-06T22:06:44.731Z] COMPANY: "Cyient DLM Limited" | QUERIES: ["Cyient DLM Limited" official website] | CANDIDATES: [https://Not Found] | SELECTED: "https://Not Found" | CONFIDENCE: HIGH | TIME: 0ms | REASON: Resolved via readymade-fallback
[2026-08-06T22:06:52.712Z] COMPANY: "Dabur India Limited" | QUERIES: ["Dabur India Limited" official website] | CANDIDATES: [https://dabur.com] | SELECTED: "https://dabur.com" | CONFIDENCE: HIGH | TIME: 0ms | REASON: Resolved via readymade-fallback
[2026-08-06T22:06:55.534Z] COMPANY: "Dai-Ichi Karkaria Limited" | QUERIES: ["Dai-Ichi Karkaria Limited" official website] | CANDIDATES: [https://dai-ichiindia.com] | SELECTED: "https://dai-ichiindia.com" | CONFIDENCE: HIGH | TIME: 0ms | REASON: Resolved via readymade-fallback
[2026-08-06T22:07:05.639Z] COMPANY: "Dalmia Bharat Limited" | QUERIES: ["Dalmia Bharat Limited" official website] | CANDIDATES: [https://dalmiabharat.com] | SELECTED: "https://dalmiabharat.com" | CONFIDENCE: HIGH | TIME: 0ms | REASON: Resolved via readymade-fallback
[2026-08-06T22:07:07.368Z] COMPANY: "Dalmia Bharat Sugar and Industries Limited" | QUERIES: ["Dalmia Bharat Sugar and Industries Limited" official website] | CANDIDATES: [https://Not Found] | SELECTED: "https://Not Found" | CONFIDENCE: HIGH | TIME: 0ms | REASON: Resolved via readymade-fallback
[2026-08-06T22:07:14.281Z] COMPANY: "Dam Capital Advisors Limited" | QUERIES: ["Dam Capital Advisors Limited" official website] | CANDIDATES: [https://Not Found] | SELECTED: "https://Not Found" | CONFIDENCE: HIGH | TIME: 1ms | REASON: Resolved via readymade-fallback
[2026-08-06T22:07:20.418Z] COMPANY: "Damodar Industries Limited" | QUERIES: ["Damodar Industries Limited" official website] | CANDIDATES: [https://Not Found] | SELECTED: "https://Not Found" | CONFIDENCE: HIGH | TIME: 1ms | REASON: Resolved via readymade-fallback
[2026-08-06T22:07:25.042Z] COMPANY: "Dangee Dums Limited" | QUERIES: ["Dangee Dums Limited" official website] | CANDIDATES: [https://dangeedums.com] | SELECTED: "https://dangeedums.com" | CONFIDENCE: HIGH | TIME: 0ms | REASON: Resolved via readymade-fallback
[2026-08-06T22:07:42.312Z] COMPANY: "Datamatics Global Services Limited" | QUERIES: ["Datamatics Global Services Limited" official website] | CANDIDATES: [https://Not Found] | SELECTED: "https://Not Found" | CONFIDENCE: HIGH | TIME: 0ms | REASON: Resolved via readymade-fallback
[2026-08-06T22:07:47.089Z] COMPANY: "Data Patterns (India) Limited" | QUERIES: ["Data Patterns (India) Limited" official website] | CANDIDATES: [https://datapatternsindia.com] | SELECTED: "https://datapatternsindia.com" | CONFIDENCE: HIGH | TIME: 0ms | REASON: Resolved via readymade-fallback
[2026-08-06T22:07:52.895Z] COMPANY: "Davangere Sugar Company Limited" | QUERIES: ["Davangere Sugar Company Limited" official website] | CANDIDATES: [https://Not Found] | SELECTED: "https://Not Found" | CONFIDENCE: HIGH | TIME: 0ms | REASON: Resolved via readymade-fallback
[2026-08-06T22:07:58.148Z] COMPANY: "D.B.Corp Limited" | QUERIES: ["D.B.Corp Limited" official website] | CANDIDATES: [https://dbcl.net] | SELECTED: "https://dbcl.net" | CONFIDENCE: HIGH | TIME: 0ms | REASON: Resolved via readymade-fallback
[2026-08-06T22:08:07.121Z] COMPANY: "Deepak Builders & Engineers India Limited" | QUERIES: ["Deepak Builders & Engineers India Limited" official website] | CANDIDATES: [https://Not Found] | SELECTED: "https://Not Found" | CONFIDENCE: HIGH | TIME: 0ms | REASON: Resolved via readymade-fallback
[2026-08-06T22:08:13.901Z] COMPANY: "Dilip Buildcon Limited" | QUERIES: ["Dilip Buildcon Limited" official website] | CANDIDATES: [https://dilipbuildcon.com] | SELECTED: "https://dilipbuildcon.com" | CONFIDENCE: HIGH | TIME: 0ms | REASON: Resolved via readymade-fallback
[2026-08-06T22:09:00.199Z] COMPANY: "Dhampur Bio Organics Limited" | QUERIES: ["Dhampur Bio Organics Limited" official website] | CANDIDATES: [https://dhampur.com] | SELECTED: "https://dhampur.com" | CONFIDENCE: HIGH | TIME: 0ms | REASON: Resolved via readymade-fallback
[2026-08-06T22:09:13.280Z] COMPANY: "Valor Estate Limited" | QUERIES: ["Valor Estate Limited" official website] | CANDIDATES: [https://Not Found] | SELECTED: "https://Not Found" | CONFIDENCE: HIGH | TIME: 0ms | REASON: Resolved via readymade-fallback
[2026-08-06T22:09:19.620Z] COMPANY: "DB (International) Stock Brokers Limited" | QUERIES: ["DB (International) Stock Brokers Limited" official website] | CANDIDATES: [https://Not Found] | SELECTED: "https://Not Found" | CONFIDENCE: HIGH | TIME: 0ms | REASON: Resolved via readymade-fallback
[2026-08-06T22:09:24.870Z] COMPANY: "Dishman Carbogen Amcis Limited" | QUERIES: ["Dishman Carbogen Amcis Limited" official website] | CANDIDATES: [https://imdcal.com] | SELECTED: "https://imdcal.com" | CONFIDENCE: HIGH | TIME: 1ms | REASON: Resolved via readymade-fallback
[2026-08-06T22:09:38.516Z] COMPANY: "DCB Bank Limited" | QUERIES: ["DCB Bank Limited" official website] | CANDIDATES: [https://dcbbank.com] | SELECTED: "https://dcbbank.com" | CONFIDENCE: HIGH | TIME: 0ms | REASON: Resolved via readymade-fallback
[2026-08-06T22:09:46.865Z] COMPANY: "Dc Infotech And Communication Limited" | QUERIES: ["Dc Infotech And Communication Limited" official website] | CANDIDATES: [https://Not Found] | SELECTED: "https://Not Found" | CONFIDENCE: HIGH | TIME: 0ms | REASON: Resolved via readymade-fallback
[2026-08-06T22:09:52.260Z] COMPANY: "DCM  Limited" | QUERIES: ["DCM  Limited" official website] | CANDIDATES: [https://dcmlimited.com] | SELECTED: "https://dcmlimited.com" | CONFIDENCE: HIGH | TIME: 0ms | REASON: Resolved via readymade-fallback
[2026-08-06T22:09:57.878Z] COMPANY: "DCM Financial Services Limited" | QUERIES: ["DCM Financial Services Limited" official website] | CANDIDATES: [https://Not Found] | SELECTED: "https://Not Found" | CONFIDENCE: HIGH | TIME: 1ms | REASON: Resolved via readymade-fallback
[2026-08-06T22:10:04.954Z] COMPANY: "DCM Nouvelle Limited" | QUERIES: ["DCM Nouvelle Limited" official website] | CANDIDATES: [https://Not Found] | SELECTED: "https://Not Found" | CONFIDENCE: HIGH | TIME: 1ms | REASON: Resolved via readymade-fallback
[2026-08-06T22:10:13.108Z] COMPANY: "DCM Shriram Limited" | QUERIES: ["DCM Shriram Limited" official website] | CANDIDATES: [https://dcmshriram.com] | SELECTED: "https://dcmshriram.com" | CONFIDENCE: HIGH | TIME: 0ms | REASON: Resolved via readymade-fallback
[2026-08-06T22:10:24.980Z] COMPANY: "DCM Shriram International Limited" | QUERIES: ["DCM Shriram International Limited" official website] | CANDIDATES: [https://Not Found] | SELECTED: "https://Not Found" | CONFIDENCE: HIGH | TIME: 0ms | REASON: Resolved via readymade-fallback
[2026-08-06T22:10:32.151Z] COMPANY: "DCM Shriram Industries Limited" | QUERIES: ["DCM Shriram Industries Limited" official website] | CANDIDATES: [https://dcmshriramdefence.com] | SELECTED: "https://dcmshriramdefence.com" | CONFIDENCE: HIGH | TIME: 0ms | REASON: Resolved via readymade-fallback
[2026-08-06T22:10:42.187Z] COMPANY: "DCW Limited" | QUERIES: ["DCW Limited" official website] | CANDIDATES: [https://dcwater.com] | SELECTED: "https://dcwater.com" | CONFIDENCE: HIGH | TIME: 0ms | REASON: Resolved via readymade-fallback
[2026-08-06T22:10:52.573Z] COMPANY: "DCX Systems Limited" | QUERIES: ["DCX Systems Limited" official website] | CANDIDATES: [https://Not Found] | SELECTED: "https://Not Found" | CONFIDENCE: HIGH | TIME: 1ms | REASON: Resolved via readymade-fallback
[2026-08-06T22:10:58.207Z] COMPANY: "Ddev Plastiks Industries Limited" | QUERIES: ["Ddev Plastiks Industries Limited" official website] | CANDIDATES: [https://Not Found] | SELECTED: "https://Not Found" | CONFIDENCE: HIGH | TIME: 1ms | REASON: Resolved via readymade-fallback
[2026-08-06T22:11:04.282Z] COMPANY: "Deccan Cements Limited" | QUERIES: ["Deccan Cements Limited" official website] | CANDIDATES: [https://deccancements.com] | SELECTED: "https://deccancements.com" | CONFIDENCE: HIGH | TIME: 0ms | REASON: Resolved via readymade-fallback
[2026-08-06T22:11:12.155Z] COMPANY: "Deccan Gold Mines Limited" | QUERIES: ["Deccan Gold Mines Limited" official website] | CANDIDATES: [https://deccangoldmines.com] | SELECTED: "https://deccangoldmines.com" | CONFIDENCE: HIGH | TIME: 0ms | REASON: Resolved via readymade-fallback
[2026-08-06T22:11:34.022Z] COMPANY: "DEE Development Engineers Limited" | QUERIES: ["DEE Development Engineers Limited" official website] | CANDIDATES: [https://Not Found] | SELECTED: "https://Not Found" | CONFIDENCE: HIGH | TIME: 0ms | REASON: Resolved via readymade-fallback
[2026-08-06T22:11:40.968Z] COMPANY: "Deepak Fertilizers and Petrochemicals Corporation Limited" | QUERIES: ["Deepak Fertilizers and Petrochemicals Corporation Limited" official website] | CANDIDATES: [https://Not Found] | SELECTED: "https://Not Found" | CONFIDENCE: HIGH | TIME: 0ms | REASON: Resolved via readymade-fallback
[2026-08-06T22:11:46.921Z] COMPANY: "Deepak Nitrite Limited" | QUERIES: ["Deepak Nitrite Limited" official website] | CANDIDATES: [https://Not Found] | SELECTED: "https://Not Found" | CONFIDENCE: HIGH | TIME: 0ms | REASON: Resolved via readymade-fallback
[2026-08-06T22:11:54.668Z] COMPANY: "Deep Industries Limited" | QUERIES: ["Deep Industries Limited" official website] | CANDIDATES: [https://deepindustries.com] | SELECTED: "https://deepindustries.com" | CONFIDENCE: HIGH | TIME: 0ms | REASON: Resolved via readymade-fallback
[2026-08-06T22:14:16.840Z] COMPANY: "Delhivery Limited" | QUERIES: ["Delhivery Limited" official website] | CANDIDATES: [https://delhivery.com] | SELECTED: "https://delhivery.com" | CONFIDENCE: HIGH | TIME: 0ms | REASON: Resolved via readymade-fallback
[2026-08-06T22:14:27.536Z] COMPANY: "DELPHI WORLD MONEY LIMITED" | QUERIES: ["DELPHI WORLD MONEY LIMITED" official website] | CANDIDATES: [https://Not Found] | SELECTED: "https://Not Found" | CONFIDENCE: HIGH | TIME: 0ms | REASON: Resolved via readymade-fallback
[2026-08-06T22:14:34.245Z] COMPANY: "Delta Corp Limited" | QUERIES: ["Delta Corp Limited" official website] | CANDIDATES: [https://deltacorp.in] | SELECTED: "https://deltacorp.in" | CONFIDENCE: HIGH | TIME: 0ms | REASON: Resolved via readymade-fallback
[2026-08-06T22:14:35.176Z] COMPANY: "Delta Manufacturing Limited" | QUERIES: ["Delta Manufacturing Limited" official website] | CANDIDATES: [https://delta-manufacturing.com] | SELECTED: "https://delta-manufacturing.com" | CONFIDENCE: HIGH | TIME: 0ms | REASON: Resolved via readymade-fallback
[2026-08-06T22:14:36.601Z] COMPANY: "Den Networks Limited" | QUERIES: ["Den Networks Limited" official website] | CANDIDATES: [https://dennetworks.com] | SELECTED: "https://dennetworks.com" | CONFIDENCE: HIGH | TIME: 0ms | REASON: Resolved via readymade-fallback
[2026-08-06T22:14:39.345Z] COMPANY: "De Nora India Limited" | QUERIES: ["De Nora India Limited" official website] | CANDIDATES: [https://denora.com] | SELECTED: "https://denora.com" | CONFIDENCE: HIGH | TIME: 0ms | REASON: Resolved via readymade-fallback
[2026-08-06T22:14:41.471Z] COMPANY: "Denta Water and Infra Solutions Limited" | QUERIES: ["Denta Water and Infra Solutions Limited" official website] | CANDIDATES: [https://Not Found] | SELECTED: "https://Not Found" | CONFIDENCE: HIGH | TIME: 0ms | REASON: Resolved via readymade-fallback
[2026-08-06T22:14:47.681Z] COMPANY: "Dev Information Technology Limited" | QUERIES: ["Dev Information Technology Limited" official website] | CANDIDATES: [https://devitpl.com] | SELECTED: "https://devitpl.com" | CONFIDENCE: HIGH | TIME: 0ms | REASON: Resolved via readymade-fallback
[2026-08-06T22:17:09.915Z] COMPANY: "Dev Accelerator Limited" | QUERIES: ["Dev Accelerator Limited" official website] | CANDIDATES: [https://devaccelerator.ro] | SELECTED: "https://devaccelerator.ro" | CONFIDENCE: HIGH | TIME: 0ms | REASON: Resolved via readymade-fallback
[2026-08-06T22:17:19.480Z] COMPANY: "Devyani International Limited" | QUERIES: ["Devyani International Limited" official website] | CANDIDATES: [https://dil-rjcorp.com] | SELECTED: "https://dil-rjcorp.com" | CONFIDENCE: HIGH | TIME: 1ms | REASON: Resolved via readymade-fallback
[2026-08-06T22:17:21.632Z] COMPANY: "Digicontent Limited" | QUERIES: ["Digicontent Limited" official website] | CANDIDATES: [https://digicontentworld.com] | SELECTED: "https://digicontentworld.com" | CONFIDENCE: HIGH | TIME: 0ms | REASON: Resolved via readymade-fallback
[2026-08-06T22:19:44.712Z] COMPANY: "Dhampur Sugar Mills Limited" | QUERIES: ["Dhampur Sugar Mills Limited" official website] | CANDIDATES: [https://dhampursugar.com] | SELECTED: "https://dhampursugar.com" | CONFIDENCE: HIGH | TIME: 0ms | REASON: Resolved via readymade-fallback
[2026-08-06T22:19:57.965Z] COMPANY: "Dhanlaxmi Bank Limited" | QUERIES: ["Dhanlaxmi Bank Limited" official website] | CANDIDATES: [https://dhanbank.com] | SELECTED: "https://dhanbank.com" | CONFIDENCE: HIGH | TIME: 0ms | REASON: Resolved via readymade-fallback
[2026-08-06T22:20:09.810Z] COMPANY: "Dhanuka Agritech Limited" | QUERIES: ["Dhanuka Agritech Limited" official website] | CANDIDATES: [https://dhanuka.com] | SELECTED: "https://dhanuka.com" | CONFIDENCE: HIGH | TIME: 0ms | REASON: Resolved via readymade-fallback
[2026-08-06T22:20:11.188Z] COMPANY: "DHARAN INFRA-EPC LIMITED" | QUERIES: ["DHARAN INFRA-EPC LIMITED" official website] | CANDIDATES: [https://Not Found] | SELECTED: "https://Not Found" | CONFIDENCE: HIGH | TIME: 0ms | REASON: Resolved via readymade-fallback
[2026-08-06T22:20:19.393Z] COMPANY: "Dharmaj Crop Guard Limited" | QUERIES: ["Dharmaj Crop Guard Limited" official website] | CANDIDATES: [https://dharmajcrop.com] | SELECTED: "https://dharmajcrop.com" | CONFIDENCE: HIGH | TIME: 1ms | REASON: Resolved via readymade-fallback
[2026-08-06T22:20:31.698Z] COMPANY: "Dhruv Consultancy Services Limited" | QUERIES: ["Dhruv Consultancy Services Limited" official website] | CANDIDATES: [https://dhruvtec.com] | SELECTED: "https://dhruvtec.com" | CONFIDENCE: HIGH | TIME: 0ms | REASON: Resolved via readymade-fallback
[2026-08-06T22:20:45.558Z] COMPANY: "Dhunseri Investments Limited" | QUERIES: ["Dhunseri Investments Limited" official website] | CANDIDATES: [https://dhunseriinvestments.com] | SELECTED: "https://dhunseriinvestments.com" | CONFIDENCE: HIGH | TIME: 1ms | REASON: Resolved via readymade-fallback
[2026-08-06T22:20:51.282Z] COMPANY: "Diamond Power Infrastructure Limited" | QUERIES: ["Diamond Power Infrastructure Limited" official website] | CANDIDATES: [https://dicabs.com] | SELECTED: "https://dicabs.com" | CONFIDENCE: HIGH | TIME: 0ms | REASON: Resolved via readymade-fallback
[2026-08-06T22:21:06.781Z] COMPANY: "Diamines & Chemicals Limited" | QUERIES: ["Diamines & Chemicals Limited" official website] | CANDIDATES: [https://Not Found] | SELECTED: "https://Not Found" | CONFIDENCE: HIGH | TIME: 0ms | REASON: Resolved via readymade-fallback
[2026-08-06T22:21:11.462Z] COMPANY: "Prataap Snacks Limited" | QUERIES: ["Prataap Snacks Limited" official website] | CANDIDATES: [https://Not Found] | SELECTED: "https://Not Found" | CONFIDENCE: HIGH | TIME: 1ms | REASON: Resolved via readymade-fallback
[2026-08-06T22:21:16.205Z] COMPANY: "DIC India Limited" | QUERIES: ["DIC India Limited" official website] | CANDIDATES: [https://dic.co.in] | SELECTED: "https://dic.co.in" | CONFIDENCE: HIGH | TIME: 0ms | REASON: Resolved via readymade-fallback
[2026-08-06T22:21:28.488Z] COMPANY: "Diffusion Engineers Limited" | QUERIES: ["Diffusion Engineers Limited" official website] | CANDIDATES: [https://diffusionengineers.com] | SELECTED: "https://diffusionengineers.com" | CONFIDENCE: HIGH | TIME: 0ms | REASON: Resolved via readymade-fallback
[2026-08-06T22:21:44.404Z] COMPANY: "Digidrive Distributors Limited" | QUERIES: ["Digidrive Distributors Limited" official website] | CANDIDATES: [https://Not Found] | SELECTED: "https://Not Found" | CONFIDENCE: HIGH | TIME: 0ms | REASON: Resolved via readymade-fallback
[2026-08-06T22:21:52.371Z] COMPANY: "DiGiSPICE Technologies Limited" | QUERIES: ["DiGiSPICE Technologies Limited" official website] | CANDIDATES: [https://digispice.com] | SELECTED: "https://digispice.com" | CONFIDENCE: HIGH | TIME: 0ms | REASON: Resolved via readymade-fallback
[2026-08-06T22:22:02.254Z] COMPANY: "Digitide Solutions Limited" | QUERIES: ["Digitide Solutions Limited" official website] | CANDIDATES: [https://Not Found] | SELECTED: "https://Not Found" | CONFIDENCE: HIGH | TIME: 0ms | REASON: Resolved via readymade-fallback
[2026-08-06T22:22:09.128Z] COMPANY: "Digjam Limited" | QUERIES: ["Digjam Limited" official website] | CANDIDATES: [https://digjamaica.com] | SELECTED: "https://digjamaica.com" | CONFIDENCE: HIGH | TIME: 0ms | REASON: Resolved via readymade-fallback
[2026-08-06T22:24:32.718Z] COMPANY: "Disa India Limited" | QUERIES: ["Disa India Limited" official website] | CANDIDATES: [https://disa.mil] | SELECTED: "https://disa.mil" | CONFIDENCE: HIGH | TIME: 0ms | REASON: Resolved via readymade-fallback
[2026-08-06T22:26:53.589Z] COMPANY: "Dish TV India Limited" | QUERIES: ["Dish TV India Limited" official website] | CANDIDATES: [https://dishtv.in] | SELECTED: "https://dishtv.in" | CONFIDENCE: HIGH | TIME: 0ms | REASON: Resolved via readymade-fallback
[2026-08-06T22:27:04.312Z] COMPANY: "Divgi Torqtransfer Systems Limited" | QUERIES: ["Divgi Torqtransfer Systems Limited" official website] | CANDIDATES: [https://divgi-tts.com] | SELECTED: "https://divgi-tts.com" | CONFIDENCE: HIGH | TIME: 0ms | REASON: Resolved via readymade-fallback
[2026-08-06T22:27:19.276Z] COMPANY: "Divi's Laboratories Limited" | QUERIES: ["Divi's Laboratories Limited" official website] | CANDIDATES: [https://divislabs.com] | SELECTED: "https://divislabs.com" | CONFIDENCE: HIGH | TIME: 0ms | REASON: Resolved via readymade-fallback
[2026-08-06T22:27:33.934Z] COMPANY: "Dixon Technologies (India) Limited" | QUERIES: ["Dixon Technologies (India) Limited" official website] | CANDIDATES: [https://dixonplace.org] | SELECTED: "https://dixonplace.org" | CONFIDENCE: HIGH | TIME: 0ms | REASON: Resolved via readymade-fallback
[2026-08-06T22:27:49.647Z] COMPANY: "DJ Mediaprint & Logistics Limited" | QUERIES: ["DJ Mediaprint & Logistics Limited" official website] | CANDIDATES: [https://djcorp.in] | SELECTED: "https://djcorp.in" | CONFIDENCE: HIGH | TIME: 0ms | REASON: Resolved via readymade-fallback
[2026-08-06T22:28:01.012Z] COMPANY: "DLF Limited" | QUERIES: ["DLF Limited" official website] | CANDIDATES: [https://dlf.in] | SELECTED: "https://dlf.in" | CONFIDENCE: HIGH | TIME: 0ms | REASON: Resolved via readymade-fallback
[2026-08-06T22:28:10.868Z] COMPANY: "D-Link (India) Limited" | QUERIES: ["D-Link (India) Limited" official website] | CANDIDATES: [https://dlink.com] | SELECTED: "https://dlink.com" | CONFIDENCE: HIGH | TIME: 0ms | REASON: Resolved via readymade-fallback
[2026-08-06T22:28:26.498Z] COMPANY: "Avenue Supermarts Limited" | QUERIES: ["Avenue Supermarts Limited" official website] | CANDIDATES: [https://Not Found] | SELECTED: "https://Not Found" | CONFIDENCE: HIGH | TIME: 0ms | REASON: Resolved via readymade-fallback
[2026-08-06T22:28:34.239Z] COMPANY: "DMCC SPECIALITY CHEMICALS LIMITED" | QUERIES: ["DMCC SPECIALITY CHEMICALS LIMITED" official website] | CANDIDATES: [https://dmcc.com] | SELECTED: "https://dmcc.com" | CONFIDENCE: HIGH | TIME: 0ms | REASON: Resolved via readymade-fallback
[2026-08-06T22:28:47.282Z] COMPANY: "Diligent Media Corporation Limited" | QUERIES: ["Diligent Media Corporation Limited" official website] | CANDIDATES: [https://diligent.media] | SELECTED: "https://diligent.media" | CONFIDENCE: HIGH | TIME: 0ms | REASON: Resolved via readymade-fallback
[2026-08-06T22:28:52.745Z] COMPANY: "Dodla Dairy Limited" | QUERIES: ["Dodla Dairy Limited" official website] | CANDIDATES: [https://dodladairy.com] | SELECTED: "https://dodladairy.com" | CONFIDENCE: HIGH | TIME: 0ms | REASON: Resolved via readymade-fallback
[2026-08-06T22:31:11.474Z] COMPANY: "Dolat Algotech Limited" | QUERIES: ["Dolat Algotech Limited" official website] | CANDIDATES: [https://Not Found] | SELECTED: "https://Not Found" | CONFIDENCE: HIGH | TIME: 1ms | REASON: Resolved via readymade-fallback
[2026-08-06T22:31:15.970Z] COMPANY: "Dollar Industries Limited" | QUERIES: ["Dollar Industries Limited" official website] | CANDIDATES: [https://dollar-stationery.com] | SELECTED: "https://dollar-stationery.com" | CONFIDENCE: HIGH | TIME: 0ms | REASON: Resolved via readymade-fallback
[2026-08-06T22:31:29.291Z] COMPANY: "Dolphin Offshore Enterprises (India) Limited" | QUERIES: ["Dolphin Offshore Enterprises (India) Limited" official website] | CANDIDATES: [https://Not Found] | SELECTED: "https://Not Found" | CONFIDENCE: HIGH | TIME: 0ms | REASON: Resolved via readymade-fallback
[2026-08-06T22:31:36.665Z] COMPANY: "DOMS Industries Limited" | QUERIES: ["DOMS Industries Limited" official website] | CANDIDATES: [https://domsindia.com] | SELECTED: "https://domsindia.com" | CONFIDENCE: HIGH | TIME: 0ms | REASON: Resolved via readymade-fallback
[2026-08-06T22:35:44.396Z] COMPANY: "Donear Industries Limited" | QUERIES: ["Donear Industries Limited" official website] | CANDIDATES: [https://Not Found] | SELECTED: "https://Not Found" | CONFIDENCE: HIGH | TIME: 0ms | REASON: Resolved via readymade-fallback
[2026-08-06T22:35:49.813Z] COMPANY: "D. P. Abhushan Limited" | QUERIES: ["D. P. Abhushan Limited" official website] | CANDIDATES: [https://Not Found] | SELECTED: "https://Not Found" | CONFIDENCE: HIGH | TIME: 0ms | REASON: Resolved via readymade-fallback
[2026-08-06T22:35:54.922Z] COMPANY: "DPSC Limited" | QUERIES: ["DPSC Limited" official website] | CANDIDATES: [https://dpschile.cl] | SELECTED: "https://dpschile.cl" | CONFIDENCE: HIGH | TIME: 0ms | REASON: Resolved via readymade-fallback
[2026-08-06T22:36:15.724Z] COMPANY: "D P Wires Limited" | QUERIES: ["D P Wires Limited" official website] | CANDIDATES: [https://dpwires.com] | SELECTED: "https://dpwires.com" | CONFIDENCE: HIGH | TIME: 0ms | REASON: Resolved via readymade-fallback
[2026-08-06T22:38:34.091Z] COMPANY: "Dr Agarwals Eye Hospital Limited" | QUERIES: ["Dr Agarwals Eye Hospital Limited" official website] | CANDIDATES: [https://dragarwal.com] | SELECTED: "https://dragarwal.com" | CONFIDENCE: HIGH | TIME: 0ms | REASON: Resolved via readymade-fallback
[2026-08-06T22:38:43.918Z] COMPANY: "DRC Systems India Limited" | QUERIES: ["DRC Systems India Limited" official website] | CANDIDATES: [https://drcsystems.com] | SELECTED: "https://drcsystems.com" | CONFIDENCE: HIGH | TIME: 0ms | REASON: Resolved via readymade-fallback
[2026-08-06T22:38:45.138Z] COMPANY: "Dreamfolks Services Limited" | QUERIES: ["Dreamfolks Services Limited" official website] | CANDIDATES: [https://Not Found] | SELECTED: "https://Not Found" | CONFIDENCE: HIGH | TIME: 0ms | REASON: Resolved via readymade-fallback
[2026-08-06T22:38:53.492Z] COMPANY: "Dredging Corporation of India Limited" | QUERIES: ["Dredging Corporation of India Limited" official website] | CANDIDATES: [https://Not Found] | SELECTED: "https://Not Found" | CONFIDENCE: HIGH | TIME: 1ms | REASON: Resolved via readymade-fallback
[2026-08-06T22:39:01.601Z] COMPANY: "Dr. Reddy's Laboratories Limited" | QUERIES: ["Dr. Reddy's Laboratories Limited" official website] | CANDIDATES: [https://drreddys.com] | SELECTED: "https://drreddys.com" | CONFIDENCE: HIGH | TIME: 0ms | REASON: Resolved via readymade-fallback
[2026-08-06T22:39:13.753Z] COMPANY: "DCM Shriram Fine Chemicals Limited" | QUERIES: ["DCM Shriram Fine Chemicals Limited" official website] | CANDIDATES: [https://Not Found] | SELECTED: "https://Not Found" | CONFIDENCE: HIGH | TIME: 0ms | REASON: Resolved via readymade-fallback
[2026-08-06T22:39:19.837Z] COMPANY: "Dynacons Systems & Solutions Limited" | QUERIES: ["Dynacons Systems & Solutions Limited" official website] | CANDIDATES: [https://Not Found] | SELECTED: "https://Not Found" | CONFIDENCE: HIGH | TIME: 0ms | REASON: Resolved via readymade-fallback
[2026-08-06T22:39:24.353Z] COMPANY: "Dhunseri Tea & Industries Limited" | QUERIES: ["Dhunseri Tea & Industries Limited" official website] | CANDIDATES: [https://dhunseritea.com] | SELECTED: "https://dhunseritea.com" | CONFIDENCE: HIGH | TIME: 0ms | REASON: Resolved via readymade-fallback
[2026-08-06T22:39:25.542Z] COMPANY: "Ducon Infratechnologies Limited" | QUERIES: ["Ducon Infratechnologies Limited" official website] | CANDIDATES: [https://duconinfra.co.in] | SELECTED: "https://duconinfra.co.in" | CONFIDENCE: HIGH | TIME: 0ms | REASON: Resolved via readymade-fallback
[2026-08-06T22:39:40.364Z] COMPANY: "Dhunseri Ventures Limited" | QUERIES: ["Dhunseri Ventures Limited" official website] | CANDIDATES: [https://Not Found] | SELECTED: "https://Not Found" | CONFIDENCE: HIGH | TIME: 1ms | REASON: Resolved via readymade-fallback
[2026-08-06T22:39:48.564Z] COMPANY: "Dwarikesh Sugar Industries Limited" | QUERIES: ["Dwarikesh Sugar Industries Limited" official website] | CANDIDATES: [https://dwarikesh.com] | SELECTED: "https://dwarikesh.com" | CONFIDENCE: HIGH | TIME: 0ms | REASON: Resolved via readymade-fallback
[2026-08-06T22:40:03.007Z] COMPANY: "Dynamic Cables Limited" | QUERIES: ["Dynamic Cables Limited" official website] | CANDIDATES: [https://dynamiccables.co.in] | SELECTED: "https://dynamiccables.co.in" | CONFIDENCE: HIGH | TIME: 0ms | REASON: Resolved via readymade-fallback
[2026-08-06T22:40:07.733Z] COMPANY: "Dynamatic Technologies Limited" | QUERIES: ["Dynamatic Technologies Limited" official website] | CANDIDATES: [https://dynamatics.com] | SELECTED: "https://dynamatics.com" | CONFIDENCE: HIGH | TIME: 0ms | REASON: Resolved via readymade-fallback
[2026-08-06T22:40:10.678Z] COMPANY: "Dynemic Products Limited" | QUERIES: ["Dynemic Products Limited" official website] | CANDIDATES: [https://dynemic.com] | SELECTED: "https://dynemic.com" | CONFIDENCE: HIGH | TIME: 0ms | REASON: Resolved via readymade-fallback
[2026-08-06T22:40:13.003Z] COMPANY: "E2E Networks Limited" | QUERIES: ["E2E Networks Limited" official website] | CANDIDATES: [https://e2enetworks.com] | SELECTED: "https://e2enetworks.com" | CONFIDENCE: HIGH | TIME: 0ms | REASON: Resolved via readymade-fallback
[2026-08-06T22:40:20.723Z] COMPANY: "Easy Trip Planners Limited" | QUERIES: ["Easy Trip Planners Limited" official website] | CANDIDATES: [https://Not Found] | SELECTED: "https://Not Found" | CONFIDENCE: HIGH | TIME: 0ms | REASON: Resolved via readymade-fallback
[2026-08-06T22:40:26.824Z] COMPANY: "Eastern Silk Industries Limited" | QUERIES: ["Eastern Silk Industries Limited" official website] | CANDIDATES: [https://easternsilk.com] | SELECTED: "https://easternsilk.com" | CONFIDENCE: HIGH | TIME: 0ms | REASON: Resolved via readymade-fallback
[2026-08-06T22:40:41.006Z] COMPANY: "GNG Electronics Limited" | QUERIES: ["GNG Electronics Limited" official website] | CANDIDATES: [https://Not Found] | SELECTED: "https://Not Found" | CONFIDENCE: HIGH | TIME: 1ms | REASON: Resolved via readymade-fallback
[2026-08-06T22:40:46.868Z] COMPANY: "eClerx Services Limited" | QUERIES: ["eClerx Services Limited" official website] | CANDIDATES: [https://eclerx.com] | SELECTED: "https://eclerx.com" | CONFIDENCE: HIGH | TIME: 0ms | REASON: Resolved via readymade-fallback
[2026-08-06T22:41:20.441Z] COMPANY: "Ecos (India) Mobility & Hospitality Limited" | QUERIES: ["Ecos (India) Mobility & Hospitality Limited" official website] | CANDIDATES: [https://Not Found] | SELECTED: "https://Not Found" | CONFIDENCE: HIGH | TIME: 1ms | REASON: Resolved via readymade-fallback
[2026-08-06T22:41:28.186Z] COMPANY: "Edelweiss Financial Services Limited" | QUERIES: ["Edelweiss Financial Services Limited" official website] | CANDIDATES: [https://Not Found] | SELECTED: "https://Not Found" | CONFIDENCE: HIGH | TIME: 0ms | REASON: Resolved via readymade-fallback
[2026-08-06T22:41:34.495Z] COMPANY: "EFC (I) Limited" | QUERIES: ["EFC (I) Limited" official website] | CANDIDATES: [https://efc-intl.com] | SELECTED: "https://efc-intl.com" | CONFIDENCE: HIGH | TIME: 0ms | REASON: Resolved via readymade-fallback
[2026-08-06T22:41:44.246Z] COMPANY: "Eicher Motors Limited" | QUERIES: ["Eicher Motors Limited" official website] | CANDIDATES: [https://eicher.in] | SELECTED: "https://eicher.in" | CONFIDENCE: HIGH | TIME: 0ms | REASON: Resolved via readymade-fallback
[2026-08-06T22:41:44.991Z] COMPANY: "EID Parry India Limited" | QUERIES: ["EID Parry India Limited" official website] | CANDIDATES: [https://eidparry.com] | SELECTED: "https://eidparry.com" | CONFIDENCE: HIGH | TIME: 0ms | REASON: Resolved via readymade-fallback
[2026-08-06T22:41:57.322Z] COMPANY: "Enviro Infra Engineers Limited" | QUERIES: ["Enviro Infra Engineers Limited" official website] | CANDIDATES: [https://Not Found] | SELECTED: "https://Not Found" | CONFIDENCE: HIGH | TIME: 0ms | REASON: Resolved via readymade-fallback
[2026-08-06T22:42:04.354Z] COMPANY: "Euro India Fresh Foods Limited" | QUERIES: ["Euro India Fresh Foods Limited" official website] | CANDIDATES: [https://euroindiafreshfoods.com] | SELECTED: "https://euroindiafreshfoods.com" | CONFIDENCE: HIGH | TIME: 0ms | REASON: Resolved via readymade-fallback
[2026-08-06T22:42:09.909Z] COMPANY: "EIH Associated Hotels Limited" | QUERIES: ["EIH Associated Hotels Limited" official website] | CANDIDATES: [https://eihassociatedhotels.in] | SELECTED: "https://eihassociatedhotels.in" | CONFIDENCE: HIGH | TIME: 0ms | REASON: Resolved via readymade-fallback
[2026-08-06T22:42:10.994Z] COMPANY: "EIH Limited" | QUERIES: ["EIH Limited" official website] | CANDIDATES: [https://eihltd.com] | SELECTED: "https://eihltd.com" | CONFIDENCE: HIGH | TIME: 0ms | REASON: Resolved via readymade-fallback
[2026-08-06T22:42:12.292Z] COMPANY: "Eimco Elecon (India) Limited" | QUERIES: ["Eimco Elecon (India) Limited" official website] | CANDIDATES: [https://eimcoelecon.in] | SELECTED: "https://eimcoelecon.in" | CONFIDENCE: HIGH | TIME: 0ms | REASON: Resolved via readymade-fallback
[2026-08-06T22:42:34.923Z] COMPANY: "Everest Kanto Cylinder Limited" | QUERIES: ["Everest Kanto Cylinder Limited" official website] | CANDIDATES: [https://everestkanto.com] | SELECTED: "https://everestkanto.com" | CONFIDENCE: HIGH | TIME: 1ms | REASON: Resolved via readymade-fallback
[2026-08-06T22:42:56.638Z] COMPANY: "Elantas Beck India Limited" | QUERIES: ["Elantas Beck India Limited" official website] | CANDIDATES: [https://Not Found] | SELECTED: "https://Not Found" | CONFIDENCE: HIGH | TIME: 0ms | REASON: Resolved via readymade-fallback
[2026-08-06T22:43:02.500Z] COMPANY: "EL CID Investments Limited" | QUERIES: ["EL CID Investments Limited" official website] | CANDIDATES: [https://elcidinvestments.com] | SELECTED: "https://elcidinvestments.com" | CONFIDENCE: HIGH | TIME: 0ms | REASON: Resolved via readymade-fallback
[2026-08-06T22:43:13.897Z] COMPANY: "Eldeco Housing And Industries Limited" | QUERIES: ["Eldeco Housing And Industries Limited" official website] | CANDIDATES: [https://Not Found] | SELECTED: "https://Not Found" | CONFIDENCE: HIGH | TIME: 1ms | REASON: Resolved via readymade-fallback
[2026-08-06T22:43:19.191Z] COMPANY: "Elecon Engineering Company Limited" | QUERIES: ["Elecon Engineering Company Limited" official website] | CANDIDATES: [https://elecon.com] | SELECTED: "https://elecon.com" | CONFIDENCE: HIGH | TIME: 0ms | REASON: Resolved via readymade-fallback
[2026-08-06T22:43:24.559Z] COMPANY: "Electrosteel Castings Limited" | QUERIES: ["Electrosteel Castings Limited" official website] | CANDIDATES: [https://Not Found] | SELECTED: "https://Not Found" | CONFIDENCE: HIGH | TIME: 0ms | REASON: Resolved via readymade-fallback
[2026-08-06T22:43:29.317Z] COMPANY: "Electrotherm (India) Limited" | QUERIES: ["Electrotherm (India) Limited" official website] | CANDIDATES: [https://electrotherment.com] | SELECTED: "https://electrotherment.com" | CONFIDENCE: HIGH | TIME: 0ms | REASON: Resolved via readymade-fallback
[2026-08-06T22:43:37.641Z] COMPANY: "Elgi Equipments Limited" | QUERIES: ["Elgi Equipments Limited" official website] | CANDIDATES: [https://Not Found] | SELECTED: "https://Not Found" | CONFIDENCE: HIGH | TIME: 0ms | REASON: Resolved via readymade-fallback
[2026-08-06T22:43:45.826Z] COMPANY: "Elgi Rubber Company Limited" | QUERIES: ["Elgi Rubber Company Limited" official website] | CANDIDATES: [https://Not Found] | SELECTED: "https://Not Found" | CONFIDENCE: HIGH | TIME: 1ms | REASON: Resolved via readymade-fallback
[2026-08-06T22:43:52.732Z] COMPANY: "Elin Electronics Limited" | QUERIES: ["Elin Electronics Limited" official website] | CANDIDATES: [https://elinindia.com] | SELECTED: "https://elinindia.com" | CONFIDENCE: HIGH | TIME: 0ms | REASON: Resolved via readymade-fallback
[2026-08-06T22:43:57.881Z] COMPANY: "Elitecon International Limited" | QUERIES: ["Elitecon International Limited" official website] | CANDIDATES: [https://Not Found] | SELECTED: "https://Not Found" | CONFIDENCE: HIGH | TIME: 0ms | REASON: Resolved via readymade-fallback
[2026-08-06T22:44:04.961Z] COMPANY: "Ellenbarrie Industrial Gases Limited" | QUERIES: ["Ellenbarrie Industrial Gases Limited" official website] | CANDIDATES: [https://ellenbarrie.com] | SELECTED: "https://ellenbarrie.com" | CONFIDENCE: HIGH | TIME: 0ms | REASON: Resolved via readymade-fallback
[2026-08-06T22:48:11.308Z] COMPANY: "Elpro International Limited" | QUERIES: ["Elpro International Limited" official website] | CANDIDATES: [https://Not Found] | SELECTED: "https://Not Found" | CONFIDENCE: HIGH | TIME: 0ms | REASON: Resolved via readymade-fallback
[2026-08-06T22:48:18.358Z] COMPANY: "Emami Limited" | QUERIES: ["Emami Limited" official website] | CANDIDATES: [https://emamiart.com] | SELECTED: "https://emamiart.com" | CONFIDENCE: HIGH | TIME: 0ms | REASON: Resolved via readymade-fallback
[2026-08-06T22:48:29.100Z] COMPANY: "Emami Paper Mills Limited" | QUERIES: ["Emami Paper Mills Limited" official website] | CANDIDATES: [https://emamipaper.com] | SELECTED: "https://emamipaper.com" | CONFIDENCE: HIGH | TIME: 0ms | REASON: Resolved via readymade-fallback
[2026-08-06T22:52:36.389Z] COMPANY: "Emami Realty Limited" | QUERIES: ["Emami Realty Limited" official website] | CANDIDATES: [https://emamirealty.com] | SELECTED: "https://emamirealty.com" | CONFIDENCE: HIGH | TIME: 0ms | REASON: Resolved via readymade-fallback
[2026-08-06T22:52:39.139Z] COMPANY: "Embassy Developments Limited" | QUERIES: ["Embassy Developments Limited" official website] | CANDIDATES: [https://Not Found] | SELECTED: "https://Not Found" | CONFIDENCE: HIGH | TIME: 0ms | REASON: Resolved via readymade-fallback
[2026-08-06T22:52:43.503Z] COMPANY: "Emcure Pharmaceuticals Limited" | QUERIES: ["Emcure Pharmaceuticals Limited" official website] | CANDIDATES: [https://emcure.com] | SELECTED: "https://emcure.com" | CONFIDENCE: HIGH | TIME: 0ms | REASON: Resolved via readymade-fallback
[2026-08-06T22:55:06.681Z] COMPANY: "Electronics Mart India Limited" | QUERIES: ["Electronics Mart India Limited" official website] | CANDIDATES: [https://electronicsmartindia.com] | SELECTED: "https://electronicsmartindia.com" | CONFIDENCE: HIGH | TIME: 0ms | REASON: Resolved via readymade-fallback
[2026-08-06T22:55:18.442Z] COMPANY: "Emkay Global Financial Services Limited" | QUERIES: ["Emkay Global Financial Services Limited" official website] | CANDIDATES: [https://emkayglobal.com] | SELECTED: "https://emkayglobal.com" | CONFIDENCE: HIGH | TIME: 0ms | REASON: Resolved via readymade-fallback
[2026-08-06T22:55:19.653Z] COMPANY: "Emmbi Industries Limited" | QUERIES: ["Emmbi Industries Limited" official website] | CANDIDATES: [https://emmbi.com] | SELECTED: "https://emmbi.com" | CONFIDENCE: HIGH | TIME: 0ms | REASON: Resolved via readymade-fallback
[2026-08-06T22:55:44.259Z] COMPANY: "Emmvee Photovoltaic Power Limited" | QUERIES: ["Emmvee Photovoltaic Power Limited" official website] | CANDIDATES: [https://Not Found] | SELECTED: "https://Not Found" | CONFIDENCE: HIGH | TIME: 0ms | REASON: Resolved via readymade-fallback
[2026-08-06T22:55:52.282Z] COMPANY: "Empower India Limited" | QUERIES: ["Empower India Limited" official website] | CANDIDATES: [https://empower.com] | SELECTED: "https://empower.com" | CONFIDENCE: HIGH | TIME: 0ms | REASON: Resolved via readymade-fallback
[2026-08-06T22:55:54.334Z] COMPANY: "EMS Limited" | QUERIES: ["EMS Limited" official website] | CANDIDATES: [https://emslimited.co.ke] | SELECTED: "https://emslimited.co.ke" | CONFIDENCE: HIGH | TIME: 0ms | REASON: Resolved via readymade-fallback
[2026-08-06T22:56:06.903Z] COMPANY: "eMudhra Limited" | QUERIES: ["eMudhra Limited" official website] | CANDIDATES: [https://e-mudhra.com] | SELECTED: "https://e-mudhra.com" | CONFIDENCE: HIGH | TIME: 0ms | REASON: Resolved via readymade-fallback
[2026-08-06T22:56:14.134Z] COMPANY: "Endurance Technologies Limited" | QUERIES: ["Endurance Technologies Limited" official website] | CANDIDATES: [https://endurancewarranty.com] | SELECTED: "https://endurancewarranty.com" | CONFIDENCE: HIGH | TIME: 0ms | REASON: Resolved via readymade-fallback
[2026-08-06T22:56:25.360Z] COMPANY: "Energy Development Company Limited" | QUERIES: ["Energy Development Company Limited" official website] | CANDIDATES: [https://Not Found] | SELECTED: "https://Not Found" | CONFIDENCE: HIGH | TIME: 0ms | REASON: Resolved via readymade-fallback
[2026-08-06T22:56:30.309Z] COMPANY: "Engineers India Limited" | QUERIES: ["Engineers India Limited" official website] | CANDIDATES: [https://engineersindia.com] | SELECTED: "https://engineersindia.com" | CONFIDENCE: HIGH | TIME: 0ms | REASON: Resolved via readymade-fallback
[2026-08-06T22:56:32.507Z] COMPANY: "Entertainment Network (India) Limited" | QUERIES: ["Entertainment Network (India) Limited" official website] | CANDIDATES: [https://enterthenetwork.com] | SELECTED: "https://enterthenetwork.com" | CONFIDENCE: HIGH | TIME: 8ms | REASON: Resolved via readymade-fallback
[2026-08-06T22:56:44.967Z] COMPANY: "Siemens Energy India Limited" | QUERIES: ["Siemens Energy India Limited" official website] | CANDIDATES: [https://siemens-energy.com] | SELECTED: "https://siemens-energy.com" | CONFIDENCE: HIGH | TIME: 0ms | REASON: Resolved via readymade-fallback
[2026-08-06T22:56:58.818Z] COMPANY: "Entero Healthcare Solutions Limited" | QUERIES: ["Entero Healthcare Solutions Limited" official website] | CANDIDATES: [https://Not Found] | SELECTED: "https://Not Found" | CONFIDENCE: HIGH | TIME: 1ms | REASON: Resolved via readymade-fallback
[2026-08-06T22:57:06.368Z] COMPANY: "EPACK Durable Limited" | QUERIES: ["EPACK Durable Limited" official website] | CANDIDATES: [https://epackdurable.com] | SELECTED: "https://epackdurable.com" | CONFIDENCE: HIGH | TIME: 0ms | REASON: Resolved via readymade-fallback
[2026-08-06T22:57:07.912Z] COMPANY: "EPack Prefab Technologies Limited" | QUERIES: ["EPack Prefab Technologies Limited" official website] | CANDIDATES: [https://epackpolymers.com] | SELECTED: "https://epackpolymers.com" | CONFIDENCE: HIGH | TIME: 0ms | REASON: Resolved via readymade-fallback
[2026-08-06T22:57:11.912Z] COMPANY: "Epigral Limited" | QUERIES: ["Epigral Limited" official website] | CANDIDATES: [https://Not Found] | SELECTED: "https://Not Found" | CONFIDENCE: HIGH | TIME: 0ms | REASON: Resolved via readymade-fallback
[2026-08-06T22:57:19.860Z] COMPANY: "EPL Limited" | QUERIES: ["EPL Limited" official website] | CANDIDATES: [https://eplglobal.com] | SELECTED: "https://eplglobal.com" | CONFIDENCE: HIGH | TIME: 0ms | REASON: Resolved via readymade-fallback
[2026-08-06T22:57:58.418Z] COMPANY: "Equippp Social Impact Technologies Limited" | QUERIES: ["Equippp Social Impact Technologies Limited" official website] | CANDIDATES: [https://Not Found] | SELECTED: "https://Not Found" | CONFIDENCE: HIGH | TIME: 0ms | REASON: Resolved via readymade-fallback
[2026-08-06T22:58:06.324Z] COMPANY: "Equitas Small Finance Bank Limited" | QUERIES: ["Equitas Small Finance Bank Limited" official website] | CANDIDATES: [https://equitasbank.com] | SELECTED: "https://equitasbank.com" | CONFIDENCE: HIGH | TIME: 0ms | REASON: Resolved via readymade-fallback
[2026-08-06T22:58:19.422Z] COMPANY: "Eris Lifesciences Limited" | QUERIES: ["Eris Lifesciences Limited" official website] | CANDIDATES: [https://Not Found] | SELECTED: "https://Not Found" | CONFIDENCE: HIGH | TIME: 0ms | REASON: Resolved via readymade-fallback
[2026-08-06T22:58:24.533Z] COMPANY: "Esab India Limited" | QUERIES: ["Esab India Limited" official website] | CANDIDATES: [https://esab.com] | SELECTED: "https://esab.com" | CONFIDENCE: HIGH | TIME: 0ms | REASON: Resolved via readymade-fallback
[2026-08-06T22:58:43.850Z] COMPANY: "ESAF Small Finance Bank Limited" | QUERIES: ["ESAF Small Finance Bank Limited" official website] | CANDIDATES: [https://esafbank.com] | SELECTED: "https://esafbank.com" | CONFIDENCE: HIGH | TIME: 0ms | REASON: Resolved via readymade-fallback
[2026-08-06T22:58:50.264Z] COMPANY: "Escorts Kubota Limited" | QUERIES: ["Escorts Kubota Limited" official website] | CANDIDATES: [https://escortsgroup.com] | SELECTED: "https://escortsgroup.com" | CONFIDENCE: HIGH | TIME: 1ms | REASON: Resolved via readymade-fallback
[2026-08-06T23:01:09.655Z] COMPANY: "Essar Shipping Limited" | QUERIES: ["Essar Shipping Limited" official website] | CANDIDATES: [https://Not Found] | SELECTED: "https://Not Found" | CONFIDENCE: HIGH | TIME: 0ms | REASON: Resolved via readymade-fallback
[2026-08-06T23:01:15.232Z] COMPANY: "Integra Essentia Limited" | QUERIES: ["Integra Essentia Limited" official website] | CANDIDATES: [https://Not Found] | SELECTED: "https://Not Found" | CONFIDENCE: HIGH | TIME: 0ms | REASON: Resolved via readymade-fallback
[2026-08-06T23:01:22.837Z] COMPANY: "Ester Industries Limited" | QUERIES: ["Ester Industries Limited" official website] | CANDIDATES: [https://steerindustries.com] | SELECTED: "https://steerindustries.com" | CONFIDENCE: HIGH | TIME: 0ms | REASON: Resolved via readymade-fallback
[2026-08-06T23:01:31.520Z] COMPANY: "ETERNAL LIMITED" | QUERIES: ["ETERNAL LIMITED" official website] | CANDIDATES: [https://epm.org] | SELECTED: "https://epm.org" | CONFIDENCE: HIGH | TIME: 0ms | REASON: Resolved via readymade-fallback
[2026-08-06T23:01:42.196Z] COMPANY: "Ethos Limited" | QUERIES: ["Ethos Limited" official website] | CANDIDATES: [https://ethoslife.com] | SELECTED: "https://ethoslife.com" | CONFIDENCE: HIGH | TIME: 1ms | REASON: Resolved via readymade-fallback
[2026-08-06T23:01:45.748Z] COMPANY: "Eureka Forbes Limited" | QUERIES: ["Eureka Forbes Limited" official website] | CANDIDATES: [https://eurekaforbes.com] | SELECTED: "https://eurekaforbes.com" | CONFIDENCE: HIGH | TIME: 0ms | REASON: Resolved via readymade-fallback
[2026-08-06T23:01:46.905Z] COMPANY: "Euro Panel Products Limited" | QUERIES: ["Euro Panel Products Limited" official website] | CANDIDATES: [https://Not Found] | SELECTED: "https://Not Found" | CONFIDENCE: HIGH | TIME: 1ms | REASON: Resolved via readymade-fallback
[2026-08-06T23:01:54.328Z] COMPANY: "Euro Pratik Sales Limited" | QUERIES: ["Euro Pratik Sales Limited" official website] | CANDIDATES: [https://Not Found] | SELECTED: "https://Not Found" | CONFIDENCE: HIGH | TIME: 0ms | REASON: Resolved via readymade-fallback
[2026-08-06T23:02:01.560Z] COMPANY: "Eurotex Industries and Exports Limited" | QUERIES: ["Eurotex Industries and Exports Limited" official website] | CANDIDATES: [https://Not Found] | SELECTED: "https://Not Found" | CONFIDENCE: HIGH | TIME: 0ms | REASON: Resolved via readymade-fallback
[2026-08-06T23:02:07.878Z] COMPANY: "Eveready Industries India Limited" | QUERIES: ["Eveready Industries India Limited" official website] | CANDIDATES: [https://Not Found] | SELECTED: "https://Not Found" | CONFIDENCE: HIGH | TIME: 0ms | REASON: Resolved via readymade-fallback
[2026-08-06T23:02:12.467Z] COMPANY: "Everest Industries Limited" | QUERIES: ["Everest Industries Limited" official website] | CANDIDATES: [https://everestind.com] | SELECTED: "https://everestind.com" | CONFIDENCE: HIGH | TIME: 0ms | REASON: Resolved via readymade-fallback
[2026-08-06T23:02:25.604Z] COMPANY: "Excel Industries Limited" | QUERIES: ["Excel Industries Limited" official website] | CANDIDATES: [https://excelind.co.in] | SELECTED: "https://excelind.co.in" | CONFIDENCE: HIGH | TIME: 0ms | REASON: Resolved via readymade-fallback
[2026-08-06T23:02:49.477Z] COMPANY: "Excelsoft Technologies Limited" | QUERIES: ["Excelsoft Technologies Limited" official website] | CANDIDATES: [https://excelsoftcorp.com] | SELECTED: "https://excelsoftcorp.com" | CONFIDENCE: HIGH | TIME: 0ms | REASON: Resolved via readymade-fallback
[2026-08-06T23:03:01.911Z] COMPANY: "Exicom Tele-Systems Limited" | QUERIES: ["Exicom Tele-Systems Limited" official website] | CANDIDATES: [https://Not Found] | SELECTED: "https://Not Found" | CONFIDENCE: HIGH | TIME: 1ms | REASON: Resolved via readymade-fallback
[2026-08-06T23:03:07.693Z] COMPANY: "Exide Industries Limited" | QUERIES: ["Exide Industries Limited" official website] | CANDIDATES: [https://exideindustries.com] | SELECTED: "https://exideindustries.com" | CONFIDENCE: HIGH | TIME: 0ms | REASON: Resolved via readymade-fallback
[2026-08-06T23:03:13.381Z] COMPANY: "Expleo Solutions Limited" | QUERIES: ["Expleo Solutions Limited" official website] | CANDIDATES: [https://Not Found] | SELECTED: "https://Not Found" | CONFIDENCE: HIGH | TIME: 1ms | REASON: Resolved via readymade-fallback
[2026-08-06T23:03:20.391Z] COMPANY: "Exxaro Tiles Limited" | QUERIES: ["Exxaro Tiles Limited" official website] | CANDIDATES: [https://exxarotiles.com] | SELECTED: "https://exxarotiles.com" | CONFIDENCE: HIGH | TIME: 0ms | REASON: Resolved via readymade-fallback
[2026-08-06T23:03:20.637Z] COMPANY: "Fabtech Technologies Limited" | QUERIES: ["Fabtech Technologies Limited" official website] | CANDIDATES: [https://fabtechexpo.com] | SELECTED: "https://fabtechexpo.com" | CONFIDENCE: HIGH | TIME: 0ms | REASON: Resolved via readymade-fallback
[2026-08-06T23:03:22.590Z] COMPANY: "Fertilizers and Chemicals Travancore Limited" | QUERIES: ["Fertilizers and Chemicals Travancore Limited" official website] | CANDIDATES: [https://Not Found] | SELECTED: "https://Not Found" | CONFIDENCE: HIGH | TIME: 0ms | REASON: Resolved via readymade-fallback
[2026-08-06T23:03:30.244Z] COMPANY: "Fairchem Organics Limited" | QUERIES: ["Fairchem Organics Limited" official website] | CANDIDATES: [https://fairchem.in] | SELECTED: "https://fairchem.in" | CONFIDENCE: HIGH | TIME: 0ms | REASON: Resolved via readymade-fallback
[2026-08-06T23:03:44.553Z] COMPANY: "Faze Three Limited" | QUERIES: ["Faze Three Limited" official website] | CANDIDATES: [https://fazethree.com] | SELECTED: "https://fazethree.com" | CONFIDENCE: HIGH | TIME: 0ms | REASON: Resolved via readymade-fallback
[2026-08-06T23:03:45.150Z] COMPANY: "Fineotex Chemical Limited" | QUERIES: ["Fineotex Chemical Limited" official website] | CANDIDATES: [https://Not Found] | SELECTED: "https://Not Found" | CONFIDENCE: HIGH | TIME: 0ms | REASON: Resolved via readymade-fallback
[2026-08-06T23:03:53.007Z] COMPANY: "FCS Software Solutions Limited" | QUERIES: ["FCS Software Solutions Limited" official website] | CANDIDATES: [https://Not Found] | SELECTED: "https://Not Found" | CONFIDENCE: HIGH | TIME: 0ms | REASON: Resolved via readymade-fallback
[2026-08-06T23:03:59.673Z] COMPANY: "FDC Limited" | QUERIES: ["FDC Limited" official website] | CANDIDATES: [https://fdc.in] | SELECTED: "https://fdc.in" | CONFIDENCE: HIGH | TIME: 0ms | REASON: Resolved via readymade-fallback
[2026-08-06T23:04:02.153Z] COMPANY: "Fedders Holding Limited" | QUERIES: ["Fedders Holding Limited" official website] | CANDIDATES: [https://Not Found] | SELECTED: "https://Not Found" | CONFIDENCE: HIGH | TIME: 0ms | REASON: Resolved via readymade-fallback
[2026-08-06T23:04:08.879Z] COMPANY: "The Federal Bank  Limited" | QUERIES: ["The Federal Bank  Limited" official website] | CANDIDATES: [https://Not Found] | SELECTED: "https://Not Found" | CONFIDENCE: HIGH | TIME: 0ms | REASON: Resolved via readymade-fallback
[2026-08-06T23:04:16.147Z] COMPANY: "Fedbank Financial Services Limited" | QUERIES: ["Fedbank Financial Services Limited" official website] | CANDIDATES: [https://fedfina.com] | SELECTED: "https://fedfina.com" | CONFIDENCE: HIGH | TIME: 0ms | REASON: Resolved via readymade-fallback
[2026-08-06T23:04:18.105Z] COMPANY: "Future Enterprises Limited" | QUERIES: ["Future Enterprises Limited" official website] | CANDIDATES: [https://futurelearn.com] | SELECTED: "https://futurelearn.com" | CONFIDENCE: HIGH | TIME: 0ms | REASON: Resolved via readymade-fallback
[2026-08-06T23:04:21.245Z] COMPANY: "Future Enterprises Limited" | QUERIES: ["Future Enterprises Limited" official website] | CANDIDATES: [https://futurelearn.com] | SELECTED: "https://futurelearn.com" | CONFIDENCE: HIGH | TIME: 0ms | REASON: Resolved via readymade-fallback
[2026-08-06T23:04:24.103Z] COMPANY: "Fermenta Biotech Limited" | QUERIES: ["Fermenta Biotech Limited" official website] | CANDIDATES: [https://fermentabiotech.com] | SELECTED: "https://fermentabiotech.com" | CONFIDENCE: HIGH | TIME: 0ms | REASON: Resolved via readymade-fallback
[2026-08-06T23:04:27.349Z] COMPANY: "Fiberweb (India) Limited" | QUERIES: ["Fiberweb (India) Limited" official website] | CANDIDATES: [https://fiberweb.co.za] | SELECTED: "https://fiberweb.co.za" | CONFIDENCE: HIGH | TIME: 0ms | REASON: Resolved via readymade-fallback
[2026-08-06T23:04:36.452Z] COMPANY: "Fiem Industries Limited" | QUERIES: ["Fiem Industries Limited" official website] | CANDIDATES: [https://fiemindustries.com] | SELECTED: "https://fiemindustries.com" | CONFIDENCE: HIGH | TIME: 0ms | REASON: Resolved via readymade-fallback
[2026-08-06T23:04:39.953Z] COMPANY: "Filatex India Limited" | QUERIES: ["Filatex India Limited" official website] | CANDIDATES: [https://filatex.com] | SELECTED: "https://filatex.com" | CONFIDENCE: HIGH | TIME: 0ms | REASON: Resolved via readymade-fallback
[2026-08-06T23:04:51.417Z] COMPANY: "Filatex Fashions Limited" | QUERIES: ["Filatex Fashions Limited" official website] | CANDIDATES: [https://Not Found] | SELECTED: "https://Not Found" | CONFIDENCE: HIGH | TIME: 1ms | REASON: Resolved via readymade-fallback
[2026-08-06T23:04:56.459Z] COMPANY: "Finolex Cables Limited" | QUERIES: ["Finolex Cables Limited" official website] | CANDIDATES: [https://Not Found] | SELECTED: "https://Not Found" | CONFIDENCE: HIGH | TIME: 0ms | REASON: Resolved via readymade-fallback
[2026-08-06T23:05:03.397Z] COMPANY: "Fine Organic Industries Limited" | QUERIES: ["Fine Organic Industries Limited" official website] | CANDIDATES: [https://Not Found] | SELECTED: "https://Not Found" | CONFIDENCE: HIGH | TIME: 0ms | REASON: Resolved via readymade-fallback
[2026-08-06T23:05:08.325Z] COMPANY: "Finkurve Financial Services Limited" | QUERIES: ["Finkurve Financial Services Limited" official website] | CANDIDATES: [https://Not Found] | SELECTED: "https://Not Found" | CONFIDENCE: HIGH | TIME: 0ms | REASON: Resolved via readymade-fallback
[2026-08-06T23:05:12.990Z] COMPANY: "Fino Payments Bank Limited" | QUERIES: ["Fino Payments Bank Limited" official website] | CANDIDATES: [https://finobank.com] | SELECTED: "https://finobank.com" | CONFIDENCE: HIGH | TIME: 0ms | REASON: Resolved via readymade-fallback
[2026-08-06T23:05:25.469Z] COMPANY: "Finolex Industries Limited" | QUERIES: ["Finolex Industries Limited" official website] | CANDIDATES: [https://Not Found] | SELECTED: "https://Not Found" | CONFIDENCE: HIGH | TIME: 0ms | REASON: Resolved via readymade-fallback
[2026-08-06T23:05:30.135Z] COMPANY: "Brainbees Solutions Limited" | QUERIES: ["Brainbees Solutions Limited" official website] | CANDIDATES: [https://Not Found] | SELECTED: "https://Not Found" | CONFIDENCE: HIGH | TIME: 0ms | REASON: Resolved via readymade-fallback
[2026-08-06T23:05:34.614Z] COMPANY: "Fischer Medical Ventures Limited" | QUERIES: ["Fischer Medical Ventures Limited" official website] | CANDIDATES: [https://Not Found] | SELECTED: "https://Not Found" | CONFIDENCE: HIGH | TIME: 1ms | REASON: Resolved via readymade-fallback
[2026-08-06T23:05:39.202Z] COMPANY: "Five-Star Business Finance Limited" | QUERIES: ["Five-Star Business Finance Limited" official website] | CANDIDATES: [https://Not Found] | SELECTED: "https://Not Found" | CONFIDENCE: HIGH | TIME: 0ms | REASON: Resolved via readymade-fallback
[2026-08-06T23:05:46.821Z] COMPANY: "Flair Writing Industries Limited" | QUERIES: ["Flair Writing Industries Limited" official website] | CANDIDATES: [https://Not Found] | SELECTED: "https://Not Found" | CONFIDENCE: HIGH | TIME: 0ms | REASON: Resolved via readymade-fallback
[2026-08-06T23:05:51.246Z] COMPANY: "Flexituff Ventures International Limited" | QUERIES: ["Flexituff Ventures International Limited" official website] | CANDIDATES: [https://fildripper.com] | SELECTED: "https://fildripper.com" | CONFIDENCE: HIGH | TIME: 1ms | REASON: Resolved via readymade-fallback
[2026-08-06T23:05:58.432Z] COMPANY: "Future Lifestyle Fashions Limited" | QUERIES: ["Future Lifestyle Fashions Limited" official website] | CANDIDATES: [https://futurelifestyle.in] | SELECTED: "https://futurelifestyle.in" | CONFIDENCE: HIGH | TIME: 0ms | REASON: Resolved via readymade-fallback
[2026-08-06T23:06:32.067Z] COMPANY: "Gujarat Fluorochemicals Limited" | QUERIES: ["Gujarat Fluorochemicals Limited" official website] | CANDIDATES: [https://gfl.co.in] | SELECTED: "https://gfl.co.in" | CONFIDENCE: HIGH | TIME: 0ms | REASON: Resolved via readymade-fallback
[2026-08-06T23:06:32.870Z] COMPANY: "Federal-Mogul Goetze (India) Limited." | QUERIES: ["Federal-Mogul Goetze (India) Limited." official website] | CANDIDATES: [https://Not Found] | SELECTED: "https://Not Found" | CONFIDENCE: HIGH | TIME: 0ms | REASON: Resolved via readymade-fallback
[2026-08-06T23:06:38.297Z] COMPANY: "Future Market Networks Limited" | QUERIES: ["Future Market Networks Limited" official website] | CANDIDATES: [https://Not Found] | SELECTED: "https://Not Found" | CONFIDENCE: HIGH | TIME: 1ms | REASON: Resolved via readymade-fallback
[2026-08-06T23:06:45.212Z] COMPANY: "Focus Lighting and Fixtures Limited" | QUERIES: ["Focus Lighting and Fixtures Limited" official website] | CANDIDATES: [https://Not Found] | SELECTED: "https://Not Found" | CONFIDENCE: HIGH | TIME: 0ms | REASON: Resolved via readymade-fallback
[2026-08-06T23:06:52.510Z] COMPANY: "Foods & Inns Limited" | QUERIES: ["Foods & Inns Limited" official website] | CANDIDATES: [https://foodservicedirect.com] | SELECTED: "https://foodservicedirect.com" | CONFIDENCE: HIGH | TIME: 0ms | REASON: Resolved via readymade-fallback
[2026-08-06T23:07:09.198Z] COMPANY: "FORCE MOTORS LTD" | QUERIES: ["FORCE MOTORS LTD" official website] | CANDIDATES: [https://forcemotors.com] | SELECTED: "https://forcemotors.com" | CONFIDENCE: HIGH | TIME: 0ms | REASON: Resolved via readymade-fallback
[2026-08-06T23:07:11.366Z] COMPANY: "Fortis Healthcare Limited" | QUERIES: ["Fortis Healthcare Limited" official website] | CANDIDATES: [https://fortishealthcare.com] | SELECTED: "https://fortishealthcare.com" | CONFIDENCE: HIGH | TIME: 0ms | REASON: Resolved via readymade-fallback
[2026-08-06T23:08:27.922Z] COMPANY: "Foseco India Limited" | QUERIES: ["Foseco India Limited" official website] | CANDIDATES: [https://fosecoindia.com] | SELECTED: "https://fosecoindia.com" | CONFIDENCE: HIGH | TIME: 0ms | REASON: Resolved via readymade-fallback
[2026-08-06T23:08:37.548Z] COMPANY: "Fractal Analytics Limited" | QUERIES: ["Fractal Analytics Limited" official website] | CANDIDATES: [https://fractalanalytics.com] | SELECTED: "https://fractalanalytics.com" | CONFIDENCE: HIGH | TIME: 0ms | REASON: Resolved via readymade-fallback
[2026-08-06T23:08:51.204Z] COMPANY: "Frontier Springs Limited" | QUERIES: ["Frontier Springs Limited" official website] | CANDIDATES: [https://frontiersprings.co.in] | SELECTED: "https://frontiersprings.co.in" | CONFIDENCE: HIGH | TIME: 0ms | REASON: Resolved via readymade-fallback
[2026-08-06T23:09:23.536Z] COMPANY: "Firstsource Solutions Limited" | QUERIES: ["Firstsource Solutions Limited" official website] | CANDIDATES: [https://Not Found] | SELECTED: "https://Not Found" | CONFIDENCE: HIGH | TIME: 0ms | REASON: Resolved via readymade-fallback
[2026-08-06T23:09:31.747Z] COMPANY: "Fusion Finance Limited" | QUERIES: ["Fusion Finance Limited" official website] | CANDIDATES: [https://fusionfinance.com] | SELECTED: "https://fusionfinance.com" | CONFIDENCE: HIGH | TIME: 1ms | REASON: Resolved via readymade-fallback
[2026-08-06T23:16:06.005Z] COMPANY: "Gabriel India Limited" | QUERIES: ["Gabriel India Limited" official website] | CANDIDATES: [https://gabriellearruda.com] | SELECTED: "https://gabriellearruda.com" | CONFIDENCE: HIGH | TIME: 0ms | REASON: Resolved via readymade-fallback
[2026-08-06T23:16:06.240Z] COMPANY: "Gujarat Ambuja Exports Limited" | QUERIES: ["Gujarat Ambuja Exports Limited" official website] | CANDIDATES: [https://ambujagroup.com] | SELECTED: "https://ambujagroup.com" | CONFIDENCE: HIGH | TIME: 0ms | REASON: Resolved via readymade-fallback
[2026-08-06T23:16:09.416Z] COMPANY: "GAIL (India) Limited" | QUERIES: ["GAIL (India) Limited" official website] | CANDIDATES: [https://gailonline.com] | SELECTED: "https://gailonline.com" | CONFIDENCE: HIGH | TIME: 0ms | REASON: Resolved via readymade-fallback
[2026-08-06T23:16:20.142Z] COMPANY: "Gala Precision Engineering Limited" | QUERIES: ["Gala Precision Engineering Limited" official website] | CANDIDATES: [https://Not Found] | SELECTED: "https://Not Found" | CONFIDENCE: HIGH | TIME: 1ms | REASON: Resolved via readymade-fallback
[2026-08-06T23:16:25.217Z] COMPANY: "Galaxy Surfactants Limited" | QUERIES: ["Galaxy Surfactants Limited" official website] | CANDIDATES: [https://galaxysurfactants.com] | SELECTED: "https://galaxysurfactants.com" | CONFIDENCE: HIGH | TIME: 0ms | REASON: Resolved via readymade-fallback
[2026-08-06T23:16:25.585Z] COMPANY: "Gallantt Ispat Limited" | QUERIES: ["Gallantt Ispat Limited" official website] | CANDIDATES: [https://Not Found] | SELECTED: "https://Not Found" | CONFIDENCE: HIGH | TIME: 0ms | REASON: Resolved via readymade-fallback
[2026-08-06T23:16:32.105Z] COMPANY: "Gandhar Oil Refinery (India) Limited" | QUERIES: ["Gandhar Oil Refinery (India) Limited" official website] | CANDIDATES: [https://Not Found] | SELECTED: "https://Not Found" | CONFIDENCE: HIGH | TIME: 0ms | REASON: Resolved via readymade-fallback
[2026-08-06T23:16:37.832Z] COMPANY: "Gandhi Special Tubes Limited" | QUERIES: ["Gandhi Special Tubes Limited" official website] | CANDIDATES: [https://gandhispecialtubes.com] | SELECTED: "https://gandhispecialtubes.com" | CONFIDENCE: HIGH | TIME: 0ms | REASON: Resolved via readymade-fallback
[2026-08-06T23:16:50.587Z] COMPANY: "Ganesha Ecosphere Limited" | QUERIES: ["Ganesha Ecosphere Limited" official website] | CANDIDATES: [https://ganeshaecosphere.com] | SELECTED: "https://ganeshaecosphere.com" | CONFIDENCE: HIGH | TIME: 0ms | REASON: Resolved via readymade-fallback
[2026-08-06T23:17:17.718Z] COMPANY: "Ganesh Benzoplast Limited" | QUERIES: ["Ganesh Benzoplast Limited" official website] | CANDIDATES: [https://ganeshbenzoplast.com] | SELECTED: "https://ganeshbenzoplast.com" | CONFIDENCE: HIGH | TIME: 0ms | REASON: Resolved via readymade-fallback
[2026-08-06T23:17:28.006Z] COMPANY: "Ganesh Consumer Products Limited" | QUERIES: ["Ganesh Consumer Products Limited" official website] | CANDIDATES: [https://Not Found] | SELECTED: "https://Not Found" | CONFIDENCE: HIGH | TIME: 0ms | REASON: Resolved via readymade-fallback
[2026-08-06T23:17:34.631Z] COMPANY: "GANESH HOUSING LIMITED" | QUERIES: ["GANESH HOUSING LIMITED" official website] | CANDIDATES: [https://ganeshhousing.com] | SELECTED: "https://ganeshhousing.com" | CONFIDENCE: HIGH | TIME: 0ms | REASON: Resolved via readymade-fallback
[2026-08-06T23:17:55.598Z] COMPANY: "Ganga Forging Limited" | QUERIES: ["Ganga Forging Limited" official website] | CANDIDATES: [https://gangaforging.com] | SELECTED: "https://gangaforging.com" | CONFIDENCE: HIGH | TIME: 0ms | REASON: Resolved via readymade-fallback
[2026-08-06T23:18:08.758Z] COMPANY: "Ganges Securities Limited" | QUERIES: ["Ganges Securities Limited" official website] | CANDIDATES: [https://Not Found] | SELECTED: "https://Not Found" | CONFIDENCE: HIGH | TIME: 0ms | REASON: Resolved via readymade-fallback
[2026-08-06T23:18:14.442Z] COMPANY: "Garware Technical Fibres Limited" | QUERIES: ["Garware Technical Fibres Limited" official website] | CANDIDATES: [https://garwarefibres.com] | SELECTED: "https://garwarefibres.com" | CONFIDENCE: HIGH | TIME: 0ms | REASON: Resolved via readymade-fallback
[2026-08-06T23:18:24.497Z] COMPANY: "Garuda Construction and Engineering Limited" | QUERIES: ["Garuda Construction and Engineering Limited" official website] | CANDIDATES: [https://Not Found] | SELECTED: "https://Not Found" | CONFIDENCE: HIGH | TIME: 1ms | REASON: Resolved via readymade-fallback
[2026-08-06T23:18:28.942Z] COMPANY: "GACM Technologies Limited" | QUERIES: ["GACM Technologies Limited" official website] | CANDIDATES: [https://gacmotor.com] | SELECTED: "https://gacmotor.com" | CONFIDENCE: HIGH | TIME: 0ms | REASON: Resolved via readymade-fallback
[2026-08-06T23:18:53.915Z] COMPANY: "GACM Technologies Limited" | QUERIES: ["GACM Technologies Limited" official website] | CANDIDATES: [https://gacmotor.com] | SELECTED: "https://gacmotor.com" | CONFIDENCE: HIGH | TIME: 0ms | REASON: Resolved via readymade-fallback
[2026-08-06T23:19:19.211Z] COMPANY: "Gateway Distriparks Limited" | QUERIES: ["Gateway Distriparks Limited" official website] | CANDIDATES: [https://gatewaydistriparks.com] | SELECTED: "https://gatewaydistriparks.com" | CONFIDENCE: HIGH | TIME: 1ms | REASON: Resolved via readymade-fallback
[2026-08-06T23:19:21.018Z] COMPANY: "Gaudium IVF and Women Health Limited" | QUERIES: ["Gaudium IVF and Women Health Limited" official website] | CANDIDATES: [https://Not Found] | SELECTED: "https://Not Found" | CONFIDENCE: HIGH | TIME: 1ms | REASON: Resolved via readymade-fallback
[2026-08-06T23:19:29.042Z] COMPANY: "Gayatri Highways Limited" | QUERIES: ["Gayatri Highways Limited" official website] | CANDIDATES: [https://gayatrihighways.com] | SELECTED: "https://gayatrihighways.com" | CONFIDENCE: HIGH | TIME: 0ms | REASON: Resolved via readymade-fallback
[2026-08-06T23:19:40.349Z] COMPANY: "Gayatri Projects Limited" | QUERIES: ["Gayatri Projects Limited" official website] | CANDIDATES: [https://Not Found] | SELECTED: "https://Not Found" | CONFIDENCE: HIGH | TIME: 0ms | REASON: Resolved via readymade-fallback
[2026-08-06T23:19:47.722Z] COMPANY: "Gretex Corporate Services Limited" | QUERIES: ["Gretex Corporate Services Limited" official website] | CANDIDATES: [https://Not Found] | SELECTED: "https://Not Found" | CONFIDENCE: HIGH | TIME: 1ms | REASON: Resolved via readymade-fallback
[2026-08-06T23:19:52.220Z] COMPANY: "GeeCee Ventures Limited" | QUERIES: ["GeeCee Ventures Limited" official website] | CANDIDATES: [https://geeceeventures.com] | SELECTED: "https://geeceeventures.com" | CONFIDENCE: HIGH | TIME: 0ms | REASON: Resolved via readymade-fallback
[2026-08-06T23:20:02.459Z] COMPANY: "Geekay Wires Limited" | QUERIES: ["Geekay Wires Limited" official website] | CANDIDATES: [https://geekaywires.com] | SELECTED: "https://geekaywires.com" | CONFIDENCE: HIGH | TIME: 0ms | REASON: Resolved via readymade-fallback
[2026-08-06T23:20:10.874Z] COMPANY: "Gem Aromatics Limited" | QUERIES: ["Gem Aromatics Limited" official website] | CANDIDATES: [https://gemaromatics.com] | SELECTED: "https://gemaromatics.com" | CONFIDENCE: HIGH | TIME: 0ms | REASON: Resolved via readymade-fallback
[2026-08-06T23:20:11.575Z] COMPANY: "Generic Engineering Construction and Projects Limited" | QUERIES: ["Generic Engineering Construction and Projects Limited" official website] | CANDIDATES: [https://Not Found] | SELECTED: "https://Not Found" | CONFIDENCE: HIGH | TIME: 0ms | REASON: Resolved via readymade-fallback
[2026-08-06T23:20:18.686Z] COMPANY: "Genesys International Corporation Limited" | QUERIES: ["Genesys International Corporation Limited" official website] | CANDIDATES: [https://igenesys.com] | SELECTED: "https://igenesys.com" | CONFIDENCE: HIGH | TIME: 0ms | REASON: Resolved via readymade-fallback
[2026-08-06T23:20:31.479Z] COMPANY: "Genus Paper & Boards Limited" | QUERIES: ["Genus Paper & Boards Limited" official website] | CANDIDATES: [https://genuspaper.com] | SELECTED: "https://genuspaper.com" | CONFIDENCE: HIGH | TIME: 0ms | REASON: Resolved via readymade-fallback
[2026-08-06T23:20:52.403Z] COMPANY: "Genus Power Infrastructures Limited" | QUERIES: ["Genus Power Infrastructures Limited" official website] | CANDIDATES: [https://genuspower.com] | SELECTED: "https://genuspower.com" | CONFIDENCE: HIGH | TIME: 0ms | REASON: Resolved via readymade-fallback
[2026-08-06T23:20:52.811Z] COMPANY: "Geojit Financial Services Limited" | QUERIES: ["Geojit Financial Services Limited" official website] | CANDIDATES: [https://Not Found] | SELECTED: "https://Not Found" | CONFIDENCE: HIGH | TIME: 0ms | REASON: Resolved via readymade-fallback
[2026-08-06T23:20:57.680Z] COMPANY: "The Great Eastern Shipping Company Limited" | QUERIES: ["The Great Eastern Shipping Company Limited" official website] | CANDIDATES: [https://Not Found] | SELECTED: "https://Not Found" | CONFIDENCE: HIGH | TIME: 0ms | REASON: Resolved via readymade-fallback
[2026-08-06T23:21:03.009Z] COMPANY: "GFL Limited" | QUERIES: ["GFL Limited" official website] | CANDIDATES: [https://gflenv.com] | SELECTED: "https://gflenv.com" | CONFIDENCE: HIGH | TIME: 0ms | REASON: Resolved via readymade-fallback
[2026-08-06T23:21:04.263Z] COMPANY: "GHCL Limited" | QUERIES: ["GHCL Limited" official website] | CANDIDATES: [https://ghcl.co.in] | SELECTED: "https://ghcl.co.in" | CONFIDENCE: HIGH | TIME: 0ms | REASON: Resolved via readymade-fallback
[2026-08-06T23:21:19.383Z] COMPANY: "GHCL Textiles Limited" | QUERIES: ["GHCL Textiles Limited" official website] | CANDIDATES: [https://ghcltextiles.co.in] | SELECTED: "https://ghcltextiles.co.in" | CONFIDENCE: HIGH | TIME: 1ms | REASON: Resolved via readymade-fallback
[2026-08-06T23:21:36.916Z] COMPANY: "GIC Housing Finance Limited" | QUERIES: ["GIC Housing Finance Limited" official website] | CANDIDATES: [https://gichfindia.com] | SELECTED: "https://gichfindia.com" | CONFIDENCE: HIGH | TIME: 0ms | REASON: Resolved via readymade-fallback
[2026-08-06T23:21:38.239Z] COMPANY: "Globe International Carriers Limited" | QUERIES: ["Globe International Carriers Limited" official website] | CANDIDATES: [https://gicl.co] | SELECTED: "https://gicl.co" | CONFIDENCE: HIGH | TIME: 0ms | REASON: Resolved via readymade-fallback
[2026-08-06T23:25:46.551Z] COMPANY: "General Insurance Corporation of India" | QUERIES: ["General Insurance Corporation of India" official website] | CANDIDATES: [https://gicre.in] | SELECTED: "https://gicre.in" | CONFIDENCE: HIGH | TIME: 0ms | REASON: Resolved via readymade-fallback
[2026-08-06T23:26:01.461Z] COMPANY: "Gillanders Arbuthnot & Company Limited" | QUERIES: ["Gillanders Arbuthnot & Company Limited" official website] | CANDIDATES: [https://gillandersarbuthnot.com] | SELECTED: "https://gillandersarbuthnot.com" | CONFIDENCE: HIGH | TIME: 1ms | REASON: Resolved via readymade-fallback
[2026-08-06T23:26:10.719Z] COMPANY: "Gillette India Limited" | QUERIES: ["Gillette India Limited" official website] | CANDIDATES: [https://gillette.com] | SELECTED: "https://gillette.com" | CONFIDENCE: HIGH | TIME: 0ms | REASON: Resolved via readymade-fallback
[2026-08-06T23:26:25.273Z] COMPANY: "Ginni Filaments Limited" | QUERIES: ["Ginni Filaments Limited" official website] | CANDIDATES: [https://ginnifilaments.com] | SELECTED: "https://ginnifilaments.com" | CONFIDENCE: HIGH | TIME: 1ms | REASON: Resolved via readymade-fallback
[2026-08-06T23:26:41.111Z] COMPANY: "Gujarat Industries Power Company Limited" | QUERIES: ["Gujarat Industries Power Company Limited" official website] | CANDIDATES: [https://Not Found] | SELECTED: "https://Not Found" | CONFIDENCE: HIGH | TIME: 0ms | REASON: Resolved via readymade-fallback
[2026-08-06T23:26:47.692Z] COMPANY: "GK Energy Limited" | QUERIES: ["GK Energy Limited" official website] | CANDIDATES: [https://Not Found] | SELECTED: "https://Not Found" | CONFIDENCE: HIGH | TIME: 1ms | REASON: Resolved via readymade-fallback
[2026-08-06T23:26:54.532Z] COMPANY: "Gujarat Kidney And Super Speciality Limited" | QUERIES: ["Gujarat Kidney And Super Speciality Limited" official website] | CANDIDATES: [https://Not Found] | SELECTED: "https://Not Found" | CONFIDENCE: HIGH | TIME: 0ms | REASON: Resolved via readymade-fallback
[2026-08-06T23:26:59.929Z] COMPANY: "GKW Limited" | QUERIES: ["GKW Limited" official website] | CANDIDATES: [https://gkwretail.com] | SELECTED: "https://gkwretail.com" | CONFIDENCE: HIGH | TIME: 1ms | REASON: Resolved via readymade-fallback
[2026-08-06T23:27:14.226Z] COMPANY: "Gland Pharma Limited" | QUERIES: ["Gland Pharma Limited" official website] | CANDIDATES: [https://glandpharma.com] | SELECTED: "https://glandpharma.com" | CONFIDENCE: HIGH | TIME: 0ms | REASON: Resolved via readymade-fallback
[2026-08-06T23:27:23.719Z] COMPANY: "GlaxoSmithKline Pharmaceuticals Limited" | QUERIES: ["GlaxoSmithKline Pharmaceuticals Limited" official website] | CANDIDATES: [https://Not Found] | SELECTED: "https://Not Found" | CONFIDENCE: HIGH | TIME: 1ms | REASON: Resolved via readymade-fallback
[2026-08-06T23:27:30.074Z] COMPANY: "Glenmark Pharmaceuticals Limited" | QUERIES: ["Glenmark Pharmaceuticals Limited" official website] | CANDIDATES: [https://glenmarkpharma.com] | SELECTED: "https://glenmarkpharma.com" | CONFIDENCE: HIGH | TIME: 0ms | REASON: Resolved via readymade-fallback
[2026-08-06T23:27:43.363Z] COMPANY: "Gujarat Lease Financing Limited" | QUERIES: ["Gujarat Lease Financing Limited" official website] | CANDIDATES: [https://Not Found] | SELECTED: "https://Not Found" | CONFIDENCE: HIGH | TIME: 1ms | REASON: Resolved via readymade-fallback
[2026-08-06T23:27:49.123Z] COMPANY: "Global Education Limited" | QUERIES: ["Global Education Limited" official website] | CANDIDATES: [https://gedu.org] | SELECTED: "https://gedu.org" | CONFIDENCE: HIGH | TIME: 1ms | REASON: Resolved via readymade-fallback
[2026-08-06T23:27:57.204Z] COMPANY: "Globale Tessile Limited" | QUERIES: ["Globale Tessile Limited" official website] | CANDIDATES: [https://Not Found] | SELECTED: "https://Not Found" | CONFIDENCE: HIGH | TIME: 0ms | REASON: Resolved via readymade-fallback
[2026-08-06T23:28:03.914Z] COMPANY: "Global Vectra Helicorp Limited" | QUERIES: ["Global Vectra Helicorp Limited" official website] | CANDIDATES: [https://Not Found] | SELECTED: "https://Not Found" | CONFIDENCE: HIGH | TIME: 0ms | REASON: Resolved via readymade-fallback
[2026-08-06T23:28:09.869Z] COMPANY: "GLOBE ENTERPRISES (INDIA) LIMITED" | QUERIES: ["GLOBE ENTERPRISES (INDIA) LIMITED" official website] | CANDIDATES: [https://globenewswire.com] | SELECTED: "https://globenewswire.com" | CONFIDENCE: HIGH | TIME: 1ms | REASON: Resolved via readymade-fallback
[2026-08-06T23:28:31.351Z] COMPANY: "Globe Civil Projects Limited" | QUERIES: ["Globe Civil Projects Limited" official website] | CANDIDATES: [https://Not Found] | SELECTED: "https://Not Found" | CONFIDENCE: HIGH | TIME: 1ms | REASON: Resolved via readymade-fallback
[2026-08-06T23:28:37.895Z] COMPANY: "Globus Spirits Limited" | QUERIES: ["Globus Spirits Limited" official website] | CANDIDATES: [https://globusspirits.com] | SELECTED: "https://globusspirits.com" | CONFIDENCE: HIGH | TIME: 0ms | REASON: Resolved via readymade-fallback
[2026-08-06T23:28:47.821Z] COMPANY: "Gloster Limited" | QUERIES: ["Gloster Limited" official website] | CANDIDATES: [https://gloster.com] | SELECTED: "https://gloster.com" | CONFIDENCE: HIGH | TIME: 0ms | REASON: Resolved via readymade-fallback
[2026-08-06T23:29:00.062Z] COMPANY: "Glottis Limited" | QUERIES: ["Glottis Limited" official website] | CANDIDATES: [https://glottislogistics.in] | SELECTED: "https://glottislogistics.in" | CONFIDENCE: HIGH | TIME: 0ms | REASON: Resolved via readymade-fallback
[2026-08-06T23:29:14.094Z] COMPANY: "GM Breweries Limited" | QUERIES: ["GM Breweries Limited" official website] | CANDIDATES: [https://Not Found] | SELECTED: "https://Not Found" | CONFIDENCE: HIGH | TIME: 0ms | REASON: Resolved via readymade-fallback
[2026-08-06T23:29:20.641Z] COMPANY: "Gujarat Mineral Development Corporation Limited" | QUERIES: ["Gujarat Mineral Development Corporation Limited" official website] | CANDIDATES: [https://Not Found] | SELECTED: "https://Not Found" | CONFIDENCE: HIGH | TIME: 1ms | REASON: Resolved via readymade-fallback
[2026-08-06T23:29:27.406Z] COMPANY: "GMM Pfaudler Limited" | QUERIES: ["GMM Pfaudler Limited" official website] | CANDIDATES: [https://gmmpfaudler.com] | SELECTED: "https://gmmpfaudler.com" | CONFIDENCE: HIGH | TIME: 0ms | REASON: Resolved via readymade-fallback
[2026-08-06T23:29:40.321Z] COMPANY: "GMR AIRPORTS LIMITED" | QUERIES: ["GMR AIRPORTS LIMITED" official website] | CANDIDATES: [https://gmrairportslimited.com] | SELECTED: "https://gmrairportslimited.com" | CONFIDENCE: HIGH | TIME: 0ms | REASON: Resolved via readymade-fallback
[2026-08-06T23:29:49.546Z] COMPANY: "GMR Power and Urban Infra Limited" | QUERIES: ["GMR Power and Urban Infra Limited" official website] | CANDIDATES: [https://Not Found] | SELECTED: "https://Not Found" | CONFIDENCE: HIGH | TIME: 0ms | REASON: Resolved via readymade-fallback
[2026-08-06T23:29:55.554Z] COMPANY: "GNA Axles Limited" | QUERIES: ["GNA Axles Limited" official website] | CANDIDATES: [https://gnagroup.com] | SELECTED: "https://gnagroup.com" | CONFIDENCE: HIGH | TIME: 0ms | REASON: Resolved via readymade-fallback
[2026-08-06T23:30:03.651Z] COMPANY: "Gujarat Narmada Valley Fertilizers and Chemicals Limited" | QUERIES: ["Gujarat Narmada Valley Fertilizers and Chemicals Limited" official website] | CANDIDATES: [https://Not Found] | SELECTED: "https://Not Found" | CONFIDENCE: HIGH | TIME: 0ms | REASON: Resolved via readymade-fallback
[2026-08-06T23:30:11.848Z] COMPANY: "Gujarat Natural Resources Limited" | QUERIES: ["Gujarat Natural Resources Limited" official website] | CANDIDATES: [https://Not Found] | SELECTED: "https://Not Found" | CONFIDENCE: HIGH | TIME: 0ms | REASON: Resolved via readymade-fallback
[2026-08-06T23:30:19.079Z] COMPANY: "Goa Carbon Limited" | QUERIES: ["Goa Carbon Limited" official website] | CANDIDATES: [https://goacarbon.com] | SELECTED: "https://goacarbon.com" | CONFIDENCE: HIGH | TIME: 0ms | REASON: Resolved via readymade-fallback
[2026-08-06T23:34:24.323Z] COMPANY: "GOCL Corporation Limited" | QUERIES: ["GOCL Corporation Limited" official website] | CANDIDATES: [https://goclove.com] | SELECTED: "https://goclove.com" | CONFIDENCE: HIGH | TIME: 0ms | REASON: Resolved via readymade-fallback
[2026-08-06T23:34:45.359Z] COMPANY: "Go Fashion (India) Limited" | QUERIES: ["Go Fashion (India) Limited" official website] | CANDIDATES: [https://go-fashion.co] | SELECTED: "https://go-fashion.co" | CONFIDENCE: HIGH | TIME: 1ms | REASON: Resolved via readymade-fallback
[2026-08-06T23:34:56.427Z] COMPANY: "Godavari Biorefineries Limited" | QUERIES: ["Godavari Biorefineries Limited" official website] | CANDIDATES: [https://somaiya.com] | SELECTED: "https://somaiya.com" | CONFIDENCE: HIGH | TIME: 0ms | REASON: Resolved via readymade-fallback
[2026-08-06T23:34:56.731Z] COMPANY: "Godfrey Phillips India Limited" | QUERIES: ["Godfrey Phillips India Limited" official website] | CANDIDATES: [https://Not Found] | SELECTED: "https://Not Found" | CONFIDENCE: HIGH | TIME: 0ms | REASON: Resolved via readymade-fallback
[2026-08-06T23:35:01.208Z] COMPANY: "Go Digit General Insurance Limited" | QUERIES: ["Go Digit General Insurance Limited" official website] | CANDIDATES: [https://Not Found] | SELECTED: "https://Not Found" | CONFIDENCE: HIGH | TIME: 0ms | REASON: Resolved via readymade-fallback
[2026-08-06T23:35:07.344Z] COMPANY: "Godrej Agrovet Limited" | QUERIES: ["Godrej Agrovet Limited" official website] | CANDIDATES: [https://godrejagrovet.com] | SELECTED: "https://godrejagrovet.com" | CONFIDENCE: HIGH | TIME: 0ms | REASON: Resolved via readymade-fallback
[2026-08-06T23:35:07.554Z] COMPANY: "Godrej Consumer Products Limited" | QUERIES: ["Godrej Consumer Products Limited" official website] | CANDIDATES: [https://godrejcp.com] | SELECTED: "https://godrejcp.com" | CONFIDENCE: HIGH | TIME: 0ms | REASON: Resolved via readymade-fallback
[2026-08-06T23:35:07.763Z] COMPANY: "Godrej Industries Limited" | QUERIES: ["Godrej Industries Limited" official website] | CANDIDATES: [https://godrejchemicals.com] | SELECTED: "https://godrejchemicals.com" | CONFIDENCE: HIGH | TIME: 0ms | REASON: Resolved via readymade-fallback
[2026-08-06T23:35:08.085Z] COMPANY: "Godrej Properties Limited" | QUERIES: ["Godrej Properties Limited" official website] | CANDIDATES: [https://godrejproperties.com] | SELECTED: "https://godrejproperties.com" | CONFIDENCE: HIGH | TIME: 0ms | REASON: Resolved via readymade-fallback
[2026-08-06T23:35:08.264Z] COMPANY: "Gokaldas Exports Limited" | QUERIES: ["Gokaldas Exports Limited" official website] | CANDIDATES: [https://gokaldasexports.com] | SELECTED: "https://gokaldasexports.com" | CONFIDENCE: HIGH | TIME: 0ms | REASON: Resolved via readymade-fallback
[2026-08-06T23:35:08.886Z] COMPANY: "Gokul Refoils and Solvent Limited" | QUERIES: ["Gokul Refoils and Solvent Limited" official website] | CANDIDATES: [https://Not Found] | SELECTED: "https://Not Found" | CONFIDENCE: HIGH | TIME: 0ms | REASON: Resolved via readymade-fallback
[2026-08-06T23:35:16.009Z] COMPANY: "Gokul Agro Resources Limited" | QUERIES: ["Gokul Agro Resources Limited" official website] | CANDIDATES: [https://Not Found] | SELECTED: "https://Not Found" | CONFIDENCE: HIGH | TIME: 0ms | REASON: Resolved via readymade-fallback
[2026-08-06T23:35:24.137Z] COMPANY: "Golden Tobacco Limited" | QUERIES: ["Golden Tobacco Limited" official website] | CANDIDATES: [https://goldentobacco.in] | SELECTED: "https://goldentobacco.in" | CONFIDENCE: HIGH | TIME: 0ms | REASON: Resolved via readymade-fallback
[2026-08-06T23:35:32.950Z] COMPANY: "Goldiam International Limited" | QUERIES: ["Goldiam International Limited" official website] | CANDIDATES: [https://Not Found] | SELECTED: "https://Not Found" | CONFIDENCE: HIGH | TIME: 0ms | REASON: Resolved via readymade-fallback
[2026-08-06T23:35:40.227Z] COMPANY: "AION-TECH SOLUTIONS LIMITED" | QUERIES: ["AION-TECH SOLUTIONS LIMITED" official website] | CANDIDATES: [https://aiontech.es] | SELECTED: "https://aiontech.es" | CONFIDENCE: HIGH | TIME: 0ms | REASON: Resolved via readymade-fallback
[2026-08-06T23:35:54.281Z] COMPANY: "Goodluck India Limited" | QUERIES: ["Goodluck India Limited" official website] | CANDIDATES: [https://goodluckindia.com] | SELECTED: "https://goodluckindia.com" | CONFIDENCE: HIGH | TIME: 0ms | REASON: Resolved via readymade-fallback
[2026-08-06T23:35:58.327Z] COMPANY: "Goodyear India Limited" | QUERIES: ["Goodyear India Limited" official website] | CANDIDATES: [https://goodyear.com] | SELECTED: "https://goodyear.com" | CONFIDENCE: HIGH | TIME: 0ms | REASON: Resolved via readymade-fallback
[2026-08-06T23:35:59.082Z] COMPANY: "Gopal Snacks Limited" | QUERIES: ["Gopal Snacks Limited" official website] | CANDIDATES: [https://gopalnamkeen.com] | SELECTED: "https://gopalnamkeen.com" | CONFIDENCE: HIGH | TIME: 0ms | REASON: Resolved via readymade-fallback
[2026-08-06T23:36:00.979Z] COMPANY: "Goyal Aluminiums Limited" | QUERIES: ["Goyal Aluminiums Limited" official website] | CANDIDATES: [https://Not Found] | SELECTED: "https://Not Found" | CONFIDENCE: HIGH | TIME: 0ms | REASON: Resolved via readymade-fallback
[2026-08-06T23:36:09.209Z] COMPANY: "Godawari Power And Ispat limited" | QUERIES: ["Godawari Power And Ispat limited" official website] | CANDIDATES: [https://Not Found] | SELECTED: "https://Not Found" | CONFIDENCE: HIGH | TIME: 0ms | REASON: Resolved via readymade-fallback
[2026-08-06T23:36:14.045Z] COMPANY: "Gujarat Pipavav Port Limited" | QUERIES: ["Gujarat Pipavav Port Limited" official website] | CANDIDATES: [https://Not Found] | SELECTED: "https://Not Found" | CONFIDENCE: HIGH | TIME: 1ms | REASON: Resolved via readymade-fallback
[2026-08-06T23:36:20.113Z] COMPANY: "GPT Healthcare Limited" | QUERIES: ["GPT Healthcare Limited" official website] | CANDIDATES: [https://Not Found] | SELECTED: "https://Not Found" | CONFIDENCE: HIGH | TIME: 0ms | REASON: Resolved via readymade-fallback
[2026-08-06T23:36:25.999Z] COMPANY: "GPT Infraprojects Limited" | QUERIES: ["GPT Infraprojects Limited" official website] | CANDIDATES: [https://gptinfra.in] | SELECTED: "https://gptinfra.in" | CONFIDENCE: HIGH | TIME: 0ms | REASON: Resolved via readymade-fallback
[2026-08-06T23:36:26.263Z] COMPANY: "Gradiente Infotainment Limited" | QUERIES: ["Gradiente Infotainment Limited" official website] | CANDIDATES: [https://gradienteinfotainment.com] | SELECTED: "https://gradienteinfotainment.com" | CONFIDENCE: HIGH | TIME: 1ms | REASON: Resolved via readymade-fallback
[2026-08-06T23:36:26.689Z] COMPANY: "Grand Oak Canyons Distillery Limited" | QUERIES: ["Grand Oak Canyons Distillery Limited" official website] | CANDIDATES: [https://Not Found] | SELECTED: "https://Not Found" | CONFIDENCE: HIGH | TIME: 0ms | REASON: Resolved via readymade-fallback
[2026-08-06T23:36:34.701Z] COMPANY: "Granules India Limited" | QUERIES: ["Granules India Limited" official website] | CANDIDATES: [https://granulesindia.com] | SELECTED: "https://granulesindia.com" | CONFIDENCE: HIGH | TIME: 0ms | REASON: Resolved via readymade-fallback
[2026-08-06T23:36:51.231Z] COMPANY: "Graphite India Limited" | QUERIES: ["Graphite India Limited" official website] | CANDIDATES: [https://graphite.com] | SELECTED: "https://graphite.com" | CONFIDENCE: HIGH | TIME: 0ms | REASON: Resolved via readymade-fallback
[2026-08-06T23:37:01.302Z] COMPANY: "Grasim Industries Limited" | QUERIES: ["Grasim Industries Limited" official website] | CANDIDATES: [https://grasim.com] | SELECTED: "https://grasim.com" | CONFIDENCE: HIGH | TIME: 1ms | REASON: Resolved via readymade-fallback
[2026-08-06T23:37:09.373Z] COMPANY: "Grauer & Weil India Limited" | QUERIES: ["Grauer & Weil India Limited" official website] | CANDIDATES: [https://growel.com] | SELECTED: "https://growel.com" | CONFIDENCE: HIGH | TIME: 0ms | REASON: Resolved via readymade-fallback
[2026-08-06T23:37:11.816Z] COMPANY: "Graviss Hospitality Limited" | QUERIES: ["Graviss Hospitality Limited" official website] | CANDIDATES: [https://Not Found] | SELECTED: "https://Not Found" | CONFIDENCE: HIGH | TIME: 0ms | REASON: Resolved via readymade-fallback
[2026-08-06T23:37:16.610Z] COMPANY: "Gravita India Limited" | QUERIES: ["Gravita India Limited" official website] | CANDIDATES: [https://gravitate.ai] | SELECTED: "https://gravitate.ai" | CONFIDENCE: HIGH | TIME: 0ms | REASON: Resolved via readymade-fallback
[2026-08-06T23:37:28.911Z] COMPANY: "Greaves Cotton Limited" | QUERIES: ["Greaves Cotton Limited" official website] | CANDIDATES: [https://greavescotton.com] | SELECTED: "https://greavescotton.com" | CONFIDENCE: HIGH | TIME: 0ms | REASON: Resolved via readymade-fallback
[2026-08-06T23:37:54.249Z] COMPANY: "Greenlam Industries Limited" | QUERIES: ["Greenlam Industries Limited" official website] | CANDIDATES: [https://greenlamindustries.com] | SELECTED: "https://greenlamindustries.com" | CONFIDENCE: HIGH | TIME: 0ms | REASON: Resolved via readymade-fallback
[2026-08-06T23:38:21.232Z] COMPANY: "Greenpanel Industries Limited" | QUERIES: ["Greenpanel Industries Limited" official website] | CANDIDATES: [https://Not Found] | SELECTED: "https://Not Found" | CONFIDENCE: HIGH | TIME: 0ms | REASON: Resolved via readymade-fallback
[2026-08-06T23:38:27.948Z] COMPANY: "Greenply Industries Limited" | QUERIES: ["Greenply Industries Limited" official website] | CANDIDATES: [https://Not Found] | SELECTED: "https://Not Found" | CONFIDENCE: HIGH | TIME: 0ms | REASON: Resolved via readymade-fallback
[2026-08-06T23:38:35.429Z] COMPANY: "Orient Green Power Company Limited" | QUERIES: ["Orient Green Power Company Limited" official website] | CANDIDATES: [https://Not Found] | SELECTED: "https://Not Found" | CONFIDENCE: HIGH | TIME: 1ms | REASON: Resolved via readymade-fallback
[2026-08-06T23:38:43.635Z] COMPANY: "Grindwell Norton Limited" | QUERIES: ["Grindwell Norton Limited" official website] | CANDIDATES: [https://Not Found] | SELECTED: "https://Not Found" | CONFIDENCE: HIGH | TIME: 0ms | REASON: Resolved via readymade-fallback
[2026-08-06T23:38:51.543Z] COMPANY: "G R Infraprojects Limited" | QUERIES: ["G R Infraprojects Limited" official website] | CANDIDATES: [https://grinfra.com] | SELECTED: "https://grinfra.com" | CONFIDENCE: HIGH | TIME: 0ms | REASON: Resolved via readymade-fallback
[2026-08-06T23:38:54.716Z] COMPANY: "GRM Overseas Limited" | QUERIES: ["GRM Overseas Limited" official website] | CANDIDATES: [https://Not Found] | SELECTED: "https://Not Found" | CONFIDENCE: HIGH | TIME: 0ms | REASON: Resolved via readymade-fallback
[2026-08-06T23:38:59.237Z] COMPANY: "The Grob Tea Company Limited" | QUERIES: ["The Grob Tea Company Limited" official website] | CANDIDATES: [https://Not Found] | SELECTED: "https://Not Found" | CONFIDENCE: HIGH | TIME: 0ms | REASON: Resolved via readymade-fallback
[2026-08-06T23:39:07.189Z] COMPANY: "Billionbrains Garage Ventures Limited" | QUERIES: ["Billionbrains Garage Ventures Limited" official website] | CANDIDATES: [https://Not Found] | SELECTED: "https://Not Found" | CONFIDENCE: HIGH | TIME: 0ms | REASON: Resolved via readymade-fallback
[2026-08-06T23:39:15.262Z] COMPANY: "GRP Limited" | QUERIES: ["GRP Limited" official website] | CANDIDATES: [https://grp.com.sg] | SELECTED: "https://grp.com.sg" | CONFIDENCE: HIGH | TIME: 0ms | REASON: Resolved via readymade-fallback
[2026-08-06T23:39:26.320Z] COMPANY: "Garden Reach Shipbuilders & Engineers Limited" | QUERIES: ["Garden Reach Shipbuilders & Engineers Limited" official website] | CANDIDATES: [https://grse.in] | SELECTED: "https://grse.in" | CONFIDENCE: HIGH | TIME: 0ms | REASON: Resolved via readymade-fallback
[2026-08-06T23:39:40.069Z] COMPANY: "Garware Hi-Tech Films Limited" | QUERIES: ["Garware Hi-Tech Films Limited" official website] | CANDIDATES: [https://garwarehitechfilms.com] | SELECTED: "https://garwarehitechfilms.com" | CONFIDENCE: HIGH | TIME: 0ms | REASON: Resolved via readymade-fallback
[2026-08-06T23:39:41.972Z] COMPANY: "Gujarat State Fertilizers & Chemicals Limited" | QUERIES: ["Gujarat State Fertilizers & Chemicals Limited" official website] | CANDIDATES: [https://gsfclimited.com] | SELECTED: "https://gsfclimited.com" | CONFIDENCE: HIGH | TIME: 0ms | REASON: Resolved via readymade-fallback
[2026-08-06T23:39:45.315Z] COMPANY: "Global Surfaces Limited" | QUERIES: ["Global Surfaces Limited" official website] | CANDIDATES: [https://globalsurfaces.in] | SELECTED: "https://globalsurfaces.in" | CONFIDENCE: HIGH | TIME: 0ms | REASON: Resolved via readymade-fallback
[2026-08-06T23:40:00.997Z] COMPANY: "GSP Crop Science Limited" | QUERIES: ["GSP Crop Science Limited" official website] | CANDIDATES: [https://gspcrop.in] | SELECTED: "https://gspcrop.in" | CONFIDENCE: HIGH | TIME: 1ms | REASON: Resolved via readymade-fallback
[2026-08-06T23:40:09.843Z] COMPANY: "GSS Infotech Limited" | QUERIES: ["GSS Infotech Limited" official website] | CANDIDATES: [https://gssinfotech.com] | SELECTED: "https://gssinfotech.com" | CONFIDENCE: HIGH | TIME: 0ms | REASON: Resolved via readymade-fallback
[2026-08-06T23:40:23.641Z] COMPANY: "G-TEC JAINX EDUCATION LIMITED" | QUERIES: ["G-TEC JAINX EDUCATION LIMITED" official website] | CANDIDATES: [https://Not Found] | SELECTED: "https://Not Found" | CONFIDENCE: HIGH | TIME: 0ms | REASON: Resolved via readymade-fallback
[2026-08-06T23:40:28.234Z] COMPANY: "GTL Limited" | QUERIES: ["GTL Limited" official website] | CANDIDATES: [https://gtllimited.com] | SELECTED: "https://gtllimited.com" | CONFIDENCE: HIGH | TIME: 0ms | REASON: Resolved via readymade-fallback
[2026-08-06T23:42:50.493Z] COMPANY: "GTL Infrastructure Limited" | QUERIES: ["GTL Infrastructure Limited" official website] | CANDIDATES: [https://gtlinfra.com] | SELECTED: "https://gtlinfra.com" | CONFIDENCE: HIGH | TIME: 1ms | REASON: Resolved via readymade-fallback
[2026-08-06T23:42:51.737Z] COMPANY: "GTPL Hathway Limited" | QUERIES: ["GTPL Hathway Limited" official website] | CANDIDATES: [https://gtpl.net] | SELECTED: "https://gtpl.net" | CONFIDENCE: HIGH | TIME: 1ms | REASON: Resolved via readymade-fallback
[2026-08-06T23:42:59.904Z] COMPANY: "Gufic Biosciences Limited" | QUERIES: ["Gufic Biosciences Limited" official website] | CANDIDATES: [https://Not Found] | SELECTED: "https://Not Found" | CONFIDENCE: HIGH | TIME: 0ms | REASON: Resolved via readymade-fallback
[2026-08-06T23:43:06.013Z] COMPANY: "Gujarat Alkalies and Chemicals Limited" | QUERIES: ["Gujarat Alkalies and Chemicals Limited" official website] | CANDIDATES: [https://gacl.com] | SELECTED: "https://gacl.com" | CONFIDENCE: HIGH | TIME: 0ms | REASON: Resolved via readymade-fallback
[2026-08-06T23:47:14.234Z] COMPANY: "Gujarat Apollo Industries Limited" | QUERIES: ["Gujarat Apollo Industries Limited" official website] | CANDIDATES: [https://Not Found] | SELECTED: "https://Not Found" | CONFIDENCE: HIGH | TIME: 0ms | REASON: Resolved via readymade-fallback
[2026-08-06T23:47:21.607Z] COMPANY: "GUJARAT ENERGY LIMITED" | QUERIES: ["GUJARAT ENERGY LIMITED" official website] | CANDIDATES: [https://getri.org] | SELECTED: "https://getri.org" | CONFIDENCE: HIGH | TIME: 0ms | REASON: Resolved via readymade-fallback
[2026-08-06T23:47:22.388Z] COMPANY: "Gujarat Raffia Industries Limited" | QUERIES: ["Gujarat Raffia Industries Limited" official website] | CANDIDATES: [https://Not Found] | SELECTED: "https://Not Found" | CONFIDENCE: HIGH | TIME: 0ms | REASON: Resolved via readymade-fallback
[2026-08-06T23:47:29.527Z] COMPANY: "Gujarat Themis Biosyn Limited" | QUERIES: ["Gujarat Themis Biosyn Limited" official website] | CANDIDATES: [https://Not Found] | SELECTED: "https://Not Found" | CONFIDENCE: HIGH | TIME: 0ms | REASON: Resolved via readymade-fallback
[2026-08-06T23:47:36.395Z] COMPANY: "Gulf Oil Lubricants India Limited" | QUERIES: ["Gulf Oil Lubricants India Limited" official website] | CANDIDATES: [https://gulfoilindonesia.com] | SELECTED: "https://gulfoilindonesia.com" | CONFIDENCE: HIGH | TIME: 0ms | REASON: Resolved via readymade-fallback
[2026-08-06T23:49:53.673Z] COMPANY: "GP Petroleums Limited" | QUERIES: ["GP Petroleums Limited" official website] | CANDIDATES: [https://gppetroleums.co.in] | SELECTED: "https://gppetroleums.co.in" | CONFIDENCE: HIGH | TIME: 0ms | REASON: Resolved via readymade-fallback
[2026-08-06T23:50:05.447Z] COMPANY: "Gulshan Polyols Limited" | QUERIES: ["Gulshan Polyols Limited" official website] | CANDIDATES: [https://gulshanindia.com] | SELECTED: "https://gulshanindia.com" | CONFIDENCE: HIGH | TIME: 0ms | REASON: Resolved via readymade-fallback
[2026-08-06T23:50:11.649Z] COMPANY: "GVK Power & Infrastructure Limited" | QUERIES: ["GVK Power & Infrastructure Limited" official website] | CANDIDATES: [https://Not Found] | SELECTED: "https://Not Found" | CONFIDENCE: HIGH | TIME: 0ms | REASON: Resolved via readymade-fallback
[2026-08-06T23:50:18.942Z] COMPANY: "GE Power India Limited" | QUERIES: ["GE Power India Limited" official website] | CANDIDATES: [https://gepowercord.com] | SELECTED: "https://gepowercord.com" | CONFIDENCE: HIGH | TIME: 0ms | REASON: Resolved via readymade-fallback
[2026-08-06T23:50:40.627Z] COMPANY: "GVP Infotech Limited" | QUERIES: ["GVP Infotech Limited" official website] | CANDIDATES: [https://Not Found] | SELECTED: "https://Not Found" | CONFIDENCE: HIGH | TIME: 0ms | REASON: Resolved via readymade-fallback
[2026-08-06T23:50:48.824Z] COMPANY: "GE Vernova T&D India Limited" | QUERIES: ["GE Vernova T&D India Limited" official website] | CANDIDATES: [https://Not Found] | SELECTED: "https://Not Found" | CONFIDENCE: HIGH | TIME: 0ms | REASON: Resolved via readymade-fallback
[2026-08-06T23:50:55.749Z] COMPANY: "Gyftr Limited" | QUERIES: ["Gyftr Limited" official website] | CANDIDATES: [https://gyftr.com] | SELECTED: "https://gyftr.com" | CONFIDENCE: HIGH | TIME: 0ms | REASON: Resolved via readymade-fallback
[2026-08-06T23:50:56.654Z] COMPANY: "Hindustan Aeronautics Limited" | QUERIES: ["Hindustan Aeronautics Limited" official website] | CANDIDATES: [https://hal-india.co.in] | SELECTED: "https://hal-india.co.in" | CONFIDENCE: HIGH | TIME: 1ms | REASON: Resolved via readymade-fallback
[2026-08-06T23:51:05.397Z] COMPANY: "Halder Venture Limited" | QUERIES: ["Halder Venture Limited" official website] | CANDIDATES: [https://halderventure.in] | SELECTED: "https://halderventure.in" | CONFIDENCE: HIGH | TIME: 0ms | REASON: Resolved via readymade-fallback
[2026-08-06T23:51:09.103Z] COMPANY: "Haldyn Glass Limited" | QUERIES: ["Haldyn Glass Limited" official website] | CANDIDATES: [https://Not Found] | SELECTED: "https://Not Found" | CONFIDENCE: HIGH | TIME: 0ms | REASON: Resolved via readymade-fallback
[2026-08-06T23:51:16.967Z] COMPANY: "HALEOS LABS LIMITED" | QUERIES: ["HALEOS LABS LIMITED" official website] | CANDIDATES: [https://Not Found] | SELECTED: "https://Not Found" | CONFIDENCE: HIGH | TIME: 0ms | REASON: Resolved via readymade-fallback
[2026-08-06T23:51:22.832Z] COMPANY: "Happiest Minds Technologies Limited" | QUERIES: ["Happiest Minds Technologies Limited" official website] | CANDIDATES: [https://happiestminds.com] | SELECTED: "https://happiestminds.com" | CONFIDENCE: HIGH | TIME: 0ms | REASON: Resolved via readymade-fallback
[2026-08-06T23:51:24.170Z] COMPANY: "Happy Forgings Limited" | QUERIES: ["Happy Forgings Limited" official website] | CANDIDATES: [https://happyforgingsltd.com] | SELECTED: "https://happyforgingsltd.com" | CONFIDENCE: HIGH | TIME: 0ms | REASON: Resolved via readymade-fallback
[2026-08-06T23:51:35.107Z] COMPANY: "Hardwyn India Limited" | QUERIES: ["Hardwyn India Limited" official website] | CANDIDATES: [https://hardwyn.com] | SELECTED: "https://hardwyn.com" | CONFIDENCE: HIGH | TIME: 0ms | REASON: Resolved via readymade-fallback
[2026-08-06T23:53:57.516Z] COMPANY: "Hariom Pipe Industries Limited" | QUERIES: ["Hariom Pipe Industries Limited" official website] | CANDIDATES: [https://hariompipes.com] | SELECTED: "https://hariompipes.com" | CONFIDENCE: HIGH | TIME: 0ms | REASON: Resolved via readymade-fallback
[2026-08-06T23:54:02.682Z] COMPANY: "Harrisons  Malayalam Limited" | QUERIES: ["Harrisons  Malayalam Limited" official website] | CANDIDATES: [https://harrisonsmalayalam.com] | SELECTED: "https://harrisonsmalayalam.com" | CONFIDENCE: HIGH | TIME: 0ms | REASON: Resolved via readymade-fallback
[2026-08-06T23:54:05.286Z] COMPANY: "Harsha Engineers International Limited" | QUERIES: ["Harsha Engineers International Limited" official website] | CANDIDATES: [https://Not Found] | SELECTED: "https://Not Found" | CONFIDENCE: HIGH | TIME: 0ms | REASON: Resolved via readymade-fallback
[2026-08-06T23:54:11.836Z] COMPANY: "Hathway Cable & Datacom Limited" | QUERIES: ["Hathway Cable & Datacom Limited" official website] | CANDIDATES: [https://Not Found] | SELECTED: "https://Not Found" | CONFIDENCE: HIGH | TIME: 0ms | REASON: Resolved via readymade-fallback
[2026-08-06T23:54:19.085Z] COMPANY: "Hatsun Agro Product Limited" | QUERIES: ["Hatsun Agro Product Limited" official website] | CANDIDATES: [https://hap.in] | SELECTED: "https://hap.in" | CONFIDENCE: HIGH | TIME: 0ms | REASON: Resolved via readymade-fallback
[2026-08-06T23:54:22.053Z] COMPANY: "Havells India Limited" | QUERIES: ["Havells India Limited" official website] | CANDIDATES: [https://havells.com] | SELECTED: "https://havells.com" | CONFIDENCE: HIGH | TIME: 0ms | REASON: Resolved via readymade-fallback
[2026-08-06T23:54:35.965Z] COMPANY: "Sri Havisha Hospitality and Infrastructure Limited" | QUERIES: ["Sri Havisha Hospitality and Infrastructure Limited" official website] | CANDIDATES: [https://Not Found] | SELECTED: "https://Not Found" | CONFIDENCE: HIGH | TIME: 1ms | REASON: Resolved via readymade-fallback
[2026-08-06T23:54:42.943Z] COMPANY: "Hawkins Cookers Limited" | QUERIES: ["Hawkins Cookers Limited" official website] | CANDIDATES: [https://hawkinscookers.com] | SELECTED: "https://hawkinscookers.com" | CONFIDENCE: HIGH | TIME: 0ms | REASON: Resolved via readymade-fallback
[2026-08-06T23:54:51.532Z] COMPANY: "HB Estate Developers Limited" | QUERIES: ["HB Estate Developers Limited" official website] | CANDIDATES: [https://Not Found] | SELECTED: "https://Not Found" | CONFIDENCE: HIGH | TIME: 0ms | REASON: Resolved via readymade-fallback
[2026-08-06T23:54:58.143Z] COMPANY: "HBL Engineering Limited" | QUERIES: ["HBL Engineering Limited" official website] | CANDIDATES: [https://Not Found] | SELECTED: "https://Not Found" | CONFIDENCE: HIGH | TIME: 0ms | REASON: Resolved via readymade-fallback
[2026-08-06T23:55:03.690Z] COMPANY: "HB Stockholdings Limited" | QUERIES: ["HB Stockholdings Limited" official website] | CANDIDATES: [https://Not Found] | SELECTED: "https://Not Found" | CONFIDENCE: HIGH | TIME: 0ms | REASON: Resolved via readymade-fallback
[2026-08-06T23:55:10.988Z] COMPANY: "Hindustan Construction Company Limited" | QUERIES: ["Hindustan Construction Company Limited" official website] | CANDIDATES: [https://hcpl.in] | SELECTED: "https://hcpl.in" | CONFIDENCE: HIGH | TIME: 0ms | REASON: Resolved via readymade-fallback
[2026-08-06T23:55:21.938Z] COMPANY: "Healthcare Global Enterprises Limited" | QUERIES: ["Healthcare Global Enterprises Limited" official website] | CANDIDATES: [https://hcgoncology.com] | SELECTED: "https://hcgoncology.com" | CONFIDENCE: HIGH | TIME: 0ms | REASON: Resolved via readymade-fallback
[2026-08-06T23:55:35.919Z] COMPANY: "HCL Infosystems Limited" | QUERIES: ["HCL Infosystems Limited" official website] | CANDIDATES: [https://hclinfosystems.in] | SELECTED: "https://hclinfosystems.in" | CONFIDENCE: HIGH | TIME: 0ms | REASON: Resolved via readymade-fallback
[2026-08-06T23:55:58.720Z] COMPANY: "HCL Technologies Limited" | QUERIES: ["HCL Technologies Limited" official website] | CANDIDATES: [https://hclib.org] | SELECTED: "https://hclib.org" | CONFIDENCE: HIGH | TIME: 0ms | REASON: Resolved via readymade-fallback
[2026-08-06T23:56:02.135Z] COMPANY: "HDB Financial Services Limited" | QUERIES: ["HDB Financial Services Limited" official website] | CANDIDATES: [https://hdbfs.com] | SELECTED: "https://hdbfs.com" | CONFIDENCE: HIGH | TIME: 1ms | REASON: Resolved via readymade-fallback
[2026-08-06T23:56:04.345Z] COMPANY: "HDFC Asset Management Company Limited" | QUERIES: ["HDFC Asset Management Company Limited" official website] | CANDIDATES: [https://Not Found] | SELECTED: "https://Not Found" | CONFIDENCE: HIGH | TIME: 0ms | REASON: Resolved via readymade-fallback
[2026-08-06T23:56:09.993Z] COMPANY: "HDFC Bank Limited" | QUERIES: ["HDFC Bank Limited" official website] | CANDIDATES: [https://hdfcbank.com] | SELECTED: "https://hdfcbank.com" | CONFIDENCE: HIGH | TIME: 0ms | REASON: Resolved via readymade-fallback
[2026-08-06T23:56:24.020Z] COMPANY: "HDFC Life Insurance Company Limited" | QUERIES: ["HDFC Life Insurance Company Limited" official website] | CANDIDATES: [https://Not Found] | SELECTED: "https://Not Found" | CONFIDENCE: HIGH | TIME: 0ms | REASON: Resolved via readymade-fallback
[2026-08-06T23:56:29.156Z] COMPANY: "Housing Development and Infrastructure Limited" | QUERIES: ["Housing Development and Infrastructure Limited" official website] | CANDIDATES: [https://Not Found] | SELECTED: "https://Not Found" | CONFIDENCE: HIGH | TIME: 0ms | REASON: Resolved via readymade-fallback
[2026-08-06T23:56:35.854Z] COMPANY: "Heads UP Ventures Limited" | QUERIES: ["Heads UP Ventures Limited" official website] | CANDIDATES: [https://Not Found] | SELECTED: "https://Not Found" | CONFIDENCE: HIGH | TIME: 0ms | REASON: Resolved via readymade-fallback
[2026-08-06T23:56:40.596Z] COMPANY: "Health X Platform Limited" | QUERIES: ["Health X Platform Limited" official website] | CANDIDATES: [https://Not Found] | SELECTED: "https://Not Found" | CONFIDENCE: HIGH | TIME: 0ms | REASON: Resolved via readymade-fallback
[2026-08-06T23:56:47.399Z] COMPANY: "HEC Infra Projects Limited" | QUERIES: ["HEC Infra Projects Limited" official website] | CANDIDATES: [https://hecprojects.in] | SELECTED: "https://hecprojects.in" | CONFIDENCE: HIGH | TIME: 0ms | REASON: Resolved via readymade-fallback
[2026-08-06T23:59:06.783Z] COMPANY: "HEG Limited" | QUERIES: ["HEG Limited" official website] | CANDIDATES: [https://hegltd.com] | SELECTED: "https://hegltd.com" | CONFIDENCE: HIGH | TIME: 0ms | REASON: Resolved via readymade-fallback
[2026-08-06T23:59:07.071Z] COMPANY: "HeidelbergCement India Limited" | QUERIES: ["HeidelbergCement India Limited" official website] | CANDIDATES: [https://mycemco.com] | SELECTED: "https://mycemco.com" | CONFIDENCE: HIGH | TIME: 0ms | REASON: Resolved via readymade-fallback
[2026-08-06T23:59:14.870Z] COMPANY: "Hemisphere Properties India Limited" | QUERIES: ["Hemisphere Properties India Limited" official website] | CANDIDATES: [https://Not Found] | SELECTED: "https://Not Found" | CONFIDENCE: HIGH | TIME: 0ms | REASON: Resolved via readymade-fallback
[2026-08-06T23:59:20.518Z] COMPANY: "Heranba Industries Limited" | QUERIES: ["Heranba Industries Limited" official website] | CANDIDATES: [https://heranba.co.in] | SELECTED: "https://heranba.co.in" | CONFIDENCE: HIGH | TIME: 0ms | REASON: Resolved via readymade-fallback
[2026-08-06T23:59:35.140Z] COMPANY: "Heritage Foods Limited" | QUERIES: ["Heritage Foods Limited" official website] | CANDIDATES: [https://heritagefresh.in] | SELECTED: "https://heritagefresh.in" | CONFIDENCE: HIGH | TIME: 1ms | REASON: Resolved via readymade-fallback
[2026-08-06T23:59:36.129Z] COMPANY: "Hero MotoCorp Limited" | QUERIES: ["Hero MotoCorp Limited" official website] | CANDIDATES: [https://heromotocorp.com] | SELECTED: "https://heromotocorp.com" | CONFIDENCE: HIGH | TIME: 0ms | REASON: Resolved via readymade-fallback
[2026-08-06T23:59:46.911Z] COMPANY: "Hester Biosciences Limited" | QUERIES: ["Hester Biosciences Limited" official website] | CANDIDATES: [https://hester.in] | SELECTED: "https://hester.in" | CONFIDENCE: HIGH | TIME: 0ms | REASON: Resolved via readymade-fallback
[2026-08-06T23:59:49.528Z] COMPANY: "Hexagon Nutrition Limited" | QUERIES: ["Hexagon Nutrition Limited" official website] | CANDIDATES: [https://hexagonnutrition.com] | SELECTED: "https://hexagonnutrition.com" | CONFIDENCE: HIGH | TIME: 0ms | REASON: Resolved via readymade-fallback
[2026-08-07T00:00:07.327Z] COMPANY: "Hexa Tradex Limited" | QUERIES: ["Hexa Tradex Limited" official website] | CANDIDATES: [https://hexatradex.com] | SELECTED: "https://hexatradex.com" | CONFIDENCE: HIGH | TIME: 0ms | REASON: Resolved via readymade-fallback
[2026-08-07T00:00:16.819Z] COMPANY: "Hexaware Technologies Limited" | QUERIES: ["Hexaware Technologies Limited" official website] | CANDIDATES: [https://hexaware.com] | SELECTED: "https://hexaware.com" | CONFIDENCE: HIGH | TIME: 1ms | REASON: Resolved via readymade-fallback
[2026-08-07T00:00:25.412Z] COMPANY: "HFCL Limited" | QUERIES: ["HFCL Limited" official website] | CANDIDATES: [https://hfcl.com] | SELECTED: "https://hfcl.com" | CONFIDENCE: HIGH | TIME: 1ms | REASON: Resolved via readymade-fallback
[2026-08-07T00:00:38.118Z] COMPANY: "H.G. Infra Engineering Limited" | QUERIES: ["H.G. Infra Engineering Limited" official website] | CANDIDATES: [https://hginfra.com] | SELECTED: "https://hginfra.com" | CONFIDENCE: HIGH | TIME: 0ms | REASON: Resolved via readymade-fallback
[2026-08-07T00:00:50.467Z] COMPANY: "HandsOn Global Management (HGM) Limited" | QUERIES: ["HandsOn Global Management (HGM) Limited" official website] | CANDIDATES: [https://Not Found] | SELECTED: "https://Not Found" | CONFIDENCE: HIGH | TIME: 0ms | REASON: Resolved via readymade-fallback
[2026-08-07T00:00:56.540Z] COMPANY: "Hinduja Global Solutions Limited" | QUERIES: ["Hinduja Global Solutions Limited" official website] | CANDIDATES: [https://Not Found] | SELECTED: "https://Not Found" | CONFIDENCE: HIGH | TIME: 0ms | REASON: Resolved via readymade-fallback
[2026-08-07T00:01:02.925Z] COMPANY: "Hikal Limited" | QUERIES: ["Hikal Limited" official website] | CANDIDATES: [https://hikal.com] | SELECTED: "https://hikal.com" | CONFIDENCE: HIGH | TIME: 0ms | REASON: Resolved via readymade-fallback
[2026-08-07T00:01:13.924Z] COMPANY: "Highway Infrastructure Limited" | QUERIES: ["Highway Infrastructure Limited" official website] | CANDIDATES: [https://highwayinfrastructure.in] | SELECTED: "https://highwayinfrastructure.in" | CONFIDENCE: HIGH | TIME: 0ms | REASON: Resolved via readymade-fallback
[2026-08-07T00:01:28.169Z] COMPANY: "Hilton Metal Forging Limited" | QUERIES: ["Hilton Metal Forging Limited" official website] | CANDIDATES: [https://hiltonmetal.com] | SELECTED: "https://hiltonmetal.com" | CONFIDENCE: HIGH | TIME: 0ms | REASON: Resolved via readymade-fallback
[2026-08-07T00:05:33.280Z] COMPANY: "Himatsingka Seide Limited" | QUERIES: ["Himatsingka Seide Limited" official website] | CANDIDATES: [https://Not Found] | SELECTED: "https://Not Found" | CONFIDENCE: HIGH | TIME: 1ms | REASON: Resolved via readymade-fallback
[2026-08-07T00:05:39.063Z] COMPANY: "Hindalco Industries Limited" | QUERIES: ["Hindalco Industries Limited" official website] | CANDIDATES: [https://hindalco.com] | SELECTED: "https://hindalco.com" | CONFIDENCE: HIGH | TIME: 0ms | REASON: Resolved via readymade-fallback
[2026-08-07T00:05:51.815Z] COMPANY: "Hindustan Composites Limited" | QUERIES: ["Hindustan Composites Limited" official website] | CANDIDATES: [https://hindcompo.com] | SELECTED: "https://hindcompo.com" | CONFIDENCE: HIGH | TIME: 0ms | REASON: Resolved via readymade-fallback
[2026-08-07T00:06:01.898Z] COMPANY: "Hindcon Chemicals Limited" | QUERIES: ["Hindcon Chemicals Limited" official website] | CANDIDATES: [https://hindcon.com] | SELECTED: "https://hindcon.com" | CONFIDENCE: HIGH | TIME: 0ms | REASON: Resolved via readymade-fallback
[2026-08-07T00:08:20.570Z] COMPANY: "Hindustan Copper Limited" | QUERIES: ["Hindustan Copper Limited" official website] | CANDIDATES: [https://hindustancopper.com] | SELECTED: "https://hindustancopper.com" | CONFIDENCE: HIGH | TIME: 0ms | REASON: Resolved via readymade-fallback
[2026-08-07T00:08:21.654Z] COMPANY: "Hindustan Oil Exploration Company Limited" | QUERIES: ["Hindustan Oil Exploration Company Limited" official website] | CANDIDATES: [https://Not Found] | SELECTED: "https://Not Found" | CONFIDENCE: HIGH | TIME: 0ms | REASON: Resolved via readymade-fallback
[2026-08-07T00:08:28.642Z] COMPANY: "Hindustan Petroleum Corporation Limited" | QUERIES: ["Hindustan Petroleum Corporation Limited" official website] | CANDIDATES: [https://hindustanpetroleum.com] | SELECTED: "https://hindustanpetroleum.com" | CONFIDENCE: HIGH | TIME: 0ms | REASON: Resolved via readymade-fallback
[2026-08-07T00:08:29.151Z] COMPANY: "Hindustan Unilever Limited" | QUERIES: ["Hindustan Unilever Limited" official website] | CANDIDATES: [https://Not Found] | SELECTED: "https://Not Found" | CONFIDENCE: HIGH | TIME: 0ms | REASON: Resolved via readymade-fallback
[2026-08-07T00:08:34.890Z] COMPANY: "Hindware Home Innovation Limited" | QUERIES: ["Hindware Home Innovation Limited" official website] | CANDIDATES: [https://Not Found] | SELECTED: "https://Not Found" | CONFIDENCE: HIGH | TIME: 0ms | REASON: Resolved via readymade-fallback
[2026-08-07T00:08:40.199Z] COMPANY: "Hindustan Zinc Limited" | QUERIES: ["Hindustan Zinc Limited" official website] | CANDIDATES: [https://hzlindia.com] | SELECTED: "https://hzlindia.com" | CONFIDENCE: HIGH | TIME: 0ms | REASON: Resolved via readymade-fallback
[2026-08-07T00:08:51.982Z] COMPANY: "Hind Rectifiers Limited" | QUERIES: ["Hind Rectifiers Limited" official website] | CANDIDATES: [https://hirect.com] | SELECTED: "https://hirect.com" | CONFIDENCE: HIGH | TIME: 0ms | REASON: Resolved via readymade-fallback
[2026-08-07T00:08:55.323Z] COMPANY: "Hisar Metal Industries Limited" | QUERIES: ["Hisar Metal Industries Limited" official website] | CANDIDATES: [https://hisarmetal.com] | SELECTED: "https://hisarmetal.com" | CONFIDENCE: HIGH | TIME: 0ms | REASON: Resolved via readymade-fallback
[2026-08-07T00:09:07.271Z] COMPANY: "Hi-Tech Pipes Limited" | QUERIES: ["Hi-Tech Pipes Limited" official website] | CANDIDATES: [https://hitechpipes.in] | SELECTED: "https://hitechpipes.in" | CONFIDENCE: HIGH | TIME: 0ms | REASON: Resolved via readymade-fallback
[2026-08-07T00:11:29.975Z] COMPANY: "Hitech Corporation Limited" | QUERIES: ["Hitech Corporation Limited" official website] | CANDIDATES: [https://htzone.co.il] | SELECTED: "https://htzone.co.il" | CONFIDENCE: HIGH | TIME: 0ms | REASON: Resolved via readymade-fallback
[2026-08-07T00:11:35.180Z] COMPANY: "The Hi-Tech Gears Limited" | QUERIES: ["The Hi-Tech Gears Limited" official website] | CANDIDATES: [https://thehitechgears.com] | SELECTED: "https://thehitechgears.com" | CONFIDENCE: HIGH | TIME: 0ms | REASON: Resolved via readymade-fallback
[2026-08-07T00:11:36.205Z] COMPANY: "HLE Glascoat Limited" | QUERIES: ["HLE Glascoat Limited" official website] | CANDIDATES: [https://hleglascoat.com] | SELECTED: "https://hleglascoat.com" | CONFIDENCE: HIGH | TIME: 0ms | REASON: Resolved via readymade-fallback
[2026-08-07T00:11:43.374Z] COMPANY: "HLV LIMITED" | QUERIES: ["HLV LIMITED" official website] | CANDIDATES: [https://hlv.de] | SELECTED: "https://hlv.de" | CONFIDENCE: HIGH | TIME: 0ms | REASON: Resolved via readymade-fallback
[2026-08-07T00:11:57.240Z] COMPANY: "HMA Agro Industries Limited" | QUERIES: ["HMA Agro Industries Limited" official website] | CANDIDATES: [https://hmagroup.co] | SELECTED: "https://hmagroup.co" | CONFIDENCE: HIGH | TIME: 0ms | REASON: Resolved via readymade-fallback
[2026-08-07T00:11:59.247Z] COMPANY: "HMT Limited" | QUERIES: ["HMT Limited" official website] | CANDIDATES: [https://hmtvlive.com] | SELECTED: "https://hmtvlive.com" | CONFIDENCE: HIGH | TIME: 0ms | REASON: Resolved via readymade-fallback
[2026-08-07T00:12:00.592Z] COMPANY: "Hindustan Media Ventures Limited" | QUERIES: ["Hindustan Media Ventures Limited" official website] | CANDIDATES: [https://Not Found] | SELECTED: "https://Not Found" | CONFIDENCE: HIGH | TIME: 0ms | REASON: Resolved via readymade-fallback
[2026-08-07T00:12:06.728Z] COMPANY: "Hindustan Foods Limited" | QUERIES: ["Hindustan Foods Limited" official website] | CANDIDATES: [https://hindustanfoodslimited.com] | SELECTED: "https://hindustanfoodslimited.com" | CONFIDENCE: HIGH | TIME: 0ms | REASON: Resolved via readymade-fallback
[2026-08-07T00:12:19.187Z] COMPANY: "Home First Finance Company India Limited" | QUERIES: ["Home First Finance Company India Limited" official website] | CANDIDATES: [https://Not Found] | SELECTED: "https://Not Found" | CONFIDENCE: HIGH | TIME: 0ms | REASON: Resolved via readymade-fallback
[2026-08-07T00:12:26.237Z] COMPANY: "Honasa Consumer Limited" | QUERIES: ["Honasa Consumer Limited" official website] | CANDIDATES: [https://honasa.in] | SELECTED: "https://honasa.in" | CONFIDENCE: HIGH | TIME: 0ms | REASON: Resolved via readymade-fallback
[2026-08-07T00:12:27.126Z] COMPANY: "Honeywell Automation India Limited" | QUERIES: ["Honeywell Automation India Limited" official website] | CANDIDATES: [https://Not Found] | SELECTED: "https://Not Found" | CONFIDENCE: HIGH | TIME: 0ms | REASON: Resolved via readymade-fallback
[2026-08-07T00:12:31.746Z] COMPANY: "Honda India Power Products Limited" | QUERIES: ["Honda India Power Products Limited" official website] | CANDIDATES: [https://hondapowerproducts.co.id] | SELECTED: "https://hondapowerproducts.co.id" | CONFIDENCE: HIGH | TIME: 0ms | REASON: Resolved via readymade-fallback
[2026-08-07T00:12:33.648Z] COMPANY: "HP Adhesives Limited" | QUERIES: ["HP Adhesives Limited" official website] | CANDIDATES: [https://hpadhesives.com] | SELECTED: "https://hpadhesives.com" | CONFIDENCE: HIGH | TIME: 0ms | REASON: Resolved via readymade-fallback
[2026-08-07T00:13:01.650Z] COMPANY: "Hindprakash Industries Limited" | QUERIES: ["Hindprakash Industries Limited" official website] | CANDIDATES: [https://Not Found] | SELECTED: "https://Not Found" | CONFIDENCE: HIGH | TIME: 0ms | REASON: Resolved via readymade-fallback
[2026-08-07T00:13:09.864Z] COMPANY: "HPL Electric & Power Limited" | QUERIES: ["HPL Electric & Power Limited" official website] | CANDIDATES: [https://hplindia.com] | SELECTED: "https://hplindia.com" | CONFIDENCE: HIGH | TIME: 0ms | REASON: Resolved via readymade-fallback
[2026-08-07T00:13:28.695Z] COMPANY: "Himadri Speciality Chemical Limited" | QUERIES: ["Himadri Speciality Chemical Limited" official website] | CANDIDATES: [https://himadri.com] | SELECTED: "https://himadri.com" | CONFIDENCE: HIGH | TIME: 0ms | REASON: Resolved via readymade-fallback
[2026-08-07T00:13:44.503Z] COMPANY: "HT Media Limited" | QUERIES: ["HT Media Limited" official website] | CANDIDATES: [https://htmedia.in] | SELECTED: "https://htmedia.in" | CONFIDENCE: HIGH | TIME: 0ms | REASON: Resolved via readymade-fallback
[2026-08-07T00:13:52.329Z] COMPANY: "Hubtown Limited" | QUERIES: ["Hubtown Limited" official website] | CANDIDATES: [https://hubtown.co.in] | SELECTED: "https://hubtown.co.in" | CONFIDENCE: HIGH | TIME: 0ms | REASON: Resolved via readymade-fallback
[2026-08-07T00:14:05.056Z] COMPANY: "Housing & Urban Development Corporation Limited" | QUERIES: ["Housing & Urban Development Corporation Limited" official website] | CANDIDATES: [https://housing.com] | SELECTED: "https://housing.com" | CONFIDENCE: HIGH | TIME: 0ms | REASON: Resolved via readymade-fallback
[2026-08-07T00:14:14.218Z] COMPANY: "Huhtamaki India Limited" | QUERIES: ["Huhtamaki India Limited" official website] | CANDIDATES: [https://huhtamaki.com] | SELECTED: "https://huhtamaki.com" | CONFIDENCE: HIGH | TIME: 0ms | REASON: Resolved via readymade-fallback
[2026-08-07T00:14:26.497Z] COMPANY: "Hybrid Financial Services Limited" | QUERIES: ["Hybrid Financial Services Limited" official website] | CANDIDATES: [https://hybridfinance.co.in] | SELECTED: "https://hybridfinance.co.in" | CONFIDENCE: HIGH | TIME: 0ms | REASON: Resolved via readymade-fallback
[2026-08-07T00:14:33.219Z] COMPANY: "Hyundai Motor India Limited" | QUERIES: ["Hyundai Motor India Limited" official website] | CANDIDATES: [https://hyundam.co.in] | SELECTED: "https://hyundam.co.in" | CONFIDENCE: HIGH | TIME: 0ms | REASON: Resolved via readymade-fallback
[2026-08-07T00:14:51.106Z] COMPANY: "Indiabulls Limited" | QUERIES: ["Indiabulls Limited" official website] | CANDIDATES: [https://indiabullshomeloans.com] | SELECTED: "https://indiabullshomeloans.com" | CONFIDENCE: HIGH | TIME: 0ms | REASON: Resolved via readymade-fallback
[2026-08-07T00:15:54.118Z] COMPANY: "ICDS Limited" | QUERIES: ["ICDS Limited" official website] | CANDIDATES: [https://icdsoft.com] | SELECTED: "https://icdsoft.com" | CONFIDENCE: HIGH | TIME: 0ms | REASON: Resolved via readymade-fallback
[2026-08-07T00:16:07.521Z] COMPANY: "Ice Make Refrigeration Limited" | QUERIES: ["Ice Make Refrigeration Limited" official website] | CANDIDATES: [https://icemakeindia.com] | SELECTED: "https://icemakeindia.com" | CONFIDENCE: HIGH | TIME: 0ms | REASON: Resolved via readymade-fallback
[2026-08-07T00:16:20.134Z] COMPANY: "ICICI Prudential Asset Management Company Limited" | QUERIES: ["ICICI Prudential Asset Management Company Limited" official website] | CANDIDATES: [https://Not Found] | SELECTED: "https://Not Found" | CONFIDENCE: HIGH | TIME: 0ms | REASON: Resolved via readymade-fallback
[2026-08-07T00:16:27.279Z] COMPANY: "ICICI Bank Limited" | QUERIES: ["ICICI Bank Limited" official website] | CANDIDATES: [https://icicibank.com] | SELECTED: "https://icicibank.com" | CONFIDENCE: HIGH | TIME: 0ms | REASON: Resolved via readymade-fallback
[2026-08-07T00:16:36.882Z] COMPANY: "ICICI Lombard General Insurance Company Limited" | QUERIES: ["ICICI Lombard General Insurance Company Limited" official website] | CANDIDATES: [https://Not Found] | SELECTED: "https://Not Found" | CONFIDENCE: HIGH | TIME: 0ms | REASON: Resolved via readymade-fallback
[2026-08-07T00:16:44.744Z] COMPANY: "ICICI Prudential Life Insurance Company Limited" | QUERIES: ["ICICI Prudential Life Insurance Company Limited" official website] | CANDIDATES: [https://iciciprulife.com] | SELECTED: "https://iciciprulife.com" | CONFIDENCE: HIGH | TIME: 0ms | REASON: Resolved via readymade-fallback
[2026-08-07T00:16:44.965Z] COMPANY: "Indo Count Industries Limited" | QUERIES: ["Indo Count Industries Limited" official website] | CANDIDATES: [https://Not Found] | SELECTED: "https://Not Found" | CONFIDENCE: HIGH | TIME: 0ms | REASON: Resolved via readymade-fallback
[2026-08-07T00:16:51.376Z] COMPANY: "ICRA Limited" | QUERIES: ["ICRA Limited" official website] | CANDIDATES: [https://icracked.com] | SELECTED: "https://icracked.com" | CONFIDENCE: HIGH | TIME: 1ms | REASON: Resolved via readymade-fallback
[2026-08-07T00:16:55.407Z] COMPANY: "IDBI Bank Limited" | QUERIES: ["IDBI Bank Limited" official website] | CANDIDATES: [https://idbibank.in] | SELECTED: "https://idbibank.in" | CONFIDENCE: HIGH | TIME: 0ms | REASON: Resolved via readymade-fallback
[2026-08-07T00:16:56.215Z] COMPANY: "Vodafone Idea Limited" | QUERIES: ["Vodafone Idea Limited" official website] | CANDIDATES: [https://vodafone-idea.com] | SELECTED: "https://vodafone-idea.com" | CONFIDENCE: HIGH | TIME: 0ms | REASON: Resolved via readymade-fallback
[2026-08-07T00:17:34.596Z] COMPANY: "Ideaforge Technology Limited" | QUERIES: ["Ideaforge Technology Limited" official website] | CANDIDATES: [https://Not Found] | SELECTED: "https://Not Found" | CONFIDENCE: HIGH | TIME: 0ms | REASON: Resolved via readymade-fallback
[2026-08-07T00:17:39.642Z] COMPANY: "IDFC First Bank Limited" | QUERIES: ["IDFC First Bank Limited" official website] | CANDIDATES: [https://idfcfirstbank.com] | SELECTED: "https://idfcfirstbank.com" | CONFIDENCE: HIGH | TIME: 0ms | REASON: Resolved via readymade-fallback
[2026-08-07T00:17:54.242Z] COMPANY: "Indian Energy Exchange Limited" | QUERIES: ["Indian Energy Exchange Limited" official website] | CANDIDATES: [https://iexindia.com] | SELECTED: "https://iexindia.com" | CONFIDENCE: HIGH | TIME: 0ms | REASON: Resolved via readymade-fallback
[2026-08-07T00:18:04.939Z] COMPANY: "IFB Agro Industries Limited" | QUERIES: ["IFB Agro Industries Limited" official website] | CANDIDATES: [https://Not Found] | SELECTED: "https://Not Found" | CONFIDENCE: HIGH | TIME: 0ms | REASON: Resolved via readymade-fallback
[2026-08-07T00:18:12.909Z] COMPANY: "IFB Industries Limited" | QUERIES: ["IFB Industries Limited" official website] | CANDIDATES: [https://ifbindustries.com] | SELECTED: "https://ifbindustries.com" | CONFIDENCE: HIGH | TIME: 0ms | REASON: Resolved via readymade-fallback
[2026-08-07T00:18:23.332Z] COMPANY: "IFCI Limited" | QUERIES: ["IFCI Limited" official website] | CANDIDATES: [https://ifciltd.com] | SELECTED: "https://ifciltd.com" | CONFIDENCE: HIGH | TIME: 0ms | REASON: Resolved via readymade-fallback
[2026-08-07T00:18:26.496Z] COMPANY: "IFGL Refractories Limited" | QUERIES: ["IFGL Refractories Limited" official website] | CANDIDATES: [https://ifglref.com] | SELECTED: "https://ifglref.com" | CONFIDENCE: HIGH | TIME: 0ms | REASON: Resolved via readymade-fallback
[2026-08-07T00:20:47.896Z] COMPANY: "Igarashi Motors India Limited" | QUERIES: ["Igarashi Motors India Limited" official website] | CANDIDATES: [https://Not Found] | SELECTED: "https://Not Found" | CONFIDENCE: HIGH | TIME: 0ms | REASON: Resolved via readymade-fallback
[2026-08-07T00:20:52.634Z] COMPANY: "Indogulf Cropsciences Limited" | QUERIES: ["Indogulf Cropsciences Limited" official website] | CANDIDATES: [https://groupindogulf.com] | SELECTED: "https://groupindogulf.com" | CONFIDENCE: HIGH | TIME: 0ms | REASON: Resolved via readymade-fallback
[2026-08-07T00:20:53.282Z] COMPANY: "International Gemological Institute Limited" | QUERIES: ["International Gemological Institute Limited" official website] | CANDIDATES: [https://igi.org.cn] | SELECTED: "https://igi.org.cn" | CONFIDENCE: HIGH | TIME: 0ms | REASON: Resolved via readymade-fallback
[2026-08-07T00:20:58.776Z] COMPANY: "Indraprastha Gas Limited" | QUERIES: ["Indraprastha Gas Limited" official website] | CANDIDATES: [https://iglonline.net] | SELECTED: "https://iglonline.net" | CONFIDENCE: HIGH | TIME: 0ms | REASON: Resolved via readymade-fallback
[2026-08-07T00:21:09.605Z] COMPANY: "IG Petrochemicals Limited" | QUERIES: ["IG Petrochemicals Limited" official website] | CANDIDATES: [https://igpetro.com] | SELECTED: "https://igpetro.com" | CONFIDENCE: HIGH | TIME: 1ms | REASON: Resolved via readymade-fallback
[2026-08-07T00:21:22.144Z] COMPANY: "IIFL Finance Limited" | QUERIES: ["IIFL Finance Limited" official website] | CANDIDATES: [https://indiainfoline.com] | SELECTED: "https://indiainfoline.com" | CONFIDENCE: HIGH | TIME: 0ms | REASON: Resolved via readymade-fallback
[2026-08-07T00:21:31.177Z] COMPANY: "IIFL Capital Services Limited" | QUERIES: ["IIFL Capital Services Limited" official website] | CANDIDATES: [https://Not Found] | SELECTED: "https://Not Found" | CONFIDENCE: HIGH | TIME: 0ms | REASON: Resolved via readymade-fallback
[2026-08-07T00:21:39.196Z] COMPANY: "Industrial Investment Trust Limited" | QUERIES: ["Industrial Investment Trust Limited" official website] | CANDIDATES: [https://Not Found] | SELECTED: "https://Not Found" | CONFIDENCE: HIGH | TIME: 0ms | REASON: Resolved via readymade-fallback
[2026-08-07T00:21:47.448Z] COMPANY: "IKIO Technologies Limited" | QUERIES: ["IKIO Technologies Limited" official website] | CANDIDATES: [https://ikiosk.de] | SELECTED: "https://ikiosk.de" | CONFIDENCE: HIGH | TIME: 0ms | REASON: Resolved via readymade-fallback
[2026-08-07T00:21:56.040Z] COMPANY: "Inventurus Knowledge Solutions Limited" | QUERIES: ["Inventurus Knowledge Solutions Limited" official website] | CANDIDATES: [https://Not Found] | SELECTED: "https://Not Found" | CONFIDENCE: HIGH | TIME: 0ms | REASON: Resolved via readymade-fallback
[2026-08-07T00:22:00.817Z] COMPANY: "IL&FS Engineering and Construction Company Limited" | QUERIES: ["IL&FS Engineering and Construction Company Limited" official website] | CANDIDATES: [https://illinois.gov] | SELECTED: "https://illinois.gov" | CONFIDENCE: HIGH | TIME: 0ms | REASON: Resolved via readymade-fallback
[2026-08-07T00:22:13.568Z] COMPANY: "IL&FS Transportation Networks Limited" | QUERIES: ["IL&FS Transportation Networks Limited" official website] | CANDIDATES: [https://illinois.gov] | SELECTED: "https://illinois.gov" | CONFIDENCE: HIGH | TIME: 0ms | REASON: Resolved via readymade-fallback
[2026-08-07T00:22:23.709Z] COMPANY: "Imagicaaworld Entertainment Limited" | QUERIES: ["Imagicaaworld Entertainment Limited" official website] | CANDIDATES: [https://Not Found] | SELECTED: "https://Not Found" | CONFIDENCE: HIGH | TIME: 0ms | REASON: Resolved via readymade-fallback
[2026-08-07T00:22:31.216Z] COMPANY: "Indian Metals & Ferro Alloys Limited" | QUERIES: ["Indian Metals & Ferro Alloys Limited" official website] | CANDIDATES: [https://imfa.in] | SELECTED: "https://imfa.in" | CONFIDENCE: HIGH | TIME: 0ms | REASON: Resolved via readymade-fallback
[2026-08-07T00:22:41.709Z] COMPANY: "India Motor Parts and Accessories Limited" | QUERIES: ["India Motor Parts and Accessories Limited" official website] | CANDIDATES: [https://Not Found] | SELECTED: "https://Not Found" | CONFIDENCE: HIGH | TIME: 0ms | REASON: Resolved via readymade-fallback
[2026-08-07T00:22:47.748Z] COMPANY: "Insolation Energy Limited" | QUERIES: ["Insolation Energy Limited" official website] | CANDIDATES: [https://insolationenergy.in] | SELECTED: "https://insolationenergy.in" | CONFIDENCE: HIGH | TIME: 0ms | REASON: Resolved via readymade-fallback
[2026-08-07T00:22:48.370Z] COMPANY: "INCREDIBLE INDUSTRIES LIMITED" | QUERIES: ["INCREDIBLE INDUSTRIES LIMITED" official website] | CANDIDATES: [https://incredibleindustries.co.in] | SELECTED: "https://incredibleindustries.co.in" | CONFIDENCE: HIGH | TIME: 0ms | REASON: Resolved via readymade-fallback
[2026-08-07T00:22:59.646Z] COMPANY: "Indbank Merchant Banking Services Limited" | QUERIES: ["Indbank Merchant Banking Services Limited" official website] | CANDIDATES: [https://Not Found] | SELECTED: "https://Not Found" | CONFIDENCE: HIGH | TIME: 0ms | REASON: Resolved via readymade-fallback
[2026-08-07T00:23:04.100Z] COMPANY: "Indegene Limited" | QUERIES: ["Indegene Limited" official website] | CANDIDATES: [https://indegene.com] | SELECTED: "https://indegene.com" | CONFIDENCE: HIGH | TIME: 0ms | REASON: Resolved via readymade-fallback
[2026-08-07T00:23:25.318Z] COMPANY: "The Indian Hotels Company Limited" | QUERIES: ["The Indian Hotels Company Limited" official website] | CANDIDATES: [https://ihcltata.com] | SELECTED: "https://ihcltata.com" | CONFIDENCE: HIGH | TIME: 1ms | REASON: Resolved via readymade-fallback
[2026-08-07T00:23:25.583Z] COMPANY: "The India Cements Limited" | QUERIES: ["The India Cements Limited" official website] | CANDIDATES: [https://Not Found] | SELECTED: "https://Not Found" | CONFIDENCE: HIGH | TIME: 0ms | REASON: Resolved via readymade-fallback
[2026-08-07T00:23:30.086Z] COMPANY: "India Glycols Limited" | QUERIES: ["India Glycols Limited" official website] | CANDIDATES: [https://glycolsales.com.au] | SELECTED: "https://glycolsales.com.au" | CONFIDENCE: HIGH | TIME: 0ms | REASON: Resolved via readymade-fallback
[2026-08-07T00:23:33.960Z] COMPANY: "Indiamart Intermesh Limited" | QUERIES: ["Indiamart Intermesh Limited" official website] | CANDIDATES: [https://Not Found] | SELECTED: "https://Not Found" | CONFIDENCE: HIGH | TIME: 0ms | REASON: Resolved via readymade-fallback
[2026-08-07T00:23:39.350Z] COMPANY: "Indian Bank" | QUERIES: ["Indian Bank" official website] | CANDIDATES: [https://indianbank.in] | SELECTED: "https://indianbank.in" | CONFIDENCE: HIGH | TIME: 0ms | REASON: Resolved via readymade-fallback
[2026-08-07T00:23:40.874Z] COMPANY: "Indian Card Clothing Company Limited" | QUERIES: ["Indian Card Clothing Company Limited" official website] | CANDIDATES: [https://Not Found] | SELECTED: "https://Not Found" | CONFIDENCE: HIGH | TIME: 0ms | REASON: Resolved via readymade-fallback
[2026-08-07T00:23:47.824Z] COMPANY: "Indian Hume Pipe Company Limited" | QUERIES: ["Indian Hume Pipe Company Limited" official website] | CANDIDATES: [https://Not Found] | SELECTED: "https://Not Found" | CONFIDENCE: HIGH | TIME: 0ms | REASON: Resolved via readymade-fallback
[2026-08-07T00:23:55.657Z] COMPANY: "India Shelter Finance Corporation Limited" | QUERIES: ["India Shelter Finance Corporation Limited" official website] | CANDIDATES: [https://Not Found] | SELECTED: "https://Not Found" | CONFIDENCE: HIGH | TIME: 0ms | REASON: Resolved via readymade-fallback
[2026-08-07T00:24:03.794Z] COMPANY: "InterGlobe Aviation Limited" | QUERIES: ["InterGlobe Aviation Limited" official website] | CANDIDATES: [https://Not Found] | SELECTED: "https://Not Found" | CONFIDENCE: HIGH | TIME: 0ms | REASON: Resolved via readymade-fallback
[2026-08-07T00:24:10.035Z] COMPANY: "Indigo Paints Limited" | QUERIES: ["Indigo Paints Limited" official website] | CANDIDATES: [https://indigopaints.com] | SELECTED: "https://indigopaints.com" | CONFIDENCE: HIGH | TIME: 0ms | REASON: Resolved via readymade-fallback
[2026-08-07T00:24:10.986Z] COMPANY: "Indiqube Spaces Limited" | QUERIES: ["Indiqube Spaces Limited" official website] | CANDIDATES: [https://Not Found] | SELECTED: "https://Not Found" | CONFIDENCE: HIGH | TIME: 0ms | REASON: Resolved via readymade-fallback
[2026-08-07T00:24:18.620Z] COMPANY: "India Nippon Electricals Limited" | QUERIES: ["India Nippon Electricals Limited" official website] | CANDIDATES: [https://indianippon.com] | SELECTED: "https://indianippon.com" | CONFIDENCE: HIGH | TIME: 0ms | REASON: Resolved via readymade-fallback
[2026-08-07T00:24:28.106Z] COMPANY: "Indo Amines Limited" | QUERIES: ["Indo Amines Limited" official website] | CANDIDATES: [https://indoaminesltd.com] | SELECTED: "https://indoaminesltd.com" | CONFIDENCE: HIGH | TIME: 0ms | REASON: Resolved via readymade-fallback
[2026-08-07T00:24:30.116Z] COMPANY: "Indo Borax & Chemicals Limited" | QUERIES: ["Indo Borax & Chemicals Limited" official website] | CANDIDATES: [https://Not Found] | SELECTED: "https://Not Found" | CONFIDENCE: HIGH | TIME: 0ms | REASON: Resolved via readymade-fallback
[2026-08-07T00:24:38.186Z] COMPANY: "Indoco Remedies Limited" | QUERIES: ["Indoco Remedies Limited" official website] | CANDIDATES: [https://indoco.com] | SELECTED: "https://indoco.com" | CONFIDENCE: HIGH | TIME: 0ms | REASON: Resolved via readymade-fallback
[2026-08-07T00:24:47.283Z] COMPANY: "Indo Farm Equipment Limited" | QUERIES: ["Indo Farm Equipment Limited" official website] | CANDIDATES: [https://Not Found] | SELECTED: "https://Not Found" | CONFIDENCE: HIGH | TIME: 0ms | REASON: Resolved via readymade-fallback
[2026-08-07T00:24:51.822Z] COMPANY: "INDO-MIM Limited" | QUERIES: ["INDO-MIM Limited" official website] | CANDIDATES: [https://indo-mim.com] | SELECTED: "https://indo-mim.com" | CONFIDENCE: HIGH | TIME: 0ms | REASON: Resolved via readymade-fallback
[2026-08-07T00:24:53.142Z] COMPANY: "Indo Rama Synthetics (India) Limited" | QUERIES: ["Indo Rama Synthetics (India) Limited" official website] | CANDIDATES: [https://Not Found] | SELECTED: "https://Not Found" | CONFIDENCE: HIGH | TIME: 0ms | REASON: Resolved via readymade-fallback
[2026-08-07T00:24:58.255Z] COMPANY: "IndoStar Capital Finance Limited" | QUERIES: ["IndoStar Capital Finance Limited" official website] | CANDIDATES: [https://indostarcapital.com] | SELECTED: "https://indostarcapital.com" | CONFIDENCE: HIGH | TIME: 0ms | REASON: Resolved via readymade-fallback
[2026-08-07T00:25:05.264Z] COMPANY: "Indo Tech Transformers Limited" | QUERIES: ["Indo Tech Transformers Limited" official website] | CANDIDATES: [https://indo-tech.com] | SELECTED: "https://indo-tech.com" | CONFIDENCE: HIGH | TIME: 0ms | REASON: Resolved via readymade-fallback
[2026-08-07T00:25:19.331Z] COMPANY: "Indo Thai Securities Limited" | QUERIES: ["Indo Thai Securities Limited" official website] | CANDIDATES: [https://Not Found] | SELECTED: "https://Not Found" | CONFIDENCE: HIGH | TIME: 0ms | REASON: Resolved via readymade-fallback
[2026-08-07T00:25:25.856Z] COMPANY: "Indo Us Biotech Limited" | QUERIES: ["Indo Us Biotech Limited" official website] | CANDIDATES: [https://Not Found] | SELECTED: "https://Not Found" | CONFIDENCE: HIGH | TIME: 0ms | REASON: Resolved via readymade-fallback
[2026-08-07T00:25:32.818Z] COMPANY: "Indowind Energy Limited" | QUERIES: ["Indowind Energy Limited" official website] | CANDIDATES: [https://indowind.com] | SELECTED: "https://indowind.com" | CONFIDENCE: HIGH | TIME: 0ms | REASON: Resolved via readymade-fallback
[2026-08-07T00:25:46.207Z] COMPANY: "Industrial & Prudential Investment Company Limited" | QUERIES: ["Industrial & Prudential Investment Company Limited" official website] | CANDIDATES: [https://industrialrelations.nsw.gov.au] | SELECTED: "https://industrialrelations.nsw.gov.au" | CONFIDENCE: HIGH | TIME: 0ms | REASON: Resolved via readymade-fallback
[2026-08-07T00:25:48.909Z] COMPANY: "Indraprastha Medical Corporation Limited" | QUERIES: ["Indraprastha Medical Corporation Limited" official website] | CANDIDATES: [https://Not Found] | SELECTED: "https://Not Found" | CONFIDENCE: HIGH | TIME: 0ms | REASON: Resolved via readymade-fallback
[2026-08-07T00:25:56.635Z] COMPANY: "Ind-Swift Laboratories Limited" | QUERIES: ["Ind-Swift Laboratories Limited" official website] | CANDIDATES: [https://indswiftlabs.com] | SELECTED: "https://indswiftlabs.com" | CONFIDENCE: HIGH | TIME: 0ms | REASON: Resolved via readymade-fallback
[2026-08-07T00:26:13.353Z] COMPANY: "Indian Terrain Fashions Limited" | QUERIES: ["Indian Terrain Fashions Limited" official website] | CANDIDATES: [https://Not Found] | SELECTED: "https://Not Found" | CONFIDENCE: HIGH | TIME: 0ms | REASON: Resolved via readymade-fallback
[2026-08-07T00:26:20.959Z] COMPANY: "IndusInd Bank Limited" | QUERIES: ["IndusInd Bank Limited" official website] | CANDIDATES: [https://indusind.com] | SELECTED: "https://indusind.com" | CONFIDENCE: HIGH | TIME: 0ms | REASON: Resolved via readymade-fallback
[2026-08-07T00:26:21.930Z] COMPANY: "Indus Towers Limited" | QUERIES: ["Indus Towers Limited" official website] | CANDIDATES: [https://industowers.com] | SELECTED: "https://industowers.com" | CONFIDENCE: HIGH | TIME: 0ms | REASON: Resolved via readymade-fallback
[2026-08-07T00:26:22.957Z] COMPANY: "InfoBeans Technologies Limited" | QUERIES: ["InfoBeans Technologies Limited" official website] | CANDIDATES: [https://infobeans.com] | SELECTED: "https://infobeans.com" | CONFIDENCE: HIGH | TIME: 0ms | REASON: Resolved via readymade-fallback
