Sr. No.,Assigned To,Company Name,Website,Website Verified,Scan Completed,Screenshot Taken,Wave Score,Axe Score,LH Score,Screenshot link,Contact Person 1,Designation 1,Email ID 1,Contact Person 2,Designation 2,Email ID 2
"1","Unassigned","20 Microns Limited","https://20microns.com","Yes","Yes","Yes","22","22","30","![WAVE Tool Screenshot](https://github.com/VEER-TANMAY-SACHIN/projects/blob/main/orchavate_gtm_workflow/outputs/v1.1_nse_tracker_enriched_clearbit_20260806_193605_attempt1_succesful_reviewnotdone_orchavatecore_digital/20_Microns_Limited/screenshots/20_Microns_Limited_Homepage_WAVE_Overlay.png)","N/A","Head of Compliance & Digital Governance","enquiry@20microns.com","Investor Grievance / Compliance Officer Email","Accessibility & Nodal Officer","enquiry@20microns.com"
"2","Unassigned","21st Century Management Services Limited","https://Not Found","No","Yes","Yes","","","100","![WAVE Tool Screenshot](https://github.com/VEER-TANMAY-SACHIN/projects/blob/main/orchavate_gtm_workflow/outputs/v1.1_nse_tracker_enriched_clearbit_20260806_193605_attempt1_succesful_reviewnotdone_orchavatecore_digital/21st_Century_Management_Services_Limited/screenshots/21st_Century_Management_Services_Limited_Homepage_WAVE_Overlay.png)","N/A","Head of Compliance & Digital Governance","Not Found","General Contact Email (Guessed Pattern)","Accessibility & Nodal Officer","Not Found"
"3","Unassigned","360 ONE WAM LIMITED","https://Not Found","No","Yes","Yes","","","100","![WAVE Tool Screenshot](https://github.com/VEER-TANMAY-SACHIN/projects/blob/main/orchavate_gtm_workflow/outputs/v1.1_nse_tracker_enriched_clearbit_20260806_193605_attempt1_succesful_reviewnotdone_orchavatecore_digital/360_ONE_WAM_LIMITED/screenshots/360_ONE_WAM_LIMITED_Homepage_WAVE_Overlay.png)","N/A","Head of Compliance & Digital Governance","Not Found","General Contact Email (Guessed Pattern)","Accessibility & Nodal Officer","Not Found"
"4","Unassigned","3B Blackbio Dx Limited","https://Not Found","No","Yes","Yes","","","100","![WAVE Tool Screenshot](https://github.com/VEER-TANMAY-SACHIN/projects/blob/main/orchavate_gtm_workflow/outputs/v1.1_nse_tracker_enriched_clearbit_20260806_193605_attempt1_succesful_reviewnotdone_orchavatecore_digital/3B_Blackbio_Dx_Limited/screenshots/3B_Blackbio_Dx_Limited_Homepage_WAVE_Overlay.png)","N/A","Head of Compliance & Digital Governance","Not Found","General Contact Email (Guessed Pattern)","Accessibility & Nodal Officer","Not Found"
"5","Unassigned","3M India Limited","https://msn.com","Yes","No","No","","","","![WAVE Tool Screenshot](https://github.com/VEER-TANMAY-SACHIN/projects/blob/main/orchavate_gtm_workflow/outputs/v1.1_nse_tracker_enriched_clearbit_20260806_193605_attempt1_succesful_reviewnotdone_orchavatecore_digital/3M_India_Limited/screenshots/3M_India_Limited_Homepage_WAVE_Overlay.png)","N/A","Head of Compliance & Digital Governance","N/A","N/A","N/A","Not Found"
"6","Unassigned","3P Land Holdings Limited","https://Not Found","No","Yes","Yes","","","100","![WAVE Tool Screenshot](https://github.com/VEER-TANMAY-SACHIN/projects/blob/main/orchavate_gtm_workflow/outputs/v1.1_nse_tracker_enriched_clearbit_20260806_193605_attempt1_succesful_reviewnotdone_orchavatecore_digital/3P_Land_Holdings_Limited/screenshots/3P_Land_Holdings_Limited_Homepage_WAVE_Overlay.png)","N/A","Head of Compliance & Digital Governance","Not Found","General Contact Email (Guessed Pattern)","Accessibility & Nodal Officer","Not Found"
"7","Unassigned","3i Infotech Limited","https://3i-infotech.com","Yes","Yes","Yes","18","18","30","![WAVE Tool Screenshot](https://github.com/VEER-TANMAY-SACHIN/projects/blob/main/orchavate_gtm_workflow/outputs/v1.1_nse_tracker_enriched_clearbit_20260806_193605_attempt1_succesful_reviewnotdone_orchavatecore_digital/3i_Infotech_Limited/screenshots/3i_Infotech_Limited_Homepage_WAVE_Overlay.png)","N/A","Head of Compliance & Digital Governance","marketing@3i-infotech.com","General Contact Email","Accessibility & Nodal Officer","marketing@3i-infotech.com"
"8","Unassigned","5Paisa Capital Limited","https://Not Found","No","Yes","Yes","","","100","![WAVE Tool Screenshot](https://github.com/VEER-TANMAY-SACHIN/projects/blob/main/orchavate_gtm_workflow/outputs/v1.1_nse_tracker_enriched_clearbit_20260806_193605_attempt1_succesful_reviewnotdone_orchavatecore_digital/5Paisa_Capital_Limited/screenshots/5Paisa_Capital_Limited_Homepage_WAVE_Overlay.png)","N/A","Head of Compliance & Digital Governance","Not Found","General Contact Email (Guessed Pattern)","Accessibility & Nodal Officer","Not Found"
"9","Unassigned","63 moons technologies limited","https://63moons.com","Yes","Yes","Yes","8","8","68","![WAVE Tool Screenshot](https://github.com/VEER-TANMAY-SACHIN/projects/blob/main/orchavate_gtm_workflow/outputs/v1.1_nse_tracker_enriched_clearbit_20260806_193605_attempt1_succesful_reviewnotdone_orchavatecore_digital/63_moons_technologies_limited/screenshots/63_moons_technologies_limited_Homepage_WAVE_Overlay.png)","N/A","Head of Compliance & Digital Governance","info@63moons.com","General Contact Email (Guessed Pattern)","Accessibility & Nodal Officer","info@63moons.com"
"10","Unassigned","A2Z Infra Engineering Limited","https://Not Found","No","Yes","Yes","","","100","![WAVE Tool Screenshot](https://github.com/VEER-TANMAY-SACHIN/projects/blob/main/orchavate_gtm_workflow/outputs/v1.1_nse_tracker_enriched_clearbit_20260806_193605_attempt1_succesful_reviewnotdone_orchavatecore_digital/A2Z_Infra_Engineering_Limited/screenshots/A2Z_Infra_Engineering_Limited_Homepage_WAVE_Overlay.png)","N/A","Head of Compliance & Digital Governance","Not Found","General Contact Email (Guessed Pattern)","Accessibility & Nodal Officer","Not Found"
"11","Unassigned","AAA Technologies Limited","https://aaa.com","Yes","No","No","","","","![WAVE Tool Screenshot](https://github.com/VEER-TANMAY-SACHIN/projects/blob/main/orchavate_gtm_workflow/outputs/v1.1_nse_tracker_enriched_clearbit_20260806_193605_attempt1_succesful_reviewnotdone_orchavatecore_digital/AAA_Technologies_Limited/screenshots/AAA_Technologies_Limited_Homepage_WAVE_Overlay.png)","N/A","Head of Compliance & Digital Governance","N/A","N/A","N/A","Not Found"
"12","Unassigned","ABB India Limited","https://abbvie.com","Yes","No","No","","","","![WAVE Tool Screenshot](https://github.com/VEER-TANMAY-SACHIN/projects/blob/main/orchavate_gtm_workflow/outputs/v1.1_nse_tracker_enriched_clearbit_20260806_193605_attempt1_succesful_reviewnotdone_orchavatecore_digital/ABB_India_Limited/screenshots/ABB_India_Limited_Homepage_WAVE_Overlay.png)","N/A","Head of Compliance & Digital Governance","N/A","N/A","N/A","Not Found"
"13","Unassigned","ABM International Limited","https://abmintl.in","Yes","Yes","Yes","5","5","80","![WAVE Tool Screenshot](https://github.com/VEER-TANMAY-SACHIN/projects/blob/main/orchavate_gtm_workflow/outputs/v1.1_nse_tracker_enriched_clearbit_20260806_193605_attempt1_succesful_reviewnotdone_orchavatecore_digital/ABM_International_Limited/screenshots/ABM_International_Limited_Homepage_WAVE_Overlay.png)","N/A","Head of Compliance & Digital Governance","info@abmintl.in","General Contact Email","Accessibility & Nodal Officer","info@abmintl.in"
"14","Unassigned","ABM Knowledgeware Limited","https://abmindia.com","Yes","Yes","Yes","77","77","30","![WAVE Tool Screenshot](https://github.com/VEER-TANMAY-SACHIN/projects/blob/main/orchavate_gtm_workflow/outputs/v1.1_nse_tracker_enriched_clearbit_20260806_193605_attempt1_succesful_reviewnotdone_orchavatecore_digital/ABM_Knowledgeware_Limited/screenshots/ABM_Knowledgeware_Limited_Homepage_WAVE_Overlay.png)","N/A","Head of Compliance & Digital Governance","egovernance@abmindia.com, cs@abmindia.com","General Contact Email","Accessibility & Nodal Officer","egovernance@abmindia.com, cs@abmindia.com"
"15","Unassigned","ACC Limited","https://acclimited.com","Yes","Yes","Yes","","","100","![WAVE Tool Screenshot](https://github.com/VEER-TANMAY-SACHIN/projects/blob/main/orchavate_gtm_workflow/outputs/v1.1_nse_tracker_enriched_clearbit_20260806_193605_attempt1_succesful_reviewnotdone_orchavatecore_digital/ACC_Limited/screenshots/ACC_Limited_Homepage_WAVE_Overlay.png)","N/A","Head of Compliance & Digital Governance","info@acclimited.com","General Contact Email (Guessed Pattern)","Accessibility & Nodal Officer","info@acclimited.com"
"16","Unassigned","ACS Technologies Limited","https://acstechnologies.co.in","Yes","Yes","Yes","9","9","64","![WAVE Tool Screenshot](https://github.com/VEER-TANMAY-SACHIN/projects/blob/main/orchavate_gtm_workflow/outputs/v1.1_nse_tracker_enriched_clearbit_20260806_193605_attempt1_succesful_reviewnotdone_orchavatecore_digital/ACS_Technologies_Limited/screenshots/ACS_Technologies_Limited_Homepage_WAVE_Overlay.png)","N/A","Head of Compliance & Digital Governance","info@acstechnologies.co.in","General Contact Email","Accessibility & Nodal Officer","info@acstechnologies.co.in"
"17","Unassigned","ADF Foods Limited","https://adf-foods.com","Yes","Yes","Yes","","","100","![WAVE Tool Screenshot](https://github.com/VEER-TANMAY-SACHIN/projects/blob/main/orchavate_gtm_workflow/outputs/v1.1_nse_tracker_enriched_clearbit_20260806_193605_attempt1_succesful_reviewnotdone_orchavatecore_digital/ADF_Foods_Limited/screenshots/ADF_Foods_Limited_Homepage_WAVE_Overlay.png)","N/A","Head of Compliance & Digital Governance","info@adf-foods.com","General Contact Email","Accessibility & Nodal Officer","info@adf-foods.com"
"18","Unassigned","AGI Greenpac Limited","https://agigreenpac.com","Yes","Yes","Yes","4","4","84","![WAVE Tool Screenshot](https://github.com/VEER-TANMAY-SACHIN/projects/blob/main/orchavate_gtm_workflow/outputs/v1.1_nse_tracker_enriched_clearbit_20260806_193605_attempt1_succesful_reviewnotdone_orchavatecore_digital/AGI_Greenpac_Limited/screenshots/AGI_Greenpac_Limited_Homepage_WAVE_Overlay.png)","N/A","Head of Compliance & Digital Governance","agi@agi-glaspac.com","General Contact Email","Accessibility & Nodal Officer","agi@agi-glaspac.com"
"19","Unassigned","AIA Engineering Limited","https://aiaengineering.com","Yes","Yes","No","","","100","![WAVE Tool Screenshot](https://github.com/VEER-TANMAY-SACHIN/projects/blob/main/orchavate_gtm_workflow/outputs/v1.1_nse_tracker_enriched_clearbit_20260806_193605_attempt1_succesful_reviewnotdone_orchavatecore_digital/AIA_Engineering_Limited/screenshots/AIA_Engineering_Limited_Homepage_WAVE_Overlay.png)","N/A","Head of Compliance & Digital Governance","info@aiaengineering.com","General Contact Email (Guessed Pattern)","Accessibility & Nodal Officer","info@aiaengineering.com"
"20","Unassigned","AION-TECH SOLUTIONS LIMITED","https://aiontech.es","Yes","Yes","Yes","7","7","72","![WAVE Tool Screenshot](https://github.com/VEER-TANMAY-SACHIN/projects/blob/main/orchavate_gtm_workflow/outputs/v1.1_nse_tracker_enriched_clearbit_20260806_193605_attempt1_succesful_reviewnotdone_orchavatecore_digital/AION_TECH_SOLUTIONS_LIMITED/screenshots/AION_TECH_SOLUTIONS_LIMITED_Homepage_WAVE_Overlay.png)","N/A","Head of Compliance & Digital Governance","hola@aiontech.es","General Contact Email","Accessibility & Nodal Officer","hola@aiontech.es"
"21","Unassigned","AKI India Limited","https://akinator.com","Yes","No","No","","","","![WAVE Tool Screenshot](https://github.com/VEER-TANMAY-SACHIN/projects/blob/main/orchavate_gtm_workflow/outputs/v1.1_nse_tracker_enriched_clearbit_20260806_193605_attempt1_succesful_reviewnotdone_orchavatecore_digital/AKI_India_Limited/screenshots/AKI_India_Limited_Homepage_WAVE_Overlay.png)","N/A","Head of Compliance & Digital Governance","N/A","N/A","N/A","Not Found"
"22","Unassigned","AK Capital Services Limited","https://Not Found","No","Yes","Yes","","","100","![WAVE Tool Screenshot](https://github.com/VEER-TANMAY-SACHIN/projects/blob/main/orchavate_gtm_workflow/outputs/v1.1_nse_tracker_enriched_clearbit_20260806_193605_attempt1_succesful_reviewnotdone_orchavatecore_digital/AK_Capital_Services_Limited/screenshots/AK_Capital_Services_Limited_Homepage_WAVE_Overlay.png)","N/A","Head of Compliance & Digital Governance","Not Found","General Contact Email (Guessed Pattern)","Accessibility & Nodal Officer","Not Found"
"23","Unassigned","AMD Industries Limited","https://amdpop.com","Yes","Yes","Yes","","","100","![WAVE Tool Screenshot](https://github.com/VEER-TANMAY-SACHIN/projects/blob/main/orchavate_gtm_workflow/outputs/v1.1_nse_tracker_enriched_clearbit_20260806_193605_attempt1_succesful_reviewnotdone_orchavatecore_digital/AMD_Industries_Limited/screenshots/AMD_Industries_Limited_Homepage_WAVE_Overlay.png)","N/A","Head of Compliance & Digital Governance","info@amdpop.com","General Contact Email (Guessed Pattern)","Accessibility & Nodal Officer","info@amdpop.com"
"24","Unassigned","ANDHRA PAPER LIMITED","https://andhrapaper.com","Yes","Yes","Yes","29","29","30","![WAVE Tool Screenshot](https://github.com/VEER-TANMAY-SACHIN/projects/blob/main/orchavate_gtm_workflow/outputs/v1.1_nse_tracker_enriched_clearbit_20260806_193605_attempt1_succesful_reviewnotdone_orchavatecore_digital/ANDHRA_PAPER_LIMITED/screenshots/ANDHRA_PAPER_LIMITED_Homepage_WAVE_Overlay.png)","N/A","Head of Compliance & Digital Governance","info@andhrapaper.com","General Contact Email (Guessed Pattern)","Accessibility & Nodal Officer","info@andhrapaper.com"
"25","Unassigned","APL Apollo Tubes Limited","https://aplapollo.com","Yes","Yes","Yes","21","21","30","![WAVE Tool Screenshot](https://github.com/VEER-TANMAY-SACHIN/projects/blob/main/orchavate_gtm_workflow/outputs/v1.1_nse_tracker_enriched_clearbit_20260806_193605_attempt1_succesful_reviewnotdone_orchavatecore_digital/APL_Apollo_Tubes_Limited/screenshots/APL_Apollo_Tubes_Limited_Homepage_WAVE_Overlay.png)","N/A","Head of Compliance & Digital Governance","info@aplapollo.com","Investor Grievance / Compliance Officer Email","Accessibility & Nodal Officer","global@aplapollo.com"
"26","Unassigned","ASK Automotive Limited","https://askbrake.com","Yes","No","No","","","","![WAVE Tool Screenshot](https://github.com/VEER-TANMAY-SACHIN/projects/blob/main/orchavate_gtm_workflow/outputs/v1.1_nse_tracker_enriched_clearbit_20260806_193605_attempt1_succesful_reviewnotdone_orchavatecore_digital/ASK_Automotive_Limited/screenshots/ASK_Automotive_Limited_Homepage_WAVE_Overlay.png)","N/A","Head of Compliance & Digital Governance","N/A","N/A","N/A","Not Found"
"27","Unassigned","ATLANTAA LIMITED","https://atlanta-airport.com","Yes","Yes","Yes","","","100","![WAVE Tool Screenshot](https://github.com/VEER-TANMAY-SACHIN/projects/blob/main/orchavate_gtm_workflow/outputs/v1.1_nse_tracker_enriched_clearbit_20260806_193605_attempt1_succesful_reviewnotdone_orchavatecore_digital/ATLANTAA_LIMITED/screenshots/ATLANTAA_LIMITED_Homepage_WAVE_Overlay.png)","N/A","Head of Compliance & Digital Governance","info@atlanta-airport.com","General Contact Email (Guessed Pattern)","Accessibility & Nodal Officer","info@atlanta-airport.com"
"28","Unassigned","AURUS GEM CORPORATION LIMITED","https://Not Found","No","Yes","Yes","","","100","![WAVE Tool Screenshot](https://github.com/VEER-TANMAY-SACHIN/projects/blob/main/orchavate_gtm_workflow/outputs/v1.1_nse_tracker_enriched_clearbit_20260806_193605_attempt1_succesful_reviewnotdone_orchavatecore_digital/AURUS_GEM_CORPORATION_LIMITED/screenshots/AURUS_GEM_CORPORATION_LIMITED_Homepage_WAVE_Overlay.png)","N/A","Head of Compliance & Digital Governance","Not Found","General Contact Email (Guessed Pattern)","Accessibility & Nodal Officer","Not Found"
"29","Unassigned","AU Small Finance Bank Limited","https://aubank.in","Yes","No","No","","","","![WAVE Tool Screenshot](https://github.com/VEER-TANMAY-SACHIN/projects/blob/main/orchavate_gtm_workflow/outputs/v1.1_nse_tracker_enriched_clearbit_20260806_193605_attempt1_succesful_reviewnotdone_orchavatecore_digital/AU_Small_Finance_Bank_Limited/screenshots/AU_Small_Finance_Bank_Limited_Homepage_WAVE_Overlay.png)","N/A","Head of Compliance & Digital Governance","N/A","N/A","N/A","Not Found"
"30","Unassigned","AVG Logistics Limited","https://avglogistics.com","Yes","No","No","","","","![WAVE Tool Screenshot](https://github.com/VEER-TANMAY-SACHIN/projects/blob/main/orchavate_gtm_workflow/outputs/v1.1_nse_tracker_enriched_clearbit_20260806_193605_attempt1_succesful_reviewnotdone_orchavatecore_digital/AVG_Logistics_Limited/screenshots/AVG_Logistics_Limited_Homepage_WAVE_Overlay.png)","N/A","Head of Compliance & Digital Governance","N/A","N/A","N/A","Not Found"
"31","Unassigned","AVRO INDIA LIMITED","https://avrotros.nl","Yes","Yes","Yes","1","1","96","![WAVE Tool Screenshot](https://github.com/VEER-TANMAY-SACHIN/projects/blob/main/orchavate_gtm_workflow/outputs/v1.1_nse_tracker_enriched_clearbit_20260806_193605_attempt1_succesful_reviewnotdone_orchavatecore_digital/AVRO_INDIA_LIMITED/screenshots/AVRO_INDIA_LIMITED_Homepage_WAVE_Overlay.png)","N/A","Head of Compliance & Digital Governance","info@avrotros.nl","General Contact Email","Accessibility & Nodal Officer","info@avrotros.nl"
"32","Unassigned","AVT Natural Products Limited","https://Not Found","No","Yes","Yes","","","100","![WAVE Tool Screenshot](https://github.com/VEER-TANMAY-SACHIN/projects/blob/main/orchavate_gtm_workflow/outputs/v1.1_nse_tracker_enriched_clearbit_20260806_193605_attempt1_succesful_reviewnotdone_orchavatecore_digital/AVT_Natural_Products_Limited/screenshots/AVT_Natural_Products_Limited_Homepage_WAVE_Overlay.png)","N/A","Head of Compliance & Digital Governance","Not Found","General Contact Email (Guessed Pattern)","Accessibility & Nodal Officer","Not Found"
"33","Unassigned","AWL Agri Business Limited","https://Not Found","No","Yes","Yes","","","100","![WAVE Tool Screenshot](https://github.com/VEER-TANMAY-SACHIN/projects/blob/main/orchavate_gtm_workflow/outputs/v1.1_nse_tracker_enriched_clearbit_20260806_193605_attempt1_succesful_reviewnotdone_orchavatecore_digital/AWL_Agri_Business_Limited/screenshots/AWL_Agri_Business_Limited_Homepage_WAVE_Overlay.png)","N/A","Head of Compliance & Digital Governance","Not Found","General Contact Email (Guessed Pattern)","Accessibility & Nodal Officer","Not Found"
"34","Unassigned","AXISCADES Technologies Limited","https://axiscades.com","Yes","Yes","Yes","5","5","80","![WAVE Tool Screenshot](https://github.com/VEER-TANMAY-SACHIN/projects/blob/main/orchavate_gtm_workflow/outputs/v1.1_nse_tracker_enriched_clearbit_20260806_193605_attempt1_succesful_reviewnotdone_orchavatecore_digital/AXISCADES_Technologies_Limited/screenshots/AXISCADES_Technologies_Limited_Homepage_WAVE_Overlay.png)","N/A","Head of Compliance & Digital Governance","info@axiscades.com","General Contact Email (Guessed Pattern)","Accessibility & Nodal Officer","info@axiscades.com"
"35","Unassigned","AYM Syntex Limited","https://aymsyntex.com","Yes","Yes","Yes","","","100","![WAVE Tool Screenshot](https://github.com/VEER-TANMAY-SACHIN/projects/blob/main/orchavate_gtm_workflow/outputs/v1.1_nse_tracker_enriched_clearbit_20260806_193605_attempt1_succesful_reviewnotdone_orchavatecore_digital/AYM_Syntex_Limited/screenshots/AYM_Syntex_Limited_Homepage_WAVE_Overlay.png)","N/A","Head of Compliance & Digital Governance","info@aymsyntex.com","General Contact Email (Guessed Pattern)","Accessibility & Nodal Officer","info@aymsyntex.com"
"36","Unassigned","A B Cotspin India Limited","https://Not Found","No","Yes","Yes","","","100","![WAVE Tool Screenshot](https://github.com/VEER-TANMAY-SACHIN/projects/blob/main/orchavate_gtm_workflow/outputs/v1.1_nse_tracker_enriched_clearbit_20260806_193605_attempt1_succesful_reviewnotdone_orchavatecore_digital/A_B_Cotspin_India_Limited/screenshots/A_B_Cotspin_India_Limited_Homepage_WAVE_Overlay.png)","N/A","Head of Compliance & Digital Governance","Not Found","General Contact Email (Guessed Pattern)","Accessibility & Nodal Officer","Not Found"
"37","Unassigned","A B Infrabuild Limited","https://Not Found","No","Yes","Yes","","","100","![WAVE Tool Screenshot](https://github.com/VEER-TANMAY-SACHIN/projects/blob/main/orchavate_gtm_workflow/outputs/v1.1_nse_tracker_enriched_clearbit_20260806_193605_attempt1_succesful_reviewnotdone_orchavatecore_digital/A_B_Infrabuild_Limited/screenshots/A_B_Infrabuild_Limited_Homepage_WAVE_Overlay.png)","N/A","Head of Compliance & Digital Governance","Not Found","General Contact Email (Guessed Pattern)","Accessibility & Nodal Officer","Not Found"
"38","Unassigned","Aadhar Housing Finance Limited","https://aadharhousing.com","Yes","Yes","Yes","2","2","92","![WAVE Tool Screenshot](https://github.com/VEER-TANMAY-SACHIN/projects/blob/main/orchavate_gtm_workflow/outputs/v1.1_nse_tracker_enriched_clearbit_20260806_193605_attempt1_succesful_reviewnotdone_orchavatecore_digital/Aadhar_Housing_Finance_Limited/screenshots/Aadhar_Housing_Finance_Limited_Homepage_WAVE_Overlay.png)","N/A","Head of Compliance & Digital Governance","info@aadharhousing.com","General Contact Email (Guessed Pattern)","Accessibility & Nodal Officer","info@aadharhousing.com"
"39","Unassigned","Aakash Exploration Services Limited","https://Not Found","No","Yes","Yes","","","100","![WAVE Tool Screenshot](https://github.com/VEER-TANMAY-SACHIN/projects/blob/main/orchavate_gtm_workflow/outputs/v1.1_nse_tracker_enriched_clearbit_20260806_193605_attempt1_succesful_reviewnotdone_orchavatecore_digital/Aakash_Exploration_Services_Limited/screenshots/Aakash_Exploration_Services_Limited_Homepage_WAVE_Overlay.png)","N/A","Head of Compliance & Digital Governance","Not Found","General Contact Email (Guessed Pattern)","Accessibility & Nodal Officer","Not Found"
"40","Unassigned","Aarey Drugs & Pharmaceuticals Limited","https://aareydrugs.com","Yes","No","No","","","","![WAVE Tool Screenshot](https://github.com/VEER-TANMAY-SACHIN/projects/blob/main/orchavate_gtm_workflow/outputs/v1.1_nse_tracker_enriched_clearbit_20260806_193605_attempt1_succesful_reviewnotdone_orchavatecore_digital/Aarey_Drugs___Pharmaceuticals_Limited/screenshots/Aarey_Drugs___Pharmaceuticals_Limited_Homepage_WAVE_Overlay.png)","N/A","Head of Compliance & Digital Governance","N/A","N/A","N/A","Not Found"
"41","Unassigned","Aarnav Fashions Limited","https://Not Found","No","Yes","Yes","","","100","![WAVE Tool Screenshot](https://github.com/VEER-TANMAY-SACHIN/projects/blob/main/orchavate_gtm_workflow/outputs/v1.1_nse_tracker_enriched_clearbit_20260806_193605_attempt1_succesful_reviewnotdone_orchavatecore_digital/Aarnav_Fashions_Limited/screenshots/Aarnav_Fashions_Limited_Homepage_WAVE_Overlay.png)","N/A","Head of Compliance & Digital Governance","Not Found","General Contact Email (Guessed Pattern)","Accessibility & Nodal Officer","Not Found"
"42","Unassigned","Aaron Industries Limited","https://aaronindustries.net","Yes","Yes","Yes","22","22","30","![WAVE Tool Screenshot](https://github.com/VEER-TANMAY-SACHIN/projects/blob/main/orchavate_gtm_workflow/outputs/v1.1_nse_tracker_enriched_clearbit_20260806_193605_attempt1_succesful_reviewnotdone_orchavatecore_digital/Aaron_Industries_Limited/screenshots/Aaron_Industries_Limited_Homepage_WAVE_Overlay.png)","N/A","Head of Compliance & Digital Governance","tds@bigshareonline.com","General Contact Email","Accessibility & Nodal Officer","tds@bigshareonline.com"
"43","Unassigned","Aartech Solonics Limited","https://aartechsolonics.com","Yes","Yes","Yes","","","100","![WAVE Tool Screenshot](https://github.com/VEER-TANMAY-SACHIN/projects/blob/main/orchavate_gtm_workflow/outputs/v1.1_nse_tracker_enriched_clearbit_20260806_193605_attempt1_succesful_reviewnotdone_orchavatecore_digital/Aartech_Solonics_Limited/screenshots/Aartech_Solonics_Limited_Homepage_WAVE_Overlay.png)","N/A","Head of Compliance & Digital Governance","info@aartechsolonics.com","General Contact Email (Guessed Pattern)","Accessibility & Nodal Officer","info@aartechsolonics.com"
"44","Unassigned","Aarti Drugs Limited","https://aartidrugs.com","Yes","No","No","","","","![WAVE Tool Screenshot](https://github.com/VEER-TANMAY-SACHIN/projects/blob/main/orchavate_gtm_workflow/outputs/v1.1_nse_tracker_enriched_clearbit_20260806_193605_attempt1_succesful_reviewnotdone_orchavatecore_digital/Aarti_Drugs_Limited/screenshots/Aarti_Drugs_Limited_Homepage_WAVE_Overlay.png)","N/A","Head of Compliance & Digital Governance","N/A","N/A","N/A","Not Found"
"45","Unassigned","Aarti Industries Limited","https://aarti-industries.com","Yes","Yes","Yes","15","15","40","![WAVE Tool Screenshot](https://github.com/VEER-TANMAY-SACHIN/projects/blob/main/orchavate_gtm_workflow/outputs/v1.1_nse_tracker_enriched_clearbit_20260806_193605_attempt1_succesful_reviewnotdone_orchavatecore_digital/Aarti_Industries_Limited/screenshots/Aarti_Industries_Limited_Homepage_WAVE_Overlay.png)","N/A","Head of Compliance & Digital Governance","info@aarti-industries.com","General Contact Email (Guessed Pattern)","Accessibility & Nodal Officer","info@aarti-industries.com"
"46","Unassigned","Aarti Pharmalabs Limited","https://aartipharmalabs.com","Yes","Yes","Yes","","","100","![WAVE Tool Screenshot](https://github.com/VEER-TANMAY-SACHIN/projects/blob/main/orchavate_gtm_workflow/outputs/v1.1_nse_tracker_enriched_clearbit_20260806_193605_attempt1_succesful_reviewnotdone_orchavatecore_digital/Aarti_Pharmalabs_Limited/screenshots/Aarti_Pharmalabs_Limited_Homepage_WAVE_Overlay.png)","N/A","Head of Compliance & Digital Governance","info@aartipharmalabs.com","General Contact Email","Accessibility & Nodal Officer","info@aartipharmalabs.com"
"47","Unassigned","Aarti Surfactants Limited","https://aarti-surfactants.com","Yes","Yes","Yes","11","11","56","![WAVE Tool Screenshot](https://github.com/VEER-TANMAY-SACHIN/projects/blob/main/orchavate_gtm_workflow/outputs/v1.1_nse_tracker_enriched_clearbit_20260806_193605_attempt1_succesful_reviewnotdone_orchavatecore_digital/Aarti_Surfactants_Limited/screenshots/Aarti_Surfactants_Limited_Homepage_WAVE_Overlay.png)","N/A","Head of Compliance & Digital Governance","sales@aarti-surfactants.com","General Contact Email","Accessibility & Nodal Officer","sales@aarti-surfactants.com"
"48","Unassigned","Aarvi Encon Limited","https://aarviencon.com","Yes","No","No","","","","![WAVE Tool Screenshot](https://github.com/VEER-TANMAY-SACHIN/projects/blob/main/orchavate_gtm_workflow/outputs/v1.1_nse_tracker_enriched_clearbit_20260806_193605_attempt1_succesful_reviewnotdone_orchavatecore_digital/Aarvi_Encon_Limited/screenshots/Aarvi_Encon_Limited_Homepage_WAVE_Overlay.png)","N/A","Head of Compliance & Digital Governance","N/A","N/A","N/A","Not Found"
"49","Unassigned","Aastha Spintex Limited","https://Not Found","No","Yes","Yes","","","100","![WAVE Tool Screenshot](https://github.com/VEER-TANMAY-SACHIN/projects/blob/main/orchavate_gtm_workflow/outputs/v1.1_nse_tracker_enriched_clearbit_20260806_193605_attempt1_succesful_reviewnotdone_orchavatecore_digital/Aastha_Spintex_Limited/screenshots/Aastha_Spintex_Limited_Homepage_WAVE_Overlay.png)","N/A","Head of Compliance & Digital Governance","Not Found","General Contact Email (Guessed Pattern)","Accessibility & Nodal Officer","Not Found"
"50","Unassigned","Aavas Financiers Limited","https://aavas.in","Yes","No","No","","","","![WAVE Tool Screenshot](https://github.com/VEER-TANMAY-SACHIN/projects/blob/main/orchavate_gtm_workflow/outputs/v1.1_nse_tracker_enriched_clearbit_20260806_193605_attempt1_succesful_reviewnotdone_orchavatecore_digital/Aavas_Financiers_Limited/screenshots/Aavas_Financiers_Limited_Homepage_WAVE_Overlay.png)","N/A","Head of Compliance & Digital Governance","N/A","N/A","N/A","Not Found"
"51","Unassigned","Aban Offshore Limited","https://abanoffshore.com","Yes","Yes","Yes","","","100","![WAVE Tool Screenshot](https://github.com/VEER-TANMAY-SACHIN/projects/blob/main/orchavate_gtm_workflow/outputs/v1.1_nse_tracker_enriched_clearbit_20260806_193605_attempt1_succesful_reviewnotdone_orchavatecore_digital/Aban_Offshore_Limited/screenshots/Aban_Offshore_Limited_Homepage_WAVE_Overlay.png)","N/A","Head of Compliance & Digital Governance","info@abanoffshore.com","General Contact Email (Guessed Pattern)","Accessibility & Nodal Officer","info@abanoffshore.com"
"52","Unassigned","Abans Enterprises Limited","https://aban.net","Yes","Yes","Yes","27","27","30","![WAVE Tool Screenshot](https://github.com/VEER-TANMAY-SACHIN/projects/blob/main/orchavate_gtm_workflow/outputs/v1.1_nse_tracker_enriched_clearbit_20260806_193605_attempt1_succesful_reviewnotdone_orchavatecore_digital/Abans_Enterprises_Limited/screenshots/Abans_Enterprises_Limited_Homepage_WAVE_Overlay.png)","N/A","Head of Compliance & Digital Governance","aban@aban.net","General Contact Email","Accessibility & Nodal Officer","aban@aban.net"
"53","Unassigned","Abans Financial Services Limited","https://Not Found","No","Yes","Yes","","","100","![WAVE Tool Screenshot](https://github.com/VEER-TANMAY-SACHIN/projects/blob/main/orchavate_gtm_workflow/outputs/v1.1_nse_tracker_enriched_clearbit_20260806_193605_attempt1_succesful_reviewnotdone_orchavatecore_digital/Abans_Financial_Services_Limited/screenshots/Abans_Financial_Services_Limited_Homepage_WAVE_Overlay.png)","N/A","Head of Compliance & Digital Governance","Not Found","General Contact Email (Guessed Pattern)","Accessibility & Nodal Officer","Not Found"
"54","Unassigned","Abbott India Limited","https://abbott.com","Yes","Yes","Yes","","","100","![WAVE Tool Screenshot](https://github.com/VEER-TANMAY-SACHIN/projects/blob/main/orchavate_gtm_workflow/outputs/v1.1_nse_tracker_enriched_clearbit_20260806_193605_attempt1_succesful_reviewnotdone_orchavatecore_digital/Abbott_India_Limited/screenshots/Abbott_India_Limited_Homepage_WAVE_Overlay.png)","N/A","Head of Compliance & Digital Governance","info@abbott.com","General Contact Email (Guessed Pattern)","Accessibility & Nodal Officer","info@abbott.com"
"55","Unassigned","Accelya Solutions India Limited","https://Not Found","No","Yes","Yes","","","100","![WAVE Tool Screenshot](https://github.com/VEER-TANMAY-SACHIN/projects/blob/main/orchavate_gtm_workflow/outputs/v1.1_nse_tracker_enriched_clearbit_20260806_193605_attempt1_succesful_reviewnotdone_orchavatecore_digital/Accelya_Solutions_India_Limited/screenshots/Accelya_Solutions_India_Limited_Homepage_WAVE_Overlay.png)","N/A","Head of Compliance & Digital Governance","Not Found","General Contact Email (Guessed Pattern)","Accessibility & Nodal Officer","Not Found"
"56","Unassigned","Accuracy Shipping Limited","https://aslindia.net","Yes","Yes","Yes","37","37","30","![WAVE Tool Screenshot](https://github.com/VEER-TANMAY-SACHIN/projects/blob/main/orchavate_gtm_workflow/outputs/v1.1_nse_tracker_enriched_clearbit_20260806_193605_attempt1_succesful_reviewnotdone_orchavatecore_digital/Accuracy_Shipping_Limited/screenshots/Accuracy_Shipping_Limited_Homepage_WAVE_Overlay.png)","N/A","Head of Compliance & Digital Governance","info@aslindia.net","Investor Grievance / Compliance Officer Email","Accessibility & Nodal Officer","info@aslindia.net"
"57","Unassigned","Ace Integrated Solutions Limited","https://Not Found","No","Yes","Yes","","","100","![WAVE Tool Screenshot](https://github.com/VEER-TANMAY-SACHIN/projects/blob/main/orchavate_gtm_workflow/outputs/v1.1_nse_tracker_enriched_clearbit_20260806_193605_attempt1_succesful_reviewnotdone_orchavatecore_digital/Ace_Integrated_Solutions_Limited/screenshots/Ace_Integrated_Solutions_Limited_Homepage_WAVE_Overlay.png)","N/A","Head of Compliance & Digital Governance","Not Found","General Contact Email (Guessed Pattern)","Accessibility & Nodal Officer","Not Found"
"58","Unassigned","Acme Solar Holdings Limited","https://Not Found","No","Yes","Yes","","","100","![WAVE Tool Screenshot](https://github.com/VEER-TANMAY-SACHIN/projects/blob/main/orchavate_gtm_workflow/outputs/v1.1_nse_tracker_enriched_clearbit_20260806_193605_attempt1_succesful_reviewnotdone_orchavatecore_digital/Acme_Solar_Holdings_Limited/screenshots/Acme_Solar_Holdings_Limited_Homepage_WAVE_Overlay.png)","N/A","Head of Compliance & Digital Governance","Not Found","General Contact Email (Guessed Pattern)","Accessibility & Nodal Officer","Not Found"
"59","Unassigned","Action Construction Equipment Limited","https://ace-cranes.com","Yes","No","No","","","","![WAVE Tool Screenshot](https://github.com/VEER-TANMAY-SACHIN/projects/blob/main/orchavate_gtm_workflow/outputs/v1.1_nse_tracker_enriched_clearbit_20260806_193605_attempt1_succesful_reviewnotdone_orchavatecore_digital/Action_Construction_Equipment_Limited/screenshots/Action_Construction_Equipment_Limited_Homepage_WAVE_Overlay.png)","N/A","Head of Compliance & Digital Governance","N/A","N/A","N/A","Not Found"
"60","Unassigned","Acutaas Chemicals Limited","https://Not Found","No","Yes","Yes","","","100","![WAVE Tool Screenshot](https://github.com/VEER-TANMAY-SACHIN/projects/blob/main/orchavate_gtm_workflow/outputs/v1.1_nse_tracker_enriched_clearbit_20260806_193605_attempt1_succesful_reviewnotdone_orchavatecore_digital/Acutaas_Chemicals_Limited/screenshots/Acutaas_Chemicals_Limited_Homepage_WAVE_Overlay.png)","N/A","Head of Compliance & Digital Governance","Not Found","General Contact Email (Guessed Pattern)","Accessibility & Nodal Officer","Not Found"
"61","Unassigned","Adani Energy Solutions Limited","https://adanienergysolutions.com","Yes","Yes","Yes","78","78","30","![WAVE Tool Screenshot](https://github.com/VEER-TANMAY-SACHIN/projects/blob/main/orchavate_gtm_workflow/outputs/v1.1_nse_tracker_enriched_clearbit_20260806_193605_attempt1_succesful_reviewnotdone_orchavatecore_digital/Adani_Energy_Solutions_Limited/screenshots/Adani_Energy_Solutions_Limited_Homepage_WAVE_Overlay.png)","N/A","Head of Compliance & Digital Governance","info@adanienergysolutions.com","General Contact Email (Guessed Pattern)","Accessibility & Nodal Officer","info@adanienergysolutions.com"
"62","Unassigned","Adani Enterprises Limited","https://adanielectricity.com","Yes","Yes","Yes","36","36","30","![WAVE Tool Screenshot](https://github.com/VEER-TANMAY-SACHIN/projects/blob/main/orchavate_gtm_workflow/outputs/v1.1_nse_tracker_enriched_clearbit_20260806_193605_attempt1_succesful_reviewnotdone_orchavatecore_digital/Adani_Enterprises_Limited/screenshots/Adani_Enterprises_Limited_Homepage_WAVE_Overlay.png)","N/A","Head of Compliance & Digital Governance","helpdesk.mumbaielectricity@adani.com","General Contact Email","Accessibility & Nodal Officer","helpdesk.mumbaielectricity@adani.com"
"63","Unassigned","Adani Green Energy Limited","https://Not Found","No","Yes","Yes","","","100","![WAVE Tool Screenshot](https://github.com/VEER-TANMAY-SACHIN/projects/blob/main/orchavate_gtm_workflow/outputs/v1.1_nse_tracker_enriched_clearbit_20260806_193605_attempt1_succesful_reviewnotdone_orchavatecore_digital/Adani_Green_Energy_Limited/screenshots/Adani_Green_Energy_Limited_Homepage_WAVE_Overlay.png)","N/A","Head of Compliance & Digital Governance","Not Found","General Contact Email (Guessed Pattern)","Accessibility & Nodal Officer","Not Found"
"64","Unassigned","Adani Ports and Special Economic Zone Limited","https://Not Found","No","Yes","Yes","","","100","![WAVE Tool Screenshot](https://github.com/VEER-TANMAY-SACHIN/projects/blob/main/orchavate_gtm_workflow/outputs/v1.1_nse_tracker_enriched_clearbit_20260806_193605_attempt1_succesful_reviewnotdone_orchavatecore_digital/Adani_Ports_and_Special_Economic_Zone_Limited/screenshots/Adani_Ports_and_Special_Economic_Zone_Limited_Homepage_WAVE_Overlay.png)","N/A","Head of Compliance & Digital Governance","Not Found","General Contact Email (Guessed Pattern)","Accessibility & Nodal Officer","Not Found"
"65","Unassigned","Adani Power Limited","https://adanipower.com","Yes","Yes","Yes","67","67","30","![WAVE Tool Screenshot](https://github.com/VEER-TANMAY-SACHIN/projects/blob/main/orchavate_gtm_workflow/outputs/v1.1_nse_tracker_enriched_clearbit_20260806_193605_attempt1_succesful_reviewnotdone_orchavatecore_digital/Adani_Power_Limited/screenshots/Adani_Power_Limited_Homepage_WAVE_Overlay.png)","N/A","Head of Compliance & Digital Governance","info@adanipower.com","General Contact Email (Guessed Pattern)","Accessibility & Nodal Officer","info@adanipower.com"
"66","Unassigned","Adani Total Gas Limited","https://Not Found","No","Yes","Yes","","","100","![WAVE Tool Screenshot](https://github.com/VEER-TANMAY-SACHIN/projects/blob/main/orchavate_gtm_workflow/outputs/v1.1_nse_tracker_enriched_clearbit_20260806_193605_attempt1_succesful_reviewnotdone_orchavatecore_digital/Adani_Total_Gas_Limited/screenshots/Adani_Total_Gas_Limited_Homepage_WAVE_Overlay.png)","N/A","Head of Compliance & Digital Governance","Not Found","General Contact Email (Guessed Pattern)","Accessibility & Nodal Officer","Not Found"
"67","Unassigned","Aditya Birla Capital Limited","https://adityabirlacapital.com","Yes","No","No","","","","![WAVE Tool Screenshot](https://github.com/VEER-TANMAY-SACHIN/projects/blob/main/orchavate_gtm_workflow/outputs/v1.1_nse_tracker_enriched_clearbit_20260806_193605_attempt1_succesful_reviewnotdone_orchavatecore_digital/Aditya_Birla_Capital_Limited/screenshots/Aditya_Birla_Capital_Limited_Homepage_WAVE_Overlay.png)","N/A","Head of Compliance & Digital Governance","N/A","N/A","N/A","Not Found"
"68","Unassigned","Aditya Birla Fashion and Retail Limited","https://Not Found","No","Yes","Yes","","","100","![WAVE Tool Screenshot](https://github.com/VEER-TANMAY-SACHIN/projects/blob/main/orchavate_gtm_workflow/outputs/v1.1_nse_tracker_enriched_clearbit_20260806_193605_attempt1_succesful_reviewnotdone_orchavatecore_digital/Aditya_Birla_Fashion_and_Retail_Limited/screenshots/Aditya_Birla_Fashion_and_Retail_Limited_Homepage_WAVE_Overlay.png)","N/A","Head of Compliance & Digital Governance","Not Found","General Contact Email (Guessed Pattern)","Accessibility & Nodal Officer","Not Found"
"69","Unassigned","Aditya Birla Lifestyle Brands Limited","https://Not Found","No","Yes","Yes","","","100","![WAVE Tool Screenshot](https://github.com/VEER-TANMAY-SACHIN/projects/blob/main/orchavate_gtm_workflow/outputs/v1.1_nse_tracker_enriched_clearbit_20260806_193605_attempt1_succesful_reviewnotdone_orchavatecore_digital/Aditya_Birla_Lifestyle_Brands_Limited/screenshots/Aditya_Birla_Lifestyle_Brands_Limited_Homepage_WAVE_Overlay.png)","N/A","Head of Compliance & Digital Governance","Not Found","General Contact Email (Guessed Pattern)","Accessibility & Nodal Officer","Not Found"
"70","Unassigned","Aditya Birla Money Limited","https://Not Found","No","Yes","Yes","","","100","![WAVE Tool Screenshot](https://github.com/VEER-TANMAY-SACHIN/projects/blob/main/orchavate_gtm_workflow/outputs/v1.1_nse_tracker_enriched_clearbit_20260806_193605_attempt1_succesful_reviewnotdone_orchavatecore_digital/Aditya_Birla_Money_Limited/screenshots/Aditya_Birla_Money_Limited_Homepage_WAVE_Overlay.png)","N/A","Head of Compliance & Digital Governance","Not Found","General Contact Email (Guessed Pattern)","Accessibility & Nodal Officer","Not Found"
"71","Unassigned","Aditya Birla Real Estate Limited","https://Not Found","No","Yes","Yes","","","100","![WAVE Tool Screenshot](https://github.com/VEER-TANMAY-SACHIN/projects/blob/main/orchavate_gtm_workflow/outputs/v1.1_nse_tracker_enriched_clearbit_20260806_193605_attempt1_succesful_reviewnotdone_orchavatecore_digital/Aditya_Birla_Real_Estate_Limited/screenshots/Aditya_Birla_Real_Estate_Limited_Homepage_WAVE_Overlay.png)","N/A","Head of Compliance & Digital Governance","Not Found","General Contact Email (Guessed Pattern)","Accessibility & Nodal Officer","Not Found"
"72","Unassigned","Aditya Birla Sun Life AMC Limited","https://adityabirlasunlifeamc.com","Yes","Yes","Yes","","","100","![WAVE Tool Screenshot](https://github.com/VEER-TANMAY-SACHIN/projects/blob/main/orchavate_gtm_workflow/outputs/v1.1_nse_tracker_enriched_clearbit_20260806_193605_attempt1_succesful_reviewnotdone_orchavatecore_digital/Aditya_Birla_Sun_Life_AMC_Limited/screenshots/Aditya_Birla_Sun_Life_AMC_Limited_Homepage_WAVE_Overlay.png)","N/A","Head of Compliance & Digital Governance","info@adityabirlasunlifeamc.com","General Contact Email (Guessed Pattern)","Accessibility & Nodal Officer","info@adityabirlasunlifeamc.com"
"73","Unassigned","Aditya Infotech Limited","https://adityainfotech.com","Yes","Yes","Yes","26","26","30","![WAVE Tool Screenshot](https://github.com/VEER-TANMAY-SACHIN/projects/blob/main/orchavate_gtm_workflow/outputs/v1.1_nse_tracker_enriched_clearbit_20260806_193605_attempt1_succesful_reviewnotdone_orchavatecore_digital/Aditya_Infotech_Limited/screenshots/Aditya_Infotech_Limited_Homepage_WAVE_Overlay.png)","N/A","Head of Compliance & Digital Governance","admin@adityainfotech.com","General Contact Email","Accessibility & Nodal Officer","admin@adityainfotech.com"
"74","Unassigned","Aditya Vision Limited","https://adityavision.com","Yes","Yes","Yes","84","84","30","![WAVE Tool Screenshot](https://github.com/VEER-TANMAY-SACHIN/projects/blob/main/orchavate_gtm_workflow/outputs/v1.1_nse_tracker_enriched_clearbit_20260806_193605_attempt1_succesful_reviewnotdone_orchavatecore_digital/Aditya_Vision_Limited/screenshots/Aditya_Vision_Limited_Homepage_WAVE_Overlay.png)","N/A","Head of Compliance & Digital Governance","care@adityavision.in","General Contact Email","Accessibility & Nodal Officer","care@adityavision.in"
"75","Unassigned","Ador Welding Limited","https://adorwelding.com","Yes","No","No","","","","![WAVE Tool Screenshot](https://github.com/VEER-TANMAY-SACHIN/projects/blob/main/orchavate_gtm_workflow/outputs/v1.1_nse_tracker_enriched_clearbit_20260806_193605_attempt1_succesful_reviewnotdone_orchavatecore_digital/Ador_Welding_Limited/screenshots/Ador_Welding_Limited_Homepage_WAVE_Overlay.png)","N/A","Head of Compliance & Digital Governance","N/A","N/A","N/A","Not Found"
"76","Unassigned","Adroit Infotech Limited","https://adroitinfotech.com","Yes","Yes","Yes","1","1","96","![WAVE Tool Screenshot](https://github.com/VEER-TANMAY-SACHIN/projects/blob/main/orchavate_gtm_workflow/outputs/v1.1_nse_tracker_enriched_clearbit_20260806_193605_attempt1_succesful_reviewnotdone_orchavatecore_digital/Adroit_Infotech_Limited/screenshots/Adroit_Infotech_Limited_Homepage_WAVE_Overlay.png)","N/A","Head of Compliance & Digital Governance","info@adroitinfotech.com","Investor Grievance / Compliance Officer Email","Accessibility & Nodal Officer","cs@adroitinfotech.com"
"77","Unassigned","Advait Energy Transitions Limited","https://Not Found","No","Yes","Yes","","","100","![WAVE Tool Screenshot](https://github.com/VEER-TANMAY-SACHIN/projects/blob/main/orchavate_gtm_workflow/outputs/v1.1_nse_tracker_enriched_clearbit_20260806_193605_attempt1_succesful_reviewnotdone_orchavatecore_digital/Advait_Energy_Transitions_Limited/screenshots/Advait_Energy_Transitions_Limited_Homepage_WAVE_Overlay.png)","N/A","Head of Compliance & Digital Governance","Not Found","General Contact Email (Guessed Pattern)","Accessibility & Nodal Officer","Not Found"
"78","Unassigned","Advance Agrolife Limited","https://Not Found","No","Yes","Yes","","","100","![WAVE Tool Screenshot](https://github.com/VEER-TANMAY-SACHIN/projects/blob/main/orchavate_gtm_workflow/outputs/v1.1_nse_tracker_enriched_clearbit_20260806_193605_attempt1_succesful_reviewnotdone_orchavatecore_digital/Advance_Agrolife_Limited/screenshots/Advance_Agrolife_Limited_Homepage_WAVE_Overlay.png)","N/A","Head of Compliance & Digital Governance","Not Found","General Contact Email (Guessed Pattern)","Accessibility & Nodal Officer","Not Found"
"79","Unassigned","Advanced Enzyme Technologies Limited","https://advancedenzymes.com","Yes","Yes","Yes","12","12","52","![WAVE Tool Screenshot](https://github.com/VEER-TANMAY-SACHIN/projects/blob/main/orchavate_gtm_workflow/outputs/v1.1_nse_tracker_enriched_clearbit_20260806_193605_attempt1_succesful_reviewnotdone_orchavatecore_digital/Advanced_Enzyme_Technologies_Limited/screenshots/Advanced_Enzyme_Technologies_Limited_Homepage_WAVE_Overlay.png)","N/A","Head of Compliance & Digital Governance","info@advancedenzymes.com","General Contact Email","Accessibility & Nodal Officer","info@advancedenzymes.com"
"80","Unassigned","Advani Hotels & Resorts (India) Limited","https://Not Found","No","Yes","Yes","","","100","![WAVE Tool Screenshot](https://github.com/VEER-TANMAY-SACHIN/projects/blob/main/orchavate_gtm_workflow/outputs/v1.1_nse_tracker_enriched_clearbit_20260806_193605_attempt1_succesful_reviewnotdone_orchavatecore_digital/Advani_Hotels___Resorts__India__Limited/screenshots/Advani_Hotels___Resorts__India__Limited_Homepage_WAVE_Overlay.png)","N/A","Head of Compliance & Digital Governance","Not Found","General Contact Email (Guessed Pattern)","Accessibility & Nodal Officer","Not Found"
"81","Unassigned","Advent Hotels International Limited","https://Not Found","No","Yes","Yes","","","100","![WAVE Tool Screenshot](https://github.com/VEER-TANMAY-SACHIN/projects/blob/main/orchavate_gtm_workflow/outputs/v1.1_nse_tracker_enriched_clearbit_20260806_193605_attempt1_succesful_reviewnotdone_orchavatecore_digital/Advent_Hotels_International_Limited/screenshots/Advent_Hotels_International_Limited_Homepage_WAVE_Overlay.png)","N/A","Head of Compliance & Digital Governance","Not Found","General Contact Email (Guessed Pattern)","Accessibility & Nodal Officer","Not Found"
"82","Unassigned","Aegis Logistics Limited","https://aegislogistics.com","Yes","Yes","Yes","15","15","40","![WAVE Tool Screenshot](https://github.com/VEER-TANMAY-SACHIN/projects/blob/main/orchavate_gtm_workflow/outputs/v1.1_nse_tracker_enriched_clearbit_20260806_193605_attempt1_succesful_reviewnotdone_orchavatecore_digital/Aegis_Logistics_Limited/screenshots/Aegis_Logistics_Limited_Homepage_WAVE_Overlay.png)","N/A","Head of Compliance & Digital Governance","Solutions@AegisLogistics.com","General Contact Email","Accessibility & Nodal Officer","Solutions@AegisLogistics.com"
"83","Unassigned","Aegis Vopak Terminals Limited","https://Not Found","No","Yes","Yes","","","100","![WAVE Tool Screenshot](https://github.com/VEER-TANMAY-SACHIN/projects/blob/main/orchavate_gtm_workflow/outputs/v1.1_nse_tracker_enriched_clearbit_20260806_193605_attempt1_succesful_reviewnotdone_orchavatecore_digital/Aegis_Vopak_Terminals_Limited/screenshots/Aegis_Vopak_Terminals_Limited_Homepage_WAVE_Overlay.png)","N/A","Head of Compliance & Digital Governance","Not Found","General Contact Email (Guessed Pattern)","Accessibility & Nodal Officer","Not Found"
"84","Unassigned","Aequs Limited","https://aequs.com","Yes","Yes","Yes","2","2","92","![WAVE Tool Screenshot](https://github.com/VEER-TANMAY-SACHIN/projects/blob/main/orchavate_gtm_workflow/outputs/v1.1_nse_tracker_enriched_clearbit_20260806_193605_attempt1_succesful_reviewnotdone_orchavatecore_digital/Aequs_Limited/screenshots/Aequs_Limited_Homepage_WAVE_Overlay.png)","N/A","Head of Compliance & Digital Governance","Company.secretary@aequs.com","Investor Grievance / Compliance Officer Email","Accessibility & Nodal Officer","Company.secretary@aequs.com"
"85","Unassigned","Aeroflex Enterprises Limited","https://aeroflex.co.il","Yes","No","No","","","","![WAVE Tool Screenshot](https://github.com/VEER-TANMAY-SACHIN/projects/blob/main/orchavate_gtm_workflow/outputs/v1.1_nse_tracker_enriched_clearbit_20260806_193605_attempt1_succesful_reviewnotdone_orchavatecore_digital/Aeroflex_Enterprises_Limited/screenshots/Aeroflex_Enterprises_Limited_Homepage_WAVE_Overlay.png)","N/A","Head of Compliance & Digital Governance","N/A","N/A","N/A","Not Found"
"86","Unassigned","Aeroflex Industries Limited","https://aeroflexindia.com","Yes","Yes","Yes","14","14","44","![WAVE Tool Screenshot](https://github.com/VEER-TANMAY-SACHIN/projects/blob/main/orchavate_gtm_workflow/outputs/v1.1_nse_tracker_enriched_clearbit_20260806_193605_attempt1_succesful_reviewnotdone_orchavatecore_digital/Aeroflex_Industries_Limited/screenshots/Aeroflex_Industries_Limited_Homepage_WAVE_Overlay.png)","N/A","Head of Compliance & Digital Governance","info@aeroflexindia.com","Investor Grievance / Compliance Officer Email","Accessibility & Nodal Officer","corporate@aeroflexindia.com"
"87","Unassigned","Aeroflex Neu Limited","https://Not Found","No","Yes","Yes","","","100","![WAVE Tool Screenshot](https://github.com/VEER-TANMAY-SACHIN/projects/blob/main/orchavate_gtm_workflow/outputs/v1.1_nse_tracker_enriched_clearbit_20260806_193605_attempt1_succesful_reviewnotdone_orchavatecore_digital/Aeroflex_Neu_Limited/screenshots/Aeroflex_Neu_Limited_Homepage_WAVE_Overlay.png)","N/A","Head of Compliance & Digital Governance","Not Found","General Contact Email (Guessed Pattern)","Accessibility & Nodal Officer","Not Found"
"88","Unassigned","Aether Industries Limited","https://aether.co.in","Yes","No","No","","","","![WAVE Tool Screenshot](https://github.com/VEER-TANMAY-SACHIN/projects/blob/main/orchavate_gtm_workflow/outputs/v1.1_nse_tracker_enriched_clearbit_20260806_193605_attempt1_succesful_reviewnotdone_orchavatecore_digital/Aether_Industries_Limited/screenshots/Aether_Industries_Limited_Homepage_WAVE_Overlay.png)","N/A","Head of Compliance & Digital Governance","N/A","N/A","N/A","Not Found"
"89","Unassigned","Afcons Infrastructure Limited","https://afcons.com","Yes","Yes","Yes","38","38","30","![WAVE Tool Screenshot](https://github.com/VEER-TANMAY-SACHIN/projects/blob/main/orchavate_gtm_workflow/outputs/v1.1_nse_tracker_enriched_clearbit_20260806_193605_attempt1_succesful_reviewnotdone_orchavatecore_digital/Afcons_Infrastructure_Limited/screenshots/Afcons_Infrastructure_Limited_Homepage_WAVE_Overlay.png)","N/A","Head of Compliance & Digital Governance","compliance@afcons.com","Investor Grievance / Compliance Officer Email","Accessibility & Nodal Officer","compliance@afcons.com"
"90","Unassigned","Affle 3i Limited","https://affleico.com","Yes","Yes","Yes","","","100","![WAVE Tool Screenshot](https://github.com/VEER-TANMAY-SACHIN/projects/blob/main/orchavate_gtm_workflow/outputs/v1.1_nse_tracker_enriched_clearbit_20260806_193605_attempt1_succesful_reviewnotdone_orchavatecore_digital/Affle_3i_Limited/screenshots/Affle_3i_Limited_Homepage_WAVE_Overlay.png)","N/A","Head of Compliance & Digital Governance","info@affleico.com","General Contact Email (Guessed Pattern)","Accessibility & Nodal Officer","info@affleico.com"
"91","Unassigned","Affordable Robotic & Automation Limited","https://Not Found","No","Yes","Yes","","","100","![WAVE Tool Screenshot](https://github.com/VEER-TANMAY-SACHIN/projects/blob/main/orchavate_gtm_workflow/outputs/v1.1_nse_tracker_enriched_clearbit_20260806_193605_attempt1_succesful_reviewnotdone_orchavatecore_digital/Affordable_Robotic___Automation_Limited/screenshots/Affordable_Robotic___Automation_Limited_Homepage_WAVE_Overlay.png)","N/A","Head of Compliance & Digital Governance","Not Found","General Contact Email (Guessed Pattern)","Accessibility & Nodal Officer","Not Found"
"92","Unassigned","Agarwal Industrial Corporation Limited","https://Not Found","No","Yes","Yes","","","100","![WAVE Tool Screenshot](https://github.com/VEER-TANMAY-SACHIN/projects/blob/main/orchavate_gtm_workflow/outputs/v1.1_nse_tracker_enriched_clearbit_20260806_193605_attempt1_succesful_reviewnotdone_orchavatecore_digital/Agarwal_Industrial_Corporation_Limited/screenshots/Agarwal_Industrial_Corporation_Limited_Homepage_WAVE_Overlay.png)","N/A","Head of Compliance & Digital Governance","Not Found","General Contact Email (Guessed Pattern)","Accessibility & Nodal Officer","Not Found"
"93","Unassigned","Agi Infra Limited","https://agiinfra.com","Yes","No","No","","","","![WAVE Tool Screenshot](https://github.com/VEER-TANMAY-SACHIN/projects/blob/main/orchavate_gtm_workflow/outputs/v1.1_nse_tracker_enriched_clearbit_20260806_193605_attempt1_succesful_reviewnotdone_orchavatecore_digital/Agi_Infra_Limited/screenshots/Agi_Infra_Limited_Homepage_WAVE_Overlay.png)","N/A","Head of Compliance & Digital Governance","N/A","N/A","N/A","Not Found"
"94","Unassigned","Agri-Tech (India) Limited","https://agritechtomorrow.com","Yes","Yes","Yes","","","100","![WAVE Tool Screenshot](https://github.com/VEER-TANMAY-SACHIN/projects/blob/main/orchavate_gtm_workflow/outputs/v1.1_nse_tracker_enriched_clearbit_20260806_193605_attempt1_succesful_reviewnotdone_orchavatecore_digital/Agri_Tech__India__Limited/screenshots/Agri_Tech__India__Limited_Homepage_WAVE_Overlay.png)","N/A","Head of Compliance & Digital Governance","info@agritechtomorrow.com","General Contact Email (Guessed Pattern)","Accessibility & Nodal Officer","info@agritechtomorrow.com"
"95","Unassigned","Agro Phos India Limited","https://Not Found","No","Yes","Yes","","","100","![WAVE Tool Screenshot](https://github.com/VEER-TANMAY-SACHIN/projects/blob/main/orchavate_gtm_workflow/outputs/v1.1_nse_tracker_enriched_clearbit_20260806_193605_attempt1_succesful_reviewnotdone_orchavatecore_digital/Agro_Phos_India_Limited/screenshots/Agro_Phos_India_Limited_Homepage_WAVE_Overlay.png)","N/A","Head of Compliance & Digital Governance","Not Found","General Contact Email (Guessed Pattern)","Accessibility & Nodal Officer","Not Found"
"96","Unassigned","Ahlada Engineers Limited","https://ahlada.com","Yes","Yes","Yes","51","51","30","![WAVE Tool Screenshot](https://github.com/VEER-TANMAY-SACHIN/projects/blob/main/orchavate_gtm_workflow/outputs/v1.1_nse_tracker_enriched_clearbit_20260806_193605_attempt1_succesful_reviewnotdone_orchavatecore_digital/Ahlada_Engineers_Limited/screenshots/Ahlada_Engineers_Limited_Homepage_WAVE_Overlay.png)","N/A","Head of Compliance & Digital Governance","engineers@ahlada.com","General Contact Email","Accessibility & Nodal Officer","engineers@ahlada.com"
"97","Unassigned","Ahluwalia Contracts (India) Limited","https://acilnet.com","Yes","Yes","Yes","8","8","68","![WAVE Tool Screenshot](https://github.com/VEER-TANMAY-SACHIN/projects/blob/main/orchavate_gtm_workflow/outputs/v1.1_nse_tracker_enriched_clearbit_20260806_193605_attempt1_succesful_reviewnotdone_orchavatecore_digital/Ahluwalia_Contracts__India__Limited/screenshots/Ahluwalia_Contracts__India__Limited_Homepage_WAVE_Overlay.png)","N/A","Head of Compliance & Digital Governance","info@acilnet.com","General Contact Email (Guessed Pattern)","Accessibility & Nodal Officer","info@acilnet.com"
"98","Unassigned","Airan Limited","https://airanlimited.in","Yes","Yes","Yes","7","7","72","![WAVE Tool Screenshot](https://github.com/VEER-TANMAY-SACHIN/projects/blob/main/orchavate_gtm_workflow/outputs/v1.1_nse_tracker_enriched_clearbit_20260806_193605_attempt1_succesful_reviewnotdone_orchavatecore_digital/Airan_Limited/screenshots/Airan_Limited_Homepage_WAVE_Overlay.png)","N/A","Head of Compliance & Digital Governance","info@airanlimited.in","General Contact Email (Guessed Pattern)","Accessibility & Nodal Officer","info@airanlimited.in"
"99","Unassigned","Airo Lam limited","https://airolam.com","Yes","Yes","Yes","","","100","![WAVE Tool Screenshot](https://github.com/VEER-TANMAY-SACHIN/projects/blob/main/orchavate_gtm_workflow/outputs/v1.1_nse_tracker_enriched_clearbit_20260806_193605_attempt1_succesful_reviewnotdone_orchavatecore_digital/Airo_Lam_limited/screenshots/Airo_Lam_limited_Homepage_WAVE_Overlay.png)","N/A","Head of Compliance & Digital Governance","info@airolam.com","General Contact Email (Guessed Pattern)","Accessibility & Nodal Officer","info@airolam.com"
"100","Unassigned","Ajanta Pharma Limited","https://ajantapharma.com","Yes","No","No","","","","![WAVE Tool Screenshot](https://github.com/VEER-TANMAY-SACHIN/projects/blob/main/orchavate_gtm_workflow/outputs/v1.1_nse_tracker_enriched_clearbit_20260806_193605_attempt1_succesful_reviewnotdone_orchavatecore_digital/Ajanta_Pharma_Limited/screenshots/Ajanta_Pharma_Limited_Homepage_WAVE_Overlay.png)","N/A","Head of Compliance & Digital Governance","N/A","N/A","N/A","Not Found"
"101","Unassigned","Ajax Engineering Limited","https://ajax-engg.com","Yes","Yes","Yes","15","15","40","![WAVE Tool Screenshot](https://github.com/VEER-TANMAY-SACHIN/projects/blob/main/orchavate_gtm_workflow/outputs/v1.1_nse_tracker_enriched_clearbit_20260806_193605_attempt1_succesful_reviewnotdone_orchavatecore_digital/Ajax_Engineering_Limited/screenshots/Ajax_Engineering_Limited_Homepage_WAVE_Overlay.png)","N/A","Head of Compliance & Digital Governance","info@ajax-engg.com","General Contact Email (Guessed Pattern)","Accessibility & Nodal Officer","info@ajax-engg.com"
"102","Unassigned","Ajmera Realty & Infra India Limited","https://Not Found","No","Yes","Yes","","","100","![WAVE Tool Screenshot](https://github.com/VEER-TANMAY-SACHIN/projects/blob/main/orchavate_gtm_workflow/outputs/v1.1_nse_tracker_enriched_clearbit_20260806_193605_attempt1_succesful_reviewnotdone_orchavatecore_digital/Ajmera_Realty___Infra_India_Limited/screenshots/Ajmera_Realty___Infra_India_Limited_Homepage_WAVE_Overlay.png)","N/A","Head of Compliance & Digital Governance","Not Found","General Contact Email (Guessed Pattern)","Accessibility & Nodal Officer","Not Found"
"103","Unassigned","Ajooni Biotech Limited","https://Not Found","No","Yes","Yes","","","100","![WAVE Tool Screenshot](https://github.com/VEER-TANMAY-SACHIN/projects/blob/main/orchavate_gtm_workflow/outputs/v1.1_nse_tracker_enriched_clearbit_20260806_193605_attempt1_succesful_reviewnotdone_orchavatecore_digital/Ajooni_Biotech_Limited/screenshots/Ajooni_Biotech_Limited_Homepage_WAVE_Overlay.png)","N/A","Head of Compliance & Digital Governance","Not Found","General Contact Email (Guessed Pattern)","Accessibility & Nodal Officer","Not Found"
"104","Unassigned","Akash Infra-Projects Limited","https://akashinfra.com","Yes","Yes","Yes","","","100","![WAVE Tool Screenshot](https://github.com/VEER-TANMAY-SACHIN/projects/blob/main/orchavate_gtm_workflow/outputs/v1.1_nse_tracker_enriched_clearbit_20260806_193605_attempt1_succesful_reviewnotdone_orchavatecore_digital/Akash_Infra_Projects_Limited/screenshots/Akash_Infra_Projects_Limited_Homepage_WAVE_Overlay.png)","N/A","Head of Compliance & Digital Governance","info@akashinfra.com","General Contact Email (Guessed Pattern)","Accessibility & Nodal Officer","info@akashinfra.com"
"105","Unassigned","Akg Exim Limited","https://Not Found","No","Yes","Yes","","","100","![WAVE Tool Screenshot](https://github.com/VEER-TANMAY-SACHIN/projects/blob/main/orchavate_gtm_workflow/outputs/v1.1_nse_tracker_enriched_clearbit_20260806_193605_attempt1_succesful_reviewnotdone_orchavatecore_digital/Akg_Exim_Limited/screenshots/Akg_Exim_Limited_Homepage_WAVE_Overlay.png)","N/A","Head of Compliance & Digital Governance","Not Found","General Contact Email (Guessed Pattern)","Accessibility & Nodal Officer","Not Found"
"106","Unassigned","Akme Fintrade (India) Limited","https://akmefintrade.com","Yes","Yes","Yes","10","10","60","![WAVE Tool Screenshot](https://github.com/VEER-TANMAY-SACHIN/projects/blob/main/orchavate_gtm_workflow/outputs/v1.1_nse_tracker_enriched_clearbit_20260806_193605_attempt1_succesful_reviewnotdone_orchavatecore_digital/Akme_Fintrade__India__Limited/screenshots/Akme_Fintrade__India__Limited_Homepage_WAVE_Overlay.png)","N/A","Head of Compliance & Digital Governance","care@akmefintrade.com","General Contact Email","Accessibility & Nodal Officer","care@akmefintrade.com"
"107","Unassigned","Aksh Optifibre Limited","https://akshoptifibre.com","Yes","Yes","Yes","16","16","36","![WAVE Tool Screenshot](https://github.com/VEER-TANMAY-SACHIN/projects/blob/main/orchavate_gtm_workflow/outputs/v1.1_nse_tracker_enriched_clearbit_20260806_193605_attempt1_succesful_reviewnotdone_orchavatecore_digital/Aksh_Optifibre_Limited/screenshots/Aksh_Optifibre_Limited_Homepage_WAVE_Overlay.png)","N/A","Head of Compliance & Digital Governance","aksh@akshoptifibre.com","Investor Grievance / Compliance Officer Email","Accessibility & Nodal Officer","aksh@akshoptifibre.com"
"108","Unassigned","AksharChem India Limited","https://aksharchemindia.com","Yes","Yes","Yes","13","13","48","![WAVE Tool Screenshot](https://github.com/VEER-TANMAY-SACHIN/projects/blob/main/orchavate_gtm_workflow/outputs/v1.1_nse_tracker_enriched_clearbit_20260806_193605_attempt1_succesful_reviewnotdone_orchavatecore_digital/AksharChem_India_Limited/screenshots/AksharChem_India_Limited_Homepage_WAVE_Overlay.png)","N/A","Head of Compliance & Digital Governance","mktg@aksharchemindia.com","General Contact Email","Accessibility & Nodal Officer","mktg@aksharchemindia.com"
"109","Unassigned","Akshar Spintex Limited","https://aksharspintex.in","Yes","Yes","Yes","","","100","![WAVE Tool Screenshot](https://github.com/VEER-TANMAY-SACHIN/projects/blob/main/orchavate_gtm_workflow/outputs/v1.1_nse_tracker_enriched_clearbit_20260806_193605_attempt1_succesful_reviewnotdone_orchavatecore_digital/Akshar_Spintex_Limited/screenshots/Akshar_Spintex_Limited_Homepage_WAVE_Overlay.png)","N/A","Head of Compliance & Digital Governance","info@aksharspintex.in","General Contact Email (Guessed Pattern)","Accessibility & Nodal Officer","info@aksharspintex.in"
"110","Unassigned","Akums Drugs and Pharmaceuticals Limited","https://Not Found","No","Yes","Yes","","","100","![WAVE Tool Screenshot](https://github.com/VEER-TANMAY-SACHIN/projects/blob/main/orchavate_gtm_workflow/outputs/v1.1_nse_tracker_enriched_clearbit_20260806_193605_attempt1_succesful_reviewnotdone_orchavatecore_digital/Akums_Drugs_and_Pharmaceuticals_Limited/screenshots/Akums_Drugs_and_Pharmaceuticals_Limited_Homepage_WAVE_Overlay.png)","N/A","Head of Compliance & Digital Governance","Not Found","General Contact Email (Guessed Pattern)","Accessibility & Nodal Officer","Not Found"
"111","Unassigned","Alankit Limited","https://alankit.com","Yes","No","No","","","","![WAVE Tool Screenshot](https://github.com/VEER-TANMAY-SACHIN/projects/blob/main/orchavate_gtm_workflow/outputs/v1.1_nse_tracker_enriched_clearbit_20260806_193605_attempt1_succesful_reviewnotdone_orchavatecore_digital/Alankit_Limited/screenshots/Alankit_Limited_Homepage_WAVE_Overlay.png)","N/A","Head of Compliance & Digital Governance","N/A","N/A","N/A","Not Found"
"112","Unassigned","Albert David Limited","https://albertdavidindia.com","Yes","Yes","Yes","13","13","48","![WAVE Tool Screenshot](https://github.com/VEER-TANMAY-SACHIN/projects/blob/main/orchavate_gtm_workflow/outputs/v1.1_nse_tracker_enriched_clearbit_20260806_193605_attempt1_succesful_reviewnotdone_orchavatecore_digital/Albert_David_Limited/screenshots/Albert_David_Limited_Homepage_WAVE_Overlay.png)","N/A","Head of Compliance & Digital Governance","albertdavid@adlindia.in","Investor Grievance / Compliance Officer Email","Accessibility & Nodal Officer","mdpldc@yahoo.com"
"113","Unassigned","Alembic Limited","https://alembiclimited.com","Yes","Yes","Yes","9","9","64","![WAVE Tool Screenshot](https://github.com/VEER-TANMAY-SACHIN/projects/blob/main/orchavate_gtm_workflow/outputs/v1.1_nse_tracker_enriched_clearbit_20260806_193605_attempt1_succesful_reviewnotdone_orchavatecore_digital/Alembic_Limited/screenshots/Alembic_Limited_Homepage_WAVE_Overlay.png)","N/A","Head of Compliance & Digital Governance","alembic.investors@alembic.co.in","Investor Grievance / Compliance Officer Email","Accessibility & Nodal Officer","alembic.investors@alembic.co.in"
"114","Unassigned","Alembic Pharmaceuticals Limited","https://alembicpharmaceuticals.com","Yes","Yes","Yes","24","24","30","![WAVE Tool Screenshot](https://github.com/VEER-TANMAY-SACHIN/projects/blob/main/orchavate_gtm_workflow/outputs/v1.1_nse_tracker_enriched_clearbit_20260806_193605_attempt1_succesful_reviewnotdone_orchavatecore_digital/Alembic_Pharmaceuticals_Limited/screenshots/Alembic_Pharmaceuticals_Limited_Homepage_WAVE_Overlay.png)","N/A","Head of Compliance & Digital Governance","infoal@alembic.co.in","Investor Grievance / Compliance Officer Email","Accessibility & Nodal Officer","apl.investors@alembic.co.in"
"115","Unassigned","Algoquant Fintech Limited","https://algoquantfintech.com","Yes","Yes","Yes","11","11","56","![WAVE Tool Screenshot](https://github.com/VEER-TANMAY-SACHIN/projects/blob/main/orchavate_gtm_workflow/outputs/v1.1_nse_tracker_enriched_clearbit_20260806_193605_attempt1_succesful_reviewnotdone_orchavatecore_digital/Algoquant_Fintech_Limited/screenshots/Algoquant_Fintech_Limited_Homepage_WAVE_Overlay.png)","N/A","Head of Compliance & Digital Governance","info@algoquantfintech.com","General Contact Email (Guessed Pattern)","Accessibility & Nodal Officer","info@algoquantfintech.com"
"116","Unassigned","Alicon Castalloy Limited","https://Not Found","No","Yes","Yes","","","100","![WAVE Tool Screenshot](https://github.com/VEER-TANMAY-SACHIN/projects/blob/main/orchavate_gtm_workflow/outputs/v1.1_nse_tracker_enriched_clearbit_20260806_193605_attempt1_succesful_reviewnotdone_orchavatecore_digital/Alicon_Castalloy_Limited/screenshots/Alicon_Castalloy_Limited_Homepage_WAVE_Overlay.png)","N/A","Head of Compliance & Digital Governance","Not Found","General Contact Email (Guessed Pattern)","Accessibility & Nodal Officer","Not Found"
"117","Unassigned","Alivus Life Sciences Limited","https://Not Found","No","Yes","Yes","","","100","![WAVE Tool Screenshot](https://github.com/VEER-TANMAY-SACHIN/projects/blob/main/orchavate_gtm_workflow/outputs/v1.1_nse_tracker_enriched_clearbit_20260806_193605_attempt1_succesful_reviewnotdone_orchavatecore_digital/Alivus_Life_Sciences_Limited/screenshots/Alivus_Life_Sciences_Limited_Homepage_WAVE_Overlay.png)","N/A","Head of Compliance & Digital Governance","Not Found","General Contact Email (Guessed Pattern)","Accessibility & Nodal Officer","Not Found"
"118","Unassigned","Alkali Metals Limited","https://alkalimetals.com","Yes","No","No","","","","![WAVE Tool Screenshot](https://github.com/VEER-TANMAY-SACHIN/projects/blob/main/orchavate_gtm_workflow/outputs/v1.1_nse_tracker_enriched_clearbit_20260806_193605_attempt1_succesful_reviewnotdone_orchavatecore_digital/Alkali_Metals_Limited/screenshots/Alkali_Metals_Limited_Homepage_WAVE_Overlay.png)","N/A","Head of Compliance & Digital Governance","N/A","N/A","N/A","Not Found"
"119","Unassigned","Alkem Laboratories Limited","https://alkemlabs.com","Yes","Yes","Yes","22","22","30","![WAVE Tool Screenshot](https://github.com/VEER-TANMAY-SACHIN/projects/blob/main/orchavate_gtm_workflow/outputs/v1.1_nse_tracker_enriched_clearbit_20260806_193605_attempt1_succesful_reviewnotdone_orchavatecore_digital/Alkem_Laboratories_Limited/screenshots/Alkem_Laboratories_Limited_Homepage_WAVE_Overlay.png)","N/A","Head of Compliance & Digital Governance","contact@alkem.com","General Contact Email","Accessibility & Nodal Officer","contact@alkem.com"
"120","Unassigned","Alkyl Amines Chemicals Limited","https://alkylamines.com","Yes","Yes","Yes","24","24","30","![WAVE Tool Screenshot](https://github.com/VEER-TANMAY-SACHIN/projects/blob/main/orchavate_gtm_workflow/outputs/v1.1_nse_tracker_enriched_clearbit_20260806_193605_attempt1_succesful_reviewnotdone_orchavatecore_digital/Alkyl_Amines_Chemicals_Limited/screenshots/Alkyl_Amines_Chemicals_Limited_Homepage_WAVE_Overlay.png)","N/A","Head of Compliance & Digital Governance","intlsales@alkylamines.com","General Contact Email","Accessibility & Nodal Officer","intlsales@alkylamines.com"
"121","Unassigned","All Time Plastics Limited","https://alltimeplastics.com","Yes","Yes","Yes","","","100","![WAVE Tool Screenshot](https://github.com/VEER-TANMAY-SACHIN/projects/blob/main/orchavate_gtm_workflow/outputs/v1.1_nse_tracker_enriched_clearbit_20260806_193605_attempt1_succesful_reviewnotdone_orchavatecore_digital/All_Time_Plastics_Limited/screenshots/All_Time_Plastics_Limited_Homepage_WAVE_Overlay.png)","N/A","Head of Compliance & Digital Governance","info@alltimeplastics.com","Investor Grievance / Compliance Officer Email","Accessibility & Nodal Officer","investor@alltimeplastics.com"
"122","Unassigned","Allcargo Global Limited","https://Not Found","No","Yes","Yes","","","100","![WAVE Tool Screenshot](https://github.com/VEER-TANMAY-SACHIN/projects/blob/main/orchavate_gtm_workflow/outputs/v1.1_nse_tracker_enriched_clearbit_20260806_193605_attempt1_succesful_reviewnotdone_orchavatecore_digital/Allcargo_Global_Limited/screenshots/Allcargo_Global_Limited_Homepage_WAVE_Overlay.png)","N/A","Head of Compliance & Digital Governance","Not Found","General Contact Email (Guessed Pattern)","Accessibility & Nodal Officer","Not Found"
"123","Unassigned","Allcargo Logistics Limited","https://allcargologistics.com","Yes","Yes","Yes","","","100","![WAVE Tool Screenshot](https://github.com/VEER-TANMAY-SACHIN/projects/blob/main/orchavate_gtm_workflow/outputs/v1.1_nse_tracker_enriched_clearbit_20260806_193605_attempt1_succesful_reviewnotdone_orchavatecore_digital/Allcargo_Logistics_Limited/screenshots/Allcargo_Logistics_Limited_Homepage_WAVE_Overlay.png)","N/A","Head of Compliance & Digital Governance","customerservices@allcargologistics.com","Investor Grievance / Compliance Officer Email","Accessibility & Nodal Officer","customerservices@allcargologistics.com"
"124","Unassigned","Allcargo Terminals Limited","https://allcargoterminals.com","Yes","No","No","","","","![WAVE Tool Screenshot](https://github.com/VEER-TANMAY-SACHIN/projects/blob/main/orchavate_gtm_workflow/outputs/v1.1_nse_tracker_enriched_clearbit_20260806_193605_attempt1_succesful_reviewnotdone_orchavatecore_digital/Allcargo_Terminals_Limited/screenshots/Allcargo_Terminals_Limited_Homepage_WAVE_Overlay.png)","N/A","Head of Compliance & Digital Governance","N/A","N/A","N/A","Not Found"
"125","Unassigned","Alldigi Tech Limited","https://Not Found","No","Yes","Yes","","","100","![WAVE Tool Screenshot](https://github.com/VEER-TANMAY-SACHIN/projects/blob/main/orchavate_gtm_workflow/outputs/v1.1_nse_tracker_enriched_clearbit_20260806_193605_attempt1_succesful_reviewnotdone_orchavatecore_digital/Alldigi_Tech_Limited/screenshots/Alldigi_Tech_Limited_Homepage_WAVE_Overlay.png)","N/A","Head of Compliance & Digital Governance","Not Found","General Contact Email (Guessed Pattern)","Accessibility & Nodal Officer","Not Found"
"126","Unassigned","Allied Blenders and Distillers Limited","https://Not Found","No","Yes","Yes","","","100","![WAVE Tool Screenshot](https://github.com/VEER-TANMAY-SACHIN/projects/blob/main/orchavate_gtm_workflow/outputs/v1.1_nse_tracker_enriched_clearbit_20260806_193605_attempt1_succesful_reviewnotdone_orchavatecore_digital/Allied_Blenders_and_Distillers_Limited/screenshots/Allied_Blenders_and_Distillers_Limited_Homepage_WAVE_Overlay.png)","N/A","Head of Compliance & Digital Governance","Not Found","General Contact Email (Guessed Pattern)","Accessibility & Nodal Officer","Not Found"
"127","Unassigned","Allied Digital Services Limited","https://Not Found","No","Yes","Yes","","","100","![WAVE Tool Screenshot](https://github.com/VEER-TANMAY-SACHIN/projects/blob/main/orchavate_gtm_workflow/outputs/v1.1_nse_tracker_enriched_clearbit_20260806_193605_attempt1_succesful_reviewnotdone_orchavatecore_digital/Allied_Digital_Services_Limited/screenshots/Allied_Digital_Services_Limited_Homepage_WAVE_Overlay.png)","N/A","Head of Compliance & Digital Governance","Not Found","General Contact Email (Guessed Pattern)","Accessibility & Nodal Officer","Not Found"
"128","Unassigned","Almondz Global Securities Limited","https://almondzglobal.com","Yes","Yes","Yes","27","27","30","![WAVE Tool Screenshot](https://github.com/VEER-TANMAY-SACHIN/projects/blob/main/orchavate_gtm_workflow/outputs/v1.1_nse_tracker_enriched_clearbit_20260806_193605_attempt1_succesful_reviewnotdone_orchavatecore_digital/Almondz_Global_Securities_Limited/screenshots/Almondz_Global_Securities_Limited_Homepage_WAVE_Overlay.png)","N/A","Head of Compliance & Digital Governance","delhi@almondz.com","Investor Grievance / Compliance Officer Email","Accessibility & Nodal Officer","delhi@almondz.com"
"129","Unassigned","Alok Industries Limited","https://alokind.com","Yes","Yes","Yes","","","100","![WAVE Tool Screenshot](https://github.com/VEER-TANMAY-SACHIN/projects/blob/main/orchavate_gtm_workflow/outputs/v1.1_nse_tracker_enriched_clearbit_20260806_193605_attempt1_succesful_reviewnotdone_orchavatecore_digital/Alok_Industries_Limited/screenshots/Alok_Industries_Limited_Homepage_WAVE_Overlay.png)","N/A","Head of Compliance & Digital Governance","info@alokind.com","General Contact Email (Guessed Pattern)","Accessibility & Nodal Officer","info@alokind.com"
"130","Unassigned","Alpa Laboratories Limited","https://Not Found","No","Yes","Yes","","","100","![WAVE Tool Screenshot](https://github.com/VEER-TANMAY-SACHIN/projects/blob/main/orchavate_gtm_workflow/outputs/v1.1_nse_tracker_enriched_clearbit_20260806_193605_attempt1_succesful_reviewnotdone_orchavatecore_digital/Alpa_Laboratories_Limited/screenshots/Alpa_Laboratories_Limited_Homepage_WAVE_Overlay.png)","N/A","Head of Compliance & Digital Governance","Not Found","General Contact Email (Guessed Pattern)","Accessibility & Nodal Officer","Not Found"
"131","Unassigned","Alphageo (India) Limited","https://alphageomatics.ca","Yes","Yes","Yes","","","100","![WAVE Tool Screenshot](https://github.com/VEER-TANMAY-SACHIN/projects/blob/main/orchavate_gtm_workflow/outputs/v1.1_nse_tracker_enriched_clearbit_20260806_193605_attempt1_succesful_reviewnotdone_orchavatecore_digital/Alphageo__India__Limited/screenshots/Alphageo__India__Limited_Homepage_WAVE_Overlay.png)","N/A","Head of Compliance & Digital Governance","info@alphageomatics.ca","General Contact Email (Guessed Pattern)","Accessibility & Nodal Officer","info@alphageomatics.ca"
"132","Unassigned","Alpine Texworld Limited","https://Not Found","No","Yes","Yes","","","100","![WAVE Tool Screenshot](https://github.com/VEER-TANMAY-SACHIN/projects/blob/main/orchavate_gtm_workflow/outputs/v1.1_nse_tracker_enriched_clearbit_20260806_193605_attempt1_succesful_reviewnotdone_orchavatecore_digital/Alpine_Texworld_Limited/screenshots/Alpine_Texworld_Limited_Homepage_WAVE_Overlay.png)","N/A","Head of Compliance & Digital Governance","Not Found","General Contact Email (Guessed Pattern)","Accessibility & Nodal Officer","Not Found"
"133","Unassigned","Amagi Media Labs Limited","https://Not Found","No","Yes","Yes","","","100","![WAVE Tool Screenshot](https://github.com/VEER-TANMAY-SACHIN/projects/blob/main/orchavate_gtm_workflow/outputs/v1.1_nse_tracker_enriched_clearbit_20260806_193605_attempt1_succesful_reviewnotdone_orchavatecore_digital/Amagi_Media_Labs_Limited/screenshots/Amagi_Media_Labs_Limited_Homepage_WAVE_Overlay.png)","N/A","Head of Compliance & Digital Governance","Not Found","General Contact Email (Guessed Pattern)","Accessibility & Nodal Officer","Not Found"
"134","Unassigned","Amanta Healthcare Limited","https://amanta.co.in","Yes","No","No","","","","![WAVE Tool Screenshot](https://github.com/VEER-TANMAY-SACHIN/projects/blob/main/orchavate_gtm_workflow/outputs/v1.1_nse_tracker_enriched_clearbit_20260806_193605_attempt1_succesful_reviewnotdone_orchavatecore_digital/Amanta_Healthcare_Limited/screenshots/Amanta_Healthcare_Limited_Homepage_WAVE_Overlay.png)","N/A","Head of Compliance & Digital Governance","N/A","N/A","N/A","Not Found"
"135","Unassigned","Amara Raja Energy & Mobility Limited","https://Not Found","No","Yes","Yes","","","100","![WAVE Tool Screenshot](https://github.com/VEER-TANMAY-SACHIN/projects/blob/main/orchavate_gtm_workflow/outputs/v1.1_nse_tracker_enriched_clearbit_20260806_193605_attempt1_succesful_reviewnotdone_orchavatecore_digital/Amara_Raja_Energy___Mobility_Limited/screenshots/Amara_Raja_Energy___Mobility_Limited_Homepage_WAVE_Overlay.png)","N/A","Head of Compliance & Digital Governance","Not Found","General Contact Email (Guessed Pattern)","Accessibility & Nodal Officer","Not Found"
"136","Unassigned","Ambalal Sarabhai Enterprises Limited","https://Not Found","No","Yes","Yes","","","100","![WAVE Tool Screenshot](https://github.com/VEER-TANMAY-SACHIN/projects/blob/main/orchavate_gtm_workflow/outputs/v1.1_nse_tracker_enriched_clearbit_20260806_193605_attempt1_succesful_reviewnotdone_orchavatecore_digital/Ambalal_Sarabhai_Enterprises_Limited/screenshots/Ambalal_Sarabhai_Enterprises_Limited_Homepage_WAVE_Overlay.png)","N/A","Head of Compliance & Digital Governance","Not Found","General Contact Email (Guessed Pattern)","Accessibility & Nodal Officer","Not Found"
"137","Unassigned","Amber Enterprises India Limited","https://amberinteriordesign.com","Yes","No","No","","","","![WAVE Tool Screenshot](https://github.com/VEER-TANMAY-SACHIN/projects/blob/main/orchavate_gtm_workflow/outputs/v1.1_nse_tracker_enriched_clearbit_20260806_193605_attempt1_succesful_reviewnotdone_orchavatecore_digital/Amber_Enterprises_India_Limited/screenshots/Amber_Enterprises_India_Limited_Homepage_WAVE_Overlay.png)","N/A","Head of Compliance & Digital Governance","N/A","N/A","N/A","Not Found"
"138","Unassigned","Ambica Agarbathies & Aroma industries Limited","https://ambicaagarbathies.com","Yes","Yes","Yes","39","39","30","![WAVE Tool Screenshot](https://github.com/VEER-TANMAY-SACHIN/projects/blob/main/orchavate_gtm_workflow/outputs/v1.1_nse_tracker_enriched_clearbit_20260806_193605_attempt1_succesful_reviewnotdone_orchavatecore_digital/Ambica_Agarbathies___Aroma_industries_Limited/screenshots/Ambica_Agarbathies___Aroma_industries_Limited_Homepage_WAVE_Overlay.png)","N/A","Head of Compliance & Digital Governance","info@ambicaagarbathies.com","General Contact Email (Guessed Pattern)","Accessibility & Nodal Officer","info@ambicaagarbathies.com"
"139","Unassigned","Ambika Cotton Mills Limited","https://Not Found","No","Yes","Yes","","","100","![WAVE Tool Screenshot](https://github.com/VEER-TANMAY-SACHIN/projects/blob/main/orchavate_gtm_workflow/outputs/v1.1_nse_tracker_enriched_clearbit_20260806_193605_attempt1_succesful_reviewnotdone_orchavatecore_digital/Ambika_Cotton_Mills_Limited/screenshots/Ambika_Cotton_Mills_Limited_Homepage_WAVE_Overlay.png)","N/A","Head of Compliance & Digital Governance","Not Found","General Contact Email (Guessed Pattern)","Accessibility & Nodal Officer","Not Found"
"140","Unassigned","Ambuja Cements Limited","https://ambujacement.com","Yes","Yes","Yes","","","100","![WAVE Tool Screenshot](https://github.com/VEER-TANMAY-SACHIN/projects/blob/main/orchavate_gtm_workflow/outputs/v1.1_nse_tracker_enriched_clearbit_20260806_193605_attempt1_succesful_reviewnotdone_orchavatecore_digital/Ambuja_Cements_Limited/screenshots/Ambuja_Cements_Limited_Homepage_WAVE_Overlay.png)","N/A","Head of Compliance & Digital Governance","info@ambujacement.com","General Contact Email (Guessed Pattern)","Accessibility & Nodal Officer","info@ambujacement.com"
"141","Unassigned","Amines & Plasticizers Limited","https://aminess.com","Yes","Yes","Yes","22","22","30","![WAVE Tool Screenshot](https://github.com/VEER-TANMAY-SACHIN/projects/blob/main/orchavate_gtm_workflow/outputs/v1.1_nse_tracker_enriched_clearbit_20260806_193605_attempt1_succesful_reviewnotdone_orchavatecore_digital/Amines___Plasticizers_Limited/screenshots/Amines___Plasticizers_Limited_Homepage_WAVE_Overlay.png)","N/A","Head of Compliance & Digital Governance","reservations@aminess.com","General Contact Email","Accessibility & Nodal Officer","reservations@aminess.com"
"142","Unassigned","Amir Chand Jagdish Kumar (Exports) Limited","https://Not Found","No","Yes","Yes","","","100","![WAVE Tool Screenshot](https://github.com/VEER-TANMAY-SACHIN/projects/blob/main/orchavate_gtm_workflow/outputs/v1.1_nse_tracker_enriched_clearbit_20260806_193605_attempt1_succesful_reviewnotdone_orchavatecore_digital/Amir_Chand_Jagdish_Kumar__Exports__Limited/screenshots/Amir_Chand_Jagdish_Kumar__Exports__Limited_Homepage_WAVE_Overlay.png)","N/A","Head of Compliance & Digital Governance","Not Found","General Contact Email (Guessed Pattern)","Accessibility & Nodal Officer","Not Found"
"143","Unassigned","Amj Land Holdings Limited","https://Not Found","No","Yes","Yes","","","100","![WAVE Tool Screenshot](https://github.com/VEER-TANMAY-SACHIN/projects/blob/main/orchavate_gtm_workflow/outputs/v1.1_nse_tracker_enriched_clearbit_20260806_193605_attempt1_succesful_reviewnotdone_orchavatecore_digital/Amj_Land_Holdings_Limited/screenshots/Amj_Land_Holdings_Limited_Homepage_WAVE_Overlay.png)","N/A","Head of Compliance & Digital Governance","Not Found","General Contact Email (Guessed Pattern)","Accessibility & Nodal Officer","Not Found"
"144","Unassigned","Amrutanjan Health Care Limited","https://amrutanjan.com","Yes","Yes","Yes","17","17","32","![WAVE Tool Screenshot](https://github.com/VEER-TANMAY-SACHIN/projects/blob/main/orchavate_gtm_workflow/outputs/v1.1_nse_tracker_enriched_clearbit_20260806_193605_attempt1_succesful_reviewnotdone_orchavatecore_digital/Amrutanjan_Health_Care_Limited/screenshots/Amrutanjan_Health_Care_Limited_Homepage_WAVE_Overlay.png)","N/A","Head of Compliance & Digital Governance","investors@amrutanjan.com","Investor Grievance / Compliance Officer Email","Accessibility & Nodal Officer","investors@amrutanjan.com"
"145","Unassigned","Anand Rathi Share and Stock Brokers Limited","https://Not Found","No","Yes","Yes","","","100","![WAVE Tool Screenshot](https://github.com/VEER-TANMAY-SACHIN/projects/blob/main/orchavate_gtm_workflow/outputs/v1.1_nse_tracker_enriched_clearbit_20260806_193605_attempt1_succesful_reviewnotdone_orchavatecore_digital/Anand_Rathi_Share_and_Stock_Brokers_Limited/screenshots/Anand_Rathi_Share_and_Stock_Brokers_Limited_Homepage_WAVE_Overlay.png)","N/A","Head of Compliance & Digital Governance","Not Found","General Contact Email (Guessed Pattern)","Accessibility & Nodal Officer","Not Found"
"146","Unassigned","Anand Rathi Wealth Limited","https://rathi.com","Yes","Yes","Yes","","","100","![WAVE Tool Screenshot](https://github.com/VEER-TANMAY-SACHIN/projects/blob/main/orchavate_gtm_workflow/outputs/v1.1_nse_tracker_enriched_clearbit_20260806_193605_attempt1_succesful_reviewnotdone_orchavatecore_digital/Anand_Rathi_Wealth_Limited/screenshots/Anand_Rathi_Wealth_Limited_Homepage_WAVE_Overlay.png)","N/A","Head of Compliance & Digital Governance","info@rathi.com","General Contact Email (Guessed Pattern)","Accessibility & Nodal Officer","info@rathi.com"
"147","Unassigned","Anant Raj Limited","https://anantrajlimited.com","Yes","Yes","Yes","4","4","84","![WAVE Tool Screenshot](https://github.com/VEER-TANMAY-SACHIN/projects/blob/main/orchavate_gtm_workflow/outputs/v1.1_nse_tracker_enriched_clearbit_20260806_193605_attempt1_succesful_reviewnotdone_orchavatecore_digital/Anant_Raj_Limited/screenshots/Anant_Raj_Limited_Homepage_WAVE_Overlay.png)","N/A","Head of Compliance & Digital Governance","estate@anantrajlimited.com","Investor Grievance / Compliance Officer Email","Accessibility & Nodal Officer","pankajgupta@anantrajlimited.com"
"148","Unassigned","Andhra Cements Limited","https://Not Found","No","Yes","Yes","","","100","![WAVE Tool Screenshot](https://github.com/VEER-TANMAY-SACHIN/projects/blob/main/orchavate_gtm_workflow/outputs/v1.1_nse_tracker_enriched_clearbit_20260806_193605_attempt1_succesful_reviewnotdone_orchavatecore_digital/Andhra_Cements_Limited/screenshots/Andhra_Cements_Limited_Homepage_WAVE_Overlay.png)","N/A","Head of Compliance & Digital Governance","Not Found","General Contact Email (Guessed Pattern)","Accessibility & Nodal Officer","Not Found"
"149","Unassigned","Angel One Limited","https://angelone.in","Yes","Yes","Yes","1","1","96","![WAVE Tool Screenshot](https://github.com/VEER-TANMAY-SACHIN/projects/blob/main/orchavate_gtm_workflow/outputs/v1.1_nse_tracker_enriched_clearbit_20260806_193605_attempt1_succesful_reviewnotdone_orchavatecore_digital/Angel_One_Limited/screenshots/Angel_One_Limited_Homepage_WAVE_Overlay.png)","N/A","Head of Compliance & Digital Governance","compliance@angelone.in","Investor Grievance / Compliance Officer Email","Accessibility & Nodal Officer","compliance@angelone.in"
"150","Unassigned","Anik Industries Limited","https://anikgroup.com","Yes","Yes","Yes","32","32","30","![WAVE Tool Screenshot](https://github.com/VEER-TANMAY-SACHIN/projects/blob/main/orchavate_gtm_workflow/outputs/v1.1_nse_tracker_enriched_clearbit_20260806_193605_attempt1_succesful_reviewnotdone_orchavatecore_digital/Anik_Industries_Limited/screenshots/Anik_Industries_Limited_Homepage_WAVE_Overlay.png)","N/A","Head of Compliance & Digital Governance","anik@anikgroup.com","Investor Grievance / Compliance Officer Email","Accessibility & Nodal Officer","#"
"151","Unassigned","Anjani Portland Cement Limited","https://anjanicement.com","Yes","Yes","Yes","","","100","![WAVE Tool Screenshot](https://github.com/VEER-TANMAY-SACHIN/projects/blob/main/orchavate_gtm_workflow/outputs/v1.1_nse_tracker_enriched_clearbit_20260806_193605_attempt1_succesful_reviewnotdone_orchavatecore_digital/Anjani_Portland_Cement_Limited/screenshots/Anjani_Portland_Cement_Limited_Homepage_WAVE_Overlay.png)","N/A","Head of Compliance & Digital Governance","secretarial@anjanicement.com","General Contact Email","Accessibility & Nodal Officer","secretarial@anjanicement.com"
"152","Unassigned","Ankit Metal & Power Limited","https://ankitmetal.com","Yes","Yes","Yes","27","27","30","![WAVE Tool Screenshot](https://github.com/VEER-TANMAY-SACHIN/projects/blob/main/orchavate_gtm_workflow/outputs/v1.1_nse_tracker_enriched_clearbit_20260806_193605_attempt1_succesful_reviewnotdone_orchavatecore_digital/Ankit_Metal___Power_Limited/screenshots/Ankit_Metal___Power_Limited_Homepage_WAVE_Overlay.png)","N/A","Head of Compliance & Digital Governance","investors@ankitmetal.com","General Contact Email","Accessibility & Nodal Officer","investors@ankitmetal.com"
"153","Unassigned","Anlon Healthcare Limited","https://Not Found","No","Yes","Yes","","","100","![WAVE Tool Screenshot](https://github.com/VEER-TANMAY-SACHIN/projects/blob/main/orchavate_gtm_workflow/outputs/v1.1_nse_tracker_enriched_clearbit_20260806_193605_attempt1_succesful_reviewnotdone_orchavatecore_digital/Anlon_Healthcare_Limited/screenshots/Anlon_Healthcare_Limited_Homepage_WAVE_Overlay.png)","N/A","Head of Compliance & Digital Governance","Not Found","General Contact Email (Guessed Pattern)","Accessibility & Nodal Officer","Not Found"
"154","Unassigned","Anmol India Limited","https://anmolindustries.com","Yes","No","No","","","","![WAVE Tool Screenshot](https://github.com/VEER-TANMAY-SACHIN/projects/blob/main/orchavate_gtm_workflow/outputs/v1.1_nse_tracker_enriched_clearbit_20260806_193605_attempt1_succesful_reviewnotdone_orchavatecore_digital/Anmol_India_Limited/screenshots/Anmol_India_Limited_Homepage_WAVE_Overlay.png)","N/A","Head of Compliance & Digital Governance","N/A","N/A","N/A","Not Found"
"155","Unassigned","Ansal Properties & Infrastructure Limited","https://Not Found","No","Yes","Yes","","","100","![WAVE Tool Screenshot](https://github.com/VEER-TANMAY-SACHIN/projects/blob/main/orchavate_gtm_workflow/outputs/v1.1_nse_tracker_enriched_clearbit_20260806_193605_attempt1_succesful_reviewnotdone_orchavatecore_digital/Ansal_Properties___Infrastructure_Limited/screenshots/Ansal_Properties___Infrastructure_Limited_Homepage_WAVE_Overlay.png)","N/A","Head of Compliance & Digital Governance","Not Found","General Contact Email (Guessed Pattern)","Accessibility & Nodal Officer","Not Found"
"156","Unassigned","Antarctica Limited","https://antarctica-packaging.com","Yes","Yes","Yes","6","6","76","![WAVE Tool Screenshot](https://github.com/VEER-TANMAY-SACHIN/projects/blob/main/orchavate_gtm_workflow/outputs/v1.1_nse_tracker_enriched_clearbit_20260806_193605_attempt1_succesful_reviewnotdone_orchavatecore_digital/Antarctica_Limited/screenshots/Antarctica_Limited_Homepage_WAVE_Overlay.png)","N/A","Head of Compliance & Digital Governance","info@antarctica-packaging.com","General Contact Email","Accessibility & Nodal Officer","info@antarctica-packaging.com"
"157","Unassigned","Antelopus Selan Energy Limited","https://Not Found","No","Yes","Yes","","","100","![WAVE Tool Screenshot](https://github.com/VEER-TANMAY-SACHIN/projects/blob/main/orchavate_gtm_workflow/outputs/v1.1_nse_tracker_enriched_clearbit_20260806_193605_attempt1_succesful_reviewnotdone_orchavatecore_digital/Antelopus_Selan_Energy_Limited/screenshots/Antelopus_Selan_Energy_Limited_Homepage_WAVE_Overlay.png)","N/A","Head of Compliance & Digital Governance","Not Found","General Contact Email (Guessed Pattern)","Accessibility & Nodal Officer","Not Found"
"158","Unassigned","Anthem Biosciences Limited","https://anthembio.com","Yes","Yes","Yes","","","100","![WAVE Tool Screenshot](https://github.com/VEER-TANMAY-SACHIN/projects/blob/main/orchavate_gtm_workflow/outputs/v1.1_nse_tracker_enriched_clearbit_20260806_193605_attempt1_succesful_reviewnotdone_orchavatecore_digital/Anthem_Biosciences_Limited/screenshots/Anthem_Biosciences_Limited_Homepage_WAVE_Overlay.png)","N/A","Head of Compliance & Digital Governance","info@anthembio.com","General Contact Email (Guessed Pattern)","Accessibility & Nodal Officer","info@anthembio.com"
"159","Unassigned","Antony Waste Handling Cell Limited","https://Not Found","No","Yes","Yes","","","100","![WAVE Tool Screenshot](https://github.com/VEER-TANMAY-SACHIN/projects/blob/main/orchavate_gtm_workflow/outputs/v1.1_nse_tracker_enriched_clearbit_20260806_193605_attempt1_succesful_reviewnotdone_orchavatecore_digital/Antony_Waste_Handling_Cell_Limited/screenshots/Antony_Waste_Handling_Cell_Limited_Homepage_WAVE_Overlay.png)","N/A","Head of Compliance & Digital Governance","Not Found","General Contact Email (Guessed Pattern)","Accessibility & Nodal Officer","Not Found"
"160","Unassigned","Anuh Pharma Limited","https://anuhpharma.com","Yes","No","No","","","","![WAVE Tool Screenshot](https://github.com/VEER-TANMAY-SACHIN/projects/blob/main/orchavate_gtm_workflow/outputs/v1.1_nse_tracker_enriched_clearbit_20260806_193605_attempt1_succesful_reviewnotdone_orchavatecore_digital/Anuh_Pharma_Limited/screenshots/Anuh_Pharma_Limited_Homepage_WAVE_Overlay.png)","N/A","Head of Compliance & Digital Governance","N/A","N/A","N/A","Not Found"
"161","Unassigned","Anupam Rasayan India Limited","https://anupamrasayan.com","Yes","Yes","Yes","","","100","![WAVE Tool Screenshot](https://github.com/VEER-TANMAY-SACHIN/projects/blob/main/orchavate_gtm_workflow/outputs/v1.1_nse_tracker_enriched_clearbit_20260806_193605_attempt1_succesful_reviewnotdone_orchavatecore_digital/Anupam_Rasayan_India_Limited/screenshots/Anupam_Rasayan_India_Limited_Homepage_WAVE_Overlay.png)","N/A","Head of Compliance & Digital Governance","info@anupamrasayan.com","General Contact Email (Guessed Pattern)","Accessibility & Nodal Officer","info@anupamrasayan.com"
"162","Unassigned","Apar Industries Limited","https://apar.com","Yes","Yes","Yes","","","100","![WAVE Tool Screenshot](https://github.com/VEER-TANMAY-SACHIN/projects/blob/main/orchavate_gtm_workflow/outputs/v1.1_nse_tracker_enriched_clearbit_20260806_193605_attempt1_succesful_reviewnotdone_orchavatecore_digital/Apar_Industries_Limited/screenshots/Apar_Industries_Limited_Homepage_WAVE_Overlay.png)","N/A","Head of Compliance & Digital Governance","info@apar.com","General Contact Email (Guessed Pattern)","Accessibility & Nodal Officer","info@apar.com"
"163","Unassigned","Apcotex Industries Limited","https://apcotex.com","Yes","No","No","","","","![WAVE Tool Screenshot](https://github.com/VEER-TANMAY-SACHIN/projects/blob/main/orchavate_gtm_workflow/outputs/v1.1_nse_tracker_enriched_clearbit_20260806_193605_attempt1_succesful_reviewnotdone_orchavatecore_digital/Apcotex_Industries_Limited/screenshots/Apcotex_Industries_Limited_Homepage_WAVE_Overlay.png)","N/A","Head of Compliance & Digital Governance","N/A","N/A","N/A","Not Found"
"164","Unassigned","Apex Frozen Foods Limited","https://Not Found","No","Yes","Yes","","","100","![WAVE Tool Screenshot](https://github.com/VEER-TANMAY-SACHIN/projects/blob/main/orchavate_gtm_workflow/outputs/v1.1_nse_tracker_enriched_clearbit_20260806_193605_attempt1_succesful_reviewnotdone_orchavatecore_digital/Apex_Frozen_Foods_Limited/screenshots/Apex_Frozen_Foods_Limited_Homepage_WAVE_Overlay.png)","N/A","Head of Compliance & Digital Governance","Not Found","General Contact Email (Guessed Pattern)","Accessibility & Nodal Officer","Not Found"
"165","Unassigned","Apollo Hospitals Enterprise Limited","https://Not Found","No","Yes","Yes","","","100","![WAVE Tool Screenshot](https://github.com/VEER-TANMAY-SACHIN/projects/blob/main/orchavate_gtm_workflow/outputs/v1.1_nse_tracker_enriched_clearbit_20260806_193605_attempt1_succesful_reviewnotdone_orchavatecore_digital/Apollo_Hospitals_Enterprise_Limited/screenshots/Apollo_Hospitals_Enterprise_Limited_Homepage_WAVE_Overlay.png)","N/A","Head of Compliance & Digital Governance","Not Found","General Contact Email (Guessed Pattern)","Accessibility & Nodal Officer","Not Found"
"166","Unassigned","Apollo Micro Systems Limited","https://apollo-micro.com","Yes","No","No","","","","![WAVE Tool Screenshot](https://github.com/VEER-TANMAY-SACHIN/projects/blob/main/orchavate_gtm_workflow/outputs/v1.1_nse_tracker_enriched_clearbit_20260806_193605_attempt1_succesful_reviewnotdone_orchavatecore_digital/Apollo_Micro_Systems_Limited/screenshots/Apollo_Micro_Systems_Limited_Homepage_WAVE_Overlay.png)","N/A","Head of Compliance & Digital Governance","N/A","N/A","N/A","Not Found"
"167","Unassigned","Apollo Pipes Limited","https://apollopipes.com","Yes","No","No","","","","![WAVE Tool Screenshot](https://github.com/VEER-TANMAY-SACHIN/projects/blob/main/orchavate_gtm_workflow/outputs/v1.1_nse_tracker_enriched_clearbit_20260806_193605_attempt1_succesful_reviewnotdone_orchavatecore_digital/Apollo_Pipes_Limited/screenshots/Apollo_Pipes_Limited_Homepage_WAVE_Overlay.png)","N/A","Head of Compliance & Digital Governance","N/A","N/A","N/A","Not Found"
"168","Unassigned","Apollo Sindoori Hotels Limited","https://Not Found","No","Yes","Yes","","","100","![WAVE Tool Screenshot](https://github.com/VEER-TANMAY-SACHIN/projects/blob/main/orchavate_gtm_workflow/outputs/v1.1_nse_tracker_enriched_clearbit_20260806_193605_attempt1_succesful_reviewnotdone_orchavatecore_digital/Apollo_Sindoori_Hotels_Limited/screenshots/Apollo_Sindoori_Hotels_Limited_Homepage_WAVE_Overlay.png)","N/A","Head of Compliance & Digital Governance","Not Found","General Contact Email (Guessed Pattern)","Accessibility & Nodal Officer","Not Found"
"169","Unassigned","Apollo Tyres Limited","https://apollotyres.com","Yes","Yes","Yes","","","100","![WAVE Tool Screenshot](https://github.com/VEER-TANMAY-SACHIN/projects/blob/main/orchavate_gtm_workflow/outputs/v1.1_nse_tracker_enriched_clearbit_20260806_193605_attempt1_succesful_reviewnotdone_orchavatecore_digital/Apollo_Tyres_Limited/screenshots/Apollo_Tyres_Limited_Homepage_WAVE_Overlay.png)","N/A","Head of Compliance & Digital Governance","info@apollotyres.com","General Contact Email (Guessed Pattern)","Accessibility & Nodal Officer","info@apollotyres.com"
"170","Unassigned","Aptech Limited","https://aptechvisa.com","Yes","No","No","","","","![WAVE Tool Screenshot](https://github.com/VEER-TANMAY-SACHIN/projects/blob/main/orchavate_gtm_workflow/outputs/v1.1_nse_tracker_enriched_clearbit_20260806_193605_attempt1_succesful_reviewnotdone_orchavatecore_digital/Aptech_Limited/screenshots/Aptech_Limited_Homepage_WAVE_Overlay.png)","N/A","Head of Compliance & Digital Governance","N/A","N/A","N/A","Not Found"
"171","Unassigned","Aptus Value Housing Finance India Limited","https://Not Found","No","Yes","Yes","","","100","![WAVE Tool Screenshot](https://github.com/VEER-TANMAY-SACHIN/projects/blob/main/orchavate_gtm_workflow/outputs/v1.1_nse_tracker_enriched_clearbit_20260806_193605_attempt1_succesful_reviewnotdone_orchavatecore_digital/Aptus_Value_Housing_Finance_India_Limited/screenshots/Aptus_Value_Housing_Finance_India_Limited_Homepage_WAVE_Overlay.png)","N/A","Head of Compliance & Digital Governance","Not Found","General Contact Email (Guessed Pattern)","Accessibility & Nodal Officer","Not Found"
"172","Unassigned","Aqylon Nexus Limited","https://Not Found","No","Yes","Yes","","","100","![WAVE Tool Screenshot](https://github.com/VEER-TANMAY-SACHIN/projects/blob/main/orchavate_gtm_workflow/outputs/v1.1_nse_tracker_enriched_clearbit_20260806_193605_attempt1_succesful_reviewnotdone_orchavatecore_digital/Aqylon_Nexus_Limited/screenshots/Aqylon_Nexus_Limited_Homepage_WAVE_Overlay.png)","N/A","Head of Compliance & Digital Governance","Not Found","General Contact Email (Guessed Pattern)","Accessibility & Nodal Officer","Not Found"
"173","Unassigned","Archean Chemical Industries Limited","https://archeanchemicals.com","Yes","Yes","Yes","10","10","60","![WAVE Tool Screenshot](https://github.com/VEER-TANMAY-SACHIN/projects/blob/main/orchavate_gtm_workflow/outputs/v1.1_nse_tracker_enriched_clearbit_20260806_193605_attempt1_succesful_reviewnotdone_orchavatecore_digital/Archean_Chemical_Industries_Limited/screenshots/Archean_Chemical_Industries_Limited_Homepage_WAVE_Overlay.png)","N/A","Head of Compliance & Digital Governance","info@archeanchemicals.com","General Contact Email","Accessibility & Nodal Officer","info@archeanchemicals.com"
"174","Unassigned","Archidply Decor Limited","https://archidplydecor.com","Yes","No","No","","","","![WAVE Tool Screenshot](https://github.com/VEER-TANMAY-SACHIN/projects/blob/main/orchavate_gtm_workflow/outputs/v1.1_nse_tracker_enriched_clearbit_20260806_193605_attempt1_succesful_reviewnotdone_orchavatecore_digital/Archidply_Decor_Limited/screenshots/Archidply_Decor_Limited_Homepage_WAVE_Overlay.png)","N/A","Head of Compliance & Digital Governance","N/A","N/A","N/A","Not Found"
"175","Unassigned","Archidply Industries Limited","https://Not Found","No","Yes","Yes","","","100","![WAVE Tool Screenshot](https://github.com/VEER-TANMAY-SACHIN/projects/blob/main/orchavate_gtm_workflow/outputs/v1.1_nse_tracker_enriched_clearbit_20260806_193605_attempt1_succesful_reviewnotdone_orchavatecore_digital/Archidply_Industries_Limited/screenshots/Archidply_Industries_Limited_Homepage_WAVE_Overlay.png)","N/A","Head of Compliance & Digital Governance","Not Found","General Contact Email (Guessed Pattern)","Accessibility & Nodal Officer","Not Found"
"176","Unassigned","Archies Limited","https://archiesonline.com","Yes","No","No","","","","![WAVE Tool Screenshot](https://github.com/VEER-TANMAY-SACHIN/projects/blob/main/orchavate_gtm_workflow/outputs/v1.1_nse_tracker_enriched_clearbit_20260806_193605_attempt1_succesful_reviewnotdone_orchavatecore_digital/Archies_Limited/screenshots/Archies_Limited_Homepage_WAVE_Overlay.png)","N/A","Head of Compliance & Digital Governance","N/A","N/A","N/A","Not Found"
"177","Unassigned","Arfin India Limited","https://arfin.co.in","Yes","Yes","Yes","13","13","48","![WAVE Tool Screenshot](https://github.com/VEER-TANMAY-SACHIN/projects/blob/main/orchavate_gtm_workflow/outputs/v1.1_nse_tracker_enriched_clearbit_20260806_193605_attempt1_succesful_reviewnotdone_orchavatecore_digital/Arfin_India_Limited/screenshots/Arfin_India_Limited_Homepage_WAVE_Overlay.png)","N/A","Head of Compliance & Digital Governance","info@arfin.co.in","General Contact Email","Accessibility & Nodal Officer","info@arfin.co.in"
"178","Unassigned","Aries Agro Limited","https://ariesagro.com","Yes","No","No","","","","![WAVE Tool Screenshot](https://github.com/VEER-TANMAY-SACHIN/projects/blob/main/orchavate_gtm_workflow/outputs/v1.1_nse_tracker_enriched_clearbit_20260806_193605_attempt1_succesful_reviewnotdone_orchavatecore_digital/Aries_Agro_Limited/screenshots/Aries_Agro_Limited_Homepage_WAVE_Overlay.png)","N/A","Head of Compliance & Digital Governance","N/A","N/A","N/A","Not Found"
"179","Unassigned","Arihant Capital Markets Limited","https://Not Found","No","Yes","Yes","","","100","![WAVE Tool Screenshot](https://github.com/VEER-TANMAY-SACHIN/projects/blob/main/orchavate_gtm_workflow/outputs/v1.1_nse_tracker_enriched_clearbit_20260806_193605_attempt1_succesful_reviewnotdone_orchavatecore_digital/Arihant_Capital_Markets_Limited/screenshots/Arihant_Capital_Markets_Limited_Homepage_WAVE_Overlay.png)","N/A","Head of Compliance & Digital Governance","Not Found","General Contact Email (Guessed Pattern)","Accessibility & Nodal Officer","Not Found"
"180","Unassigned","Arihant Foundations & Housing Limited","https://Not Found","No","Yes","Yes","","","100","![WAVE Tool Screenshot](https://github.com/VEER-TANMAY-SACHIN/projects/blob/main/orchavate_gtm_workflow/outputs/v1.1_nse_tracker_enriched_clearbit_20260806_193605_attempt1_succesful_reviewnotdone_orchavatecore_digital/Arihant_Foundations___Housing_Limited/screenshots/Arihant_Foundations___Housing_Limited_Homepage_WAVE_Overlay.png)","N/A","Head of Compliance & Digital Governance","Not Found","General Contact Email (Guessed Pattern)","Accessibility & Nodal Officer","Not Found"
"181","Unassigned","Arihant Superstructures Limited","https://asl.net.in","Yes","Yes","Yes","24","24","30","![WAVE Tool Screenshot](https://github.com/VEER-TANMAY-SACHIN/projects/blob/main/orchavate_gtm_workflow/outputs/v1.1_nse_tracker_enriched_clearbit_20260806_193605_attempt1_succesful_reviewnotdone_orchavatecore_digital/Arihant_Superstructures_Limited/screenshots/Arihant_Superstructures_Limited_Homepage_WAVE_Overlay.png)","N/A","Head of Compliance & Digital Governance","info@asl.net.in","General Contact Email","Accessibility & Nodal Officer","info@asl.net.in"
"182","Unassigned","Arisinfra Solutions Limited","https://Not Found","No","Yes","Yes","","","100","![WAVE Tool Screenshot](https://github.com/VEER-TANMAY-SACHIN/projects/blob/main/orchavate_gtm_workflow/outputs/v1.1_nse_tracker_enriched_clearbit_20260806_193605_attempt1_succesful_reviewnotdone_orchavatecore_digital/Arisinfra_Solutions_Limited/screenshots/Arisinfra_Solutions_Limited_Homepage_WAVE_Overlay.png)","N/A","Head of Compliance & Digital Governance","Not Found","General Contact Email (Guessed Pattern)","Accessibility & Nodal Officer","Not Found"
"183","Unassigned","Arkade Developers Limited","https://Not Found","No","Yes","Yes","","","100","![WAVE Tool Screenshot](https://github.com/VEER-TANMAY-SACHIN/projects/blob/main/orchavate_gtm_workflow/outputs/v1.1_nse_tracker_enriched_clearbit_20260806_193605_attempt1_succesful_reviewnotdone_orchavatecore_digital/Arkade_Developers_Limited/screenshots/Arkade_Developers_Limited_Homepage_WAVE_Overlay.png)","N/A","Head of Compliance & Digital Governance","Not Found","General Contact Email (Guessed Pattern)","Accessibility & Nodal Officer","Not Found"
"184","Unassigned","Arman Financial Services Limited","https://armanindia.com","Yes","Yes","Yes","6","6","76","![WAVE Tool Screenshot](https://github.com/VEER-TANMAY-SACHIN/projects/blob/main/orchavate_gtm_workflow/outputs/v1.1_nse_tracker_enriched_clearbit_20260806_193605_attempt1_succesful_reviewnotdone_orchavatecore_digital/Arman_Financial_Services_Limited/screenshots/Arman_Financial_Services_Limited_Homepage_WAVE_Overlay.png)","N/A","Head of Compliance & Digital Governance","finance@armanindia.com","Investor Grievance / Compliance Officer Email","Accessibility & Nodal Officer","finance@armanindia.com"
"185","Unassigned","Aro Granite Industries Limited","https://Not Found","No","Yes","Yes","","","100","![WAVE Tool Screenshot](https://github.com/VEER-TANMAY-SACHIN/projects/blob/main/orchavate_gtm_workflow/outputs/v1.1_nse_tracker_enriched_clearbit_20260806_193605_attempt1_succesful_reviewnotdone_orchavatecore_digital/Aro_Granite_Industries_Limited/screenshots/Aro_Granite_Industries_Limited_Homepage_WAVE_Overlay.png)","N/A","Head of Compliance & Digital Governance","Not Found","General Contact Email (Guessed Pattern)","Accessibility & Nodal Officer","Not Found"
"186","Unassigned","Arrow Greentech Limited","https://arrowgreentech.com","Yes","No","No","","","","![WAVE Tool Screenshot](https://github.com/VEER-TANMAY-SACHIN/projects/blob/main/orchavate_gtm_workflow/outputs/v1.1_nse_tracker_enriched_clearbit_20260806_193605_attempt1_succesful_reviewnotdone_orchavatecore_digital/Arrow_Greentech_Limited/screenshots/Arrow_Greentech_Limited_Homepage_WAVE_Overlay.png)","N/A","Head of Compliance & Digital Governance","N/A","N/A","N/A","Not Found"
"187","Unassigned","Arshiya Limited","https://arshiyalimited.com","Yes","Yes","Yes","","","100","![WAVE Tool Screenshot](https://github.com/VEER-TANMAY-SACHIN/projects/blob/main/orchavate_gtm_workflow/outputs/v1.1_nse_tracker_enriched_clearbit_20260806_193605_attempt1_succesful_reviewnotdone_orchavatecore_digital/Arshiya_Limited/screenshots/Arshiya_Limited_Homepage_WAVE_Overlay.png)","N/A","Head of Compliance & Digital Governance","info@arshiyalimited.com","General Contact Email (Guessed Pattern)","Accessibility & Nodal Officer","info@arshiyalimited.com"
"188","Unassigned","Art Nirman Limited","https://artnirman.com","Yes","Yes","Yes","9","9","64","![WAVE Tool Screenshot](https://github.com/VEER-TANMAY-SACHIN/projects/blob/main/orchavate_gtm_workflow/outputs/v1.1_nse_tracker_enriched_clearbit_20260806_193605_attempt1_succesful_reviewnotdone_orchavatecore_digital/Art_Nirman_Limited/screenshots/Art_Nirman_Limited_Homepage_WAVE_Overlay.png)","N/A","Head of Compliance & Digital Governance","sales@artnirman.com","Investor Grievance / Compliance Officer Email","Accessibility & Nodal Officer","cs@artnirman.com"
"189","Unassigned","Artemis Electricals and Projects Limited","https://Not Found","No","Yes","Yes","","","100","![WAVE Tool Screenshot](https://github.com/VEER-TANMAY-SACHIN/projects/blob/main/orchavate_gtm_workflow/outputs/v1.1_nse_tracker_enriched_clearbit_20260806_193605_attempt1_succesful_reviewnotdone_orchavatecore_digital/Artemis_Electricals_and_Projects_Limited/screenshots/Artemis_Electricals_and_Projects_Limited_Homepage_WAVE_Overlay.png)","N/A","Head of Compliance & Digital Governance","Not Found","General Contact Email (Guessed Pattern)","Accessibility & Nodal Officer","Not Found"
"190","Unassigned","Artemis Medicare Services Limited","https://Not Found","No","Yes","Yes","","","100","![WAVE Tool Screenshot](https://github.com/VEER-TANMAY-SACHIN/projects/blob/main/orchavate_gtm_workflow/outputs/v1.1_nse_tracker_enriched_clearbit_20260806_193605_attempt1_succesful_reviewnotdone_orchavatecore_digital/Artemis_Medicare_Services_Limited/screenshots/Artemis_Medicare_Services_Limited_Homepage_WAVE_Overlay.png)","N/A","Head of Compliance & Digital Governance","Not Found","General Contact Email (Guessed Pattern)","Accessibility & Nodal Officer","Not Found"
"191","Unassigned","Arvee Laboratories (India) Limited","https://Not Found","No","Yes","Yes","","","100","![WAVE Tool Screenshot](https://github.com/VEER-TANMAY-SACHIN/projects/blob/main/orchavate_gtm_workflow/outputs/v1.1_nse_tracker_enriched_clearbit_20260806_193605_attempt1_succesful_reviewnotdone_orchavatecore_digital/Arvee_Laboratories__India__Limited/screenshots/Arvee_Laboratories__India__Limited_Homepage_WAVE_Overlay.png)","N/A","Head of Compliance & Digital Governance","Not Found","General Contact Email (Guessed Pattern)","Accessibility & Nodal Officer","Not Found"
"192","Unassigned","Arvind Fashions Limited","https://arvindfashions.com","Yes","No","No","","","","![WAVE Tool Screenshot](https://github.com/VEER-TANMAY-SACHIN/projects/blob/main/orchavate_gtm_workflow/outputs/v1.1_nse_tracker_enriched_clearbit_20260806_193605_attempt1_succesful_reviewnotdone_orchavatecore_digital/Arvind_Fashions_Limited/screenshots/Arvind_Fashions_Limited_Homepage_WAVE_Overlay.png)","N/A","Head of Compliance & Digital Governance","N/A","N/A","N/A","Not Found"
"193","Unassigned","Arvind Limited","https://arvind.com","Yes","Yes","Yes","1","1","96","![WAVE Tool Screenshot](https://github.com/VEER-TANMAY-SACHIN/projects/blob/main/orchavate_gtm_workflow/outputs/v1.1_nse_tracker_enriched_clearbit_20260806_193605_attempt1_succesful_reviewnotdone_orchavatecore_digital/Arvind_Limited/screenshots/Arvind_Limited_Homepage_WAVE_Overlay.png)","N/A","Head of Compliance & Digital Governance","info@arvind.com","General Contact Email (Guessed Pattern)","Accessibility & Nodal Officer","info@arvind.com"
"194","Unassigned","Arvind SmartSpaces Limited","https://arvindsmartspaces.com","Yes","No","No","","","","![WAVE Tool Screenshot](https://github.com/VEER-TANMAY-SACHIN/projects/blob/main/orchavate_gtm_workflow/outputs/v1.1_nse_tracker_enriched_clearbit_20260806_193605_attempt1_succesful_reviewnotdone_orchavatecore_digital/Arvind_SmartSpaces_Limited/screenshots/Arvind_SmartSpaces_Limited_Homepage_WAVE_Overlay.png)","N/A","Head of Compliance & Digital Governance","N/A","N/A","N/A","Not Found"
"195","Unassigned","Asahi India Glass Limited","https://aisglass.com","Yes","Yes","Yes","1","1","96","![WAVE Tool Screenshot](https://github.com/VEER-TANMAY-SACHIN/projects/blob/main/orchavate_gtm_workflow/outputs/v1.1_nse_tracker_enriched_clearbit_20260806_193605_attempt1_succesful_reviewnotdone_orchavatecore_digital/Asahi_India_Glass_Limited/screenshots/Asahi_India_Glass_Limited_Homepage_WAVE_Overlay.png)","N/A","Head of Compliance & Digital Governance","info@aisglass.com","General Contact Email (Guessed Pattern)","Accessibility & Nodal Officer","info@aisglass.com"
"196","Unassigned","Asahi Songwon Colors Limited","https://asahisongwon.com","Yes","No","No","","","","![WAVE Tool Screenshot](https://github.com/VEER-TANMAY-SACHIN/projects/blob/main/orchavate_gtm_workflow/outputs/v1.1_nse_tracker_enriched_clearbit_20260806_193605_attempt1_succesful_reviewnotdone_orchavatecore_digital/Asahi_Songwon_Colors_Limited/screenshots/Asahi_Songwon_Colors_Limited_Homepage_WAVE_Overlay.png)","N/A","Head of Compliance & Digital Governance","N/A","N/A","N/A","Not Found"
"197","Unassigned","Ashapura Minechem Limited","https://Not Found","No","Yes","Yes","","","100","![WAVE Tool Screenshot](https://github.com/VEER-TANMAY-SACHIN/projects/blob/main/orchavate_gtm_workflow/outputs/v1.1_nse_tracker_enriched_clearbit_20260806_193605_attempt1_succesful_reviewnotdone_orchavatecore_digital/Ashapura_Minechem_Limited/screenshots/Ashapura_Minechem_Limited_Homepage_WAVE_Overlay.png)","N/A","Head of Compliance & Digital Governance","Not Found","General Contact Email (Guessed Pattern)","Accessibility & Nodal Officer","Not Found"
"198","Unassigned","Ashiana Housing Limited","https://ashianahousing.com","Yes","Yes","Yes","","","100","![WAVE Tool Screenshot](https://github.com/VEER-TANMAY-SACHIN/projects/blob/main/orchavate_gtm_workflow/outputs/v1.1_nse_tracker_enriched_clearbit_20260806_193605_attempt1_succesful_reviewnotdone_orchavatecore_digital/Ashiana_Housing_Limited/screenshots/Ashiana_Housing_Limited_Homepage_WAVE_Overlay.png)","N/A","Head of Compliance & Digital Governance","info@ashianahousing.com","General Contact Email (Guessed Pattern)","Accessibility & Nodal Officer","info@ashianahousing.com"
"199","Unassigned","Ashika Global Securities Limited","https://Not Found","No","Yes","Yes","","","100","![WAVE Tool Screenshot](https://github.com/VEER-TANMAY-SACHIN/projects/blob/main/orchavate_gtm_workflow/outputs/v1.1_nse_tracker_enriched_clearbit_20260806_193605_attempt1_succesful_reviewnotdone_orchavatecore_digital/Ashika_Global_Securities_Limited/screenshots/Ashika_Global_Securities_Limited_Homepage_WAVE_Overlay.png)","N/A","Head of Compliance & Digital Governance","Not Found","General Contact Email (Guessed Pattern)","Accessibility & Nodal Officer","Not Found"
"200","Unassigned","Ashima Limited","https://ashima.ph","Yes","Yes","Yes","","","100","![WAVE Tool Screenshot](https://github.com/VEER-TANMAY-SACHIN/projects/blob/main/orchavate_gtm_workflow/outputs/v1.1_nse_tracker_enriched_clearbit_20260806_193605_attempt1_succesful_reviewnotdone_orchavatecore_digital/Ashima_Limited/screenshots/Ashima_Limited_Homepage_WAVE_Overlay.png)","N/A","Head of Compliance & Digital Governance","info@konsum.ph","General Contact Email","Accessibility & Nodal Officer","info@konsum.ph"
"201","Unassigned","Ashok Leyland Limited","https://ashokleyland.com","Yes","No","No","","","","![WAVE Tool Screenshot](https://github.com/VEER-TANMAY-SACHIN/projects/blob/main/orchavate_gtm_workflow/outputs/v1.1_nse_tracker_enriched_clearbit_20260806_193605_attempt1_succesful_reviewnotdone_orchavatecore_digital/Ashok_Leyland_Limited/screenshots/Ashok_Leyland_Limited_Homepage_WAVE_Overlay.png)","N/A","Head of Compliance & Digital Governance","N/A","N/A","N/A","Not Found"
"202","Unassigned","Ashoka Buildcon Limited","https://ashokabuildcon.com","Yes","Yes","Yes","7","7","72","![WAVE Tool Screenshot](https://github.com/VEER-TANMAY-SACHIN/projects/blob/main/orchavate_gtm_workflow/outputs/v1.1_nse_tracker_enriched_clearbit_20260806_193605_attempt1_succesful_reviewnotdone_orchavatecore_digital/Ashoka_Buildcon_Limited/screenshots/Ashoka_Buildcon_Limited_Homepage_WAVE_Overlay.png)","N/A","Head of Compliance & Digital Governance","info@ashokabuildcon.com","General Contact Email (Guessed Pattern)","Accessibility & Nodal Officer","info@ashokabuildcon.com"
"203","Unassigned","Ashoka Metcast Limited","https://Not Found","No","Yes","Yes","","","100","![WAVE Tool Screenshot](https://github.com/VEER-TANMAY-SACHIN/projects/blob/main/orchavate_gtm_workflow/outputs/v1.1_nse_tracker_enriched_clearbit_20260806_193605_attempt1_succesful_reviewnotdone_orchavatecore_digital/Ashoka_Metcast_Limited/screenshots/Ashoka_Metcast_Limited_Homepage_WAVE_Overlay.png)","N/A","Head of Compliance & Digital Governance","Not Found","General Contact Email (Guessed Pattern)","Accessibility & Nodal Officer","Not Found"
"204","Unassigned","Asian Energy Services Limited","https://Not Found","No","Yes","Yes","","","100","![WAVE Tool Screenshot](https://github.com/VEER-TANMAY-SACHIN/projects/blob/main/orchavate_gtm_workflow/outputs/v1.1_nse_tracker_enriched_clearbit_20260806_193605_attempt1_succesful_reviewnotdone_orchavatecore_digital/Asian_Energy_Services_Limited/screenshots/Asian_Energy_Services_Limited_Homepage_WAVE_Overlay.png)","N/A","Head of Compliance & Digital Governance","Not Found","General Contact Email (Guessed Pattern)","Accessibility & Nodal Officer","Not Found"
"205","Unassigned","Asian Granito India Limited","https://aglasiangranito.com","Yes","No","No","","","","![WAVE Tool Screenshot](https://github.com/VEER-TANMAY-SACHIN/projects/blob/main/orchavate_gtm_workflow/outputs/v1.1_nse_tracker_enriched_clearbit_20260806_193605_attempt1_succesful_reviewnotdone_orchavatecore_digital/Asian_Granito_India_Limited/screenshots/Asian_Granito_India_Limited_Homepage_WAVE_Overlay.png)","N/A","Head of Compliance & Digital Governance","N/A","N/A","N/A","Not Found"
"206","Unassigned","Asian Hotels (East) Limited","https://Not Found","No","Yes","Yes","","","100","![WAVE Tool Screenshot](https://github.com/VEER-TANMAY-SACHIN/projects/blob/main/orchavate_gtm_workflow/outputs/v1.1_nse_tracker_enriched_clearbit_20260806_193605_attempt1_succesful_reviewnotdone_orchavatecore_digital/Asian_Hotels__East__Limited/screenshots/Asian_Hotels__East__Limited_Homepage_WAVE_Overlay.png)","N/A","Head of Compliance & Digital Governance","Not Found","General Contact Email (Guessed Pattern)","Accessibility & Nodal Officer","Not Found"
"207","Unassigned","Asian Hotels (North) Limited","https://asianhotelsnorth.com","Yes","Yes","Yes","13","13","48","![WAVE Tool Screenshot](https://github.com/VEER-TANMAY-SACHIN/projects/blob/main/orchavate_gtm_workflow/outputs/v1.1_nse_tracker_enriched_clearbit_20260806_193605_attempt1_succesful_reviewnotdone_orchavatecore_digital/Asian_Hotels__North__Limited/screenshots/Asian_Hotels__North__Limited_Homepage_WAVE_Overlay.png)","N/A","Head of Compliance & Digital Governance","investorrelations@ahlnorth.com","Investor Grievance / Compliance Officer Email","Accessibility & Nodal Officer","sunil.upadhyay@ahlnorth.com"
"208","Unassigned","Asian Hotels (West) Limited","https://asianhotelswest.com","Yes","Yes","Yes","49","49","30","![WAVE Tool Screenshot](https://github.com/VEER-TANMAY-SACHIN/projects/blob/main/orchavate_gtm_workflow/outputs/v1.1_nse_tracker_enriched_clearbit_20260806_193605_attempt1_succesful_reviewnotdone_orchavatecore_digital/Asian_Hotels__West__Limited/screenshots/Asian_Hotels__West__Limited_Homepage_WAVE_Overlay.png)","N/A","Head of Compliance & Digital Governance","cs@asianhotelswest.com","Investor Grievance / Compliance Officer Email","Accessibility & Nodal Officer","cs@asianhotelswest.com"
"209","Unassigned","Asian Paints Limited","https://asianpaints.com","Yes","Yes","Yes","","","100","![WAVE Tool Screenshot](https://github.com/VEER-TANMAY-SACHIN/projects/blob/main/orchavate_gtm_workflow/outputs/v1.1_nse_tracker_enriched_clearbit_20260806_193605_attempt1_succesful_reviewnotdone_orchavatecore_digital/Asian_Paints_Limited/screenshots/Asian_Paints_Limited_Homepage_WAVE_Overlay.png)","N/A","Head of Compliance & Digital Governance","customercare@asianpaints.com","General Contact Email","Accessibility & Nodal Officer","customercare@asianpaints.com"
"210","Unassigned","Asian Star Company Limited","https://Not Found","No","Yes","Yes","","","100","![WAVE Tool Screenshot](https://github.com/VEER-TANMAY-SACHIN/projects/blob/main/orchavate_gtm_workflow/outputs/v1.1_nse_tracker_enriched_clearbit_20260806_193605_attempt1_succesful_reviewnotdone_orchavatecore_digital/Asian_Star_Company_Limited/screenshots/Asian_Star_Company_Limited_Homepage_WAVE_Overlay.png)","N/A","Head of Compliance & Digital Governance","Not Found","General Contact Email (Guessed Pattern)","Accessibility & Nodal Officer","Not Found"
"211","Unassigned","Aspinwall and Company Limited","https://Not Found","No","Yes","Yes","","","100","![WAVE Tool Screenshot](https://github.com/VEER-TANMAY-SACHIN/projects/blob/main/orchavate_gtm_workflow/outputs/v1.1_nse_tracker_enriched_clearbit_20260806_193605_attempt1_succesful_reviewnotdone_orchavatecore_digital/Aspinwall_and_Company_Limited/screenshots/Aspinwall_and_Company_Limited_Homepage_WAVE_Overlay.png)","N/A","Head of Compliance & Digital Governance","Not Found","General Contact Email (Guessed Pattern)","Accessibility & Nodal Officer","Not Found"
"212","Unassigned","Associated Alcohols & Breweries Ltd.","https://associatedalcohols.com","Yes","Yes","Yes","2","2","92","![WAVE Tool Screenshot](https://github.com/VEER-TANMAY-SACHIN/projects/blob/main/orchavate_gtm_workflow/outputs/v1.1_nse_tracker_enriched_clearbit_20260806_193605_attempt1_succesful_reviewnotdone_orchavatecore_digital/Associated_Alcohols___Breweries_Ltd_/screenshots/Associated_Alcohols___Breweries_Ltd__Homepage_WAVE_Overlay.png)","N/A","Head of Compliance & Digital Governance","info@aabl.in","Investor Grievance / Compliance Officer Email","Accessibility & Nodal Officer","investorrelations@aabl.in"
"213","Unassigned","Astec LifeSciences Limited","https://astecls.com","Yes","Yes","Yes","","","100","![WAVE Tool Screenshot](https://github.com/VEER-TANMAY-SACHIN/projects/blob/main/orchavate_gtm_workflow/outputs/v1.1_nse_tracker_enriched_clearbit_20260806_193605_attempt1_succesful_reviewnotdone_orchavatecore_digital/Astec_LifeSciences_Limited/screenshots/Astec_LifeSciences_Limited_Homepage_WAVE_Overlay.png)","N/A","Head of Compliance & Digital Governance","info@astecls.com","General Contact Email (Guessed Pattern)","Accessibility & Nodal Officer","info@astecls.com"
"214","Unassigned","Aster DM Quality Care Limited","https://Not Found","No","Yes","Yes","","","100","![WAVE Tool Screenshot](https://github.com/VEER-TANMAY-SACHIN/projects/blob/main/orchavate_gtm_workflow/outputs/v1.1_nse_tracker_enriched_clearbit_20260806_193605_attempt1_succesful_reviewnotdone_orchavatecore_digital/Aster_DM_Quality_Care_Limited/screenshots/Aster_DM_Quality_Care_Limited_Homepage_WAVE_Overlay.png)","N/A","Head of Compliance & Digital Governance","Not Found","General Contact Email (Guessed Pattern)","Accessibility & Nodal Officer","Not Found"
"215","Unassigned","AstraZeneca Pharma India Limited","https://Not Found","No","Yes","Yes","","","100","![WAVE Tool Screenshot](https://github.com/VEER-TANMAY-SACHIN/projects/blob/main/orchavate_gtm_workflow/outputs/v1.1_nse_tracker_enriched_clearbit_20260806_193605_attempt1_succesful_reviewnotdone_orchavatecore_digital/AstraZeneca_Pharma_India_Limited/screenshots/AstraZeneca_Pharma_India_Limited_Homepage_WAVE_Overlay.png)","N/A","Head of Compliance & Digital Governance","Not Found","General Contact Email (Guessed Pattern)","Accessibility & Nodal Officer","Not Found"
"216","Unassigned","Astra Microwave Products Limited","https://astramwp.com","Yes","No","No","","","","![WAVE Tool Screenshot](https://github.com/VEER-TANMAY-SACHIN/projects/blob/main/orchavate_gtm_workflow/outputs/v1.1_nse_tracker_enriched_clearbit_20260806_193605_attempt1_succesful_reviewnotdone_orchavatecore_digital/Astra_Microwave_Products_Limited/screenshots/Astra_Microwave_Products_Limited_Homepage_WAVE_Overlay.png)","N/A","Head of Compliance & Digital Governance","N/A","N/A","N/A","Not Found"
"217","Unassigned","Astral Limited","https://astrallimited.pl","Yes","Yes","Yes","13","13","48","![WAVE Tool Screenshot](https://github.com/VEER-TANMAY-SACHIN/projects/blob/main/orchavate_gtm_workflow/outputs/v1.1_nse_tracker_enriched_clearbit_20260806_193605_attempt1_succesful_reviewnotdone_orchavatecore_digital/Astral_Limited/screenshots/Astral_Limited_Homepage_WAVE_Overlay.png)","N/A","Head of Compliance & Digital Governance","info@astrallimited.pl","General Contact Email","Accessibility & Nodal Officer","info@astrallimited.pl"
"218","Unassigned","Astron Paper & Board Mill Limited","https://astronpaper.com","Yes","Yes","Yes","1","1","96","![WAVE Tool Screenshot](https://github.com/VEER-TANMAY-SACHIN/projects/blob/main/orchavate_gtm_workflow/outputs/v1.1_nse_tracker_enriched_clearbit_20260806_193605_attempt1_succesful_reviewnotdone_orchavatecore_digital/Astron_Paper___Board_Mill_Limited/screenshots/Astron_Paper___Board_Mill_Limited_Homepage_WAVE_Overlay.png)","N/A","Head of Compliance & Digital Governance","info@astronpaper.com","General Contact Email (Guessed Pattern)","Accessibility & Nodal Officer","info@astronpaper.com"
"219","Unassigned","Atal Realtech Limited","https://Not Found","No","Yes","Yes","","","100","![WAVE Tool Screenshot](https://github.com/VEER-TANMAY-SACHIN/projects/blob/main/orchavate_gtm_workflow/outputs/v1.1_nse_tracker_enriched_clearbit_20260806_193605_attempt1_succesful_reviewnotdone_orchavatecore_digital/Atal_Realtech_Limited/screenshots/Atal_Realtech_Limited_Homepage_WAVE_Overlay.png)","N/A","Head of Compliance & Digital Governance","Not Found","General Contact Email (Guessed Pattern)","Accessibility & Nodal Officer","Not Found"
"220","Unassigned","Atam Valves Limited","https://atamvalves.in","Yes","Yes","Yes","5","5","80","![WAVE Tool Screenshot](https://github.com/VEER-TANMAY-SACHIN/projects/blob/main/orchavate_gtm_workflow/outputs/v1.1_nse_tracker_enriched_clearbit_20260806_193605_attempt1_succesful_reviewnotdone_orchavatecore_digital/Atam_Valves_Limited/screenshots/Atam_Valves_Limited_Homepage_WAVE_Overlay.png)","N/A","Head of Compliance & Digital Governance","sales@atamfebi.com","General Contact Email","Accessibility & Nodal Officer","sales@atamfebi.com"
"221","Unassigned","Ather Energy Limited","https://atherenergy.com","Yes","No","No","","","","![WAVE Tool Screenshot](https://github.com/VEER-TANMAY-SACHIN/projects/blob/main/orchavate_gtm_workflow/outputs/v1.1_nse_tracker_enriched_clearbit_20260806_193605_attempt1_succesful_reviewnotdone_orchavatecore_digital/Ather_Energy_Limited/screenshots/Ather_Energy_Limited_Homepage_WAVE_Overlay.png)","N/A","Head of Compliance & Digital Governance","N/A","N/A","N/A","Not Found"
"222","Unassigned","Atlanta Electricals Limited","https://Not Found","No","Yes","Yes","","","100","![WAVE Tool Screenshot](https://github.com/VEER-TANMAY-SACHIN/projects/blob/main/orchavate_gtm_workflow/outputs/v1.1_nse_tracker_enriched_clearbit_20260806_193605_attempt1_succesful_reviewnotdone_orchavatecore_digital/Atlanta_Electricals_Limited/screenshots/Atlanta_Electricals_Limited_Homepage_WAVE_Overlay.png)","N/A","Head of Compliance & Digital Governance","Not Found","General Contact Email (Guessed Pattern)","Accessibility & Nodal Officer","Not Found"
"223","Unassigned","Atlas Cycles (Haryana) Limited","https://Not Found","No","Yes","Yes","","","100","![WAVE Tool Screenshot](https://github.com/VEER-TANMAY-SACHIN/projects/blob/main/orchavate_gtm_workflow/outputs/v1.1_nse_tracker_enriched_clearbit_20260806_193605_attempt1_succesful_reviewnotdone_orchavatecore_digital/Atlas_Cycles__Haryana__Limited/screenshots/Atlas_Cycles__Haryana__Limited_Homepage_WAVE_Overlay.png)","N/A","Head of Compliance & Digital Governance","Not Found","General Contact Email (Guessed Pattern)","Accessibility & Nodal Officer","Not Found"
"224","Unassigned","Atul Auto Limited","https://atulauto.co.in","Yes","Yes","Yes","18","18","30","![WAVE Tool Screenshot](https://github.com/VEER-TANMAY-SACHIN/projects/blob/main/orchavate_gtm_workflow/outputs/v1.1_nse_tracker_enriched_clearbit_20260806_193605_attempt1_succesful_reviewnotdone_orchavatecore_digital/Atul_Auto_Limited/screenshots/Atul_Auto_Limited_Homepage_WAVE_Overlay.png)","N/A","Head of Compliance & Digital Governance","info@atulauto.co.in","Investor Grievance / Compliance Officer Email","Accessibility & Nodal Officer","investorrelations@atulauto.co.in"
"225","Unassigned","Atul Limited","https://atulsongaday.me","Yes","Yes","Yes","1","1","96","![WAVE Tool Screenshot](https://github.com/VEER-TANMAY-SACHIN/projects/blob/main/orchavate_gtm_workflow/outputs/v1.1_nse_tracker_enriched_clearbit_20260806_193605_attempt1_succesful_reviewnotdone_orchavatecore_digital/Atul_Limited/screenshots/Atul_Limited_Homepage_WAVE_Overlay.png)","N/A","Head of Compliance & Digital Governance","info@atulsongaday.me","General Contact Email (Guessed Pattern)","Accessibility & Nodal Officer","info@atulsongaday.me"
"226","Unassigned","Aurionpro Solutions Limited","https://Not Found","No","Yes","Yes","","","100","![WAVE Tool Screenshot](https://github.com/VEER-TANMAY-SACHIN/projects/blob/main/orchavate_gtm_workflow/outputs/v1.1_nse_tracker_enriched_clearbit_20260806_193605_attempt1_succesful_reviewnotdone_orchavatecore_digital/Aurionpro_Solutions_Limited/screenshots/Aurionpro_Solutions_Limited_Homepage_WAVE_Overlay.png)","N/A","Head of Compliance & Digital Governance","Not Found","General Contact Email (Guessed Pattern)","Accessibility & Nodal Officer","Not Found"
"227","Unassigned","Aurobindo Pharma Limited","https://aurobindo.com","Yes","Yes","Yes","9","9","64","![WAVE Tool Screenshot](https://github.com/VEER-TANMAY-SACHIN/projects/blob/main/orchavate_gtm_workflow/outputs/v1.1_nse_tracker_enriched_clearbit_20260806_193605_attempt1_succesful_reviewnotdone_orchavatecore_digital/Aurobindo_Pharma_Limited/screenshots/Aurobindo_Pharma_Limited_Homepage_WAVE_Overlay.png)","N/A","Head of Compliance & Digital Governance","Life@aurobindo2.webp","Investor Grievance / Compliance Officer Email","Accessibility & Nodal Officer","Life@aurobindo2.webp"
"228","Unassigned","Aurum PropTech Limited","https://aurumproptech.in","Yes","Yes","Yes","40","40","30","![WAVE Tool Screenshot](https://github.com/VEER-TANMAY-SACHIN/projects/blob/main/orchavate_gtm_workflow/outputs/v1.1_nse_tracker_enriched_clearbit_20260806_193605_attempt1_succesful_reviewnotdone_orchavatecore_digital/Aurum_PropTech_Limited/screenshots/Aurum_PropTech_Limited_Homepage_WAVE_Overlay.png)","N/A","Head of Compliance & Digital Governance","contact@aurumproptech.in","General Contact Email","Accessibility & Nodal Officer","contact@aurumproptech.in"
"229","Unassigned","Ausom Enterprise Limited","https://Not Found","No","Yes","Yes","","","100","![WAVE Tool Screenshot](https://github.com/VEER-TANMAY-SACHIN/projects/blob/main/orchavate_gtm_workflow/outputs/v1.1_nse_tracker_enriched_clearbit_20260806_193605_attempt1_succesful_reviewnotdone_orchavatecore_digital/Ausom_Enterprise_Limited/screenshots/Ausom_Enterprise_Limited_Homepage_WAVE_Overlay.png)","N/A","Head of Compliance & Digital Governance","Not Found","General Contact Email (Guessed Pattern)","Accessibility & Nodal Officer","Not Found"
"230","Unassigned","Authum Investment & Infrastructure Limited","https://authum.com","Yes","No","No","","","","![WAVE Tool Screenshot](https://github.com/VEER-TANMAY-SACHIN/projects/blob/main/orchavate_gtm_workflow/outputs/v1.1_nse_tracker_enriched_clearbit_20260806_193605_attempt1_succesful_reviewnotdone_orchavatecore_digital/Authum_Investment___Infrastructure_Limited/screenshots/Authum_Investment___Infrastructure_Limited_Homepage_WAVE_Overlay.png)","N/A","Head of Compliance & Digital Governance","N/A","N/A","N/A","Not Found"
"231","Unassigned","Autoline Industries Limited","https://autolineind.com","Yes","Yes","Yes","4","4","84","![WAVE Tool Screenshot](https://github.com/VEER-TANMAY-SACHIN/projects/blob/main/orchavate_gtm_workflow/outputs/v1.1_nse_tracker_enriched_clearbit_20260806_193605_attempt1_succesful_reviewnotdone_orchavatecore_digital/Autoline_Industries_Limited/screenshots/Autoline_Industries_Limited_Homepage_WAVE_Overlay.png)","N/A","Head of Compliance & Digital Governance","enquiry@autolineind.com","General Contact Email","Accessibility & Nodal Officer","enquiry@autolineind.com"
"232","Unassigned","Automotive Axles Limited","https://autoaxle.com","Yes","Yes","Yes","33","33","30","![WAVE Tool Screenshot](https://github.com/VEER-TANMAY-SACHIN/projects/blob/main/orchavate_gtm_workflow/outputs/v1.1_nse_tracker_enriched_clearbit_20260806_193605_attempt1_succesful_reviewnotdone_orchavatecore_digital/Automotive_Axles_Limited/screenshots/Automotive_Axles_Limited_Homepage_WAVE_Overlay.png)","N/A","Head of Compliance & Digital Governance","sec@autoaxle.com","Investor Grievance / Compliance Officer Email","Accessibility & Nodal Officer","sec@autoaxle.com"
"233","Unassigned","Automotive Stampings and Assemblies Limited","https://Not Found","No","Yes","Yes","","","100","![WAVE Tool Screenshot](https://github.com/VEER-TANMAY-SACHIN/projects/blob/main/orchavate_gtm_workflow/outputs/v1.1_nse_tracker_enriched_clearbit_20260806_193605_attempt1_succesful_reviewnotdone_orchavatecore_digital/Automotive_Stampings_and_Assemblies_Limited/screenshots/Automotive_Stampings_and_Assemblies_Limited_Homepage_WAVE_Overlay.png)","N/A","Head of Compliance & Digital Governance","Not Found","General Contact Email (Guessed Pattern)","Accessibility & Nodal Officer","Not Found"
"234","Unassigned","Avadh Sugar & Energy Limited","https://Not Found","No","Yes","Yes","","","100","![WAVE Tool Screenshot](https://github.com/VEER-TANMAY-SACHIN/projects/blob/main/orchavate_gtm_workflow/outputs/v1.1_nse_tracker_enriched_clearbit_20260806_193605_attempt1_succesful_reviewnotdone_orchavatecore_digital/Avadh_Sugar___Energy_Limited/screenshots/Avadh_Sugar___Energy_Limited_Homepage_WAVE_Overlay.png)","N/A","Head of Compliance & Digital Governance","Not Found","General Contact Email (Guessed Pattern)","Accessibility & Nodal Officer","Not Found"
"235","Unassigned","Avalon Technologies Limited","https://avalontec.com","Yes","Yes","Yes","","","100","![WAVE Tool Screenshot](https://github.com/VEER-TANMAY-SACHIN/projects/blob/main/orchavate_gtm_workflow/outputs/v1.1_nse_tracker_enriched_clearbit_20260806_193605_attempt1_succesful_reviewnotdone_orchavatecore_digital/Avalon_Technologies_Limited/screenshots/Avalon_Technologies_Limited_Homepage_WAVE_Overlay.png)","N/A","Head of Compliance & Digital Governance","info@avalontec.com","General Contact Email","Accessibility & Nodal Officer","info@avalontec.com"
"236","Unassigned","Avantel Limited","https://avantel.co","Yes","Yes","Yes","","","100","![WAVE Tool Screenshot](https://github.com/VEER-TANMAY-SACHIN/projects/blob/main/orchavate_gtm_workflow/outputs/v1.1_nse_tracker_enriched_clearbit_20260806_193605_attempt1_succesful_reviewnotdone_orchavatecore_digital/Avantel_Limited/screenshots/Avantel_Limited_Homepage_WAVE_Overlay.png)","N/A","Head of Compliance & Digital Governance","info@avantel.co","General Contact Email (Guessed Pattern)","Accessibility & Nodal Officer","info@avantel.co"
"237","Unassigned","Avanti Feeds Limited","https://avantifeeds.com","Yes","No","No","","","","![WAVE Tool Screenshot](https://github.com/VEER-TANMAY-SACHIN/projects/blob/main/orchavate_gtm_workflow/outputs/v1.1_nse_tracker_enriched_clearbit_20260806_193605_attempt1_succesful_reviewnotdone_orchavatecore_digital/Avanti_Feeds_Limited/screenshots/Avanti_Feeds_Limited_Homepage_WAVE_Overlay.png)","N/A","Head of Compliance & Digital Governance","N/A","N/A","N/A","Not Found"
"238","Unassigned","Avenue Supermarts Limited","https://Not Found","No","Yes","Yes","","","100","![WAVE Tool Screenshot](https://github.com/VEER-TANMAY-SACHIN/projects/blob/main/orchavate_gtm_workflow/outputs/v1.1_nse_tracker_enriched_clearbit_20260806_193605_attempt1_succesful_reviewnotdone_orchavatecore_digital/Avenue_Supermarts_Limited/screenshots/Avenue_Supermarts_Limited_Homepage_WAVE_Overlay.png)","N/A","Head of Compliance & Digital Governance","Not Found","General Contact Email (Guessed Pattern)","Accessibility & Nodal Officer","Not Found"
"239","Unassigned","AvenuesAI Limited","https://Not Found","No","Yes","Yes","","","100","![WAVE Tool Screenshot](https://github.com/VEER-TANMAY-SACHIN/projects/blob/main/orchavate_gtm_workflow/outputs/v1.1_nse_tracker_enriched_clearbit_20260806_193605_attempt1_succesful_reviewnotdone_orchavatecore_digital/AvenuesAI_Limited/screenshots/AvenuesAI_Limited_Homepage_WAVE_Overlay.png)","N/A","Head of Compliance & Digital Governance","Not Found","General Contact Email (Guessed Pattern)","Accessibility & Nodal Officer","Not Found"
"240","Unassigned","Avio Smart Market Stack Limited","https://Not Found","No","Yes","Yes","","","100","![WAVE Tool Screenshot](https://github.com/VEER-TANMAY-SACHIN/projects/blob/main/orchavate_gtm_workflow/outputs/v1.1_nse_tracker_enriched_clearbit_20260806_193605_attempt1_succesful_reviewnotdone_orchavatecore_digital/Avio_Smart_Market_Stack_Limited/screenshots/Avio_Smart_Market_Stack_Limited_Homepage_WAVE_Overlay.png)","N/A","Head of Compliance & Digital Governance","Not Found","General Contact Email (Guessed Pattern)","Accessibility & Nodal Officer","Not Found"
"241","Unassigned","Avonmore Capital & Management Services Limited","https://avonmorecapital.in","Yes","Yes","Yes","4","4","84","![WAVE Tool Screenshot](https://github.com/VEER-TANMAY-SACHIN/projects/blob/main/orchavate_gtm_workflow/outputs/v1.1_nse_tracker_enriched_clearbit_20260806_193605_attempt1_succesful_reviewnotdone_orchavatecore_digital/Avonmore_Capital___Management_Services_Limited/screenshots/Avonmore_Capital___Management_Services_Limited_Homepage_WAVE_Overlay.png)","N/A","Head of Compliance & Digital Governance","info@almondz.com","General Contact Email","Accessibility & Nodal Officer","info@almondz.com"
"242","Unassigned","Awfis Space Solutions Limited","https://awfis.co","Yes","No","No","","","","![WAVE Tool Screenshot](https://github.com/VEER-TANMAY-SACHIN/projects/blob/main/orchavate_gtm_workflow/outputs/v1.1_nse_tracker_enriched_clearbit_20260806_193605_attempt1_succesful_reviewnotdone_orchavatecore_digital/Awfis_Space_Solutions_Limited/screenshots/Awfis_Space_Solutions_Limited_Homepage_WAVE_Overlay.png)","N/A","Head of Compliance & Digital Governance","N/A","N/A","N/A","Not Found"
"243","Unassigned","Axis Bank Limited","https://axisbank.com","Yes","Yes","Yes","40","40","30","![WAVE Tool Screenshot](https://github.com/VEER-TANMAY-SACHIN/projects/blob/main/orchavate_gtm_workflow/outputs/v1.1_nse_tracker_enriched_clearbit_20260806_193605_attempt1_succesful_reviewnotdone_orchavatecore_digital/Axis_Bank_Limited/screenshots/Axis_Bank_Limited_Homepage_WAVE_Overlay.png)","N/A","Head of Compliance & Digital Governance","PNO@axis.bank.in","Investor Grievance / Compliance Officer Email","Accessibility & Nodal Officer","PNO@axis.bank.in"
"244","Unassigned","Axita Cotton Limited","https://axitacotton.com","Yes","Yes","Yes","","","100","![WAVE Tool Screenshot](https://github.com/VEER-TANMAY-SACHIN/projects/blob/main/orchavate_gtm_workflow/outputs/v1.1_nse_tracker_enriched_clearbit_20260806_193605_attempt1_succesful_reviewnotdone_orchavatecore_digital/Axita_Cotton_Limited/screenshots/Axita_Cotton_Limited_Homepage_WAVE_Overlay.png)","N/A","Head of Compliance & Digital Governance","info@axitacotton.com","General Contact Email (Guessed Pattern)","Accessibility & Nodal Officer","info@axitacotton.com"
"245","Unassigned","Aye Finance Limited","https://Not Found","No","Yes","Yes","","","100","![WAVE Tool Screenshot](https://github.com/VEER-TANMAY-SACHIN/projects/blob/main/orchavate_gtm_workflow/outputs/v1.1_nse_tracker_enriched_clearbit_20260806_193605_attempt1_succesful_reviewnotdone_orchavatecore_digital/Aye_Finance_Limited/screenshots/Aye_Finance_Limited_Homepage_WAVE_Overlay.png)","N/A","Head of Compliance & Digital Governance","Not Found","General Contact Email (Guessed Pattern)","Accessibility & Nodal Officer","Not Found"
"246","Unassigned","Azad Engineering Limited","https://azad.in","Yes","Yes","Yes","5","5","80","![WAVE Tool Screenshot](https://github.com/VEER-TANMAY-SACHIN/projects/blob/main/orchavate_gtm_workflow/outputs/v1.1_nse_tracker_enriched_clearbit_20260806_193605_attempt1_succesful_reviewnotdone_orchavatecore_digital/Azad_Engineering_Limited/screenshots/Azad_Engineering_Limited_Homepage_WAVE_Overlay.png)","N/A","Head of Compliance & Digital Governance","Info@azad.in","Investor Grievance / Compliance Officer Email","Accessibility & Nodal Officer","cs@azad.in"
"247","Unassigned","BALAXI PHARMACEUTICALS LIMITED","https://balaxipharma.in","Yes","No","No","","","","![WAVE Tool Screenshot](https://github.com/VEER-TANMAY-SACHIN/projects/blob/main/orchavate_gtm_workflow/outputs/v1.1_nse_tracker_enriched_clearbit_20260806_193605_attempt1_succesful_reviewnotdone_orchavatecore_digital/BALAXI_PHARMACEUTICALS_LIMITED/screenshots/BALAXI_PHARMACEUTICALS_LIMITED_Homepage_WAVE_Overlay.png)","N/A","Head of Compliance & Digital Governance","N/A","N/A","N/A","Not Found"
"248","Unassigned","BASF India Limited","https://basf.com","Yes","Yes","Yes","43","43","30","![WAVE Tool Screenshot](https://github.com/VEER-TANMAY-SACHIN/projects/blob/main/orchavate_gtm_workflow/outputs/v1.1_nse_tracker_enriched_clearbit_20260806_193605_attempt1_succesful_reviewnotdone_orchavatecore_digital/BASF_India_Limited/screenshots/BASF_India_Limited_Homepage_WAVE_Overlay.png)","N/A","Head of Compliance & Digital Governance","Not Found","General Contact Email","Accessibility & Nodal Officer","Not Found"
"249","Unassigned","BCPL Railway Infrastructure Limited","https://Not Found","No","Yes","Yes","","","100","![WAVE Tool Screenshot](https://github.com/VEER-TANMAY-SACHIN/projects/blob/main/orchavate_gtm_workflow/outputs/v1.1_nse_tracker_enriched_clearbit_20260806_193605_attempt1_succesful_reviewnotdone_orchavatecore_digital/BCPL_Railway_Infrastructure_Limited/screenshots/BCPL_Railway_Infrastructure_Limited_Homepage_WAVE_Overlay.png)","N/A","Head of Compliance & Digital Governance","Not Found","General Contact Email (Guessed Pattern)","Accessibility & Nodal Officer","Not Found"
"250","Unassigned","BEML Land Assets Limited","https://Not Found","No","Yes","Yes","","","100","![WAVE Tool Screenshot](https://github.com/VEER-TANMAY-SACHIN/projects/blob/main/orchavate_gtm_workflow/outputs/v1.1_nse_tracker_enriched_clearbit_20260806_193605_attempt1_succesful_reviewnotdone_orchavatecore_digital/BEML_Land_Assets_Limited/screenshots/BEML_Land_Assets_Limited_Homepage_WAVE_Overlay.png)","N/A","Head of Compliance & Digital Governance","Not Found","General Contact Email (Guessed Pattern)","Accessibility & Nodal Officer","Not Found"
"251","Unassigned","BEML Limited","https://bemlindia.in","Yes","Yes","Yes","5","5","80","![WAVE Tool Screenshot](https://github.com/VEER-TANMAY-SACHIN/projects/blob/main/orchavate_gtm_workflow/outputs/v1.1_nse_tracker_enriched_clearbit_20260806_193605_attempt1_succesful_reviewnotdone_orchavatecore_digital/BEML_Limited/screenshots/BEML_Limited_Homepage_WAVE_Overlay.png)","N/A","Head of Compliance & Digital Governance","office.cio@beml.co.in","General Contact Email","Accessibility & Nodal Officer","office.cio@beml.co.in"
"252","Unassigned","BF Investment Limited","https://bfigroup.org","Yes","Yes","Yes","18","18","30","![WAVE Tool Screenshot](https://github.com/VEER-TANMAY-SACHIN/projects/blob/main/orchavate_gtm_workflow/outputs/v1.1_nse_tracker_enriched_clearbit_20260806_193605_attempt1_succesful_reviewnotdone_orchavatecore_digital/BF_Investment_Limited/screenshots/BF_Investment_Limited_Homepage_WAVE_Overlay.png)","N/A","Head of Compliance & Digital Governance","info@bfigroup.org","General Contact Email","Accessibility & Nodal Officer","info@bfigroup.org"
"253","Unassigned","BF Utilities Limited","https://Not Found","No","Yes","Yes","","","100","![WAVE Tool Screenshot](https://github.com/VEER-TANMAY-SACHIN/projects/blob/main/orchavate_gtm_workflow/outputs/v1.1_nse_tracker_enriched_clearbit_20260806_193605_attempt1_succesful_reviewnotdone_orchavatecore_digital/BF_Utilities_Limited/screenshots/BF_Utilities_Limited_Homepage_WAVE_Overlay.png)","N/A","Head of Compliance & Digital Governance","Not Found","General Contact Email (Guessed Pattern)","Accessibility & Nodal Officer","Not Found"
"254","Unassigned","BGR Energy Systems Limited","https://bgrcorp.com","Yes","Yes","No","","","100","![WAVE Tool Screenshot](https://github.com/VEER-TANMAY-SACHIN/projects/blob/main/orchavate_gtm_workflow/outputs/v1.1_nse_tracker_enriched_clearbit_20260806_193605_attempt1_succesful_reviewnotdone_orchavatecore_digital/BGR_Energy_Systems_Limited/screenshots/BGR_Energy_Systems_Limited_Homepage_WAVE_Overlay.png)","N/A","Head of Compliance & Digital Governance","info@bgrcorp.com","General Contact Email (Guessed Pattern)","Accessibility & Nodal Officer","info@bgrcorp.com"
"255","Unassigned","BIL VYAPAR LIMITED","https://Not Found","No","Yes","Yes","","","100","![WAVE Tool Screenshot](https://github.com/VEER-TANMAY-SACHIN/projects/blob/main/orchavate_gtm_workflow/outputs/v1.1_nse_tracker_enriched_clearbit_20260806_193605_attempt1_succesful_reviewnotdone_orchavatecore_digital/BIL_VYAPAR_LIMITED/screenshots/BIL_VYAPAR_LIMITED_Homepage_WAVE_Overlay.png)","N/A","Head of Compliance & Digital Governance","Not Found","General Contact Email (Guessed Pattern)","Accessibility & Nodal Officer","Not Found"
"256","Unassigned","BIRLASOFT LIMITED","https://birlasoft.com","Yes","No","No","","","","![WAVE Tool Screenshot](https://github.com/VEER-TANMAY-SACHIN/projects/blob/main/orchavate_gtm_workflow/outputs/v1.1_nse_tracker_enriched_clearbit_20260806_193605_attempt1_succesful_reviewnotdone_orchavatecore_digital/BIRLASOFT_LIMITED/screenshots/BIRLASOFT_LIMITED_Homepage_WAVE_Overlay.png)","N/A","Head of Compliance & Digital Governance","N/A","N/A","N/A","Not Found"
"257","Unassigned","BLACKBUCK LIMITED","https://blackbuck.com","Yes","No","No","","","","![WAVE Tool Screenshot](https://github.com/VEER-TANMAY-SACHIN/projects/blob/main/orchavate_gtm_workflow/outputs/v1.1_nse_tracker_enriched_clearbit_20260806_193605_attempt1_succesful_reviewnotdone_orchavatecore_digital/BLACKBUCK_LIMITED/screenshots/BLACKBUCK_LIMITED_Homepage_WAVE_Overlay.png)","N/A","Head of Compliance & Digital Governance","N/A","N/A","N/A","Not Found"
"258","Unassigned","BLB Limited","https://blblimited.com","Yes","No","No","","","","![WAVE Tool Screenshot](https://github.com/VEER-TANMAY-SACHIN/projects/blob/main/orchavate_gtm_workflow/outputs/v1.1_nse_tracker_enriched_clearbit_20260806_193605_attempt1_succesful_reviewnotdone_orchavatecore_digital/BLB_Limited/screenshots/BLB_Limited_Homepage_WAVE_Overlay.png)","N/A","Head of Compliance & Digital Governance","N/A","N/A","N/A","Not Found"
"259","Unassigned","BLS E-Services Limited","https://Not Found","No","Yes","Yes","","","100","![WAVE Tool Screenshot](https://github.com/VEER-TANMAY-SACHIN/projects/blob/main/orchavate_gtm_workflow/outputs/v1.1_nse_tracker_enriched_clearbit_20260806_193605_attempt1_succesful_reviewnotdone_orchavatecore_digital/BLS_E_Services_Limited/screenshots/BLS_E_Services_Limited_Homepage_WAVE_Overlay.png)","N/A","Head of Compliance & Digital Governance","Not Found","General Contact Email (Guessed Pattern)","Accessibility & Nodal Officer","Not Found"
"260","Unassigned","BLS International Services Limited","https://Not Found","No","Yes","Yes","","","100","![WAVE Tool Screenshot](https://github.com/VEER-TANMAY-SACHIN/projects/blob/main/orchavate_gtm_workflow/outputs/v1.1_nse_tracker_enriched_clearbit_20260806_193605_attempt1_succesful_reviewnotdone_orchavatecore_digital/BLS_International_Services_Limited/screenshots/BLS_International_Services_Limited_Homepage_WAVE_Overlay.png)","N/A","Head of Compliance & Digital Governance","Not Found","General Contact Email (Guessed Pattern)","Accessibility & Nodal Officer","Not Found"
"261","Unassigned","BMW Ventures Limited","https://bmwventures.com","Yes","No","No","","","","![WAVE Tool Screenshot](https://github.com/VEER-TANMAY-SACHIN/projects/blob/main/orchavate_gtm_workflow/outputs/v1.1_nse_tracker_enriched_clearbit_20260806_193605_attempt1_succesful_reviewnotdone_orchavatecore_digital/BMW_Ventures_Limited/screenshots/BMW_Ventures_Limited_Homepage_WAVE_Overlay.png)","N/A","Head of Compliance & Digital Governance","N/A","N/A","N/A","Not Found"
"262","Unassigned","BN Agrochem Limited","https://Not Found","No","Yes","Yes","","","100","![WAVE Tool Screenshot](https://github.com/VEER-TANMAY-SACHIN/projects/blob/main/orchavate_gtm_workflow/outputs/v1.1_nse_tracker_enriched_clearbit_20260806_193605_attempt1_succesful_reviewnotdone_orchavatecore_digital/BN_Agrochem_Limited/screenshots/BN_Agrochem_Limited_Homepage_WAVE_Overlay.png)","N/A","Head of Compliance & Digital Governance","Not Found","General Contact Email (Guessed Pattern)","Accessibility & Nodal Officer","Not Found"
"263","Unassigned","BOROSIL RENEWABLES LIMITED","https://borosilrenewables.com","Yes","Yes","Yes","18","18","30","![WAVE Tool Screenshot](https://github.com/VEER-TANMAY-SACHIN/projects/blob/main/orchavate_gtm_workflow/outputs/v1.1_nse_tracker_enriched_clearbit_20260806_193605_attempt1_succesful_reviewnotdone_orchavatecore_digital/BOROSIL_RENEWABLES_LIMITED/screenshots/BOROSIL_RENEWABLES_LIMITED_Homepage_WAVE_Overlay.png)","N/A","Head of Compliance & Digital Governance","sales.lig@borosil.com","Investor Grievance / Compliance Officer Email","Accessibility & Nodal Officer","brl@borosil.com"
"264","Unassigned","BOSCH HOME COMFORT INDIA LIMITED","https://Not Found","No","Yes","Yes","","","100","![WAVE Tool Screenshot](https://github.com/VEER-TANMAY-SACHIN/projects/blob/main/orchavate_gtm_workflow/outputs/v1.1_nse_tracker_enriched_clearbit_20260806_193605_attempt1_succesful_reviewnotdone_orchavatecore_digital/BOSCH_HOME_COMFORT_INDIA_LIMITED/screenshots/BOSCH_HOME_COMFORT_INDIA_LIMITED_Homepage_WAVE_Overlay.png)","N/A","Head of Compliance & Digital Governance","Not Found","General Contact Email (Guessed Pattern)","Accessibility & Nodal Officer","Not Found"
"265","Unassigned","BPL Limited","https://bpllimited.com","Yes","No","No","","","","![WAVE Tool Screenshot](https://github.com/VEER-TANMAY-SACHIN/projects/blob/main/orchavate_gtm_workflow/outputs/v1.1_nse_tracker_enriched_clearbit_20260806_193605_attempt1_succesful_reviewnotdone_orchavatecore_digital/BPL_Limited/screenshots/BPL_Limited_Homepage_WAVE_Overlay.png)","N/A","Head of Compliance & Digital Governance","N/A","N/A","N/A","Not Found"
"266","Unassigned","BSE Limited","https://bseindia.com","Yes","No","No","","","","![WAVE Tool Screenshot](https://github.com/VEER-TANMAY-SACHIN/projects/blob/main/orchavate_gtm_workflow/outputs/v1.1_nse_tracker_enriched_clearbit_20260806_193605_attempt1_succesful_reviewnotdone_orchavatecore_digital/BSE_Limited/screenshots/BSE_Limited_Homepage_WAVE_Overlay.png)","N/A","Head of Compliance & Digital Governance","N/A","N/A","N/A","Not Found"
"267","Unassigned","BSL Limited","https://bslshaders.com","Yes","No","No","","","","![WAVE Tool Screenshot](https://github.com/VEER-TANMAY-SACHIN/projects/blob/main/orchavate_gtm_workflow/outputs/v1.1_nse_tracker_enriched_clearbit_20260806_193605_attempt1_succesful_reviewnotdone_orchavatecore_digital/BSL_Limited/screenshots/BSL_Limited_Homepage_WAVE_Overlay.png)","N/A","Head of Compliance & Digital Governance","N/A","N/A","N/A","Not Found"
"268","Unassigned","B.A.G Films and Media Limited","https://Not Found","No","Yes","Yes","","","100","![WAVE Tool Screenshot](https://github.com/VEER-TANMAY-SACHIN/projects/blob/main/orchavate_gtm_workflow/outputs/v1.1_nse_tracker_enriched_clearbit_20260806_193605_attempt1_succesful_reviewnotdone_orchavatecore_digital/B_A_G_Films_and_Media_Limited/screenshots/B_A_G_Films_and_Media_Limited_Homepage_WAVE_Overlay.png)","N/A","Head of Compliance & Digital Governance","Not Found","General Contact Email (Guessed Pattern)","Accessibility & Nodal Officer","Not Found"
"269","Unassigned","B&B Triplewall Containers Limited","https://booking.com","Yes","Yes","Yes","","","100","![WAVE Tool Screenshot](https://github.com/VEER-TANMAY-SACHIN/projects/blob/main/orchavate_gtm_workflow/outputs/v1.1_nse_tracker_enriched_clearbit_20260806_193605_attempt1_succesful_reviewnotdone_orchavatecore_digital/B_B_Triplewall_Containers_Limited/screenshots/B_B_Triplewall_Containers_Limited_Homepage_WAVE_Overlay.png)","N/A","Head of Compliance & Digital Governance","customer.service@booking.com","General Contact Email","Accessibility & Nodal Officer","customer.service@booking.com"
"270","Unassigned","B. L. Kashyap and Sons Limited","https://Not Found","No","Yes","Yes","","","100","![WAVE Tool Screenshot](https://github.com/VEER-TANMAY-SACHIN/projects/blob/main/orchavate_gtm_workflow/outputs/v1.1_nse_tracker_enriched_clearbit_20260806_193605_attempt1_succesful_reviewnotdone_orchavatecore_digital/B__L__Kashyap_and_Sons_Limited/screenshots/B__L__Kashyap_and_Sons_Limited_Homepage_WAVE_Overlay.png)","N/A","Head of Compliance & Digital Governance","Not Found","General Contact Email (Guessed Pattern)","Accessibility & Nodal Officer","Not Found"
"271","Unassigned","B & A Limited","https://booking.com","Yes","Yes","Yes","","","100","![WAVE Tool Screenshot](https://github.com/VEER-TANMAY-SACHIN/projects/blob/main/orchavate_gtm_workflow/outputs/v1.1_nse_tracker_enriched_clearbit_20260806_193605_attempt1_succesful_reviewnotdone_orchavatecore_digital/B___A_Limited/screenshots/B___A_Limited_Homepage_WAVE_Overlay.png)","N/A","Head of Compliance & Digital Governance","customer.service@booking.com","General Contact Email","Accessibility & Nodal Officer","customer.service@booking.com"
"272","Unassigned","Bafna Pharmaceuticals Limited","https://Not Found","No","Yes","Yes","","","100","![WAVE Tool Screenshot](https://github.com/VEER-TANMAY-SACHIN/projects/blob/main/orchavate_gtm_workflow/outputs/v1.1_nse_tracker_enriched_clearbit_20260806_193605_attempt1_succesful_reviewnotdone_orchavatecore_digital/Bafna_Pharmaceuticals_Limited/screenshots/Bafna_Pharmaceuticals_Limited_Homepage_WAVE_Overlay.png)","N/A","Head of Compliance & Digital Governance","Not Found","General Contact Email (Guessed Pattern)","Accessibility & Nodal Officer","Not Found"
"273","Unassigned","Baid Finserv Limited","https://baidfinserv.com","Yes","No","No","","","","![WAVE Tool Screenshot](https://github.com/VEER-TANMAY-SACHIN/projects/blob/main/orchavate_gtm_workflow/outputs/v1.1_nse_tracker_enriched_clearbit_20260806_193605_attempt1_succesful_reviewnotdone_orchavatecore_digital/Baid_Finserv_Limited/screenshots/Baid_Finserv_Limited_Homepage_WAVE_Overlay.png)","N/A","Head of Compliance & Digital Governance","N/A","N/A","N/A","Not Found"
"274","Unassigned","Bajaj Auto Limited","https://bajajauto.com","Yes","No","No","","","","![WAVE Tool Screenshot](https://github.com/VEER-TANMAY-SACHIN/projects/blob/main/orchavate_gtm_workflow/outputs/v1.1_nse_tracker_enriched_clearbit_20260806_193605_attempt1_succesful_reviewnotdone_orchavatecore_digital/Bajaj_Auto_Limited/screenshots/Bajaj_Auto_Limited_Homepage_WAVE_Overlay.png)","N/A","Head of Compliance & Digital Governance","N/A","N/A","N/A","Not Found"
"275","Unassigned","Bajaj Consumer Care Limited","https://bajajconsumercare.com","Yes","No","No","","","","![WAVE Tool Screenshot](https://github.com/VEER-TANMAY-SACHIN/projects/blob/main/orchavate_gtm_workflow/outputs/v1.1_nse_tracker_enriched_clearbit_20260806_193605_attempt1_succesful_reviewnotdone_orchavatecore_digital/Bajaj_Consumer_Care_Limited/screenshots/Bajaj_Consumer_Care_Limited_Homepage_WAVE_Overlay.png)","N/A","Head of Compliance & Digital Governance","N/A","N/A","N/A","Not Found"
"276","Unassigned","Bajaj Electricals Limited","https://bajajelectricals.com","Yes","Yes","Yes","17","17","32","![WAVE Tool Screenshot](https://github.com/VEER-TANMAY-SACHIN/projects/blob/main/orchavate_gtm_workflow/outputs/v1.1_nse_tracker_enriched_clearbit_20260806_193605_attempt1_succesful_reviewnotdone_orchavatecore_digital/Bajaj_Electricals_Limited/screenshots/Bajaj_Electricals_Limited_Homepage_WAVE_Overlay.png)","N/A","Head of Compliance & Digital Governance","Not Found","General Contact Email","Accessibility & Nodal Officer","Not Found"
"277","Unassigned","Bajaj Finance Limited","https://bajajhousingfinance.in","Yes","Yes","Yes","35","35","30","![WAVE Tool Screenshot](https://github.com/VEER-TANMAY-SACHIN/projects/blob/main/orchavate_gtm_workflow/outputs/v1.1_nse_tracker_enriched_clearbit_20260806_193605_attempt1_succesful_reviewnotdone_orchavatecore_digital/Bajaj_Finance_Limited/screenshots/Bajaj_Finance_Limited_Homepage_WAVE_Overlay.png)","N/A","Head of Compliance & Digital Governance","bhflwecare@bajajhousing.co.in","General Contact Email","Accessibility & Nodal Officer","bhflwecare@bajajhousing.co.in"
"278","Unassigned","Bajaj Finserv Limited","https://bajajfinserv.in","Yes","No","No","","","","![WAVE Tool Screenshot](https://github.com/VEER-TANMAY-SACHIN/projects/blob/main/orchavate_gtm_workflow/outputs/v1.1_nse_tracker_enriched_clearbit_20260806_193605_attempt1_succesful_reviewnotdone_orchavatecore_digital/Bajaj_Finserv_Limited/screenshots/Bajaj_Finserv_Limited_Homepage_WAVE_Overlay.png)","N/A","Head of Compliance & Digital Governance","N/A","N/A","N/A","Not Found"
"279","Unassigned","Bajaj Healthcare Limited","https://bajajhealth.com","Yes","Yes","Yes","6","6","76","![WAVE Tool Screenshot](https://github.com/VEER-TANMAY-SACHIN/projects/blob/main/orchavate_gtm_workflow/outputs/v1.1_nse_tracker_enriched_clearbit_20260806_193605_attempt1_succesful_reviewnotdone_orchavatecore_digital/Bajaj_Healthcare_Limited/screenshots/Bajaj_Healthcare_Limited_Homepage_WAVE_Overlay.png)","N/A","Head of Compliance & Digital Governance","info@bajajhealth.com","General Contact Email (Guessed Pattern)","Accessibility & Nodal Officer","info@bajajhealth.com"
"280","Unassigned","Bajaj Hindusthan Sugar Limited","https://bajajhindusthan.com","Yes","Yes","Yes","26","26","30","![WAVE Tool Screenshot](https://github.com/VEER-TANMAY-SACHIN/projects/blob/main/orchavate_gtm_workflow/outputs/v1.1_nse_tracker_enriched_clearbit_20260806_193605_attempt1_succesful_reviewnotdone_orchavatecore_digital/Bajaj_Hindusthan_Sugar_Limited/screenshots/Bajaj_Hindusthan_Sugar_Limited_Homepage_WAVE_Overlay.png)","N/A","Head of Compliance & Digital Governance","investor.helpdesk@in.mpms.mufg.com","Investor Grievance / Compliance Officer Email","Accessibility & Nodal Officer","investor.helpdesk@in.mpms.mufg.com"
"281","Unassigned","Bajaj Holdings & Investment Limited","https://Not Found","No","Yes","Yes","","","100","![WAVE Tool Screenshot](https://github.com/VEER-TANMAY-SACHIN/projects/blob/main/orchavate_gtm_workflow/outputs/v1.1_nse_tracker_enriched_clearbit_20260806_193605_attempt1_succesful_reviewnotdone_orchavatecore_digital/Bajaj_Holdings___Investment_Limited/screenshots/Bajaj_Holdings___Investment_Limited_Homepage_WAVE_Overlay.png)","N/A","Head of Compliance & Digital Governance","Not Found","General Contact Email (Guessed Pattern)","Accessibility & Nodal Officer","Not Found"
"282","Unassigned","Bajaj Housing Finance Limited","https://bajajhousingfinance.in","Yes","Yes","Yes","35","35","30","![WAVE Tool Screenshot](https://github.com/VEER-TANMAY-SACHIN/projects/blob/main/orchavate_gtm_workflow/outputs/v1.1_nse_tracker_enriched_clearbit_20260806_193605_attempt1_succesful_reviewnotdone_orchavatecore_digital/Bajaj_Housing_Finance_Limited/screenshots/Bajaj_Housing_Finance_Limited_Homepage_WAVE_Overlay.png)","N/A","Head of Compliance & Digital Governance","bhflwecare@bajajhousing.co.in","General Contact Email","Accessibility & Nodal Officer","bhflwecare@bajajhousing.co.in"
"283","Unassigned","Bajaj Steel Industries Limited","https://bajajngp.com","Yes","Yes","Yes","","","100","![WAVE Tool Screenshot](https://github.com/VEER-TANMAY-SACHIN/projects/blob/main/orchavate_gtm_workflow/outputs/v1.1_nse_tracker_enriched_clearbit_20260806_193605_attempt1_succesful_reviewnotdone_orchavatecore_digital/Bajaj_Steel_Industries_Limited/screenshots/Bajaj_Steel_Industries_Limited_Homepage_WAVE_Overlay.png)","N/A","Head of Compliance & Digital Governance","info@bajajngp.com","General Contact Email (Guessed Pattern)","Accessibility & Nodal Officer","info@bajajngp.com"
"284","Unassigned","Bajel Projects Limited","https://bajelprojects.com","Yes","Yes","Yes","3","3","88","![WAVE Tool Screenshot](https://github.com/VEER-TANMAY-SACHIN/projects/blob/main/orchavate_gtm_workflow/outputs/v1.1_nse_tracker_enriched_clearbit_20260806_193605_attempt1_succesful_reviewnotdone_orchavatecore_digital/Bajel_Projects_Limited/screenshots/Bajel_Projects_Limited_Homepage_WAVE_Overlay.png)","N/A","Head of Compliance & Digital Governance","dematremat@in.mpms.mufg.com","General Contact Email","Accessibility & Nodal Officer","dematremat@in.mpms.mufg.com"
"285","Unassigned","Bal Pharma Limited","https://balpharma.com","Yes","Yes","Yes","22","22","30","![WAVE Tool Screenshot](https://github.com/VEER-TANMAY-SACHIN/projects/blob/main/orchavate_gtm_workflow/outputs/v1.1_nse_tracker_enriched_clearbit_20260806_193605_attempt1_succesful_reviewnotdone_orchavatecore_digital/Bal_Pharma_Limited/screenshots/Bal_Pharma_Limited_Homepage_WAVE_Overlay.png)","N/A","Head of Compliance & Digital Governance","info@balpharma.com","General Contact Email","Accessibility & Nodal Officer","info@balpharma.com"
"286","Unassigned","Balaji Amines Limited","https://Not Found","No","Yes","Yes","","","100","![WAVE Tool Screenshot](https://github.com/VEER-TANMAY-SACHIN/projects/blob/main/orchavate_gtm_workflow/outputs/v1.1_nse_tracker_enriched_clearbit_20260806_193605_attempt1_succesful_reviewnotdone_orchavatecore_digital/Balaji_Amines_Limited/screenshots/Balaji_Amines_Limited_Homepage_WAVE_Overlay.png)","N/A","Head of Compliance & Digital Governance","Not Found","General Contact Email (Guessed Pattern)","Accessibility & Nodal Officer","Not Found"
"287","Unassigned","Balaji Telefilms Limited","https://balajitelefilms.com","Yes","Yes","Yes","22","22","30","![WAVE Tool Screenshot](https://github.com/VEER-TANMAY-SACHIN/projects/blob/main/orchavate_gtm_workflow/outputs/v1.1_nse_tracker_enriched_clearbit_20260806_193605_attempt1_succesful_reviewnotdone_orchavatecore_digital/Balaji_Telefilms_Limited/screenshots/Balaji_Telefilms_Limited_Homepage_WAVE_Overlay.png)","N/A","Head of Compliance & Digital Governance","info@balajitelefilms.com","General Contact Email (Guessed Pattern)","Accessibility & Nodal Officer","info@balajitelefilms.com"
"288","Unassigned","Balkrishna Industries Limited","https://Not Found","No","Yes","Yes","","","100","![WAVE Tool Screenshot](https://github.com/VEER-TANMAY-SACHIN/projects/blob/main/orchavate_gtm_workflow/outputs/v1.1_nse_tracker_enriched_clearbit_20260806_193605_attempt1_succesful_reviewnotdone_orchavatecore_digital/Balkrishna_Industries_Limited/screenshots/Balkrishna_Industries_Limited_Homepage_WAVE_Overlay.png)","N/A","Head of Compliance & Digital Governance","Not Found","General Contact Email (Guessed Pattern)","Accessibility & Nodal Officer","Not Found"
"289","Unassigned","Balkrishna Paper Mills Limited","https://bpml.in","Yes","Yes","Yes","19","19","30","![WAVE Tool Screenshot](https://github.com/VEER-TANMAY-SACHIN/projects/blob/main/orchavate_gtm_workflow/outputs/v1.1_nse_tracker_enriched_clearbit_20260806_193605_attempt1_succesful_reviewnotdone_orchavatecore_digital/Balkrishna_Paper_Mills_Limited/screenshots/Balkrishna_Paper_Mills_Limited_Homepage_WAVE_Overlay.png)","N/A","Head of Compliance & Digital Governance","support@purvashare.com","General Contact Email","Accessibility & Nodal Officer","support@purvashare.com"
"290","Unassigned","Balmer Lawrie Investments Limited","https://blinv.com","Yes","No","No","","","","![WAVE Tool Screenshot](https://github.com/VEER-TANMAY-SACHIN/projects/blob/main/orchavate_gtm_workflow/outputs/v1.1_nse_tracker_enriched_clearbit_20260806_193605_attempt1_succesful_reviewnotdone_orchavatecore_digital/Balmer_Lawrie_Investments_Limited/screenshots/Balmer_Lawrie_Investments_Limited_Homepage_WAVE_Overlay.png)","N/A","Head of Compliance & Digital Governance","N/A","N/A","N/A","Not Found"
"291","Unassigned","Balmer Lawrie & Company Limited","https://balmerlawrie.com","Yes","No","No","","","","![WAVE Tool Screenshot](https://github.com/VEER-TANMAY-SACHIN/projects/blob/main/orchavate_gtm_workflow/outputs/v1.1_nse_tracker_enriched_clearbit_20260806_193605_attempt1_succesful_reviewnotdone_orchavatecore_digital/Balmer_Lawrie___Company_Limited/screenshots/Balmer_Lawrie___Company_Limited_Homepage_WAVE_Overlay.png)","N/A","Head of Compliance & Digital Governance","N/A","N/A","N/A","Not Found"
"292","Unassigned","Balrampur Chini Mills Limited","https://chini.com","Yes","Yes","Yes","","","100","![WAVE Tool Screenshot](https://github.com/VEER-TANMAY-SACHIN/projects/blob/main/orchavate_gtm_workflow/outputs/v1.1_nse_tracker_enriched_clearbit_20260806_193605_attempt1_succesful_reviewnotdone_orchavatecore_digital/Balrampur_Chini_Mills_Limited/screenshots/Balrampur_Chini_Mills_Limited_Homepage_WAVE_Overlay.png)","N/A","Head of Compliance & Digital Governance","info@chini.com","General Contact Email (Guessed Pattern)","Accessibility & Nodal Officer","info@chini.com"
"293","Unassigned","Balu Forge Industries Limited","https://baluindustries.com","Yes","No","No","","","","![WAVE Tool Screenshot](https://github.com/VEER-TANMAY-SACHIN/projects/blob/main/orchavate_gtm_workflow/outputs/v1.1_nse_tracker_enriched_clearbit_20260806_193605_attempt1_succesful_reviewnotdone_orchavatecore_digital/Balu_Forge_Industries_Limited/screenshots/Balu_Forge_Industries_Limited_Homepage_WAVE_Overlay.png)","N/A","Head of Compliance & Digital Governance","N/A","N/A","N/A","Not Found"
"294","Unassigned","Banaras Beads Limited","https://banarasbead.com","Yes","Yes","Yes","41","41","30","![WAVE Tool Screenshot](https://github.com/VEER-TANMAY-SACHIN/projects/blob/main/orchavate_gtm_workflow/outputs/v1.1_nse_tracker_enriched_clearbit_20260806_193605_attempt1_succesful_reviewnotdone_orchavatecore_digital/Banaras_Beads_Limited/screenshots/Banaras_Beads_Limited_Homepage_WAVE_Overlay.png)","N/A","Head of Compliance & Digital Governance","info@banarasbead.com","General Contact Email","Accessibility & Nodal Officer","info@banarasbead.com"
"295","Unassigned","Banco Products (I) Limited","https://Not Found","No","Yes","Yes","","","100","![WAVE Tool Screenshot](https://github.com/VEER-TANMAY-SACHIN/projects/blob/main/orchavate_gtm_workflow/outputs/v1.1_nse_tracker_enriched_clearbit_20260806_193605_attempt1_succesful_reviewnotdone_orchavatecore_digital/Banco_Products__I__Limited/screenshots/Banco_Products__I__Limited_Homepage_WAVE_Overlay.png)","N/A","Head of Compliance & Digital Governance","Not Found","General Contact Email (Guessed Pattern)","Accessibility & Nodal Officer","Not Found"
"296","Unassigned","Bandhan Bank Limited","https://bandhanbank.com","Yes","No","No","","","","![WAVE Tool Screenshot](https://github.com/VEER-TANMAY-SACHIN/projects/blob/main/orchavate_gtm_workflow/outputs/v1.1_nse_tracker_enriched_clearbit_20260806_193605_attempt1_succesful_reviewnotdone_orchavatecore_digital/Bandhan_Bank_Limited/screenshots/Bandhan_Bank_Limited_Homepage_WAVE_Overlay.png)","N/A","Head of Compliance & Digital Governance","N/A","N/A","N/A","Not Found"
"297","Unassigned","Bang Overseas Limited","https://banggroup.com","Yes","No","No","","","","![WAVE Tool Screenshot](https://github.com/VEER-TANMAY-SACHIN/projects/blob/main/orchavate_gtm_workflow/outputs/v1.1_nse_tracker_enriched_clearbit_20260806_193605_attempt1_succesful_reviewnotdone_orchavatecore_digital/Bang_Overseas_Limited/screenshots/Bang_Overseas_Limited_Homepage_WAVE_Overlay.png)","N/A","Head of Compliance & Digital Governance","N/A","N/A","N/A","Not Found"
"298","Unassigned","Bank of Baroda","https://bankofbaroda.in","Yes","Yes","Yes","10","10","60","![WAVE Tool Screenshot](https://github.com/VEER-TANMAY-SACHIN/projects/blob/main/orchavate_gtm_workflow/outputs/v1.1_nse_tracker_enriched_clearbit_20260806_193605_attempt1_succesful_reviewnotdone_orchavatecore_digital/Bank_of_Baroda/screenshots/Bank_of_Baroda_Homepage_WAVE_Overlay.png)","N/A","Head of Compliance & Digital Governance","info@bankofbaroda.in","General Contact Email (Guessed Pattern)","Accessibility & Nodal Officer","info@bankofbaroda.in"
"299","Unassigned","Bank of India","https://bankofindia.co.in","Yes","No","No","","","","![WAVE Tool Screenshot](https://github.com/VEER-TANMAY-SACHIN/projects/blob/main/orchavate_gtm_workflow/outputs/v1.1_nse_tracker_enriched_clearbit_20260806_193605_attempt1_succesful_reviewnotdone_orchavatecore_digital/Bank_of_India/screenshots/Bank_of_India_Homepage_WAVE_Overlay.png)","N/A","Head of Compliance & Digital Governance","N/A","N/A","N/A","Not Found"
"300","Unassigned","Banka BioLoo Limited","https://Not Found","No","Yes","Yes","","","100","![WAVE Tool Screenshot](https://github.com/VEER-TANMAY-SACHIN/projects/blob/main/orchavate_gtm_workflow/outputs/v1.1_nse_tracker_enriched_clearbit_20260806_193605_attempt1_succesful_reviewnotdone_orchavatecore_digital/Banka_BioLoo_Limited/screenshots/Banka_BioLoo_Limited_Homepage_WAVE_Overlay.png)","N/A","Head of Compliance & Digital Governance","Not Found","General Contact Email (Guessed Pattern)","Accessibility & Nodal Officer","Not Found"
"301","Unassigned","Bannari Amman Spinning Mills Limited","https://bannarimills.com","Yes","No","No","","","","![WAVE Tool Screenshot](https://github.com/VEER-TANMAY-SACHIN/projects/blob/main/orchavate_gtm_workflow/outputs/v1.1_nse_tracker_enriched_clearbit_20260806_193605_attempt1_succesful_reviewnotdone_orchavatecore_digital/Bannari_Amman_Spinning_Mills_Limited/screenshots/Bannari_Amman_Spinning_Mills_Limited_Homepage_WAVE_Overlay.png)","N/A","Head of Compliance & Digital Governance","N/A","N/A","N/A","Not Found"
"302","Unassigned","Bannari Amman Sugars Limited","https://Not Found","No","Yes","Yes","","","100","![WAVE Tool Screenshot](https://github.com/VEER-TANMAY-SACHIN/projects/blob/main/orchavate_gtm_workflow/outputs/v1.1_nse_tracker_enriched_clearbit_20260806_193605_attempt1_succesful_reviewnotdone_orchavatecore_digital/Bannari_Amman_Sugars_Limited/screenshots/Bannari_Amman_Sugars_Limited_Homepage_WAVE_Overlay.png)","N/A","Head of Compliance & Digital Governance","Not Found","General Contact Email (Guessed Pattern)","Accessibility & Nodal Officer","Not Found"
"303","Unassigned","Bansal Wire Industries Limited","https://Not Found","No","Yes","Yes","","","100","![WAVE Tool Screenshot](https://github.com/VEER-TANMAY-SACHIN/projects/blob/main/orchavate_gtm_workflow/outputs/v1.1_nse_tracker_enriched_clearbit_20260806_193605_attempt1_succesful_reviewnotdone_orchavatecore_digital/Bansal_Wire_Industries_Limited/screenshots/Bansal_Wire_Industries_Limited_Homepage_WAVE_Overlay.png)","N/A","Head of Compliance & Digital Governance","Not Found","General Contact Email (Guessed Pattern)","Accessibility & Nodal Officer","Not Found"
"304","Unassigned","Banswara Syntex Limited","https://banswarasyntex.com","Yes","Yes","Yes","21","21","30","![WAVE Tool Screenshot](https://github.com/VEER-TANMAY-SACHIN/projects/blob/main/orchavate_gtm_workflow/outputs/v1.1_nse_tracker_enriched_clearbit_20260806_193605_attempt1_succesful_reviewnotdone_orchavatecore_digital/Banswara_Syntex_Limited/screenshots/Banswara_Syntex_Limited_Homepage_WAVE_Overlay.png)","N/A","Head of Compliance & Digital Governance","info@banswarasyntex.com","General Contact Email","Accessibility & Nodal Officer","info@banswarasyntex.com"
"305","Unassigned","Barak Valley Cements Limited","https://barakcement.com","Yes","Yes","Yes","12","12","52","![WAVE Tool Screenshot](https://github.com/VEER-TANMAY-SACHIN/projects/blob/main/orchavate_gtm_workflow/outputs/v1.1_nse_tracker_enriched_clearbit_20260806_193605_attempt1_succesful_reviewnotdone_orchavatecore_digital/Barak_Valley_Cements_Limited/screenshots/Barak_Valley_Cements_Limited_Homepage_WAVE_Overlay.png)","N/A","Head of Compliance & Digital Governance","delhi@barakcement.com","Investor Grievance / Compliance Officer Email","Accessibility & Nodal Officer","delhi@barakcement.com"
"306","Unassigned","Bata India Limited","https://batalp.com","Yes","No","No","","","","![WAVE Tool Screenshot](https://github.com/VEER-TANMAY-SACHIN/projects/blob/main/orchavate_gtm_workflow/outputs/v1.1_nse_tracker_enriched_clearbit_20260806_193605_attempt1_succesful_reviewnotdone_orchavatecore_digital/Bata_India_Limited/screenshots/Bata_India_Limited_Homepage_WAVE_Overlay.png)","N/A","Head of Compliance & Digital Governance","N/A","N/A","N/A","Not Found"
"307","Unassigned","Batliboi Limited","https://batliboi.com","Yes","Yes","Yes","17","17","32","![WAVE Tool Screenshot](https://github.com/VEER-TANMAY-SACHIN/projects/blob/main/orchavate_gtm_workflow/outputs/v1.1_nse_tracker_enriched_clearbit_20260806_193605_attempt1_succesful_reviewnotdone_orchavatecore_digital/Batliboi_Limited/screenshots/Batliboi_Limited_Homepage_WAVE_Overlay.png)","N/A","Head of Compliance & Digital Governance","info@batliboi.com","General Contact Email (Guessed Pattern)","Accessibility & Nodal Officer","info@batliboi.com"
"308","Unassigned","Bayer Cropscience Limited","https://bayer.rs","Yes","Yes","Yes","1","1","96","![WAVE Tool Screenshot](https://github.com/VEER-TANMAY-SACHIN/projects/blob/main/orchavate_gtm_workflow/outputs/v1.1_nse_tracker_enriched_clearbit_20260806_193605_attempt1_succesful_reviewnotdone_orchavatecore_digital/Bayer_Cropscience_Limited/screenshots/Bayer_Cropscience_Limited_Homepage_WAVE_Overlay.png)","N/A","Head of Compliance & Digital Governance","info@bayer.rs","General Contact Email (Guessed Pattern)","Accessibility & Nodal Officer","info@bayer.rs"
"309","Unassigned","Bcl Industries Limited","https://bcl.ind.in","Yes","No","No","","","","![WAVE Tool Screenshot](https://github.com/VEER-TANMAY-SACHIN/projects/blob/main/orchavate_gtm_workflow/outputs/v1.1_nse_tracker_enriched_clearbit_20260806_193605_attempt1_succesful_reviewnotdone_orchavatecore_digital/Bcl_Industries_Limited/screenshots/Bcl_Industries_Limited_Homepage_WAVE_Overlay.png)","N/A","Head of Compliance & Digital Governance","N/A","N/A","N/A","Not Found"
"310","Unassigned","Beardsell Limited","https://beardsell.co.in","Yes","Yes","Yes","91","91","30","![WAVE Tool Screenshot](https://github.com/VEER-TANMAY-SACHIN/projects/blob/main/orchavate_gtm_workflow/outputs/v1.1_nse_tracker_enriched_clearbit_20260806_193605_attempt1_succesful_reviewnotdone_orchavatecore_digital/Beardsell_Limited/screenshots/Beardsell_Limited_Homepage_WAVE_Overlay.png)","N/A","Head of Compliance & Digital Governance","sales@beardsell.co.in","General Contact Email","Accessibility & Nodal Officer","sales@beardsell.co.in"
"311","Unassigned","Bedmutha Industries Limited","https://bedmutha.com","Yes","Yes","Yes","","","100","![WAVE Tool Screenshot](https://github.com/VEER-TANMAY-SACHIN/projects/blob/main/orchavate_gtm_workflow/outputs/v1.1_nse_tracker_enriched_clearbit_20260806_193605_attempt1_succesful_reviewnotdone_orchavatecore_digital/Bedmutha_Industries_Limited/screenshots/Bedmutha_Industries_Limited_Homepage_WAVE_Overlay.png)","N/A","Head of Compliance & Digital Governance","info@bedmutha.com","General Contact Email (Guessed Pattern)","Accessibility & Nodal Officer","info@bedmutha.com"
"312","Unassigned","Beekay Steel Industries Limited","https://Not Found","No","Yes","Yes","","","100","![WAVE Tool Screenshot](https://github.com/VEER-TANMAY-SACHIN/projects/blob/main/orchavate_gtm_workflow/outputs/v1.1_nse_tracker_enriched_clearbit_20260806_193605_attempt1_succesful_reviewnotdone_orchavatecore_digital/Beekay_Steel_Industries_Limited/screenshots/Beekay_Steel_Industries_Limited_Homepage_WAVE_Overlay.png)","N/A","Head of Compliance & Digital Governance","Not Found","General Contact Email (Guessed Pattern)","Accessibility & Nodal Officer","Not Found"
"313","Unassigned","Bella Casa Fashion & Retail Limited","https://bellacasaretail.com","Yes","Yes","Yes","","","100","![WAVE Tool Screenshot](https://github.com/VEER-TANMAY-SACHIN/projects/blob/main/orchavate_gtm_workflow/outputs/v1.1_nse_tracker_enriched_clearbit_20260806_193605_attempt1_succesful_reviewnotdone_orchavatecore_digital/Bella_Casa_Fashion___Retail_Limited/screenshots/Bella_Casa_Fashion___Retail_Limited_Homepage_WAVE_Overlay.png)","N/A","Head of Compliance & Digital Governance","info@bellacasaretail.com","General Contact Email (Guessed Pattern)","Accessibility & Nodal Officer","info@bellacasaretail.com"
"314","Unassigned","Belrise Industries Limited","https://belriseindustries.com","Yes","No","No","","","","![WAVE Tool Screenshot](https://github.com/VEER-TANMAY-SACHIN/projects/blob/main/orchavate_gtm_workflow/outputs/v1.1_nse_tracker_enriched_clearbit_20260806_193605_attempt1_succesful_reviewnotdone_orchavatecore_digital/Belrise_Industries_Limited/screenshots/Belrise_Industries_Limited_Homepage_WAVE_Overlay.png)","N/A","Head of Compliance & Digital Governance","N/A","N/A","N/A","Not Found"
"315","Unassigned","Bengal & Assam Company Limited","https://bengals.com","Yes","Yes","Yes","4","4","84","![WAVE Tool Screenshot](https://github.com/VEER-TANMAY-SACHIN/projects/blob/main/orchavate_gtm_workflow/outputs/v1.1_nse_tracker_enriched_clearbit_20260806_193605_attempt1_succesful_reviewnotdone_orchavatecore_digital/Bengal___Assam_Company_Limited/screenshots/Bengal___Assam_Company_Limited_Homepage_WAVE_Overlay.png)","N/A","Head of Compliance & Digital Governance","info@bengals.com","General Contact Email (Guessed Pattern)","Accessibility & Nodal Officer","info@bengals.com"
"316","Unassigned","Berger Paints (I) Limited","https://Not Found","No","Yes","Yes","","","100","![WAVE Tool Screenshot](https://github.com/VEER-TANMAY-SACHIN/projects/blob/main/orchavate_gtm_workflow/outputs/v1.1_nse_tracker_enriched_clearbit_20260806_193605_attempt1_succesful_reviewnotdone_orchavatecore_digital/Berger_Paints__I__Limited/screenshots/Berger_Paints__I__Limited_Homepage_WAVE_Overlay.png)","N/A","Head of Compliance & Digital Governance","Not Found","General Contact Email (Guessed Pattern)","Accessibility & Nodal Officer","Not Found"
"317","Unassigned","Best Agrolife Limited","https://bestagrolife.com","Yes","No","No","","","","![WAVE Tool Screenshot](https://github.com/VEER-TANMAY-SACHIN/projects/blob/main/orchavate_gtm_workflow/outputs/v1.1_nse_tracker_enriched_clearbit_20260806_193605_attempt1_succesful_reviewnotdone_orchavatecore_digital/Best_Agrolife_Limited/screenshots/Best_Agrolife_Limited_Homepage_WAVE_Overlay.png)","N/A","Head of Compliance & Digital Governance","N/A","N/A","N/A","Not Found"
"318","Unassigned","Beta Drugs Limited","https://betadrugslimited.com","Yes","No","No","","","","![WAVE Tool Screenshot](https://github.com/VEER-TANMAY-SACHIN/projects/blob/main/orchavate_gtm_workflow/outputs/v1.1_nse_tracker_enriched_clearbit_20260806_193605_attempt1_succesful_reviewnotdone_orchavatecore_digital/Beta_Drugs_Limited/screenshots/Beta_Drugs_Limited_Homepage_WAVE_Overlay.png)","N/A","Head of Compliance & Digital Governance","N/A","N/A","N/A","Not Found"
"319","Unassigned","Bhageria Industries Limited","https://Not Found","No","Yes","Yes","","","100","![WAVE Tool Screenshot](https://github.com/VEER-TANMAY-SACHIN/projects/blob/main/orchavate_gtm_workflow/outputs/v1.1_nse_tracker_enriched_clearbit_20260806_193605_attempt1_succesful_reviewnotdone_orchavatecore_digital/Bhageria_Industries_Limited/screenshots/Bhageria_Industries_Limited_Homepage_WAVE_Overlay.png)","N/A","Head of Compliance & Digital Governance","Not Found","General Contact Email (Guessed Pattern)","Accessibility & Nodal Officer","Not Found"
"320","Unassigned","Bhagiradha Chemicals & Industries Limited","https://Not Found","No","Yes","Yes","","","100","![WAVE Tool Screenshot](https://github.com/VEER-TANMAY-SACHIN/projects/blob/main/orchavate_gtm_workflow/outputs/v1.1_nse_tracker_enriched_clearbit_20260806_193605_attempt1_succesful_reviewnotdone_orchavatecore_digital/Bhagiradha_Chemicals___Industries_Limited/screenshots/Bhagiradha_Chemicals___Industries_Limited_Homepage_WAVE_Overlay.png)","N/A","Head of Compliance & Digital Governance","Not Found","General Contact Email (Guessed Pattern)","Accessibility & Nodal Officer","Not Found"
"321","Unassigned","Bhagyanagar India Limited","https://bhagyanagarindia.com","Yes","Yes","No","24","24","30","![WAVE Tool Screenshot](https://github.com/VEER-TANMAY-SACHIN/projects/blob/main/orchavate_gtm_workflow/outputs/v1.1_nse_tracker_enriched_clearbit_20260806_193605_attempt1_succesful_reviewnotdone_orchavatecore_digital/Bhagyanagar_India_Limited/screenshots/Bhagyanagar_India_Limited_Homepage_WAVE_Overlay.png)","N/A","Head of Compliance & Digital Governance","nvrao@surana.com","General Contact Email","Accessibility & Nodal Officer","nvrao@surana.com"
"322","Unassigned","Bhandari Hosiery Exports Limited","https://bhandariexport.com","Yes","No","No","","","","![WAVE Tool Screenshot](https://github.com/VEER-TANMAY-SACHIN/projects/blob/main/orchavate_gtm_workflow/outputs/v1.1_nse_tracker_enriched_clearbit_20260806_193605_attempt1_succesful_reviewnotdone_orchavatecore_digital/Bhandari_Hosiery_Exports_Limited/screenshots/Bhandari_Hosiery_Exports_Limited_Homepage_WAVE_Overlay.png)","N/A","Head of Compliance & Digital Governance","N/A","N/A","N/A","Not Found"
"323","Unassigned","Bhansali Engineering Polymers Limited","https://bhansaliabs.com","Yes","Yes","Yes","6","6","76","![WAVE Tool Screenshot](https://github.com/VEER-TANMAY-SACHIN/projects/blob/main/orchavate_gtm_workflow/outputs/v1.1_nse_tracker_enriched_clearbit_20260806_193605_attempt1_succesful_reviewnotdone_orchavatecore_digital/Bhansali_Engineering_Polymers_Limited/screenshots/Bhansali_Engineering_Polymers_Limited_Homepage_WAVE_Overlay.png)","N/A","Head of Compliance & Digital Governance","rnt.helpdesk@in.mpms.mufg.com","Investor Grievance / Compliance Officer Email","Accessibility & Nodal Officer","Investors@Bhansaliabs.com"
"324","Unassigned","Bharat Bijlee Limited","https://bharatbijlee.com","Yes","Yes","Yes","14","14","44","![WAVE Tool Screenshot](https://github.com/VEER-TANMAY-SACHIN/projects/blob/main/orchavate_gtm_workflow/outputs/v1.1_nse_tracker_enriched_clearbit_20260806_193605_attempt1_succesful_reviewnotdone_orchavatecore_digital/Bharat_Bijlee_Limited/screenshots/Bharat_Bijlee_Limited_Homepage_WAVE_Overlay.png)","N/A","Head of Compliance & Digital Governance","info@bharatbijlee.com","General Contact Email (Guessed Pattern)","Accessibility & Nodal Officer","info@bharatbijlee.com"
"325","Unassigned","Bharat Coking Coal Limited","https://bcclweb.in","Yes","No","No","","","","![WAVE Tool Screenshot](https://github.com/VEER-TANMAY-SACHIN/projects/blob/main/orchavate_gtm_workflow/outputs/v1.1_nse_tracker_enriched_clearbit_20260806_193605_attempt1_succesful_reviewnotdone_orchavatecore_digital/Bharat_Coking_Coal_Limited/screenshots/Bharat_Coking_Coal_Limited_Homepage_WAVE_Overlay.png)","N/A","Head of Compliance & Digital Governance","N/A","N/A","N/A","Not Found"
"326","Unassigned","Bharat Dynamics Limited","https://bdl-india.com","Yes","No","No","","","","![WAVE Tool Screenshot](https://github.com/VEER-TANMAY-SACHIN/projects/blob/main/orchavate_gtm_workflow/outputs/v1.1_nse_tracker_enriched_clearbit_20260806_193605_attempt1_succesful_reviewnotdone_orchavatecore_digital/Bharat_Dynamics_Limited/screenshots/Bharat_Dynamics_Limited_Homepage_WAVE_Overlay.png)","N/A","Head of Compliance & Digital Governance","N/A","N/A","N/A","Not Found"
"327","Unassigned","Bharat Electronics Limited","https://beil.co.in","Yes","No","No","","","","![WAVE Tool Screenshot](https://github.com/VEER-TANMAY-SACHIN/projects/blob/main/orchavate_gtm_workflow/outputs/v1.1_nse_tracker_enriched_clearbit_20260806_193605_attempt1_succesful_reviewnotdone_orchavatecore_digital/Bharat_Electronics_Limited/screenshots/Bharat_Electronics_Limited_Homepage_WAVE_Overlay.png)","N/A","Head of Compliance & Digital Governance","N/A","N/A","N/A","Not Found"
"328","Unassigned","Bharat Forge Limited","https://bharatforge.com","Yes","No","No","","","","![WAVE Tool Screenshot](https://github.com/VEER-TANMAY-SACHIN/projects/blob/main/orchavate_gtm_workflow/outputs/v1.1_nse_tracker_enriched_clearbit_20260806_193605_attempt1_succesful_reviewnotdone_orchavatecore_digital/Bharat_Forge_Limited/screenshots/Bharat_Forge_Limited_Homepage_WAVE_Overlay.png)","N/A","Head of Compliance & Digital Governance","N/A","N/A","N/A","Not Found"
"329","Unassigned","Bharat Gears Limited","https://bharatgears.com","Yes","No","No","","","","![WAVE Tool Screenshot](https://github.com/VEER-TANMAY-SACHIN/projects/blob/main/orchavate_gtm_workflow/outputs/v1.1_nse_tracker_enriched_clearbit_20260806_193605_attempt1_succesful_reviewnotdone_orchavatecore_digital/Bharat_Gears_Limited/screenshots/Bharat_Gears_Limited_Homepage_WAVE_Overlay.png)","N/A","Head of Compliance & Digital Governance","N/A","N/A","N/A","Not Found"
"330","Unassigned","Bharat Heavy Electricals Limited","https://bhel.com","Yes","Yes","Yes","6","6","76","![WAVE Tool Screenshot](https://github.com/VEER-TANMAY-SACHIN/projects/blob/main/orchavate_gtm_workflow/outputs/v1.1_nse_tracker_enriched_clearbit_20260806_193605_attempt1_succesful_reviewnotdone_orchavatecore_digital/Bharat_Heavy_Electricals_Limited/screenshots/Bharat_Heavy_Electricals_Limited_Homepage_WAVE_Overlay.png)","N/A","Head of Compliance & Digital Governance","investor@bigshareonline.com","Investor Grievance / Compliance Officer Email","Accessibility & Nodal Officer","investor@bigshareonline.com"
"331","Unassigned","Bharat Petroleum Corporation Limited","https://bharatpetroleum.in","Yes","Yes","Yes","1","1","96","![WAVE Tool Screenshot](https://github.com/VEER-TANMAY-SACHIN/projects/blob/main/orchavate_gtm_workflow/outputs/v1.1_nse_tracker_enriched_clearbit_20260806_193605_attempt1_succesful_reviewnotdone_orchavatecore_digital/Bharat_Petroleum_Corporation_Limited/screenshots/Bharat_Petroleum_Corporation_Limited_Homepage_WAVE_Overlay.png)","N/A","Head of Compliance & Digital Governance","info@bharatpetroleum.in","General Contact Email (Guessed Pattern)","Accessibility & Nodal Officer","info@bharatpetroleum.in"
"332","Unassigned","Bharat Rasayan Limited","https://brl.in","Yes","Yes","Yes","","","100","![WAVE Tool Screenshot](https://github.com/VEER-TANMAY-SACHIN/projects/blob/main/orchavate_gtm_workflow/outputs/v1.1_nse_tracker_enriched_clearbit_20260806_193605_attempt1_succesful_reviewnotdone_orchavatecore_digital/Bharat_Rasayan_Limited/screenshots/Bharat_Rasayan_Limited_Homepage_WAVE_Overlay.png)","N/A","Head of Compliance & Digital Governance","info@brl.in","General Contact Email (Guessed Pattern)","Accessibility & Nodal Officer","info@brl.in"
"333","Unassigned","Bharat Road Network Limited","https://Not Found","No","Yes","Yes","","","100","![WAVE Tool Screenshot](https://github.com/VEER-TANMAY-SACHIN/projects/blob/main/orchavate_gtm_workflow/outputs/v1.1_nse_tracker_enriched_clearbit_20260806_193605_attempt1_succesful_reviewnotdone_orchavatecore_digital/Bharat_Road_Network_Limited/screenshots/Bharat_Road_Network_Limited_Homepage_WAVE_Overlay.png)","N/A","Head of Compliance & Digital Governance","Not Found","General Contact Email (Guessed Pattern)","Accessibility & Nodal Officer","Not Found"
"334","Unassigned","Bharat Seats Limited","https://bharatseats.com","Yes","Yes","Yes","46","46","30","![WAVE Tool Screenshot](https://github.com/VEER-TANMAY-SACHIN/projects/blob/main/orchavate_gtm_workflow/outputs/v1.1_nse_tracker_enriched_clearbit_20260806_193605_attempt1_succesful_reviewnotdone_orchavatecore_digital/Bharat_Seats_Limited/screenshots/Bharat_Seats_Limited_Homepage_WAVE_Overlay.png)","N/A","Head of Compliance & Digital Governance","seats@bharatseats.net","Investor Grievance / Compliance Officer Email","Accessibility & Nodal Officer","investor_relations@bharatseats.net"
"335","Unassigned","Bharat Wire Ropes Limited","https://bharatwireropes.com","Yes","No","No","","","","![WAVE Tool Screenshot](https://github.com/VEER-TANMAY-SACHIN/projects/blob/main/orchavate_gtm_workflow/outputs/v1.1_nse_tracker_enriched_clearbit_20260806_193605_attempt1_succesful_reviewnotdone_orchavatecore_digital/Bharat_Wire_Ropes_Limited/screenshots/Bharat_Wire_Ropes_Limited_Homepage_WAVE_Overlay.png)","N/A","Head of Compliance & Digital Governance","N/A","N/A","N/A","Not Found"
"336","Unassigned","Bharti Airtel Limited","https://Not Found","No","Yes","Yes","","","100","![WAVE Tool Screenshot](https://github.com/VEER-TANMAY-SACHIN/projects/blob/main/orchavate_gtm_workflow/outputs/v1.1_nse_tracker_enriched_clearbit_20260806_193605_attempt1_succesful_reviewnotdone_orchavatecore_digital/Bharti_Airtel_Limited/screenshots/Bharti_Airtel_Limited_Homepage_WAVE_Overlay.png)","N/A","Head of Compliance & Digital Governance","Not Found","General Contact Email (Guessed Pattern)","Accessibility & Nodal Officer","Not Found"
"337","Unassigned","Bharti Hexacom Limited","https://Not Found","No","Yes","Yes","","","100","![WAVE Tool Screenshot](https://github.com/VEER-TANMAY-SACHIN/projects/blob/main/orchavate_gtm_workflow/outputs/v1.1_nse_tracker_enriched_clearbit_20260806_193605_attempt1_succesful_reviewnotdone_orchavatecore_digital/Bharti_Hexacom_Limited/screenshots/Bharti_Hexacom_Limited_Homepage_WAVE_Overlay.png)","N/A","Head of Compliance & Digital Governance","Not Found","General Contact Email (Guessed Pattern)","Accessibility & Nodal Officer","Not Found"
"338","Unassigned","Bhartiya International Limited","https://Not Found","No","Yes","Yes","","","100","![WAVE Tool Screenshot](https://github.com/VEER-TANMAY-SACHIN/projects/blob/main/orchavate_gtm_workflow/outputs/v1.1_nse_tracker_enriched_clearbit_20260806_193605_attempt1_succesful_reviewnotdone_orchavatecore_digital/Bhartiya_International_Limited/screenshots/Bhartiya_International_Limited_Homepage_WAVE_Overlay.png)","N/A","Head of Compliance & Digital Governance","Not Found","General Contact Email (Guessed Pattern)","Accessibility & Nodal Officer","Not Found"
"339","Unassigned","Bhilwara Technical Textiles Limited","https://Not Found","No","Yes","Yes","","","100","![WAVE Tool Screenshot](https://github.com/VEER-TANMAY-SACHIN/projects/blob/main/orchavate_gtm_workflow/outputs/v1.1_nse_tracker_enriched_clearbit_20260806_193605_attempt1_succesful_reviewnotdone_orchavatecore_digital/Bhilwara_Technical_Textiles_Limited/screenshots/Bhilwara_Technical_Textiles_Limited_Homepage_WAVE_Overlay.png)","N/A","Head of Compliance & Digital Governance","Not Found","General Contact Email (Guessed Pattern)","Accessibility & Nodal Officer","Not Found"
"340","Unassigned","Bigbloc Construction Limited","https://bigbloc.in","Yes","Yes","Yes","","","100","![WAVE Tool Screenshot](https://github.com/VEER-TANMAY-SACHIN/projects/blob/main/orchavate_gtm_workflow/outputs/v1.1_nse_tracker_enriched_clearbit_20260806_193605_attempt1_succesful_reviewnotdone_orchavatecore_digital/Bigbloc_Construction_Limited/screenshots/Bigbloc_Construction_Limited_Homepage_WAVE_Overlay.png)","N/A","Head of Compliance & Digital Governance","info@bigbloc.in","General Contact Email (Guessed Pattern)","Accessibility & Nodal Officer","info@bigbloc.in"
"341","Unassigned","Bikaji Foods International Limited","https://Not Found","No","Yes","Yes","","","100","![WAVE Tool Screenshot](https://github.com/VEER-TANMAY-SACHIN/projects/blob/main/orchavate_gtm_workflow/outputs/v1.1_nse_tracker_enriched_clearbit_20260806_193605_attempt1_succesful_reviewnotdone_orchavatecore_digital/Bikaji_Foods_International_Limited/screenshots/Bikaji_Foods_International_Limited_Homepage_WAVE_Overlay.png)","N/A","Head of Compliance & Digital Governance","Not Found","General Contact Email (Guessed Pattern)","Accessibility & Nodal Officer","Not Found"
"342","Unassigned","Bilcare Limited","https://bilcare.com","Yes","Yes","Yes","41","41","30","![WAVE Tool Screenshot](https://github.com/VEER-TANMAY-SACHIN/projects/blob/main/orchavate_gtm_workflow/outputs/v1.1_nse_tracker_enriched_clearbit_20260806_193605_attempt1_succesful_reviewnotdone_orchavatecore_digital/Bilcare_Limited/screenshots/Bilcare_Limited_Homepage_WAVE_Overlay.png)","N/A","Head of Compliance & Digital Governance","eu@bilcare.com","General Contact Email","Accessibility & Nodal Officer","eu@bilcare.com"
"343","Unassigned","Billionbrains Garage Ventures Limited","https://Not Found","No","Yes","Yes","","","100","![WAVE Tool Screenshot](https://github.com/VEER-TANMAY-SACHIN/projects/blob/main/orchavate_gtm_workflow/outputs/v1.1_nse_tracker_enriched_clearbit_20260806_193605_attempt1_succesful_reviewnotdone_orchavatecore_digital/Billionbrains_Garage_Ventures_Limited/screenshots/Billionbrains_Garage_Ventures_Limited_Homepage_WAVE_Overlay.png)","N/A","Head of Compliance & Digital Governance","Not Found","General Contact Email (Guessed Pattern)","Accessibility & Nodal Officer","Not Found"
"344","Unassigned","Bimetal Bearings Limited","https://Not Found","No","Yes","Yes","","","100","![WAVE Tool Screenshot](https://github.com/VEER-TANMAY-SACHIN/projects/blob/main/orchavate_gtm_workflow/outputs/v1.1_nse_tracker_enriched_clearbit_20260806_193605_attempt1_succesful_reviewnotdone_orchavatecore_digital/Bimetal_Bearings_Limited/screenshots/Bimetal_Bearings_Limited_Homepage_WAVE_Overlay.png)","N/A","Head of Compliance & Digital Governance","Not Found","General Contact Email (Guessed Pattern)","Accessibility & Nodal Officer","Not Found"
"345","Unassigned","Biocon Limited","https://bioconductor.org","Yes","No","No","","","","![WAVE Tool Screenshot](https://github.com/VEER-TANMAY-SACHIN/projects/blob/main/orchavate_gtm_workflow/outputs/v1.1_nse_tracker_enriched_clearbit_20260806_193605_attempt1_succesful_reviewnotdone_orchavatecore_digital/Biocon_Limited/screenshots/Biocon_Limited_Homepage_WAVE_Overlay.png)","N/A","Head of Compliance & Digital Governance","N/A","N/A","N/A","Not Found"
"346","Unassigned","Biofil Chemicals & Pharmaceuticals Limited","https://Not Found","No","Yes","Yes","","","100","![WAVE Tool Screenshot](https://github.com/VEER-TANMAY-SACHIN/projects/blob/main/orchavate_gtm_workflow/outputs/v1.1_nse_tracker_enriched_clearbit_20260806_193605_attempt1_succesful_reviewnotdone_orchavatecore_digital/Biofil_Chemicals___Pharmaceuticals_Limited/screenshots/Biofil_Chemicals___Pharmaceuticals_Limited_Homepage_WAVE_Overlay.png)","N/A","Head of Compliance & Digital Governance","Not Found","General Contact Email (Guessed Pattern)","Accessibility & Nodal Officer","Not Found"
"347","Unassigned","BirlaNu Limited","https://Not Found","No","Yes","Yes","","","100","![WAVE Tool Screenshot](https://github.com/VEER-TANMAY-SACHIN/projects/blob/main/orchavate_gtm_workflow/outputs/v1.1_nse_tracker_enriched_clearbit_20260806_193605_attempt1_succesful_reviewnotdone_orchavatecore_digital/BirlaNu_Limited/screenshots/BirlaNu_Limited_Homepage_WAVE_Overlay.png)","N/A","Head of Compliance & Digital Governance","Not Found","General Contact Email (Guessed Pattern)","Accessibility & Nodal Officer","Not Found"
"348","Unassigned","Birla Cable Limited","https://birlacable.com","Yes","Yes","Yes","12","12","52","![WAVE Tool Screenshot](https://github.com/VEER-TANMAY-SACHIN/projects/blob/main/orchavate_gtm_workflow/outputs/v1.1_nse_tracker_enriched_clearbit_20260806_193605_attempt1_succesful_reviewnotdone_orchavatecore_digital/Birla_Cable_Limited/screenshots/Birla_Cable_Limited_Homepage_WAVE_Overlay.png)","N/A","Head of Compliance & Digital Governance","Not Found","General Contact Email","Accessibility & Nodal Officer","Not Found"
"349","Unassigned","Birla Corporation Limited","https://birlasoft.com","Yes","No","No","","","","![WAVE Tool Screenshot](https://github.com/VEER-TANMAY-SACHIN/projects/blob/main/orchavate_gtm_workflow/outputs/v1.1_nse_tracker_enriched_clearbit_20260806_193605_attempt1_succesful_reviewnotdone_orchavatecore_digital/Birla_Corporation_Limited/screenshots/Birla_Corporation_Limited_Homepage_WAVE_Overlay.png)","N/A","Head of Compliance & Digital Governance","N/A","N/A","N/A","Not Found"
"350","Unassigned","Birla Precision Technologies Limited","https://birlaprecision.com","Yes","No","No","","","","![WAVE Tool Screenshot](https://github.com/VEER-TANMAY-SACHIN/projects/blob/main/orchavate_gtm_workflow/outputs/v1.1_nse_tracker_enriched_clearbit_20260806_193605_attempt1_succesful_reviewnotdone_orchavatecore_digital/Birla_Precision_Technologies_Limited/screenshots/Birla_Precision_Technologies_Limited_Homepage_WAVE_Overlay.png)","N/A","Head of Compliance & Digital Governance","N/A","N/A","N/A","Not Found"
"351","Unassigned","Black Box Limited","https://blackboxstocks.com","Yes","Yes","Yes","25","25","30","![WAVE Tool Screenshot](https://github.com/VEER-TANMAY-SACHIN/projects/blob/main/orchavate_gtm_workflow/outputs/v1.1_nse_tracker_enriched_clearbit_20260806_193605_attempt1_succesful_reviewnotdone_orchavatecore_digital/Black_Box_Limited/screenshots/Black_Box_Limited_Homepage_WAVE_Overlay.png)","N/A","Head of Compliance & Digital Governance","support@blackboxstocks.com","General Contact Email","Accessibility & Nodal Officer","support@blackboxstocks.com"
"352","Unassigned","Black Rose Inds. Limited","https://Not Found","No","Yes","Yes","","","100","![WAVE Tool Screenshot](https://github.com/VEER-TANMAY-SACHIN/projects/blob/main/orchavate_gtm_workflow/outputs/v1.1_nse_tracker_enriched_clearbit_20260806_193605_attempt1_succesful_reviewnotdone_orchavatecore_digital/Black_Rose_Inds__Limited/screenshots/Black_Rose_Inds__Limited_Homepage_WAVE_Overlay.png)","N/A","Head of Compliance & Digital Governance","Not Found","General Contact Email (Guessed Pattern)","Accessibility & Nodal Officer","Not Found"
"353","Unassigned","Bliss GVS Pharma Limited","https://blissgvs.com","Yes","Yes","Yes","","","100","![WAVE Tool Screenshot](https://github.com/VEER-TANMAY-SACHIN/projects/blob/main/orchavate_gtm_workflow/outputs/v1.1_nse_tracker_enriched_clearbit_20260806_193605_attempt1_succesful_reviewnotdone_orchavatecore_digital/Bliss_GVS_Pharma_Limited/screenshots/Bliss_GVS_Pharma_Limited_Homepage_WAVE_Overlay.png)","N/A","Head of Compliance & Digital Governance","info@blissgvs.com","General Contact Email","Accessibility & Nodal Officer","info@blissgvs.com"
"354","Unassigned","BlueStone Jewellery and Lifestyle Limited","https://Not Found","No","Yes","Yes","","","100","![WAVE Tool Screenshot](https://github.com/VEER-TANMAY-SACHIN/projects/blob/main/orchavate_gtm_workflow/outputs/v1.1_nse_tracker_enriched_clearbit_20260806_193605_attempt1_succesful_reviewnotdone_orchavatecore_digital/BlueStone_Jewellery_and_Lifestyle_Limited/screenshots/BlueStone_Jewellery_and_Lifestyle_Limited_Homepage_WAVE_Overlay.png)","N/A","Head of Compliance & Digital Governance","Not Found","General Contact Email (Guessed Pattern)","Accessibility & Nodal Officer","Not Found"
"355","Unassigned","Blue Chip India Limited","https://bluechipgroup.net","Yes","Yes","Yes","2","2","92","![WAVE Tool Screenshot](https://github.com/VEER-TANMAY-SACHIN/projects/blob/main/orchavate_gtm_workflow/outputs/v1.1_nse_tracker_enriched_clearbit_20260806_193605_attempt1_succesful_reviewnotdone_orchavatecore_digital/Blue_Chip_India_Limited/screenshots/Blue_Chip_India_Limited_Homepage_WAVE_Overlay.png)","N/A","Head of Compliance & Digital Governance","bevsales@bluechipbev.com","General Contact Email","Accessibility & Nodal Officer","bevsales@bluechipbev.com"
"356","Unassigned","Blue Coast Hotels Limited","https://bluecoast.in","Yes","Yes","Yes","1","1","96","![WAVE Tool Screenshot](https://github.com/VEER-TANMAY-SACHIN/projects/blob/main/orchavate_gtm_workflow/outputs/v1.1_nse_tracker_enriched_clearbit_20260806_193605_attempt1_succesful_reviewnotdone_orchavatecore_digital/Blue_Coast_Hotels_Limited/screenshots/Blue_Coast_Hotels_Limited_Homepage_WAVE_Overlay.png)","N/A","Head of Compliance & Digital Governance","605a7baede844d278b89dc95ae0a9123@sentry-next.wixpress.com","General Contact Email","Accessibility & Nodal Officer","605a7baede844d278b89dc95ae0a9123@sentry-next.wixpress.com"
"357","Unassigned","Blue Dart Express Limited","https://Not Found","No","Yes","Yes","","","100","![WAVE Tool Screenshot](https://github.com/VEER-TANMAY-SACHIN/projects/blob/main/orchavate_gtm_workflow/outputs/v1.1_nse_tracker_enriched_clearbit_20260806_193605_attempt1_succesful_reviewnotdone_orchavatecore_digital/Blue_Dart_Express_Limited/screenshots/Blue_Dart_Express_Limited_Homepage_WAVE_Overlay.png)","N/A","Head of Compliance & Digital Governance","Not Found","General Contact Email (Guessed Pattern)","Accessibility & Nodal Officer","Not Found"
"358","Unassigned","Blue Jet Healthcare Limited","https://bluejethealthcare.com","Yes","No","No","","","","![WAVE Tool Screenshot](https://github.com/VEER-TANMAY-SACHIN/projects/blob/main/orchavate_gtm_workflow/outputs/v1.1_nse_tracker_enriched_clearbit_20260806_193605_attempt1_succesful_reviewnotdone_orchavatecore_digital/Blue_Jet_Healthcare_Limited/screenshots/Blue_Jet_Healthcare_Limited_Homepage_WAVE_Overlay.png)","N/A","Head of Compliance & Digital Governance","N/A","N/A","N/A","Not Found"
"359","Unassigned","Blue Star Limited","https://bluestarindia.com","Yes","Yes","Yes","64","64","30","![WAVE Tool Screenshot](https://github.com/VEER-TANMAY-SACHIN/projects/blob/main/orchavate_gtm_workflow/outputs/v1.1_nse_tracker_enriched_clearbit_20260806_193605_attempt1_succesful_reviewnotdone_orchavatecore_digital/Blue_Star_Limited/screenshots/Blue_Star_Limited_Homepage_WAVE_Overlay.png)","N/A","Head of Compliance & Digital Governance","investors@bluestarindia.com","General Contact Email","Accessibility & Nodal Officer","investors@bluestarindia.com"
"360","Unassigned","Bluspring Enterprises Limited","https://bluspringhealth.com","Yes","Yes","Yes","","","100","![WAVE Tool Screenshot](https://github.com/VEER-TANMAY-SACHIN/projects/blob/main/orchavate_gtm_workflow/outputs/v1.1_nse_tracker_enriched_clearbit_20260806_193605_attempt1_succesful_reviewnotdone_orchavatecore_digital/Bluspring_Enterprises_Limited/screenshots/Bluspring_Enterprises_Limited_Homepage_WAVE_Overlay.png)","N/A","Head of Compliance & Digital Governance","info@bluspringhealth.com","General Contact Email (Guessed Pattern)","Accessibility & Nodal Officer","info@bluspringhealth.com"
"361","Unassigned","Bodal Chemicals Limited","https://bodal.com","Yes","Yes","Yes","57","57","30","![WAVE Tool Screenshot](https://github.com/VEER-TANMAY-SACHIN/projects/blob/main/orchavate_gtm_workflow/outputs/v1.1_nse_tracker_enriched_clearbit_20260806_193605_attempt1_succesful_reviewnotdone_orchavatecore_digital/Bodal_Chemicals_Limited/screenshots/Bodal_Chemicals_Limited_Homepage_WAVE_Overlay.png)","N/A","Head of Compliance & Digital Governance","info@bodal.com","General Contact Email","Accessibility & Nodal Officer","info@bodal.com"
"362","Unassigned","Bodhi Tree Multimedia Limited","https://bodhitreemultimedia.com","Yes","Yes","Yes","32","32","30","![WAVE Tool Screenshot](https://github.com/VEER-TANMAY-SACHIN/projects/blob/main/orchavate_gtm_workflow/outputs/v1.1_nse_tracker_enriched_clearbit_20260806_193605_attempt1_succesful_reviewnotdone_orchavatecore_digital/Bodhi_Tree_Multimedia_Limited/screenshots/Bodhi_Tree_Multimedia_Limited_Homepage_WAVE_Overlay.png)","N/A","Head of Compliance & Digital Governance","info@bodhitreemultimedia.com","General Contact Email","Accessibility & Nodal Officer","info@bodhitreemultimedia.com"
"363","Unassigned","Bohra Industries Limited","https://bohraindustries.com","Yes","Yes","Yes","","","100","![WAVE Tool Screenshot](https://github.com/VEER-TANMAY-SACHIN/projects/blob/main/orchavate_gtm_workflow/outputs/v1.1_nse_tracker_enriched_clearbit_20260806_193605_attempt1_succesful_reviewnotdone_orchavatecore_digital/Bohra_Industries_Limited/screenshots/Bohra_Industries_Limited_Homepage_WAVE_Overlay.png)","N/A","Head of Compliance & Digital Governance","info@bohraindustries.com","General Contact Email (Guessed Pattern)","Accessibility & Nodal Officer","info@bohraindustries.com"
"364","Unassigned","Bombay Dyeing & Mfg Company Limited","https://bombaydyeing.com","Yes","Yes","Yes","19","19","30","![WAVE Tool Screenshot](https://github.com/VEER-TANMAY-SACHIN/projects/blob/main/orchavate_gtm_workflow/outputs/v1.1_nse_tracker_enriched_clearbit_20260806_193605_attempt1_succesful_reviewnotdone_orchavatecore_digital/Bombay_Dyeing___Mfg_Company_Limited/screenshots/Bombay_Dyeing___Mfg_Company_Limited_Homepage_WAVE_Overlay.png)","N/A","Head of Compliance & Digital Governance","customerfeedback@bombaydyeing.com","Investor Grievance / Compliance Officer Email","Accessibility & Nodal Officer","grievance_redressal_cell@bombaydyeing.com"
"365","Unassigned","Bombay Super Hybrid Seeds Limited","https://bombayhybridseeds.com","Yes","Yes","Yes","","","100","![WAVE Tool Screenshot](https://github.com/VEER-TANMAY-SACHIN/projects/blob/main/orchavate_gtm_workflow/outputs/v1.1_nse_tracker_enriched_clearbit_20260806_193605_attempt1_succesful_reviewnotdone_orchavatecore_digital/Bombay_Super_Hybrid_Seeds_Limited/screenshots/Bombay_Super_Hybrid_Seeds_Limited_Homepage_WAVE_Overlay.png)","N/A","Head of Compliance & Digital Governance","info@bombayhybridseeds.com","General Contact Email (Guessed Pattern)","Accessibility & Nodal Officer","info@bombayhybridseeds.com"
"366","Unassigned","Bonlon Industries Limited","https://bonlonindustries.com","Yes","Yes","Yes","2","2","92","![WAVE Tool Screenshot](https://github.com/VEER-TANMAY-SACHIN/projects/blob/main/orchavate_gtm_workflow/outputs/v1.1_nse_tracker_enriched_clearbit_20260806_193605_attempt1_succesful_reviewnotdone_orchavatecore_digital/Bonlon_Industries_Limited/screenshots/Bonlon_Industries_Limited_Homepage_WAVE_Overlay.png)","N/A","Head of Compliance & Digital Governance","info@bonlonindustries.com","General Contact Email","Accessibility & Nodal Officer","info@bonlonindustries.com"
"367","Unassigned","Borana Weaves Limited","https://Not Found","No","Yes","Yes","","","100","![WAVE Tool Screenshot](https://github.com/VEER-TANMAY-SACHIN/projects/blob/main/orchavate_gtm_workflow/outputs/v1.1_nse_tracker_enriched_clearbit_20260806_193605_attempt1_succesful_reviewnotdone_orchavatecore_digital/Borana_Weaves_Limited/screenshots/Borana_Weaves_Limited_Homepage_WAVE_Overlay.png)","N/A","Head of Compliance & Digital Governance","Not Found","General Contact Email (Guessed Pattern)","Accessibility & Nodal Officer","Not Found"
"368","Unassigned","Borosil Limited","https://myborosil.store","Yes","Yes","Yes","","","100","![WAVE Tool Screenshot](https://github.com/VEER-TANMAY-SACHIN/projects/blob/main/orchavate_gtm_workflow/outputs/v1.1_nse_tracker_enriched_clearbit_20260806_193605_attempt1_succesful_reviewnotdone_orchavatecore_digital/Borosil_Limited/screenshots/Borosil_Limited_Homepage_WAVE_Overlay.png)","N/A","Head of Compliance & Digital Governance","info@myborosil.store","General Contact Email (Guessed Pattern)","Accessibility & Nodal Officer","info@myborosil.store"
"369","Unassigned","Borosil Scientific Limited","https://Not Found","No","Yes","Yes","","","100","![WAVE Tool Screenshot](https://github.com/VEER-TANMAY-SACHIN/projects/blob/main/orchavate_gtm_workflow/outputs/v1.1_nse_tracker_enriched_clearbit_20260806_193605_attempt1_succesful_reviewnotdone_orchavatecore_digital/Borosil_Scientific_Limited/screenshots/Borosil_Scientific_Limited_Homepage_WAVE_Overlay.png)","N/A","Head of Compliance & Digital Governance","Not Found","General Contact Email (Guessed Pattern)","Accessibility & Nodal Officer","Not Found"
"370","Unassigned","Bosch Limited","https://bosch.com","Yes","Yes","Yes","","","100","![WAVE Tool Screenshot](https://github.com/VEER-TANMAY-SACHIN/projects/blob/main/orchavate_gtm_workflow/outputs/v1.1_nse_tracker_enriched_clearbit_20260806_193605_attempt1_succesful_reviewnotdone_orchavatecore_digital/Bosch_Limited/screenshots/Bosch_Limited_Homepage_WAVE_Overlay.png)","N/A","Head of Compliance & Digital Governance","info@bosch.com","General Contact Email (Guessed Pattern)","Accessibility & Nodal Officer","info@bosch.com"
"371","Unassigned","Brainbees Solutions Limited","https://Not Found","No","Yes","Yes","","","100","![WAVE Tool Screenshot](https://github.com/VEER-TANMAY-SACHIN/projects/blob/main/orchavate_gtm_workflow/outputs/v1.1_nse_tracker_enriched_clearbit_20260806_193605_attempt1_succesful_reviewnotdone_orchavatecore_digital/Brainbees_Solutions_Limited/screenshots/Brainbees_Solutions_Limited_Homepage_WAVE_Overlay.png)","N/A","Head of Compliance & Digital Governance","Not Found","General Contact Email (Guessed Pattern)","Accessibility & Nodal Officer","Not Found"
"372","Unassigned","Brand Concepts Limited","https://brandconcept.cz","Yes","Yes","Yes","25","25","30","![WAVE Tool Screenshot](https://github.com/VEER-TANMAY-SACHIN/projects/blob/main/orchavate_gtm_workflow/outputs/v1.1_nse_tracker_enriched_clearbit_20260806_193605_attempt1_succesful_reviewnotdone_orchavatecore_digital/Brand_Concepts_Limited/screenshots/Brand_Concepts_Limited_Homepage_WAVE_Overlay.png)","N/A","Head of Compliance & Digital Governance","info@brandconcept.cz","General Contact Email (Guessed Pattern)","Accessibility & Nodal Officer","info@brandconcept.cz"
"373","Unassigned","Brigade Enterprises Limited","https://brigadegroup.com","Yes","Yes","Yes","1","1","96","![WAVE Tool Screenshot](https://github.com/VEER-TANMAY-SACHIN/projects/blob/main/orchavate_gtm_workflow/outputs/v1.1_nse_tracker_enriched_clearbit_20260806_193605_attempt1_succesful_reviewnotdone_orchavatecore_digital/Brigade_Enterprises_Limited/screenshots/Brigade_Enterprises_Limited_Homepage_WAVE_Overlay.png)","N/A","Head of Compliance & Digital Governance","info@brigadegroup.com","General Contact Email (Guessed Pattern)","Accessibility & Nodal Officer","info@brigadegroup.com"
"374","Unassigned","Brigade Hotel Ventures Limited","https://Not Found","No","Yes","Yes","","","100","![WAVE Tool Screenshot](https://github.com/VEER-TANMAY-SACHIN/projects/blob/main/orchavate_gtm_workflow/outputs/v1.1_nse_tracker_enriched_clearbit_20260806_193605_attempt1_succesful_reviewnotdone_orchavatecore_digital/Brigade_Hotel_Ventures_Limited/screenshots/Brigade_Hotel_Ventures_Limited_Homepage_WAVE_Overlay.png)","N/A","Head of Compliance & Digital Governance","Not Found","General Contact Email (Guessed Pattern)","Accessibility & Nodal Officer","Not Found"
"375","Unassigned","Brightcom Group Limited","https://brightcomgroup.com","Yes","Yes","Yes","30","30","30","![WAVE Tool Screenshot](https://github.com/VEER-TANMAY-SACHIN/projects/blob/main/orchavate_gtm_workflow/outputs/v1.1_nse_tracker_enriched_clearbit_20260806_193605_attempt1_succesful_reviewnotdone_orchavatecore_digital/Brightcom_Group_Limited/screenshots/Brightcom_Group_Limited_Homepage_WAVE_Overlay.png)","N/A","Head of Compliance & Digital Governance","info@brightcomgroup.com","General Contact Email (Guessed Pattern)","Accessibility & Nodal Officer","info@brightcomgroup.com"
"376","Unassigned","Britannia Industries Limited","https://britannia.co.in","Yes","Yes","Yes","1","1","96","![WAVE Tool Screenshot](https://github.com/VEER-TANMAY-SACHIN/projects/blob/main/orchavate_gtm_workflow/outputs/v1.1_nse_tracker_enriched_clearbit_20260806_193605_attempt1_succesful_reviewnotdone_orchavatecore_digital/Britannia_Industries_Limited/screenshots/Britannia_Industries_Limited_Homepage_WAVE_Overlay.png)","N/A","Head of Compliance & Digital Governance","feedback@britindia.com","General Contact Email","Accessibility & Nodal Officer","feedback@britindia.com"
"377","Unassigned","Brooks Laboratories Limited","https://brookslabs.net","Yes","No","No","","","","![WAVE Tool Screenshot](https://github.com/VEER-TANMAY-SACHIN/projects/blob/main/orchavate_gtm_workflow/outputs/v1.1_nse_tracker_enriched_clearbit_20260806_193605_attempt1_succesful_reviewnotdone_orchavatecore_digital/Brooks_Laboratories_Limited/screenshots/Brooks_Laboratories_Limited_Homepage_WAVE_Overlay.png)","N/A","Head of Compliance & Digital Governance","N/A","N/A","N/A","Not Found"
"378","Unassigned","Butterfly Gandhimathi Appliances Limited","https://butterflygalleria.com","Yes","Yes","Yes","","","100","![WAVE Tool Screenshot](https://github.com/VEER-TANMAY-SACHIN/projects/blob/main/orchavate_gtm_workflow/outputs/v1.1_nse_tracker_enriched_clearbit_20260806_193605_attempt1_succesful_reviewnotdone_orchavatecore_digital/Butterfly_Gandhimathi_Appliances_Limited/screenshots/Butterfly_Gandhimathi_Appliances_Limited_Homepage_WAVE_Overlay.png)","N/A","Head of Compliance & Digital Governance","info@butterflygalleria.com","General Contact Email (Guessed Pattern)","Accessibility & Nodal Officer","info@butterflygalleria.com"
"379","Unassigned","CARE Ratings Limited","https://careratings.com","Yes","Yes","Yes","","","100","![WAVE Tool Screenshot](https://github.com/VEER-TANMAY-SACHIN/projects/blob/main/orchavate_gtm_workflow/outputs/v1.1_nse_tracker_enriched_clearbit_20260806_193605_attempt1_succesful_reviewnotdone_orchavatecore_digital/CARE_Ratings_Limited/screenshots/CARE_Ratings_Limited_Homepage_WAVE_Overlay.png)","N/A","Head of Compliance & Digital Governance","info@careratings.com","General Contact Email (Guessed Pattern)","Accessibility & Nodal Officer","info@careratings.com"
"380","Unassigned","CARYSIL LIMITED","https://carysil.com","Yes","Yes","Yes","","","100","![WAVE Tool Screenshot](https://github.com/VEER-TANMAY-SACHIN/projects/blob/main/orchavate_gtm_workflow/outputs/v1.1_nse_tracker_enriched_clearbit_20260806_193605_attempt1_succesful_reviewnotdone_orchavatecore_digital/CARYSIL_LIMITED/screenshots/CARYSIL_LIMITED_Homepage_WAVE_Overlay.png)","N/A","Head of Compliance & Digital Governance","info@carysil.com","General Contact Email (Guessed Pattern)","Accessibility & Nodal Officer","info@carysil.com"
"381","Unassigned","CCL Products (India) Limited","https://cclproducts.com","Yes","No","No","","","","![WAVE Tool Screenshot](https://github.com/VEER-TANMAY-SACHIN/projects/blob/main/orchavate_gtm_workflow/outputs/v1.1_nse_tracker_enriched_clearbit_20260806_193605_attempt1_succesful_reviewnotdone_orchavatecore_digital/CCL_Products__India__Limited/screenshots/CCL_Products__India__Limited_Homepage_WAVE_Overlay.png)","N/A","Head of Compliance & Digital Governance","N/A","N/A","N/A","Not Found"
"382","Unassigned","CEAT Limited","https://ceat.com","Yes","No","No","","","","![WAVE Tool Screenshot](https://github.com/VEER-TANMAY-SACHIN/projects/blob/main/orchavate_gtm_workflow/outputs/v1.1_nse_tracker_enriched_clearbit_20260806_193605_attempt1_succesful_reviewnotdone_orchavatecore_digital/CEAT_Limited/screenshots/CEAT_Limited_Homepage_WAVE_Overlay.png)","N/A","Head of Compliance & Digital Governance","N/A","N/A","N/A","Not Found"
"383","Unassigned","CESC Limited","https://cesc.co.in","Yes","Yes","Yes","","","100","![WAVE Tool Screenshot](https://github.com/VEER-TANMAY-SACHIN/projects/blob/main/orchavate_gtm_workflow/outputs/v1.1_nse_tracker_enriched_clearbit_20260806_193605_attempt1_succesful_reviewnotdone_orchavatecore_digital/CESC_Limited/screenshots/CESC_Limited_Homepage_WAVE_Overlay.png)","N/A","Head of Compliance & Digital Governance","info@cesc.co.in","General Contact Email (Guessed Pattern)","Accessibility & Nodal Officer","info@cesc.co.in"
"384","Unassigned","CG Power and Industrial Solutions Limited","https://cgglobal.com","Yes","Yes","Yes","8","8","68","![WAVE Tool Screenshot](https://github.com/VEER-TANMAY-SACHIN/projects/blob/main/orchavate_gtm_workflow/outputs/v1.1_nse_tracker_enriched_clearbit_20260806_193605_attempt1_succesful_reviewnotdone_orchavatecore_digital/CG_Power_and_Industrial_Solutions_Limited/screenshots/CG_Power_and_Industrial_Solutions_Limited_Homepage_WAVE_Overlay.png)","N/A","Head of Compliance & Digital Governance","info@cgglobal.com","General Contact Email (Guessed Pattern)","Accessibility & Nodal Officer","info@cgglobal.com"
"385","Unassigned","CIE Automotive India Limited","https://cieautomotive.com","Yes","Yes","Yes","11","11","56","![WAVE Tool Screenshot](https://github.com/VEER-TANMAY-SACHIN/projects/blob/main/orchavate_gtm_workflow/outputs/v1.1_nse_tracker_enriched_clearbit_20260806_193605_attempt1_succesful_reviewnotdone_orchavatecore_digital/CIE_Automotive_India_Limited/screenshots/CIE_Automotive_India_Limited_Homepage_WAVE_Overlay.png)","N/A","Head of Compliance & Digital Governance","ir@cieautomotive.com","General Contact Email","Accessibility & Nodal Officer","ir@cieautomotive.com"
"386","Unassigned","CL Educate Limited","https://cleducate.com","Yes","Yes","Yes","10","10","60","![WAVE Tool Screenshot](https://github.com/VEER-TANMAY-SACHIN/projects/blob/main/orchavate_gtm_workflow/outputs/v1.1_nse_tracker_enriched_clearbit_20260806_193605_attempt1_succesful_reviewnotdone_orchavatecore_digital/CL_Educate_Limited/screenshots/CL_Educate_Limited_Homepage_WAVE_Overlay.png)","N/A","Head of Compliance & Digital Governance","support@careerlauncher.com","General Contact Email","Accessibility & Nodal Officer","support@careerlauncher.com"
"387","Unassigned","CMR Green Technologies Limited","https://cmr.co.in","Yes","Yes","Yes","5","5","80","![WAVE Tool Screenshot](https://github.com/VEER-TANMAY-SACHIN/projects/blob/main/orchavate_gtm_workflow/outputs/v1.1_nse_tracker_enriched_clearbit_20260806_193605_attempt1_succesful_reviewnotdone_orchavatecore_digital/CMR_Green_Technologies_Limited/screenshots/CMR_Green_Technologies_Limited_Homepage_WAVE_Overlay.png)","N/A","Head of Compliance & Digital Governance","complianceofficer@cmr.co.in","Investor Grievance / Compliance Officer Email","Accessibility & Nodal Officer","complianceofficer@cmr.co.in"
"388","Unassigned","CMS Info Systems Limited","https://cms.com","Yes","No","No","","","","![WAVE Tool Screenshot](https://github.com/VEER-TANMAY-SACHIN/projects/blob/main/orchavate_gtm_workflow/outputs/v1.1_nse_tracker_enriched_clearbit_20260806_193605_attempt1_succesful_reviewnotdone_orchavatecore_digital/CMS_Info_Systems_Limited/screenshots/CMS_Info_Systems_Limited_Homepage_WAVE_Overlay.png)","N/A","Head of Compliance & Digital Governance","N/A","N/A","N/A","Not Found"
"389","Unassigned","CORONA Remedies Limited","https://coronaremedies.com","Yes","Yes","Yes","","","100","![WAVE Tool Screenshot](https://github.com/VEER-TANMAY-SACHIN/projects/blob/main/orchavate_gtm_workflow/outputs/v1.1_nse_tracker_enriched_clearbit_20260806_193605_attempt1_succesful_reviewnotdone_orchavatecore_digital/CORONA_Remedies_Limited/screenshots/CORONA_Remedies_Limited_Homepage_WAVE_Overlay.png)","N/A","Head of Compliance & Digital Governance","info@coronaremedies.com","General Contact Email (Guessed Pattern)","Accessibility & Nodal Officer","info@coronaremedies.com"
"390","Unassigned","COSMO FIRST LIMITED","https://cosmofirst.com","Yes","No","No","","","","![WAVE Tool Screenshot](https://github.com/VEER-TANMAY-SACHIN/projects/blob/main/orchavate_gtm_workflow/outputs/v1.1_nse_tracker_enriched_clearbit_20260806_193605_attempt1_succesful_reviewnotdone_orchavatecore_digital/COSMO_FIRST_LIMITED/screenshots/COSMO_FIRST_LIMITED_Homepage_WAVE_Overlay.png)","N/A","Head of Compliance & Digital Governance","N/A","N/A","N/A","Not Found"
"391","Unassigned","CP Capital Limited","https://cpcapital.com","Yes","Yes","Yes","38","38","30","![WAVE Tool Screenshot](https://github.com/VEER-TANMAY-SACHIN/projects/blob/main/orchavate_gtm_workflow/outputs/v1.1_nse_tracker_enriched_clearbit_20260806_193605_attempt1_succesful_reviewnotdone_orchavatecore_digital/CP_Capital_Limited/screenshots/CP_Capital_Limited_Homepage_WAVE_Overlay.png)","N/A","Head of Compliance & Digital Governance","info@cpcapital.com","General Contact Email (Guessed Pattern)","Accessibility & Nodal Officer","info@cpcapital.com"
"392","Unassigned","CREDITACCESS GRAMEEN LIMITED","https://creditaccessgrameen.in","Yes","Yes","Yes","38","38","30","![WAVE Tool Screenshot](https://github.com/VEER-TANMAY-SACHIN/projects/blob/main/orchavate_gtm_workflow/outputs/v1.1_nse_tracker_enriched_clearbit_20260806_193605_attempt1_succesful_reviewnotdone_orchavatecore_digital/CREDITACCESS_GRAMEEN_LIMITED/screenshots/CREDITACCESS_GRAMEEN_LIMITED_Homepage_WAVE_Overlay.png)","N/A","Head of Compliance & Digital Governance","info@creditaccessgrameen.in","General Contact Email (Guessed Pattern)","Accessibility & Nodal Officer","info@creditaccessgrameen.in"
"393","Unassigned","CSB Bank Limited","https://csb.co.in","Yes","Yes","Yes","5","5","80","![WAVE Tool Screenshot](https://github.com/VEER-TANMAY-SACHIN/projects/blob/main/orchavate_gtm_workflow/outputs/v1.1_nse_tracker_enriched_clearbit_20260806_193605_attempt1_succesful_reviewnotdone_orchavatecore_digital/CSB_Bank_Limited/screenshots/CSB_Bank_Limited_Homepage_WAVE_Overlay.png)","N/A","Head of Compliance & Digital Governance","info@csb.co.in","General Contact Email (Guessed Pattern)","Accessibility & Nodal Officer","info@csb.co.in"
"394","Unassigned","CSL Finance Limited","https://cslfinance.in","Yes","Yes","Yes","24","24","30","![WAVE Tool Screenshot](https://github.com/VEER-TANMAY-SACHIN/projects/blob/main/orchavate_gtm_workflow/outputs/v1.1_nse_tracker_enriched_clearbit_20260806_193605_attempt1_succesful_reviewnotdone_orchavatecore_digital/CSL_Finance_Limited/screenshots/CSL_Finance_Limited_Homepage_WAVE_Overlay.png)","N/A","Head of Compliance & Digital Governance","customercare@cslfinance.in","General Contact Email","Accessibility & Nodal Officer","customercare@cslfinance.in"
"395","Unassigned","CSM Technologies Limited","https://csmonitor.com","Yes","Yes","Yes","26","26","30","![WAVE Tool Screenshot](https://github.com/VEER-TANMAY-SACHIN/projects/blob/main/orchavate_gtm_workflow/outputs/v1.1_nse_tracker_enriched_clearbit_20260806_193605_attempt1_succesful_reviewnotdone_orchavatecore_digital/CSM_Technologies_Limited/screenshots/CSM_Technologies_Limited_Homepage_WAVE_Overlay.png)","N/A","Head of Compliance & Digital Governance","info@csmonitor.com","General Contact Email (Guessed Pattern)","Accessibility & Nodal Officer","info@csmonitor.com"
"396","Unassigned","Caliber Mining and Logistics Limited","https://Not Found","No","Yes","Yes","","","100","![WAVE Tool Screenshot](https://github.com/VEER-TANMAY-SACHIN/projects/blob/main/orchavate_gtm_workflow/outputs/v1.1_nse_tracker_enriched_clearbit_20260806_193605_attempt1_succesful_reviewnotdone_orchavatecore_digital/Caliber_Mining_and_Logistics_Limited/screenshots/Caliber_Mining_and_Logistics_Limited_Homepage_WAVE_Overlay.png)","N/A","Head of Compliance & Digital Governance","Not Found","General Contact Email (Guessed Pattern)","Accessibility & Nodal Officer","Not Found"
"397","Unassigned","California Software Company Limited","https://Not Found","No","Yes","Yes","","","100","![WAVE Tool Screenshot](https://github.com/VEER-TANMAY-SACHIN/projects/blob/main/orchavate_gtm_workflow/outputs/v1.1_nse_tracker_enriched_clearbit_20260806_193605_attempt1_succesful_reviewnotdone_orchavatecore_digital/California_Software_Company_Limited/screenshots/California_Software_Company_Limited_Homepage_WAVE_Overlay.png)","N/A","Head of Compliance & Digital Governance","Not Found","General Contact Email (Guessed Pattern)","Accessibility & Nodal Officer","Not Found"
"398","Unassigned","Cambridge Technology Enterprises Limited","https://ctepl.com","Yes","Yes","Yes","2","2","92","![WAVE Tool Screenshot](https://github.com/VEER-TANMAY-SACHIN/projects/blob/main/orchavate_gtm_workflow/outputs/v1.1_nse_tracker_enriched_clearbit_20260806_193605_attempt1_succesful_reviewnotdone_orchavatecore_digital/Cambridge_Technology_Enterprises_Limited/screenshots/Cambridge_Technology_Enterprises_Limited_Homepage_WAVE_Overlay.png)","N/A","Head of Compliance & Digital Governance","sales@ctepl.com","General Contact Email","Accessibility & Nodal Officer","sales@ctepl.com"
"399","Unassigned","Camlin Fine Sciences Limited","https://camlinfs.com","Yes","Yes","Yes","","","100","![WAVE Tool Screenshot](https://github.com/VEER-TANMAY-SACHIN/projects/blob/main/orchavate_gtm_workflow/outputs/v1.1_nse_tracker_enriched_clearbit_20260806_193605_attempt1_succesful_reviewnotdone_orchavatecore_digital/Camlin_Fine_Sciences_Limited/screenshots/Camlin_Fine_Sciences_Limited_Homepage_WAVE_Overlay.png)","N/A","Head of Compliance & Digital Governance","info@camlinfs.com","General Contact Email (Guessed Pattern)","Accessibility & Nodal Officer","info@camlinfs.com"
"400","Unassigned","Campus Activewear Limited","https://campusactivewear.com","Yes","Yes","Yes","2","2","92","![WAVE Tool Screenshot](https://github.com/VEER-TANMAY-SACHIN/projects/blob/main/orchavate_gtm_workflow/outputs/v1.1_nse_tracker_enriched_clearbit_20260806_193605_attempt1_succesful_reviewnotdone_orchavatecore_digital/Campus_Activewear_Limited/screenshots/Campus_Activewear_Limited_Homepage_WAVE_Overlay.png)","N/A","Head of Compliance & Digital Governance","info@campusactivewear.com","General Contact Email (Guessed Pattern)","Accessibility & Nodal Officer","info@campusactivewear.com"
"401","Unassigned","Can Fin Homes Limited","https://canfinhomes.com","Yes","Yes","Yes","84","84","30","![WAVE Tool Screenshot](https://github.com/VEER-TANMAY-SACHIN/projects/blob/main/orchavate_gtm_workflow/outputs/v1.1_nse_tracker_enriched_clearbit_20260806_193605_attempt1_succesful_reviewnotdone_orchavatecore_digital/Can_Fin_Homes_Limited/screenshots/Can_Fin_Homes_Limited_Homepage_WAVE_Overlay.png)","N/A","Head of Compliance & Digital Governance","customercare@canfinhomes.com","General Contact Email","Accessibility & Nodal Officer","customercare@canfinhomes.com"
"402","Unassigned","Canara Bank","https://canarabank.com","Yes","No","No","","","","![WAVE Tool Screenshot](https://github.com/VEER-TANMAY-SACHIN/projects/blob/main/orchavate_gtm_workflow/outputs/v1.1_nse_tracker_enriched_clearbit_20260806_193605_attempt1_succesful_reviewnotdone_orchavatecore_digital/Canara_Bank/screenshots/Canara_Bank_Homepage_WAVE_Overlay.png)","N/A","Head of Compliance & Digital Governance","N/A","N/A","N/A","Not Found"
"403","Unassigned","Canara HSBC Life Insurance Company Limited","https://Not Found","No","Yes","Yes","","","100","![WAVE Tool Screenshot](https://github.com/VEER-TANMAY-SACHIN/projects/blob/main/orchavate_gtm_workflow/outputs/v1.1_nse_tracker_enriched_clearbit_20260806_193605_attempt1_succesful_reviewnotdone_orchavatecore_digital/Canara_HSBC_Life_Insurance_Company_Limited/screenshots/Canara_HSBC_Life_Insurance_Company_Limited_Homepage_WAVE_Overlay.png)","N/A","Head of Compliance & Digital Governance","Not Found","General Contact Email (Guessed Pattern)","Accessibility & Nodal Officer","Not Found"
"404","Unassigned","Canara Robeco Asset Management Company Limited","https://Not Found","No","Yes","Yes","","","100","![WAVE Tool Screenshot](https://github.com/VEER-TANMAY-SACHIN/projects/blob/main/orchavate_gtm_workflow/outputs/v1.1_nse_tracker_enriched_clearbit_20260806_193605_attempt1_succesful_reviewnotdone_orchavatecore_digital/Canara_Robeco_Asset_Management_Company_Limited/screenshots/Canara_Robeco_Asset_Management_Company_Limited_Homepage_WAVE_Overlay.png)","N/A","Head of Compliance & Digital Governance","Not Found","General Contact Email (Guessed Pattern)","Accessibility & Nodal Officer","Not Found"
"405","Unassigned","Cantabil Retail India Limited","https://Not Found","No","Yes","Yes","","","100","![WAVE Tool Screenshot](https://github.com/VEER-TANMAY-SACHIN/projects/blob/main/orchavate_gtm_workflow/outputs/v1.1_nse_tracker_enriched_clearbit_20260806_193605_attempt1_succesful_reviewnotdone_orchavatecore_digital/Cantabil_Retail_India_Limited/screenshots/Cantabil_Retail_India_Limited_Homepage_WAVE_Overlay.png)","N/A","Head of Compliance & Digital Governance","Not Found","General Contact Email (Guessed Pattern)","Accessibility & Nodal Officer","Not Found"
"406","Unassigned","Capacit'e Infraprojects Limited","https://Not Found","No","Yes","Yes","","","100","![WAVE Tool Screenshot](https://github.com/VEER-TANMAY-SACHIN/projects/blob/main/orchavate_gtm_workflow/outputs/v1.1_nse_tracker_enriched_clearbit_20260806_193605_attempt1_succesful_reviewnotdone_orchavatecore_digital/Capacit_e_Infraprojects_Limited/screenshots/Capacit_e_Infraprojects_Limited_Homepage_WAVE_Overlay.png)","N/A","Head of Compliance & Digital Governance","Not Found","General Contact Email (Guessed Pattern)","Accessibility & Nodal Officer","Not Found"
"407","Unassigned","Capillary Technologies India Limited","https://capillarytech.com","Yes","No","No","","","","![WAVE Tool Screenshot](https://github.com/VEER-TANMAY-SACHIN/projects/blob/main/orchavate_gtm_workflow/outputs/v1.1_nse_tracker_enriched_clearbit_20260806_193605_attempt1_succesful_reviewnotdone_orchavatecore_digital/Capillary_Technologies_India_Limited/screenshots/Capillary_Technologies_India_Limited_Homepage_WAVE_Overlay.png)","N/A","Head of Compliance & Digital Governance","N/A","N/A","N/A","Not Found"
"408","Unassigned","Capital India Finance Limited","https://capitalindia.com","Yes","Yes","Yes","17","17","32","![WAVE Tool Screenshot](https://github.com/VEER-TANMAY-SACHIN/projects/blob/main/orchavate_gtm_workflow/outputs/v1.1_nse_tracker_enriched_clearbit_20260806_193605_attempt1_succesful_reviewnotdone_orchavatecore_digital/Capital_India_Finance_Limited/screenshots/Capital_India_Finance_Limited_Homepage_WAVE_Overlay.png)","N/A","Head of Compliance & Digital Governance","info@capitalindia.com","General Contact Email (Guessed Pattern)","Accessibility & Nodal Officer","info@capitalindia.com"
"409","Unassigned","Capital Small Finance Bank Limited","https://capitalbank.co.in","Yes","Yes","Yes","","","100","![WAVE Tool Screenshot](https://github.com/VEER-TANMAY-SACHIN/projects/blob/main/orchavate_gtm_workflow/outputs/v1.1_nse_tracker_enriched_clearbit_20260806_193605_attempt1_succesful_reviewnotdone_orchavatecore_digital/Capital_Small_Finance_Bank_Limited/screenshots/Capital_Small_Finance_Bank_Limited_Homepage_WAVE_Overlay.png)","N/A","Head of Compliance & Digital Governance","info@capitalbank.co.in","General Contact Email (Guessed Pattern)","Accessibility & Nodal Officer","info@capitalbank.co.in"
"410","Unassigned","Capital Trust Limited","https://capitaltrust.lk","Yes","Yes","Yes","34","34","30","![WAVE Tool Screenshot](https://github.com/VEER-TANMAY-SACHIN/projects/blob/main/orchavate_gtm_workflow/outputs/v1.1_nse_tracker_enriched_clearbit_20260806_193605_attempt1_succesful_reviewnotdone_orchavatecore_digital/Capital_Trust_Limited/screenshots/Capital_Trust_Limited_Homepage_WAVE_Overlay.png)","N/A","Head of Compliance & Digital Governance","trading@capitaltrust.lk","General Contact Email","Accessibility & Nodal Officer","trading@capitaltrust.lk"
"411","Unassigned","Caplin Point Laboratories Limited","https://caplinonco.com","Yes","Yes","Yes","","","100","![WAVE Tool Screenshot](https://github.com/VEER-TANMAY-SACHIN/projects/blob/main/orchavate_gtm_workflow/outputs/v1.1_nse_tracker_enriched_clearbit_20260806_193605_attempt1_succesful_reviewnotdone_orchavatecore_digital/Caplin_Point_Laboratories_Limited/screenshots/Caplin_Point_Laboratories_Limited_Homepage_WAVE_Overlay.png)","N/A","Head of Compliance & Digital Governance","info@caplinonco.com","General Contact Email (Guessed Pattern)","Accessibility & Nodal Officer","info@caplinonco.com"
"412","Unassigned","Capri Global Capital Limited","https://Not Found","No","Yes","Yes","","","100","![WAVE Tool Screenshot](https://github.com/VEER-TANMAY-SACHIN/projects/blob/main/orchavate_gtm_workflow/outputs/v1.1_nse_tracker_enriched_clearbit_20260806_193605_attempt1_succesful_reviewnotdone_orchavatecore_digital/Capri_Global_Capital_Limited/screenshots/Capri_Global_Capital_Limited_Homepage_WAVE_Overlay.png)","N/A","Head of Compliance & Digital Governance","Not Found","General Contact Email (Guessed Pattern)","Accessibility & Nodal Officer","Not Found"
"413","Unassigned","Captain Polyplast Limited","https://captainpolyplast.com","Yes","Yes","Yes","3","3","88","![WAVE Tool Screenshot](https://github.com/VEER-TANMAY-SACHIN/projects/blob/main/orchavate_gtm_workflow/outputs/v1.1_nse_tracker_enriched_clearbit_20260806_193605_attempt1_succesful_reviewnotdone_orchavatecore_digital/Captain_Polyplast_Limited/screenshots/Captain_Polyplast_Limited_Homepage_WAVE_Overlay.png)","N/A","Head of Compliance & Digital Governance","sales@captainpolyplast.in","Investor Grievance / Compliance Officer Email","Accessibility & Nodal Officer","sales@captainpolyplast.in"
"414","Unassigned","Carborundum Universal Limited","https://Not Found","No","Yes","Yes","","","100","![WAVE Tool Screenshot](https://github.com/VEER-TANMAY-SACHIN/projects/blob/main/orchavate_gtm_workflow/outputs/v1.1_nse_tracker_enriched_clearbit_20260806_193605_attempt1_succesful_reviewnotdone_orchavatecore_digital/Carborundum_Universal_Limited/screenshots/Carborundum_Universal_Limited_Homepage_WAVE_Overlay.png)","N/A","Head of Compliance & Digital Governance","Not Found","General Contact Email (Guessed Pattern)","Accessibility & Nodal Officer","Not Found"
"415","Unassigned","Career Point Edutech Limited","https://Not Found","No","Yes","Yes","","","100","![WAVE Tool Screenshot](https://github.com/VEER-TANMAY-SACHIN/projects/blob/main/orchavate_gtm_workflow/outputs/v1.1_nse_tracker_enriched_clearbit_20260806_193605_attempt1_succesful_reviewnotdone_orchavatecore_digital/Career_Point_Edutech_Limited/screenshots/Career_Point_Edutech_Limited_Homepage_WAVE_Overlay.png)","N/A","Head of Compliance & Digital Governance","Not Found","General Contact Email (Guessed Pattern)","Accessibility & Nodal Officer","Not Found"
"416","Unassigned","Carraro India Limited","https://carrarobisiklet.com","Yes","Yes","Yes","16","16","36","![WAVE Tool Screenshot](https://github.com/VEER-TANMAY-SACHIN/projects/blob/main/orchavate_gtm_workflow/outputs/v1.1_nse_tracker_enriched_clearbit_20260806_193605_attempt1_succesful_reviewnotdone_orchavatecore_digital/Carraro_India_Limited/screenshots/Carraro_India_Limited_Homepage_WAVE_Overlay.png)","N/A","Head of Compliance & Digital Governance","info@carrarobisiklet.com","General Contact Email (Guessed Pattern)","Accessibility & Nodal Officer","info@carrarobisiklet.com"
"417","Unassigned","Cartrade Tech Limited","https://cartradetech.com","Yes","Yes","Yes","6","6","76","![WAVE Tool Screenshot](https://github.com/VEER-TANMAY-SACHIN/projects/blob/main/orchavate_gtm_workflow/outputs/v1.1_nse_tracker_enriched_clearbit_20260806_193605_attempt1_succesful_reviewnotdone_orchavatecore_digital/Cartrade_Tech_Limited/screenshots/Cartrade_Tech_Limited_Homepage_WAVE_Overlay.png)","N/A","Head of Compliance & Digital Governance","rnt.helpdesk@in.mpms.mufg.com","Investor Grievance / Compliance Officer Email","Accessibility & Nodal Officer","rnt.helpdesk@in.mpms.mufg.com"
"418","Unassigned","Castrol India Limited","https://castrol.com","Yes","Yes","Yes","","","100","![WAVE Tool Screenshot](https://github.com/VEER-TANMAY-SACHIN/projects/blob/main/orchavate_gtm_workflow/outputs/v1.1_nse_tracker_enriched_clearbit_20260806_193605_attempt1_succesful_reviewnotdone_orchavatecore_digital/Castrol_India_Limited/screenshots/Castrol_India_Limited_Homepage_WAVE_Overlay.png)","N/A","Head of Compliance & Digital Governance","info@castrol.com","General Contact Email (Guessed Pattern)","Accessibility & Nodal Officer","info@castrol.com"
"419","Unassigned","Ceigall India Limited","https://ceigall.com","Yes","No","No","","","","![WAVE Tool Screenshot](https://github.com/VEER-TANMAY-SACHIN/projects/blob/main/orchavate_gtm_workflow/outputs/v1.1_nse_tracker_enriched_clearbit_20260806_193605_attempt1_succesful_reviewnotdone_orchavatecore_digital/Ceigall_India_Limited/screenshots/Ceigall_India_Limited_Homepage_WAVE_Overlay.png)","N/A","Head of Compliance & Digital Governance","N/A","N/A","N/A","Not Found"
"420","Unassigned","Ceinsys Tech Limited","https://Not Found","No","Yes","Yes","","","100","![WAVE Tool Screenshot](https://github.com/VEER-TANMAY-SACHIN/projects/blob/main/orchavate_gtm_workflow/outputs/v1.1_nse_tracker_enriched_clearbit_20260806_193605_attempt1_succesful_reviewnotdone_orchavatecore_digital/Ceinsys_Tech_Limited/screenshots/Ceinsys_Tech_Limited_Homepage_WAVE_Overlay.png)","N/A","Head of Compliance & Digital Governance","Not Found","General Contact Email (Guessed Pattern)","Accessibility & Nodal Officer","Not Found"
"421","Unassigned","Celebrity Fashions Limited","https://Not Found","No","Yes","Yes","","","100","![WAVE Tool Screenshot](https://github.com/VEER-TANMAY-SACHIN/projects/blob/main/orchavate_gtm_workflow/outputs/v1.1_nse_tracker_enriched_clearbit_20260806_193605_attempt1_succesful_reviewnotdone_orchavatecore_digital/Celebrity_Fashions_Limited/screenshots/Celebrity_Fashions_Limited_Homepage_WAVE_Overlay.png)","N/A","Head of Compliance & Digital Governance","Not Found","General Contact Email (Guessed Pattern)","Accessibility & Nodal Officer","Not Found"
"422","Unassigned","Cello World Limited","https://celloworld.com","Yes","Yes","Yes","21","21","30","![WAVE Tool Screenshot](https://github.com/VEER-TANMAY-SACHIN/projects/blob/main/orchavate_gtm_workflow/outputs/v1.1_nse_tracker_enriched_clearbit_20260806_193605_attempt1_succesful_reviewnotdone_orchavatecore_digital/Cello_World_Limited/screenshots/Cello_World_Limited_Homepage_WAVE_Overlay.png)","N/A","Head of Compliance & Digital Governance","u003ecellosupport@celloworld.com","General Contact Email","Accessibility & Nodal Officer","u003ecellosupport@celloworld.com"
"423","Unassigned","Cemindia Projects Limited","https://Not Found","No","Yes","Yes","","","100","![WAVE Tool Screenshot](https://github.com/VEER-TANMAY-SACHIN/projects/blob/main/orchavate_gtm_workflow/outputs/v1.1_nse_tracker_enriched_clearbit_20260806_193605_attempt1_succesful_reviewnotdone_orchavatecore_digital/Cemindia_Projects_Limited/screenshots/Cemindia_Projects_Limited_Homepage_WAVE_Overlay.png)","N/A","Head of Compliance & Digital Governance","Not Found","General Contact Email (Guessed Pattern)","Accessibility & Nodal Officer","Not Found"
"424","Unassigned","Central Bank of India","https://centralbank.net.in","Yes","Yes","Yes","64","64","30","![WAVE Tool Screenshot](https://github.com/VEER-TANMAY-SACHIN/projects/blob/main/orchavate_gtm_workflow/outputs/v1.1_nse_tracker_enriched_clearbit_20260806_193605_attempt1_succesful_reviewnotdone_orchavatecore_digital/Central_Bank_of_India/screenshots/Central_Bank_of_India_Homepage_WAVE_Overlay.png)","N/A","Head of Compliance & Digital Governance","info@centralbank.net.in","General Contact Email (Guessed Pattern)","Accessibility & Nodal Officer","info@centralbank.net.in"
"425","Unassigned","Central Depository Services (India) Limited","https://Not Found","No","Yes","Yes","","","100","![WAVE Tool Screenshot](https://github.com/VEER-TANMAY-SACHIN/projects/blob/main/orchavate_gtm_workflow/outputs/v1.1_nse_tracker_enriched_clearbit_20260806_193605_attempt1_succesful_reviewnotdone_orchavatecore_digital/Central_Depository_Services__India__Limited/screenshots/Central_Depository_Services__India__Limited_Homepage_WAVE_Overlay.png)","N/A","Head of Compliance & Digital Governance","Not Found","General Contact Email (Guessed Pattern)","Accessibility & Nodal Officer","Not Found"
"426","Unassigned","Central Mine Planning & Design Institute Limited","https://Not Found","No","Yes","Yes","","","100","![WAVE Tool Screenshot](https://github.com/VEER-TANMAY-SACHIN/projects/blob/main/orchavate_gtm_workflow/outputs/v1.1_nse_tracker_enriched_clearbit_20260806_193605_attempt1_succesful_reviewnotdone_orchavatecore_digital/Central_Mine_Planning___Design_Institute_Limited/screenshots/Central_Mine_Planning___Design_Institute_Limited_Homepage_WAVE_Overlay.png)","N/A","Head of Compliance & Digital Governance","Not Found","General Contact Email (Guessed Pattern)","Accessibility & Nodal Officer","Not Found"
"427","Unassigned","Centrum Capital Limited","https://Not Found","No","Yes","Yes","","","100","![WAVE Tool Screenshot](https://github.com/VEER-TANMAY-SACHIN/projects/blob/main/orchavate_gtm_workflow/outputs/v1.1_nse_tracker_enriched_clearbit_20260806_193605_attempt1_succesful_reviewnotdone_orchavatecore_digital/Centrum_Capital_Limited/screenshots/Centrum_Capital_Limited_Homepage_WAVE_Overlay.png)","N/A","Head of Compliance & Digital Governance","Not Found","General Contact Email (Guessed Pattern)","Accessibility & Nodal Officer","Not Found"
"428","Unassigned","Centum Electronics Limited","https://centumelectronics.com","Yes","Yes","Yes","","","100","![WAVE Tool Screenshot](https://github.com/VEER-TANMAY-SACHIN/projects/blob/main/orchavate_gtm_workflow/outputs/v1.1_nse_tracker_enriched_clearbit_20260806_193605_attempt1_succesful_reviewnotdone_orchavatecore_digital/Centum_Electronics_Limited/screenshots/Centum_Electronics_Limited_Homepage_WAVE_Overlay.png)","N/A","Head of Compliance & Digital Governance","info@centumelectronics.com","General Contact Email (Guessed Pattern)","Accessibility & Nodal Officer","info@centumelectronics.com"
"429","Unassigned","Century Enka Limited","https://centuryenka.com","Yes","No","No","","","","![WAVE Tool Screenshot](https://github.com/VEER-TANMAY-SACHIN/projects/blob/main/orchavate_gtm_workflow/outputs/v1.1_nse_tracker_enriched_clearbit_20260806_193605_attempt1_succesful_reviewnotdone_orchavatecore_digital/Century_Enka_Limited/screenshots/Century_Enka_Limited_Homepage_WAVE_Overlay.png)","N/A","Head of Compliance & Digital Governance","N/A","N/A","N/A","Not Found"
"430","Unassigned","Century Extrusions Limited","https://centuryextrusions.com","Yes","Yes","Yes","15","15","40","![WAVE Tool Screenshot](https://github.com/VEER-TANMAY-SACHIN/projects/blob/main/orchavate_gtm_workflow/outputs/v1.1_nse_tracker_enriched_clearbit_20260806_193605_attempt1_succesful_reviewnotdone_orchavatecore_digital/Century_Extrusions_Limited/screenshots/Century_Extrusions_Limited_Homepage_WAVE_Overlay.png)","N/A","Head of Compliance & Digital Governance","enquiry@centuryextrusions.com","Investor Grievance / Compliance Officer Email","Accessibility & Nodal Officer","info@centuryextrusions.com"
"431","Unassigned","Century Plyboards (India) Limited","https://centuryply.com","Yes","Yes","Yes","20","20","30","![WAVE Tool Screenshot](https://github.com/VEER-TANMAY-SACHIN/projects/blob/main/orchavate_gtm_workflow/outputs/v1.1_nse_tracker_enriched_clearbit_20260806_193605_attempt1_succesful_reviewnotdone_orchavatecore_digital/Century_Plyboards__India__Limited/screenshots/Century_Plyboards__India__Limited_Homepage_WAVE_Overlay.png)","N/A","Head of Compliance & Digital Governance","email@email.com","General Contact Email","Accessibility & Nodal Officer","email@email.com"
"432","Unassigned","Cera Sanitaryware Limited","https://Not Found","No","Yes","Yes","","","100","![WAVE Tool Screenshot](https://github.com/VEER-TANMAY-SACHIN/projects/blob/main/orchavate_gtm_workflow/outputs/v1.1_nse_tracker_enriched_clearbit_20260806_193605_attempt1_succesful_reviewnotdone_orchavatecore_digital/Cera_Sanitaryware_Limited/screenshots/Cera_Sanitaryware_Limited_Homepage_WAVE_Overlay.png)","N/A","Head of Compliance & Digital Governance","Not Found","General Contact Email (Guessed Pattern)","Accessibility & Nodal Officer","Not Found"
"433","Unassigned","Cerebra Integrated Technologies Limited","https://Not Found","No","Yes","Yes","","","100","![WAVE Tool Screenshot](https://github.com/VEER-TANMAY-SACHIN/projects/blob/main/orchavate_gtm_workflow/outputs/v1.1_nse_tracker_enriched_clearbit_20260806_193605_attempt1_succesful_reviewnotdone_orchavatecore_digital/Cerebra_Integrated_Technologies_Limited/screenshots/Cerebra_Integrated_Technologies_Limited_Homepage_WAVE_Overlay.png)","N/A","Head of Compliance & Digital Governance","Not Found","General Contact Email (Guessed Pattern)","Accessibility & Nodal Officer","Not Found"
"434","Unassigned","Chalet Hotels Limited","https://chalethotels.com","Yes","Yes","Yes","","","100","![WAVE Tool Screenshot](https://github.com/VEER-TANMAY-SACHIN/projects/blob/main/orchavate_gtm_workflow/outputs/v1.1_nse_tracker_enriched_clearbit_20260806_193605_attempt1_succesful_reviewnotdone_orchavatecore_digital/Chalet_Hotels_Limited/screenshots/Chalet_Hotels_Limited_Homepage_WAVE_Overlay.png)","N/A","Head of Compliance & Digital Governance","info@chalethotels.com","General Contact Email (Guessed Pattern)","Accessibility & Nodal Officer","info@chalethotels.com"
"435","Unassigned","Chaman Lal Setia Exports Limited","https://Not Found","No","Yes","Yes","","","100","![WAVE Tool Screenshot](https://github.com/VEER-TANMAY-SACHIN/projects/blob/main/orchavate_gtm_workflow/outputs/v1.1_nse_tracker_enriched_clearbit_20260806_193605_attempt1_succesful_reviewnotdone_orchavatecore_digital/Chaman_Lal_Setia_Exports_Limited/screenshots/Chaman_Lal_Setia_Exports_Limited_Homepage_WAVE_Overlay.png)","N/A","Head of Compliance & Digital Governance","Not Found","General Contact Email (Guessed Pattern)","Accessibility & Nodal Officer","Not Found"
"436","Unassigned","Chambal Fertilizers & Chemicals Limited","https://Not Found","No","Yes","Yes","","","100","![WAVE Tool Screenshot](https://github.com/VEER-TANMAY-SACHIN/projects/blob/main/orchavate_gtm_workflow/outputs/v1.1_nse_tracker_enriched_clearbit_20260806_193605_attempt1_succesful_reviewnotdone_orchavatecore_digital/Chambal_Fertilizers___Chemicals_Limited/screenshots/Chambal_Fertilizers___Chemicals_Limited_Homepage_WAVE_Overlay.png)","N/A","Head of Compliance & Digital Governance","Not Found","General Contact Email (Guessed Pattern)","Accessibility & Nodal Officer","Not Found"
"437","Unassigned","Chembond Chemicals Limited","https://chembondindia.com","Yes","No","No","","","","![WAVE Tool Screenshot](https://github.com/VEER-TANMAY-SACHIN/projects/blob/main/orchavate_gtm_workflow/outputs/v1.1_nse_tracker_enriched_clearbit_20260806_193605_attempt1_succesful_reviewnotdone_orchavatecore_digital/Chembond_Chemicals_Limited/screenshots/Chembond_Chemicals_Limited_Homepage_WAVE_Overlay.png)","N/A","Head of Compliance & Digital Governance","N/A","N/A","N/A","Not Found"
"438","Unassigned","Chembond Material Technologies Limited","https://chembondmatech.com","Yes","Yes","Yes","6","6","76","![WAVE Tool Screenshot](https://github.com/VEER-TANMAY-SACHIN/projects/blob/main/orchavate_gtm_workflow/outputs/v1.1_nse_tracker_enriched_clearbit_20260806_193605_attempt1_succesful_reviewnotdone_orchavatecore_digital/Chembond_Material_Technologies_Limited/screenshots/Chembond_Material_Technologies_Limited_Homepage_WAVE_Overlay.png)","N/A","Head of Compliance & Digital Governance","info@chembondmatech.com","General Contact Email","Accessibility & Nodal Officer","info@chembondmatech.com"
"439","Unassigned","Chemcon Speciality Chemicals Limited","https://cscpl.com","Yes","No","No","","","","![WAVE Tool Screenshot](https://github.com/VEER-TANMAY-SACHIN/projects/blob/main/orchavate_gtm_workflow/outputs/v1.1_nse_tracker_enriched_clearbit_20260806_193605_attempt1_succesful_reviewnotdone_orchavatecore_digital/Chemcon_Speciality_Chemicals_Limited/screenshots/Chemcon_Speciality_Chemicals_Limited_Homepage_WAVE_Overlay.png)","N/A","Head of Compliance & Digital Governance","N/A","N/A","N/A","Not Found"
"440","Unassigned","Chemfab Alkalis Limited","https://chemfabalkalis.com","Yes","Yes","Yes","42","42","30","![WAVE Tool Screenshot](https://github.com/VEER-TANMAY-SACHIN/projects/blob/main/orchavate_gtm_workflow/outputs/v1.1_nse_tracker_enriched_clearbit_20260806_193605_attempt1_succesful_reviewnotdone_orchavatecore_digital/Chemfab_Alkalis_Limited/screenshots/Chemfab_Alkalis_Limited_Homepage_WAVE_Overlay.png)","N/A","Head of Compliance & Digital Governance","ccalpvcomktg@drraoholdings.com","Investor Grievance / Compliance Officer Email","Accessibility & Nodal Officer","corporate@ccal.in"
"441","Unassigned","Chemplast Sanmar Limited","https://chemplastsanmar.com","Yes","Yes","Yes","12","12","52","![WAVE Tool Screenshot](https://github.com/VEER-TANMAY-SACHIN/projects/blob/main/orchavate_gtm_workflow/outputs/v1.1_nse_tracker_enriched_clearbit_20260806_193605_attempt1_succesful_reviewnotdone_orchavatecore_digital/Chemplast_Sanmar_Limited/screenshots/Chemplast_Sanmar_Limited_Homepage_WAVE_Overlay.png)","N/A","Head of Compliance & Digital Governance","info@chemplastsanmar.com","General Contact Email (Guessed Pattern)","Accessibility & Nodal Officer","info@chemplastsanmar.com"
"442","Unassigned","Chennai Petroleum Corporation Limited","https://Not Found","No","Yes","Yes","","","100","![WAVE Tool Screenshot](https://github.com/VEER-TANMAY-SACHIN/projects/blob/main/orchavate_gtm_workflow/outputs/v1.1_nse_tracker_enriched_clearbit_20260806_193605_attempt1_succesful_reviewnotdone_orchavatecore_digital/Chennai_Petroleum_Corporation_Limited/screenshots/Chennai_Petroleum_Corporation_Limited_Homepage_WAVE_Overlay.png)","N/A","Head of Compliance & Digital Governance","Not Found","General Contact Email (Guessed Pattern)","Accessibility & Nodal Officer","Not Found"
"443","Unassigned","Cheviot Company Limited","https://Not Found","No","Yes","Yes","","","100","![WAVE Tool Screenshot](https://github.com/VEER-TANMAY-SACHIN/projects/blob/main/orchavate_gtm_workflow/outputs/v1.1_nse_tracker_enriched_clearbit_20260806_193605_attempt1_succesful_reviewnotdone_orchavatecore_digital/Cheviot_Company_Limited/screenshots/Cheviot_Company_Limited_Homepage_WAVE_Overlay.png)","N/A","Head of Compliance & Digital Governance","Not Found","General Contact Email (Guessed Pattern)","Accessibility & Nodal Officer","Not Found"
"444","Unassigned","Choice International Limited","https://choiceagencyins.com","Yes","Yes","Yes","","","100","![WAVE Tool Screenshot](https://github.com/VEER-TANMAY-SACHIN/projects/blob/main/orchavate_gtm_workflow/outputs/v1.1_nse_tracker_enriched_clearbit_20260806_193605_attempt1_succesful_reviewnotdone_orchavatecore_digital/Choice_International_Limited/screenshots/Choice_International_Limited_Homepage_WAVE_Overlay.png)","N/A","Head of Compliance & Digital Governance","info@choiceagencyins.com","General Contact Email (Guessed Pattern)","Accessibility & Nodal Officer","info@choiceagencyins.com"
"445","Unassigned","Cholamandalam Financial Holdings Limited","https://Not Found","No","Yes","Yes","","","100","![WAVE Tool Screenshot](https://github.com/VEER-TANMAY-SACHIN/projects/blob/main/orchavate_gtm_workflow/outputs/v1.1_nse_tracker_enriched_clearbit_20260806_193605_attempt1_succesful_reviewnotdone_orchavatecore_digital/Cholamandalam_Financial_Holdings_Limited/screenshots/Cholamandalam_Financial_Holdings_Limited_Homepage_WAVE_Overlay.png)","N/A","Head of Compliance & Digital Governance","Not Found","General Contact Email (Guessed Pattern)","Accessibility & Nodal Officer","Not Found"
"446","Unassigned","Cholamandalam Investment and Finance Company Limited","https://cholamandalam.com","Yes","Yes","Yes","","","100","![WAVE Tool Screenshot](https://github.com/VEER-TANMAY-SACHIN/projects/blob/main/orchavate_gtm_workflow/outputs/v1.1_nse_tracker_enriched_clearbit_20260806_193605_attempt1_succesful_reviewnotdone_orchavatecore_digital/Cholamandalam_Investment_and_Finance_Company_Limited/screenshots/Cholamandalam_Investment_and_Finance_Company_Limited_Homepage_WAVE_Overlay.png)","N/A","Head of Compliance & Digital Governance","info@cholamandalam.com","General Contact Email (Guessed Pattern)","Accessibility & Nodal Officer","info@cholamandalam.com"
"447","Unassigned","Cineline India Limited","https://cineline.pl","Yes","Yes","Yes","2","2","92","![WAVE Tool Screenshot](https://github.com/VEER-TANMAY-SACHIN/projects/blob/main/orchavate_gtm_workflow/outputs/v1.1_nse_tracker_enriched_clearbit_20260806_193605_attempt1_succesful_reviewnotdone_orchavatecore_digital/Cineline_India_Limited/screenshots/Cineline_India_Limited_Homepage_WAVE_Overlay.png)","N/A","Head of Compliance & Digital Governance","office@cineline.pl","General Contact Email","Accessibility & Nodal Officer","office@cineline.pl"
"448","Unassigned","Cinevista Limited","https://cinevistablog.com","Yes","No","No","","","","![WAVE Tool Screenshot](https://github.com/VEER-TANMAY-SACHIN/projects/blob/main/orchavate_gtm_workflow/outputs/v1.1_nse_tracker_enriched_clearbit_20260806_193605_attempt1_succesful_reviewnotdone_orchavatecore_digital/Cinevista_Limited/screenshots/Cinevista_Limited_Homepage_WAVE_Overlay.png)","N/A","Head of Compliance & Digital Governance","N/A","N/A","N/A","Not Found"
"449","Unassigned","Cipla Limited","https://cipla.com","Yes","Yes","Yes","14","14","44","![WAVE Tool Screenshot](https://github.com/VEER-TANMAY-SACHIN/projects/blob/main/orchavate_gtm_workflow/outputs/v1.1_nse_tracker_enriched_clearbit_20260806_193605_attempt1_succesful_reviewnotdone_orchavatecore_digital/Cipla_Limited/screenshots/Cipla_Limited_Homepage_WAVE_Overlay.png)","N/A","Head of Compliance & Digital Governance","info@cipla.com","General Contact Email (Guessed Pattern)","Accessibility & Nodal Officer","info@cipla.com"
"450","Unassigned","City Union Bank Limited","https://cityunionbank.com","Yes","Yes","Yes","38","38","30","![WAVE Tool Screenshot](https://github.com/VEER-TANMAY-SACHIN/projects/blob/main/orchavate_gtm_workflow/outputs/v1.1_nse_tracker_enriched_clearbit_20260806_193605_attempt1_succesful_reviewnotdone_orchavatecore_digital/City_Union_Bank_Limited/screenshots/City_Union_Bank_Limited_Homepage_WAVE_Overlay.png)","N/A","Head of Compliance & Digital Governance","customercare@cityunionbank.in","General Contact Email","Accessibility & Nodal Officer","customercare@cityunionbank.in"
"451","Unassigned","Clean Max Enviro Energy Solutions Limited","https://Not Found","No","Yes","Yes","","","100","![WAVE Tool Screenshot](https://github.com/VEER-TANMAY-SACHIN/projects/blob/main/orchavate_gtm_workflow/outputs/v1.1_nse_tracker_enriched_clearbit_20260806_193605_attempt1_succesful_reviewnotdone_orchavatecore_digital/Clean_Max_Enviro_Energy_Solutions_Limited/screenshots/Clean_Max_Enviro_Energy_Solutions_Limited_Homepage_WAVE_Overlay.png)","N/A","Head of Compliance & Digital Governance","Not Found","General Contact Email (Guessed Pattern)","Accessibility & Nodal Officer","Not Found"
"452","Unassigned","Clean Science and Technology Limited","https://cleanscience.co.in","Yes","No","No","","","","![WAVE Tool Screenshot](https://github.com/VEER-TANMAY-SACHIN/projects/blob/main/orchavate_gtm_workflow/outputs/v1.1_nse_tracker_enriched_clearbit_20260806_193605_attempt1_succesful_reviewnotdone_orchavatecore_digital/Clean_Science_and_Technology_Limited/screenshots/Clean_Science_and_Technology_Limited_Homepage_WAVE_Overlay.png)","N/A","Head of Compliance & Digital Governance","N/A","N/A","N/A","Not Found"
"453","Unassigned","Coal India Limited","https://coalindia.in","Yes","Yes","Yes","","","100","![WAVE Tool Screenshot](https://github.com/VEER-TANMAY-SACHIN/projects/blob/main/orchavate_gtm_workflow/outputs/v1.1_nse_tracker_enriched_clearbit_20260806_193605_attempt1_succesful_reviewnotdone_orchavatecore_digital/Coal_India_Limited/screenshots/Coal_India_Limited_Homepage_WAVE_Overlay.png)","N/A","Head of Compliance & Digital Governance","info@coalindia.in","General Contact Email (Guessed Pattern)","Accessibility & Nodal Officer","info@coalindia.in"
"454","Unassigned","Coastal Corporation Limited","https://coastal24.com","Yes","No","No","","","","![WAVE Tool Screenshot](https://github.com/VEER-TANMAY-SACHIN/projects/blob/main/orchavate_gtm_workflow/outputs/v1.1_nse_tracker_enriched_clearbit_20260806_193605_attempt1_succesful_reviewnotdone_orchavatecore_digital/Coastal_Corporation_Limited/screenshots/Coastal_Corporation_Limited_Homepage_WAVE_Overlay.png)","N/A","Head of Compliance & Digital Governance","N/A","N/A","N/A","Not Found"
"455","Unassigned","Cochin Shipyard Limited","https://cochinshipyard.in","Yes","Yes","Yes","3","3","88","![WAVE Tool Screenshot](https://github.com/VEER-TANMAY-SACHIN/projects/blob/main/orchavate_gtm_workflow/outputs/v1.1_nse_tracker_enriched_clearbit_20260806_193605_attempt1_succesful_reviewnotdone_orchavatecore_digital/Cochin_Shipyard_Limited/screenshots/Cochin_Shipyard_Limited_Homepage_WAVE_Overlay.png)","N/A","Head of Compliance & Digital Governance","nagesh.krishnamoorthy@cochinshipyard.in","Investor Grievance / Compliance Officer Email","Accessibility & Nodal Officer","investor.helpdesk@in.mpms.mufg.com"
"456","Unassigned","Coffee Day Enterprises Limited","https://coffeedays.net","Yes","Yes","Yes","40","40","30","![WAVE Tool Screenshot](https://github.com/VEER-TANMAY-SACHIN/projects/blob/main/orchavate_gtm_workflow/outputs/v1.1_nse_tracker_enriched_clearbit_20260806_193605_attempt1_succesful_reviewnotdone_orchavatecore_digital/Coffee_Day_Enterprises_Limited/screenshots/Coffee_Day_Enterprises_Limited_Homepage_WAVE_Overlay.png)","N/A","Head of Compliance & Digital Governance","info@coffeedays.net","General Contact Email (Guessed Pattern)","Accessibility & Nodal Officer","info@coffeedays.net"
"457","Unassigned","Coforge Limited","https://coforge.com","Yes","Yes","Yes","26","26","30","![WAVE Tool Screenshot](https://github.com/VEER-TANMAY-SACHIN/projects/blob/main/orchavate_gtm_workflow/outputs/v1.1_nse_tracker_enriched_clearbit_20260806_193605_attempt1_succesful_reviewnotdone_orchavatecore_digital/Coforge_Limited/screenshots/Coforge_Limited_Homepage_WAVE_Overlay.png)","N/A","Head of Compliance & Digital Governance","info@coforge.com","General Contact Email (Guessed Pattern)","Accessibility & Nodal Officer","info@coforge.com"
"458","Unassigned","Cohance Lifesciences Limited","https://cohance.com","Yes","Yes","Yes","","","100","![WAVE Tool Screenshot](https://github.com/VEER-TANMAY-SACHIN/projects/blob/main/orchavate_gtm_workflow/outputs/v1.1_nse_tracker_enriched_clearbit_20260806_193605_attempt1_succesful_reviewnotdone_orchavatecore_digital/Cohance_Lifesciences_Limited/screenshots/Cohance_Lifesciences_Limited_Homepage_WAVE_Overlay.png)","N/A","Head of Compliance & Digital Governance","info@cohance.com","General Contact Email (Guessed Pattern)","Accessibility & Nodal Officer","info@cohance.com"
"459","Unassigned","Colgate Palmolive (India) Limited","https://colgatepalmolive.com","Yes","No","No","","","","![WAVE Tool Screenshot](https://github.com/VEER-TANMAY-SACHIN/projects/blob/main/orchavate_gtm_workflow/outputs/v1.1_nse_tracker_enriched_clearbit_20260806_193605_attempt1_succesful_reviewnotdone_orchavatecore_digital/Colgate_Palmolive__India__Limited/screenshots/Colgate_Palmolive__India__Limited_Homepage_WAVE_Overlay.png)","N/A","Head of Compliance & Digital Governance","N/A","N/A","N/A","Not Found"
"460","Unassigned","Comfort Intech Limited","https://comfortintech.com","Yes","Yes","Yes","2","2","92","![WAVE Tool Screenshot](https://github.com/VEER-TANMAY-SACHIN/projects/blob/main/orchavate_gtm_workflow/outputs/v1.1_nse_tracker_enriched_clearbit_20260806_193605_attempt1_succesful_reviewnotdone_orchavatecore_digital/Comfort_Intech_Limited/screenshots/Comfort_Intech_Limited_Homepage_WAVE_Overlay.png)","N/A","Head of Compliance & Digital Governance","info@comfortintech.com","General Contact Email (Guessed Pattern)","Accessibility & Nodal Officer","info@comfortintech.com"
"461","Unassigned","Commercial Syn Bags Limited","https://comsyn.com","Yes","No","No","","","","![WAVE Tool Screenshot](https://github.com/VEER-TANMAY-SACHIN/projects/blob/main/orchavate_gtm_workflow/outputs/v1.1_nse_tracker_enriched_clearbit_20260806_193605_attempt1_succesful_reviewnotdone_orchavatecore_digital/Commercial_Syn_Bags_Limited/screenshots/Commercial_Syn_Bags_Limited_Homepage_WAVE_Overlay.png)","N/A","Head of Compliance & Digital Governance","N/A","N/A","N/A","Not Found"
"462","Unassigned","Compuage Infocom Limited","https://compuageindia.com","Yes","Yes","Yes","","","100","![WAVE Tool Screenshot](https://github.com/VEER-TANMAY-SACHIN/projects/blob/main/orchavate_gtm_workflow/outputs/v1.1_nse_tracker_enriched_clearbit_20260806_193605_attempt1_succesful_reviewnotdone_orchavatecore_digital/Compuage_Infocom_Limited/screenshots/Compuage_Infocom_Limited_Homepage_WAVE_Overlay.png)","N/A","Head of Compliance & Digital Governance","info@compuageindia.com","General Contact Email (Guessed Pattern)","Accessibility & Nodal Officer","info@compuageindia.com"
"463","Unassigned","Compucom Software Limited","https://Not Found","No","Yes","Yes","","","100","![WAVE Tool Screenshot](https://github.com/VEER-TANMAY-SACHIN/projects/blob/main/orchavate_gtm_workflow/outputs/v1.1_nse_tracker_enriched_clearbit_20260806_193605_attempt1_succesful_reviewnotdone_orchavatecore_digital/Compucom_Software_Limited/screenshots/Compucom_Software_Limited_Homepage_WAVE_Overlay.png)","N/A","Head of Compliance & Digital Governance","Not Found","General Contact Email (Guessed Pattern)","Accessibility & Nodal Officer","Not Found"
"464","Unassigned","Computer Age Management Services Limited","https://camsonline.com","Yes","Yes","Yes","","","100","![WAVE Tool Screenshot](https://github.com/VEER-TANMAY-SACHIN/projects/blob/main/orchavate_gtm_workflow/outputs/v1.1_nse_tracker_enriched_clearbit_20260806_193605_attempt1_succesful_reviewnotdone_orchavatecore_digital/Computer_Age_Management_Services_Limited/screenshots/Computer_Age_Management_Services_Limited_Homepage_WAVE_Overlay.png)","N/A","Head of Compliance & Digital Governance","info@camsonline.com","General Contact Email (Guessed Pattern)","Accessibility & Nodal Officer","info@camsonline.com"
"465","Unassigned","Concord Biotech Limited","https://concordbiotech.com","Yes","Yes","Yes","","","100","![WAVE Tool Screenshot](https://github.com/VEER-TANMAY-SACHIN/projects/blob/main/orchavate_gtm_workflow/outputs/v1.1_nse_tracker_enriched_clearbit_20260806_193605_attempt1_succesful_reviewnotdone_orchavatecore_digital/Concord_Biotech_Limited/screenshots/Concord_Biotech_Limited_Homepage_WAVE_Overlay.png)","N/A","Head of Compliance & Digital Governance","info@concordbiotech.com","General Contact Email (Guessed Pattern)","Accessibility & Nodal Officer","info@concordbiotech.com"
"466","Unassigned","Concord Enviro Systems Limited","https://Not Found","No","Yes","Yes","","","100","![WAVE Tool Screenshot](https://github.com/VEER-TANMAY-SACHIN/projects/blob/main/orchavate_gtm_workflow/outputs/v1.1_nse_tracker_enriched_clearbit_20260806_193605_attempt1_succesful_reviewnotdone_orchavatecore_digital/Concord_Enviro_Systems_Limited/screenshots/Concord_Enviro_Systems_Limited_Homepage_WAVE_Overlay.png)","N/A","Head of Compliance & Digital Governance","Not Found","General Contact Email (Guessed Pattern)","Accessibility & Nodal Officer","Not Found"
"467","Unassigned","Confidence Petroleum India Limited","https://confidencegroup.co","Yes","No","No","","","","![WAVE Tool Screenshot](https://github.com/VEER-TANMAY-SACHIN/projects/blob/main/orchavate_gtm_workflow/outputs/v1.1_nse_tracker_enriched_clearbit_20260806_193605_attempt1_succesful_reviewnotdone_orchavatecore_digital/Confidence_Petroleum_India_Limited/screenshots/Confidence_Petroleum_India_Limited_Homepage_WAVE_Overlay.png)","N/A","Head of Compliance & Digital Governance","N/A","N/A","N/A","Not Found"
"468","Unassigned","Consolidated Construction Consortium Limited","https://Not Found","No","Yes","Yes","","","100","![WAVE Tool Screenshot](https://github.com/VEER-TANMAY-SACHIN/projects/blob/main/orchavate_gtm_workflow/outputs/v1.1_nse_tracker_enriched_clearbit_20260806_193605_attempt1_succesful_reviewnotdone_orchavatecore_digital/Consolidated_Construction_Consortium_Limited/screenshots/Consolidated_Construction_Consortium_Limited_Homepage_WAVE_Overlay.png)","N/A","Head of Compliance & Digital Governance","Not Found","General Contact Email (Guessed Pattern)","Accessibility & Nodal Officer","Not Found"
"469","Unassigned","Consolidated Finvest & Holdings Limited","https://Not Found","No","Yes","Yes","","","100","![WAVE Tool Screenshot](https://github.com/VEER-TANMAY-SACHIN/projects/blob/main/orchavate_gtm_workflow/outputs/v1.1_nse_tracker_enriched_clearbit_20260806_193605_attempt1_succesful_reviewnotdone_orchavatecore_digital/Consolidated_Finvest___Holdings_Limited/screenshots/Consolidated_Finvest___Holdings_Limited_Homepage_WAVE_Overlay.png)","N/A","Head of Compliance & Digital Governance","Not Found","General Contact Email (Guessed Pattern)","Accessibility & Nodal Officer","Not Found"
"470","Unassigned","Container Corporation of India Limited","https://containerofamerica.com","Yes","Yes","Yes","3","3","88","![WAVE Tool Screenshot](https://github.com/VEER-TANMAY-SACHIN/projects/blob/main/orchavate_gtm_workflow/outputs/v1.1_nse_tracker_enriched_clearbit_20260806_193605_attempt1_succesful_reviewnotdone_orchavatecore_digital/Container_Corporation_of_India_Limited/screenshots/Container_Corporation_of_India_Limited_Homepage_WAVE_Overlay.png)","N/A","Head of Compliance & Digital Governance","info@ContainerofAmerica.com","General Contact Email","Accessibility & Nodal Officer","info@ContainerofAmerica.com"
"471","Unassigned","Control Print Limited","https://controlprint.com","Yes","Yes","Yes","20","20","30","![WAVE Tool Screenshot](https://github.com/VEER-TANMAY-SACHIN/projects/blob/main/orchavate_gtm_workflow/outputs/v1.1_nse_tracker_enriched_clearbit_20260806_193605_attempt1_succesful_reviewnotdone_orchavatecore_digital/Control_Print_Limited/screenshots/Control_Print_Limited_Homepage_WAVE_Overlay.png)","N/A","Head of Compliance & Digital Governance","sales@controlprint.com","General Contact Email","Accessibility & Nodal Officer","sales@controlprint.com"
"472","Unassigned","Coral India Finance & Housing Limited","https://coralhousing.in","Yes","Yes","Yes","","","100","![WAVE Tool Screenshot](https://github.com/VEER-TANMAY-SACHIN/projects/blob/main/orchavate_gtm_workflow/outputs/v1.1_nse_tracker_enriched_clearbit_20260806_193605_attempt1_succesful_reviewnotdone_orchavatecore_digital/Coral_India_Finance___Housing_Limited/screenshots/Coral_India_Finance___Housing_Limited_Homepage_WAVE_Overlay.png)","N/A","Head of Compliance & Digital Governance","info@coralhousing.in","General Contact Email (Guessed Pattern)","Accessibility & Nodal Officer","info@coralhousing.in"
"473","Unassigned","Cords Cable Industries Limited","https://Not Found","No","Yes","Yes","","","100","![WAVE Tool Screenshot](https://github.com/VEER-TANMAY-SACHIN/projects/blob/main/orchavate_gtm_workflow/outputs/v1.1_nse_tracker_enriched_clearbit_20260806_193605_attempt1_succesful_reviewnotdone_orchavatecore_digital/Cords_Cable_Industries_Limited/screenshots/Cords_Cable_Industries_Limited_Homepage_WAVE_Overlay.png)","N/A","Head of Compliance & Digital Governance","Not Found","General Contact Email (Guessed Pattern)","Accessibility & Nodal Officer","Not Found"
"474","Unassigned","Coromandel International Limited","https://coromandel.biz","Yes","No","No","","","","![WAVE Tool Screenshot](https://github.com/VEER-TANMAY-SACHIN/projects/blob/main/orchavate_gtm_workflow/outputs/v1.1_nse_tracker_enriched_clearbit_20260806_193605_attempt1_succesful_reviewnotdone_orchavatecore_digital/Coromandel_International_Limited/screenshots/Coromandel_International_Limited_Homepage_WAVE_Overlay.png)","N/A","Head of Compliance & Digital Governance","N/A","N/A","N/A","Not Found"
"475","Unassigned","Country Club Hospitality & Holidays Limited","https://Not Found","No","Yes","Yes","","","100","![WAVE Tool Screenshot](https://github.com/VEER-TANMAY-SACHIN/projects/blob/main/orchavate_gtm_workflow/outputs/v1.1_nse_tracker_enriched_clearbit_20260806_193605_attempt1_succesful_reviewnotdone_orchavatecore_digital/Country_Club_Hospitality___Holidays_Limited/screenshots/Country_Club_Hospitality___Holidays_Limited_Homepage_WAVE_Overlay.png)","N/A","Head of Compliance & Digital Governance","Not Found","General Contact Email (Guessed Pattern)","Accessibility & Nodal Officer","Not Found"
"476","Unassigned","Country Condo's Limited","https://countrycondos.co.in","Yes","Yes","Yes","53","53","30","![WAVE Tool Screenshot](https://github.com/VEER-TANMAY-SACHIN/projects/blob/main/orchavate_gtm_workflow/outputs/v1.1_nse_tracker_enriched_clearbit_20260806_193605_attempt1_succesful_reviewnotdone_orchavatecore_digital/Country_Condo_s_Limited/screenshots/Country_Condo_s_Limited_Homepage_WAVE_Overlay.png)","N/A","Head of Compliance & Digital Governance","info@countrycondos.co.in","Investor Grievance / Compliance Officer Email","Accessibility & Nodal Officer","info@countrycondos.co.in"
"477","Unassigned","Craftsman Automation Limited","https://craftsmanautomation.com","Yes","No","No","","","","![WAVE Tool Screenshot](https://github.com/VEER-TANMAY-SACHIN/projects/blob/main/orchavate_gtm_workflow/outputs/v1.1_nse_tracker_enriched_clearbit_20260806_193605_attempt1_succesful_reviewnotdone_orchavatecore_digital/Craftsman_Automation_Limited/screenshots/Craftsman_Automation_Limited_Homepage_WAVE_Overlay.png)","N/A","Head of Compliance & Digital Governance","N/A","N/A","N/A","Not Found"
"478","Unassigned","Creative Eye Limited","https://creativeeye.com","Yes","No","No","","","","![WAVE Tool Screenshot](https://github.com/VEER-TANMAY-SACHIN/projects/blob/main/orchavate_gtm_workflow/outputs/v1.1_nse_tracker_enriched_clearbit_20260806_193605_attempt1_succesful_reviewnotdone_orchavatecore_digital/Creative_Eye_Limited/screenshots/Creative_Eye_Limited_Homepage_WAVE_Overlay.png)","N/A","Head of Compliance & Digital Governance","N/A","N/A","N/A","Not Found"
"479","Unassigned","Creative Newtech Limited","https://creativenewtech.com","Yes","Yes","Yes","","","100","![WAVE Tool Screenshot](https://github.com/VEER-TANMAY-SACHIN/projects/blob/main/orchavate_gtm_workflow/outputs/v1.1_nse_tracker_enriched_clearbit_20260806_193605_attempt1_succesful_reviewnotdone_orchavatecore_digital/Creative_Newtech_Limited/screenshots/Creative_Newtech_Limited_Homepage_WAVE_Overlay.png)","N/A","Head of Compliance & Digital Governance","info@creativenewtech.com","General Contact Email (Guessed Pattern)","Accessibility & Nodal Officer","info@creativenewtech.com"
"480","Unassigned","Crest Ventures Limited","https://crest.co.in","Yes","No","No","","","","![WAVE Tool Screenshot](https://github.com/VEER-TANMAY-SACHIN/projects/blob/main/orchavate_gtm_workflow/outputs/v1.1_nse_tracker_enriched_clearbit_20260806_193605_attempt1_succesful_reviewnotdone_orchavatecore_digital/Crest_Ventures_Limited/screenshots/Crest_Ventures_Limited_Homepage_WAVE_Overlay.png)","N/A","Head of Compliance & Digital Governance","N/A","N/A","N/A","Not Found"
"481","Unassigned","Crisil Limited","https://crisil.com","Yes","Yes","Yes","24","24","30","![WAVE Tool Screenshot](https://github.com/VEER-TANMAY-SACHIN/projects/blob/main/orchavate_gtm_workflow/outputs/v1.1_nse_tracker_enriched_clearbit_20260806_193605_attempt1_succesful_reviewnotdone_orchavatecore_digital/Crisil_Limited/screenshots/Crisil_Limited_Homepage_WAVE_Overlay.png)","N/A","Head of Compliance & Digital Governance","info@crisil.com","General Contact Email (Guessed Pattern)","Accessibility & Nodal Officer","info@crisil.com"
"482","Unassigned","Crizac Limited","https://crizacglobal.com","Yes","Yes","Yes","2","2","92","![WAVE Tool Screenshot](https://github.com/VEER-TANMAY-SACHIN/projects/blob/main/orchavate_gtm_workflow/outputs/v1.1_nse_tracker_enriched_clearbit_20260806_193605_attempt1_succesful_reviewnotdone_orchavatecore_digital/Crizac_Limited/screenshots/Crizac_Limited_Homepage_WAVE_Overlay.png)","N/A","Head of Compliance & Digital Governance","info@crizac.com","Investor Grievance / Compliance Officer Email","Accessibility & Nodal Officer","info@crizac.com"
"483","Unassigned","Crompton Greaves Consumer Electricals Limited","https://crompton.co.in","Yes","No","No","","","","![WAVE Tool Screenshot](https://github.com/VEER-TANMAY-SACHIN/projects/blob/main/orchavate_gtm_workflow/outputs/v1.1_nse_tracker_enriched_clearbit_20260806_193605_attempt1_succesful_reviewnotdone_orchavatecore_digital/Crompton_Greaves_Consumer_Electricals_Limited/screenshots/Crompton_Greaves_Consumer_Electricals_Limited_Homepage_WAVE_Overlay.png)","N/A","Head of Compliance & Digital Governance","N/A","N/A","N/A","Not Found"
"484","Unassigned","Crown Lifters Limited","https://crownlifters.com","Yes","Yes","Yes","","","100","![WAVE Tool Screenshot](https://github.com/VEER-TANMAY-SACHIN/projects/blob/main/orchavate_gtm_workflow/outputs/v1.1_nse_tracker_enriched_clearbit_20260806_193605_attempt1_succesful_reviewnotdone_orchavatecore_digital/Crown_Lifters_Limited/screenshots/Crown_Lifters_Limited_Homepage_WAVE_Overlay.png)","N/A","Head of Compliance & Digital Governance","info@crownlifters.com","General Contact Email (Guessed Pattern)","Accessibility & Nodal Officer","info@crownlifters.com"
"485","Unassigned","Cubex Tubings Limited","https://cubextubings.com","Yes","Yes","Yes","1","1","96","![WAVE Tool Screenshot](https://github.com/VEER-TANMAY-SACHIN/projects/blob/main/orchavate_gtm_workflow/outputs/v1.1_nse_tracker_enriched_clearbit_20260806_193605_attempt1_succesful_reviewnotdone_orchavatecore_digital/Cubex_Tubings_Limited/screenshots/Cubex_Tubings_Limited_Homepage_WAVE_Overlay.png)","N/A","Head of Compliance & Digital Governance","info@cubextubings.com","General Contact Email","Accessibility & Nodal Officer","info@cubextubings.com"
"486","Unassigned","Cummins India Limited","https://cummins.com","Yes","No","No","","","","![WAVE Tool Screenshot](https://github.com/VEER-TANMAY-SACHIN/projects/blob/main/orchavate_gtm_workflow/outputs/v1.1_nse_tracker_enriched_clearbit_20260806_193605_attempt1_succesful_reviewnotdone_orchavatecore_digital/Cummins_India_Limited/screenshots/Cummins_India_Limited_Homepage_WAVE_Overlay.png)","N/A","Head of Compliance & Digital Governance","N/A","N/A","N/A","Not Found"
"487","Unassigned","Cupid Limited","https://cupidlimited.com","Yes","Yes","No","13","13","48","![WAVE Tool Screenshot](https://github.com/VEER-TANMAY-SACHIN/projects/blob/main/orchavate_gtm_workflow/outputs/v1.1_nse_tracker_enriched_clearbit_20260806_193605_attempt1_succesful_reviewnotdone_orchavatecore_digital/Cupid_Limited/screenshots/Cupid_Limited_Homepage_WAVE_Overlay.png)","N/A","Head of Compliance & Digital Governance","info@cupidlimited.com","General Contact Email","Accessibility & Nodal Officer","info@cupidlimited.com"
"488","Unassigned","Cura Technologies Limited","https://curaleaf.com","Yes","Yes","Yes","","","100","![WAVE Tool Screenshot](https://github.com/VEER-TANMAY-SACHIN/projects/blob/main/orchavate_gtm_workflow/outputs/v1.1_nse_tracker_enriched_clearbit_20260806_193605_attempt1_succesful_reviewnotdone_orchavatecore_digital/Cura_Technologies_Limited/screenshots/Cura_Technologies_Limited_Homepage_WAVE_Overlay.png)","N/A","Head of Compliance & Digital Governance","name@email.com","General Contact Email","Accessibility & Nodal Officer","name@email.com"
"489","Unassigned","Cyber Media (India) Limited","https://cybermedia.com.tw","Yes","Yes","Yes","57","57","30","![WAVE Tool Screenshot](https://github.com/VEER-TANMAY-SACHIN/projects/blob/main/orchavate_gtm_workflow/outputs/v1.1_nse_tracker_enriched_clearbit_20260806_193605_attempt1_succesful_reviewnotdone_orchavatecore_digital/Cyber_Media__India__Limited/screenshots/Cyber_Media__India__Limited_Homepage_WAVE_Overlay.png)","N/A","Head of Compliance & Digital Governance","#","General Contact Email","Accessibility & Nodal Officer","#"
"490","Unassigned","Cybertech Systems And Software Limited","https://geocivic.in","Yes","Yes","Yes","","","100","![WAVE Tool Screenshot](https://github.com/VEER-TANMAY-SACHIN/projects/blob/main/orchavate_gtm_workflow/outputs/v1.1_nse_tracker_enriched_clearbit_20260806_193605_attempt1_succesful_reviewnotdone_orchavatecore_digital/Cybertech_Systems_And_Software_Limited/screenshots/Cybertech_Systems_And_Software_Limited_Homepage_WAVE_Overlay.png)","N/A","Head of Compliance & Digital Governance","info@geocivic.in","General Contact Email (Guessed Pattern)","Accessibility & Nodal Officer","info@geocivic.in"
"491","Unassigned","Cyient DLM Limited","https://Not Found","No","Yes","Yes","","","100","![WAVE Tool Screenshot](https://github.com/VEER-TANMAY-SACHIN/projects/blob/main/orchavate_gtm_workflow/outputs/v1.1_nse_tracker_enriched_clearbit_20260806_193605_attempt1_succesful_reviewnotdone_orchavatecore_digital/Cyient_DLM_Limited/screenshots/Cyient_DLM_Limited_Homepage_WAVE_Overlay.png)","N/A","Head of Compliance & Digital Governance","Not Found","General Contact Email (Guessed Pattern)","Accessibility & Nodal Officer","Not Found"
"492","Unassigned","Cyient Limited","https://cyient.com","Yes","Yes","Yes","","","100","![WAVE Tool Screenshot](https://github.com/VEER-TANMAY-SACHIN/projects/blob/main/orchavate_gtm_workflow/outputs/v1.1_nse_tracker_enriched_clearbit_20260806_193605_attempt1_succesful_reviewnotdone_orchavatecore_digital/Cyient_Limited/screenshots/Cyient_Limited_Homepage_WAVE_Overlay.png)","N/A","Head of Compliance & Digital Governance","info@cyient.com","General Contact Email (Guessed Pattern)","Accessibility & Nodal Officer","info@cyient.com"
"493","Unassigned","DB (International) Stock Brokers Limited","https://Not Found","No","Yes","Yes","","","100","![WAVE Tool Screenshot](https://github.com/VEER-TANMAY-SACHIN/projects/blob/main/orchavate_gtm_workflow/outputs/v1.1_nse_tracker_enriched_clearbit_20260806_193605_attempt1_succesful_reviewnotdone_orchavatecore_digital/DB__International__Stock_Brokers_Limited/screenshots/DB__International__Stock_Brokers_Limited_Homepage_WAVE_Overlay.png)","N/A","Head of Compliance & Digital Governance","Not Found","General Contact Email (Guessed Pattern)","Accessibility & Nodal Officer","Not Found"
"494","Unassigned","DCB Bank Limited","https://dcbbank.com","Yes","Yes","Yes","5","5","80","![WAVE Tool Screenshot](https://github.com/VEER-TANMAY-SACHIN/projects/blob/main/orchavate_gtm_workflow/outputs/v1.1_nse_tracker_enriched_clearbit_20260806_193605_attempt1_succesful_reviewnotdone_orchavatecore_digital/DCB_Bank_Limited/screenshots/DCB_Bank_Limited_Homepage_WAVE_Overlay.png)","N/A","Head of Compliance & Digital Governance","customercare@dcb.bank.in","General Contact Email","Accessibility & Nodal Officer","customercare@dcb.bank.in"
"495","Unassigned","DCM Financial Services Limited","https://Not Found","No","Yes","Yes","","","100","![WAVE Tool Screenshot](https://github.com/VEER-TANMAY-SACHIN/projects/blob/main/orchavate_gtm_workflow/outputs/v1.1_nse_tracker_enriched_clearbit_20260806_193605_attempt1_succesful_reviewnotdone_orchavatecore_digital/DCM_Financial_Services_Limited/screenshots/DCM_Financial_Services_Limited_Homepage_WAVE_Overlay.png)","N/A","Head of Compliance & Digital Governance","Not Found","General Contact Email (Guessed Pattern)","Accessibility & Nodal Officer","Not Found"
"496","Unassigned","DCM Nouvelle Limited","https://Not Found","No","Yes","Yes","","","100","![WAVE Tool Screenshot](https://github.com/VEER-TANMAY-SACHIN/projects/blob/main/orchavate_gtm_workflow/outputs/v1.1_nse_tracker_enriched_clearbit_20260806_193605_attempt1_succesful_reviewnotdone_orchavatecore_digital/DCM_Nouvelle_Limited/screenshots/DCM_Nouvelle_Limited_Homepage_WAVE_Overlay.png)","N/A","Head of Compliance & Digital Governance","Not Found","General Contact Email (Guessed Pattern)","Accessibility & Nodal Officer","Not Found"
"497","Unassigned","DCM Shriram Fine Chemicals Limited","https://Not Found","No","Yes","Yes","","","100","![WAVE Tool Screenshot](https://github.com/VEER-TANMAY-SACHIN/projects/blob/main/orchavate_gtm_workflow/outputs/v1.1_nse_tracker_enriched_clearbit_20260806_193605_attempt1_succesful_reviewnotdone_orchavatecore_digital/DCM_Shriram_Fine_Chemicals_Limited/screenshots/DCM_Shriram_Fine_Chemicals_Limited_Homepage_WAVE_Overlay.png)","N/A","Head of Compliance & Digital Governance","Not Found","General Contact Email (Guessed Pattern)","Accessibility & Nodal Officer","Not Found"
"498","Unassigned","DCM Shriram Industries Limited","https://dcmshriramdefence.com","Yes","Yes","Yes","13","13","48","![WAVE Tool Screenshot](https://github.com/VEER-TANMAY-SACHIN/projects/blob/main/orchavate_gtm_workflow/outputs/v1.1_nse_tracker_enriched_clearbit_20260806_193605_attempt1_succesful_reviewnotdone_orchavatecore_digital/DCM_Shriram_Industries_Limited/screenshots/DCM_Shriram_Industries_Limited_Homepage_WAVE_Overlay.png)","N/A","Head of Compliance & Digital Governance","eps@dcmsil.com","General Contact Email","Accessibility & Nodal Officer","eps@dcmsil.com"
"499","Unassigned","DCM Shriram International Limited","https://Not Found","No","Yes","Yes","","","100","![WAVE Tool Screenshot](https://github.com/VEER-TANMAY-SACHIN/projects/blob/main/orchavate_gtm_workflow/outputs/v1.1_nse_tracker_enriched_clearbit_20260806_193605_attempt1_succesful_reviewnotdone_orchavatecore_digital/DCM_Shriram_International_Limited/screenshots/DCM_Shriram_International_Limited_Homepage_WAVE_Overlay.png)","N/A","Head of Compliance & Digital Governance","Not Found","General Contact Email (Guessed Pattern)","Accessibility & Nodal Officer","Not Found"
"500","Unassigned","DCM Shriram Limited","https://dcmshriram.com","Yes","Yes","Yes","","","100","![WAVE Tool Screenshot](https://github.com/VEER-TANMAY-SACHIN/projects/blob/main/orchavate_gtm_workflow/outputs/v1.1_nse_tracker_enriched_clearbit_20260806_193605_attempt1_succesful_reviewnotdone_orchavatecore_digital/DCM_Shriram_Limited/screenshots/DCM_Shriram_Limited_Homepage_WAVE_Overlay.png)","N/A","Head of Compliance & Digital Governance","info@dcmshriram.com","General Contact Email (Guessed Pattern)","Accessibility & Nodal Officer","info@dcmshriram.com"
"501","Unassigned","DCM  Limited","https://dcmlimited.com","Yes","Yes","Yes","","","100","![WAVE Tool Screenshot](https://github.com/VEER-TANMAY-SACHIN/projects/blob/main/orchavate_gtm_workflow/outputs/v1.1_nse_tracker_enriched_clearbit_20260806_193605_attempt1_succesful_reviewnotdone_orchavatecore_digital/DCM__Limited/screenshots/DCM__Limited_Homepage_WAVE_Overlay.png)","N/A","Head of Compliance & Digital Governance","info@dcmlimited.com","General Contact Email (Guessed Pattern)","Accessibility & Nodal Officer","info@dcmlimited.com"
"502","Unassigned","DCW Limited","https://dcwater.com","Yes","Yes","Yes","","","100","![WAVE Tool Screenshot](https://github.com/VEER-TANMAY-SACHIN/projects/blob/main/orchavate_gtm_workflow/outputs/v1.1_nse_tracker_enriched_clearbit_20260806_193605_attempt1_succesful_reviewnotdone_orchavatecore_digital/DCW_Limited/screenshots/DCW_Limited_Homepage_WAVE_Overlay.png)","N/A","Head of Compliance & Digital Governance","info@dcwater.com","General Contact Email","Accessibility & Nodal Officer","info@dcwater.com"
"503","Unassigned","DCX Systems Limited","https://Not Found","No","Yes","Yes","","","100","![WAVE Tool Screenshot](https://github.com/VEER-TANMAY-SACHIN/projects/blob/main/orchavate_gtm_workflow/outputs/v1.1_nse_tracker_enriched_clearbit_20260806_193605_attempt1_succesful_reviewnotdone_orchavatecore_digital/DCX_Systems_Limited/screenshots/DCX_Systems_Limited_Homepage_WAVE_Overlay.png)","N/A","Head of Compliance & Digital Governance","Not Found","General Contact Email (Guessed Pattern)","Accessibility & Nodal Officer","Not Found"
"504","Unassigned","DEE Development Engineers Limited","https://Not Found","No","Yes","Yes","","","100","![WAVE Tool Screenshot](https://github.com/VEER-TANMAY-SACHIN/projects/blob/main/orchavate_gtm_workflow/outputs/v1.1_nse_tracker_enriched_clearbit_20260806_193605_attempt1_succesful_reviewnotdone_orchavatecore_digital/DEE_Development_Engineers_Limited/screenshots/DEE_Development_Engineers_Limited_Homepage_WAVE_Overlay.png)","N/A","Head of Compliance & Digital Governance","Not Found","General Contact Email (Guessed Pattern)","Accessibility & Nodal Officer","Not Found"
"505","Unassigned","DELPHI WORLD MONEY LIMITED","https://Not Found","No","Yes","Yes","","","100","![WAVE Tool Screenshot](https://github.com/VEER-TANMAY-SACHIN/projects/blob/main/orchavate_gtm_workflow/outputs/v1.1_nse_tracker_enriched_clearbit_20260806_193605_attempt1_succesful_reviewnotdone_orchavatecore_digital/DELPHI_WORLD_MONEY_LIMITED/screenshots/DELPHI_WORLD_MONEY_LIMITED_Homepage_WAVE_Overlay.png)","N/A","Head of Compliance & Digital Governance","Not Found","General Contact Email (Guessed Pattern)","Accessibility & Nodal Officer","Not Found"
"506","Unassigned","DHARAN INFRA-EPC LIMITED","https://Not Found","No","Yes","Yes","","","100","![WAVE Tool Screenshot](https://github.com/VEER-TANMAY-SACHIN/projects/blob/main/orchavate_gtm_workflow/outputs/v1.1_nse_tracker_enriched_clearbit_20260806_193605_attempt1_succesful_reviewnotdone_orchavatecore_digital/DHARAN_INFRA_EPC_LIMITED/screenshots/DHARAN_INFRA_EPC_LIMITED_Homepage_WAVE_Overlay.png)","N/A","Head of Compliance & Digital Governance","Not Found","General Contact Email (Guessed Pattern)","Accessibility & Nodal Officer","Not Found"
"507","Unassigned","DIC India Limited","https://dic.co.in","Yes","Yes","Yes","33","33","30","![WAVE Tool Screenshot](https://github.com/VEER-TANMAY-SACHIN/projects/blob/main/orchavate_gtm_workflow/outputs/v1.1_nse_tracker_enriched_clearbit_20260806_193605_attempt1_succesful_reviewnotdone_orchavatecore_digital/DIC_India_Limited/screenshots/DIC_India_Limited_Homepage_WAVE_Overlay.png)","N/A","Head of Compliance & Digital Governance","sales@dic.co.in","Investor Grievance / Compliance Officer Email","Accessibility & Nodal Officer","investors@dic.co.in"
"508","Unassigned","DJ Mediaprint & Logistics Limited","https://djcorp.in","Yes","Yes","Yes","","","100","![WAVE Tool Screenshot](https://github.com/VEER-TANMAY-SACHIN/projects/blob/main/orchavate_gtm_workflow/outputs/v1.1_nse_tracker_enriched_clearbit_20260806_193605_attempt1_succesful_reviewnotdone_orchavatecore_digital/DJ_Mediaprint___Logistics_Limited/screenshots/DJ_Mediaprint___Logistics_Limited_Homepage_WAVE_Overlay.png)","N/A","Head of Compliance & Digital Governance","info@djcorp.in","General Contact Email","Accessibility & Nodal Officer","info@djcorp.in"
"509","Unassigned","DLF Limited","https://dlf.in","Yes","Yes","Yes","7","7","72","![WAVE Tool Screenshot](https://github.com/VEER-TANMAY-SACHIN/projects/blob/main/orchavate_gtm_workflow/outputs/v1.1_nse_tracker_enriched_clearbit_20260806_193605_attempt1_succesful_reviewnotdone_orchavatecore_digital/DLF_Limited/screenshots/DLF_Limited_Homepage_WAVE_Overlay.png)","N/A","Head of Compliance & Digital Governance","DLF_Logo@300x-8.pngDLF","General Contact Email","Accessibility & Nodal Officer","DLF_Logo@300x-8.pngDLF"
"510","Unassigned","DMCC SPECIALITY CHEMICALS LIMITED","https://dmcc.com","Yes","Yes","Yes","19","19","30","![WAVE Tool Screenshot](https://github.com/VEER-TANMAY-SACHIN/projects/blob/main/orchavate_gtm_workflow/outputs/v1.1_nse_tracker_enriched_clearbit_20260806_193605_attempt1_succesful_reviewnotdone_orchavatecore_digital/DMCC_SPECIALITY_CHEMICALS_LIMITED/screenshots/DMCC_SPECIALITY_CHEMICALS_LIMITED_Homepage_WAVE_Overlay.png)","N/A","Head of Compliance & Digital Governance","info@dmcc.com","General Contact Email","Accessibility & Nodal Officer","info@dmcc.com"
"511","Unassigned","DOMS Industries Limited","https://domsindia.com","Yes","Yes","Yes","","","100","![WAVE Tool Screenshot](https://github.com/VEER-TANMAY-SACHIN/projects/blob/main/orchavate_gtm_workflow/outputs/v1.1_nse_tracker_enriched_clearbit_20260806_193605_attempt1_succesful_reviewnotdone_orchavatecore_digital/DOMS_Industries_Limited/screenshots/DOMS_Industries_Limited_Homepage_WAVE_Overlay.png)","N/A","Head of Compliance & Digital Governance","info@domsindia.com","General Contact Email (Guessed Pattern)","Accessibility & Nodal Officer","info@domsindia.com"
"512","Unassigned","DPSC Limited","https://dpschile.cl","Yes","Yes","Yes","61","61","30","![WAVE Tool Screenshot](https://github.com/VEER-TANMAY-SACHIN/projects/blob/main/orchavate_gtm_workflow/outputs/v1.1_nse_tracker_enriched_clearbit_20260806_193605_attempt1_succesful_reviewnotdone_orchavatecore_digital/DPSC_Limited/screenshots/DPSC_Limited_Homepage_WAVE_Overlay.png)","N/A","Head of Compliance & Digital Governance","ventas@dpschile.cl","General Contact Email","Accessibility & Nodal Officer","ventas@dpschile.cl"
"513","Unassigned","DRC Systems India Limited","https://drcsystems.com","Yes","No","No","","","","![WAVE Tool Screenshot](https://github.com/VEER-TANMAY-SACHIN/projects/blob/main/orchavate_gtm_workflow/outputs/v1.1_nse_tracker_enriched_clearbit_20260806_193605_attempt1_succesful_reviewnotdone_orchavatecore_digital/DRC_Systems_India_Limited/screenshots/DRC_Systems_India_Limited_Homepage_WAVE_Overlay.png)","N/A","Head of Compliance & Digital Governance","N/A","N/A","N/A","Not Found"
"514","Unassigned","D.B.Corp Limited","https://dbcl.net","Yes","Yes","Yes","","","100","![WAVE Tool Screenshot](https://github.com/VEER-TANMAY-SACHIN/projects/blob/main/orchavate_gtm_workflow/outputs/v1.1_nse_tracker_enriched_clearbit_20260806_193605_attempt1_succesful_reviewnotdone_orchavatecore_digital/D_B_Corp_Limited/screenshots/D_B_Corp_Limited_Homepage_WAVE_Overlay.png)","N/A","Head of Compliance & Digital Governance","info@dbcl.net","General Contact Email (Guessed Pattern)","Accessibility & Nodal Officer","info@dbcl.net"
"515","Unassigned","D-Link (India) Limited","https://dlink.com","Yes","Yes","Yes","141","141","30","![WAVE Tool Screenshot](https://github.com/VEER-TANMAY-SACHIN/projects/blob/main/orchavate_gtm_workflow/outputs/v1.1_nse_tracker_enriched_clearbit_20260806_193605_attempt1_succesful_reviewnotdone_orchavatecore_digital/D_Link__India__Limited/screenshots/D_Link__India__Limited_Homepage_WAVE_Overlay.png)","N/A","Head of Compliance & Digital Governance","info@dlink.com","General Contact Email (Guessed Pattern)","Accessibility & Nodal Officer","info@dlink.com"
"516","Unassigned","D P Wires Limited","https://dpwires.com","Yes","Yes","Yes","","","100","![WAVE Tool Screenshot](https://github.com/VEER-TANMAY-SACHIN/projects/blob/main/orchavate_gtm_workflow/outputs/v1.1_nse_tracker_enriched_clearbit_20260806_193605_attempt1_succesful_reviewnotdone_orchavatecore_digital/D_P_Wires_Limited/screenshots/D_P_Wires_Limited_Homepage_WAVE_Overlay.png)","N/A","Head of Compliance & Digital Governance","info@dpwires.com","General Contact Email (Guessed Pattern)","Accessibility & Nodal Officer","info@dpwires.com"
"517","Unassigned","D. P. Abhushan Limited","https://Not Found","No","Yes","Yes","","","100","![WAVE Tool Screenshot](https://github.com/VEER-TANMAY-SACHIN/projects/blob/main/orchavate_gtm_workflow/outputs/v1.1_nse_tracker_enriched_clearbit_20260806_193605_attempt1_succesful_reviewnotdone_orchavatecore_digital/D__P__Abhushan_Limited/screenshots/D__P__Abhushan_Limited_Homepage_WAVE_Overlay.png)","N/A","Head of Compliance & Digital Governance","Not Found","General Contact Email (Guessed Pattern)","Accessibility & Nodal Officer","Not Found"
"518","Unassigned","Dabur India Limited","https://dabur.com","Yes","No","No","","","","![WAVE Tool Screenshot](https://github.com/VEER-TANMAY-SACHIN/projects/blob/main/orchavate_gtm_workflow/outputs/v1.1_nse_tracker_enriched_clearbit_20260806_193605_attempt1_succesful_reviewnotdone_orchavatecore_digital/Dabur_India_Limited/screenshots/Dabur_India_Limited_Homepage_WAVE_Overlay.png)","N/A","Head of Compliance & Digital Governance","N/A","N/A","N/A","Not Found"
"519","Unassigned","Dai-Ichi Karkaria Limited","https://dai-ichiindia.com","Yes","Yes","Yes","20","20","30","![WAVE Tool Screenshot](https://github.com/VEER-TANMAY-SACHIN/projects/blob/main/orchavate_gtm_workflow/outputs/v1.1_nse_tracker_enriched_clearbit_20260806_193605_attempt1_succesful_reviewnotdone_orchavatecore_digital/Dai_Ichi_Karkaria_Limited/screenshots/Dai_Ichi_Karkaria_Limited_Homepage_WAVE_Overlay.png)","N/A","Head of Compliance & Digital Governance","sales@dai-ichiindia.com","General Contact Email","Accessibility & Nodal Officer","sales@dai-ichiindia.com"
"520","Unassigned","Dalmia Bharat Limited","https://dalmiabharat.com","Yes","No","No","","","","![WAVE Tool Screenshot](https://github.com/VEER-TANMAY-SACHIN/projects/blob/main/orchavate_gtm_workflow/outputs/v1.1_nse_tracker_enriched_clearbit_20260806_193605_attempt1_succesful_reviewnotdone_orchavatecore_digital/Dalmia_Bharat_Limited/screenshots/Dalmia_Bharat_Limited_Homepage_WAVE_Overlay.png)","N/A","Head of Compliance & Digital Governance","N/A","N/A","N/A","Not Found"
"521","Unassigned","Dalmia Bharat Sugar and Industries Limited","https://Not Found","No","Yes","Yes","","","100","![WAVE Tool Screenshot](https://github.com/VEER-TANMAY-SACHIN/projects/blob/main/orchavate_gtm_workflow/outputs/v1.1_nse_tracker_enriched_clearbit_20260806_193605_attempt1_succesful_reviewnotdone_orchavatecore_digital/Dalmia_Bharat_Sugar_and_Industries_Limited/screenshots/Dalmia_Bharat_Sugar_and_Industries_Limited_Homepage_WAVE_Overlay.png)","N/A","Head of Compliance & Digital Governance","Not Found","General Contact Email (Guessed Pattern)","Accessibility & Nodal Officer","Not Found"
"522","Unassigned","Dam Capital Advisors Limited","https://Not Found","No","Yes","Yes","","","100","![WAVE Tool Screenshot](https://github.com/VEER-TANMAY-SACHIN/projects/blob/main/orchavate_gtm_workflow/outputs/v1.1_nse_tracker_enriched_clearbit_20260806_193605_attempt1_succesful_reviewnotdone_orchavatecore_digital/Dam_Capital_Advisors_Limited/screenshots/Dam_Capital_Advisors_Limited_Homepage_WAVE_Overlay.png)","N/A","Head of Compliance & Digital Governance","Not Found","General Contact Email (Guessed Pattern)","Accessibility & Nodal Officer","Not Found"
"523","Unassigned","Damodar Industries Limited","https://Not Found","No","Yes","Yes","","","100","![WAVE Tool Screenshot](https://github.com/VEER-TANMAY-SACHIN/projects/blob/main/orchavate_gtm_workflow/outputs/v1.1_nse_tracker_enriched_clearbit_20260806_193605_attempt1_succesful_reviewnotdone_orchavatecore_digital/Damodar_Industries_Limited/screenshots/Damodar_Industries_Limited_Homepage_WAVE_Overlay.png)","N/A","Head of Compliance & Digital Governance","Not Found","General Contact Email (Guessed Pattern)","Accessibility & Nodal Officer","Not Found"
"524","Unassigned","Dangee Dums Limited","https://dangeedums.com","Yes","Yes","Yes","5","5","80","![WAVE Tool Screenshot](https://github.com/VEER-TANMAY-SACHIN/projects/blob/main/orchavate_gtm_workflow/outputs/v1.1_nse_tracker_enriched_clearbit_20260806_193605_attempt1_succesful_reviewnotdone_orchavatecore_digital/Dangee_Dums_Limited/screenshots/Dangee_Dums_Limited_Homepage_WAVE_Overlay.png)","N/A","Head of Compliance & Digital Governance","info@dangeedums.com","General Contact Email (Guessed Pattern)","Accessibility & Nodal Officer","info@dangeedums.com"
"525","Unassigned","Data Patterns (India) Limited","https://datapatternsindia.com","Yes","Yes","Yes","","","100","![WAVE Tool Screenshot](https://github.com/VEER-TANMAY-SACHIN/projects/blob/main/orchavate_gtm_workflow/outputs/v1.1_nse_tracker_enriched_clearbit_20260806_193605_attempt1_succesful_reviewnotdone_orchavatecore_digital/Data_Patterns__India__Limited/screenshots/Data_Patterns__India__Limited_Homepage_WAVE_Overlay.png)","N/A","Head of Compliance & Digital Governance","info@datapatternsindia.com","General Contact Email (Guessed Pattern)","Accessibility & Nodal Officer","info@datapatternsindia.com"
"526","Unassigned","Datamatics Global Services Limited","https://Not Found","No","Yes","Yes","","","100","![WAVE Tool Screenshot](https://github.com/VEER-TANMAY-SACHIN/projects/blob/main/orchavate_gtm_workflow/outputs/v1.1_nse_tracker_enriched_clearbit_20260806_193605_attempt1_succesful_reviewnotdone_orchavatecore_digital/Datamatics_Global_Services_Limited/screenshots/Datamatics_Global_Services_Limited_Homepage_WAVE_Overlay.png)","N/A","Head of Compliance & Digital Governance","Not Found","General Contact Email (Guessed Pattern)","Accessibility & Nodal Officer","Not Found"
"527","Unassigned","Davangere Sugar Company Limited","https://Not Found","No","Yes","Yes","","","100","![WAVE Tool Screenshot](https://github.com/VEER-TANMAY-SACHIN/projects/blob/main/orchavate_gtm_workflow/outputs/v1.1_nse_tracker_enriched_clearbit_20260806_193605_attempt1_succesful_reviewnotdone_orchavatecore_digital/Davangere_Sugar_Company_Limited/screenshots/Davangere_Sugar_Company_Limited_Homepage_WAVE_Overlay.png)","N/A","Head of Compliance & Digital Governance","Not Found","General Contact Email (Guessed Pattern)","Accessibility & Nodal Officer","Not Found"
"528","Unassigned","Dc Infotech And Communication Limited","https://Not Found","No","Yes","Yes","","","100","![WAVE Tool Screenshot](https://github.com/VEER-TANMAY-SACHIN/projects/blob/main/orchavate_gtm_workflow/outputs/v1.1_nse_tracker_enriched_clearbit_20260806_193605_attempt1_succesful_reviewnotdone_orchavatecore_digital/Dc_Infotech_And_Communication_Limited/screenshots/Dc_Infotech_And_Communication_Limited_Homepage_WAVE_Overlay.png)","N/A","Head of Compliance & Digital Governance","Not Found","General Contact Email (Guessed Pattern)","Accessibility & Nodal Officer","Not Found"
"529","Unassigned","Ddev Plastiks Industries Limited","https://Not Found","No","Yes","Yes","","","100","![WAVE Tool Screenshot](https://github.com/VEER-TANMAY-SACHIN/projects/blob/main/orchavate_gtm_workflow/outputs/v1.1_nse_tracker_enriched_clearbit_20260806_193605_attempt1_succesful_reviewnotdone_orchavatecore_digital/Ddev_Plastiks_Industries_Limited/screenshots/Ddev_Plastiks_Industries_Limited_Homepage_WAVE_Overlay.png)","N/A","Head of Compliance & Digital Governance","Not Found","General Contact Email (Guessed Pattern)","Accessibility & Nodal Officer","Not Found"
"530","Unassigned","De Nora India Limited","https://denora.com","Yes","No","No","","","","![WAVE Tool Screenshot](https://github.com/VEER-TANMAY-SACHIN/projects/blob/main/orchavate_gtm_workflow/outputs/v1.1_nse_tracker_enriched_clearbit_20260806_193605_attempt1_succesful_reviewnotdone_orchavatecore_digital/De_Nora_India_Limited/screenshots/De_Nora_India_Limited_Homepage_WAVE_Overlay.png)","N/A","Head of Compliance & Digital Governance","N/A","N/A","N/A","Not Found"
"531","Unassigned","Deccan Cements Limited","https://deccancements.com","Yes","Yes","Yes","14","14","44","![WAVE Tool Screenshot](https://github.com/VEER-TANMAY-SACHIN/projects/blob/main/orchavate_gtm_workflow/outputs/v1.1_nse_tracker_enriched_clearbit_20260806_193605_attempt1_succesful_reviewnotdone_orchavatecore_digital/Deccan_Cements_Limited/screenshots/Deccan_Cements_Limited_Homepage_WAVE_Overlay.png)","N/A","Head of Compliance & Digital Governance","secretarial@deccancements.com","General Contact Email","Accessibility & Nodal Officer","secretarial@deccancements.com"
"532","Unassigned","Deccan Gold Mines Limited","https://deccangoldmines.com","Yes","Yes","Yes","11","11","56","![WAVE Tool Screenshot](https://github.com/VEER-TANMAY-SACHIN/projects/blob/main/orchavate_gtm_workflow/outputs/v1.1_nse_tracker_enriched_clearbit_20260806_193605_attempt1_succesful_reviewnotdone_orchavatecore_digital/Deccan_Gold_Mines_Limited/screenshots/Deccan_Gold_Mines_Limited_Homepage_WAVE_Overlay.png)","N/A","Head of Compliance & Digital Governance","info@deccangoldmines.com","Investor Grievance / Compliance Officer Email","Accessibility & Nodal Officer","investor-relations@deccangoldmines.com"
"533","Unassigned","Deep Industries Limited","https://deepindustries.com","Yes","Yes","Yes","","","100","![WAVE Tool Screenshot](https://github.com/VEER-TANMAY-SACHIN/projects/blob/main/orchavate_gtm_workflow/outputs/v1.1_nse_tracker_enriched_clearbit_20260806_193605_attempt1_succesful_reviewnotdone_orchavatecore_digital/Deep_Industries_Limited/screenshots/Deep_Industries_Limited_Homepage_WAVE_Overlay.png)","N/A","Head of Compliance & Digital Governance","info@deepindustries.com","General Contact Email (Guessed Pattern)","Accessibility & Nodal Officer","info@deepindustries.com"
"534","Unassigned","Deepak Builders & Engineers India Limited","https://Not Found","No","Yes","Yes","","","100","![WAVE Tool Screenshot](https://github.com/VEER-TANMAY-SACHIN/projects/blob/main/orchavate_gtm_workflow/outputs/v1.1_nse_tracker_enriched_clearbit_20260806_193605_attempt1_succesful_reviewnotdone_orchavatecore_digital/Deepak_Builders___Engineers_India_Limited/screenshots/Deepak_Builders___Engineers_India_Limited_Homepage_WAVE_Overlay.png)","N/A","Head of Compliance & Digital Governance","Not Found","General Contact Email (Guessed Pattern)","Accessibility & Nodal Officer","Not Found"
"535","Unassigned","Deepak Fertilizers and Petrochemicals Corporation Limited","https://Not Found","No","Yes","Yes","","","100","![WAVE Tool Screenshot](https://github.com/VEER-TANMAY-SACHIN/projects/blob/main/orchavate_gtm_workflow/outputs/v1.1_nse_tracker_enriched_clearbit_20260806_193605_attempt1_succesful_reviewnotdone_orchavatecore_digital/Deepak_Fertilizers_and_Petrochemicals_Corporation_Limited/screenshots/Deepak_Fertilizers_and_Petrochemicals_Corporation_Limited_Homepage_WAVE_Overlay.png)","N/A","Head of Compliance & Digital Governance","Not Found","General Contact Email (Guessed Pattern)","Accessibility & Nodal Officer","Not Found"
"536","Unassigned","Deepak Nitrite Limited","https://Not Found","No","Yes","Yes","","","100","![WAVE Tool Screenshot](https://github.com/VEER-TANMAY-SACHIN/projects/blob/main/orchavate_gtm_workflow/outputs/v1.1_nse_tracker_enriched_clearbit_20260806_193605_attempt1_succesful_reviewnotdone_orchavatecore_digital/Deepak_Nitrite_Limited/screenshots/Deepak_Nitrite_Limited_Homepage_WAVE_Overlay.png)","N/A","Head of Compliance & Digital Governance","Not Found","General Contact Email (Guessed Pattern)","Accessibility & Nodal Officer","Not Found"
"537","Unassigned","Delhivery Limited","https://delhivery.com","Yes","Yes","Yes","44","44","30","![WAVE Tool Screenshot](https://github.com/VEER-TANMAY-SACHIN/projects/blob/main/orchavate_gtm_workflow/outputs/v1.1_nse_tracker_enriched_clearbit_20260806_193605_attempt1_succesful_reviewnotdone_orchavatecore_digital/Delhivery_Limited/screenshots/Delhivery_Limited_Homepage_WAVE_Overlay.png)","N/A","Head of Compliance & Digital Governance","info@delhivery.com","General Contact Email (Guessed Pattern)","Accessibility & Nodal Officer","info@delhivery.com"
"538","Unassigned","Delta Corp Limited","https://deltacorp.in","Yes","No","No","","","","![WAVE Tool Screenshot](https://github.com/VEER-TANMAY-SACHIN/projects/blob/main/orchavate_gtm_workflow/outputs/v1.1_nse_tracker_enriched_clearbit_20260806_193605_attempt1_succesful_reviewnotdone_orchavatecore_digital/Delta_Corp_Limited/screenshots/Delta_Corp_Limited_Homepage_WAVE_Overlay.png)","N/A","Head of Compliance & Digital Governance","N/A","N/A","N/A","Not Found"
"539","Unassigned","Delta Manufacturing Limited","https://delta-manufacturing.com","Yes","No","No","","","","![WAVE Tool Screenshot](https://github.com/VEER-TANMAY-SACHIN/projects/blob/main/orchavate_gtm_workflow/outputs/v1.1_nse_tracker_enriched_clearbit_20260806_193605_attempt1_succesful_reviewnotdone_orchavatecore_digital/Delta_Manufacturing_Limited/screenshots/Delta_Manufacturing_Limited_Homepage_WAVE_Overlay.png)","N/A","Head of Compliance & Digital Governance","N/A","N/A","N/A","Not Found"
"540","Unassigned","Den Networks Limited","https://dennetworks.com","Yes","No","No","","","","![WAVE Tool Screenshot](https://github.com/VEER-TANMAY-SACHIN/projects/blob/main/orchavate_gtm_workflow/outputs/v1.1_nse_tracker_enriched_clearbit_20260806_193605_attempt1_succesful_reviewnotdone_orchavatecore_digital/Den_Networks_Limited/screenshots/Den_Networks_Limited_Homepage_WAVE_Overlay.png)","N/A","Head of Compliance & Digital Governance","N/A","N/A","N/A","Not Found"
"541","Unassigned","Denta Water and Infra Solutions Limited","https://Not Found","No","Yes","Yes","","","100","![WAVE Tool Screenshot](https://github.com/VEER-TANMAY-SACHIN/projects/blob/main/orchavate_gtm_workflow/outputs/v1.1_nse_tracker_enriched_clearbit_20260806_193605_attempt1_succesful_reviewnotdone_orchavatecore_digital/Denta_Water_and_Infra_Solutions_Limited/screenshots/Denta_Water_and_Infra_Solutions_Limited_Homepage_WAVE_Overlay.png)","N/A","Head of Compliance & Digital Governance","Not Found","General Contact Email (Guessed Pattern)","Accessibility & Nodal Officer","Not Found"
"542","Unassigned","Dev Accelerator Limited","https://devaccelerator.ro","Yes","Yes","Yes","1","1","96","![WAVE Tool Screenshot](https://github.com/VEER-TANMAY-SACHIN/projects/blob/main/orchavate_gtm_workflow/outputs/v1.1_nse_tracker_enriched_clearbit_20260806_193605_attempt1_succesful_reviewnotdone_orchavatecore_digital/Dev_Accelerator_Limited/screenshots/Dev_Accelerator_Limited_Homepage_WAVE_Overlay.png)","N/A","Head of Compliance & Digital Governance","info@devaccelerator.ro","General Contact Email (Guessed Pattern)","Accessibility & Nodal Officer","info@devaccelerator.ro"
"543","Unassigned","Dev Information Technology Limited","https://devitpl.com","Yes","Yes","Yes","","","100","![WAVE Tool Screenshot](https://github.com/VEER-TANMAY-SACHIN/projects/blob/main/orchavate_gtm_workflow/outputs/v1.1_nse_tracker_enriched_clearbit_20260806_193605_attempt1_succesful_reviewnotdone_orchavatecore_digital/Dev_Information_Technology_Limited/screenshots/Dev_Information_Technology_Limited_Homepage_WAVE_Overlay.png)","N/A","Head of Compliance & Digital Governance","info@devitpl.com","General Contact Email (Guessed Pattern)","Accessibility & Nodal Officer","info@devitpl.com"
"544","Unassigned","Devyani International Limited","https://dil-rjcorp.com","Yes","No","No","","","","![WAVE Tool Screenshot](https://github.com/VEER-TANMAY-SACHIN/projects/blob/main/orchavate_gtm_workflow/outputs/v1.1_nse_tracker_enriched_clearbit_20260806_193605_attempt1_succesful_reviewnotdone_orchavatecore_digital/Devyani_International_Limited/screenshots/Devyani_International_Limited_Homepage_WAVE_Overlay.png)","N/A","Head of Compliance & Digital Governance","N/A","N/A","N/A","Not Found"
"545","Unassigned","Dhampur Bio Organics Limited","https://dhampur.com","Yes","Yes","Yes","30","30","30","![WAVE Tool Screenshot](https://github.com/VEER-TANMAY-SACHIN/projects/blob/main/orchavate_gtm_workflow/outputs/v1.1_nse_tracker_enriched_clearbit_20260806_193605_attempt1_succesful_reviewnotdone_orchavatecore_digital/Dhampur_Bio_Organics_Limited/screenshots/Dhampur_Bio_Organics_Limited_Homepage_WAVE_Overlay.png)","N/A","Head of Compliance & Digital Governance","info@dhampur.com","General Contact Email","Accessibility & Nodal Officer","info@dhampur.com"
"546","Unassigned","Dhampur Sugar Mills Limited","https://dhampursugar.com","Yes","Yes","Yes","16","16","36","![WAVE Tool Screenshot](https://github.com/VEER-TANMAY-SACHIN/projects/blob/main/orchavate_gtm_workflow/outputs/v1.1_nse_tracker_enriched_clearbit_20260806_193605_attempt1_succesful_reviewnotdone_orchavatecore_digital/Dhampur_Sugar_Mills_Limited/screenshots/Dhampur_Sugar_Mills_Limited_Homepage_WAVE_Overlay.png)","N/A","Head of Compliance & Digital Governance","gaurav.kadnurrao@schbang.com","Investor Grievance / Compliance Officer Email","Accessibility & Nodal Officer","aparnagoel@dhampursugar.com"
"547","Unassigned","Dhanlaxmi Bank Limited","https://dhanbank.com","Yes","Yes","Yes","9","9","64","![WAVE Tool Screenshot](https://github.com/VEER-TANMAY-SACHIN/projects/blob/main/orchavate_gtm_workflow/outputs/v1.1_nse_tracker_enriched_clearbit_20260806_193605_attempt1_succesful_reviewnotdone_orchavatecore_digital/Dhanlaxmi_Bank_Limited/screenshots/Dhanlaxmi_Bank_Limited_Homepage_WAVE_Overlay.png)","N/A","Head of Compliance & Digital Governance","customercare@dhanbank.co.in","Investor Grievance / Compliance Officer Email","Accessibility & Nodal Officer","customercare@dhanbank.co.in"
"548","Unassigned","Dhanuka Agritech Limited","https://dhanuka.com","Yes","No","No","","","","![WAVE Tool Screenshot](https://github.com/VEER-TANMAY-SACHIN/projects/blob/main/orchavate_gtm_workflow/outputs/v1.1_nse_tracker_enriched_clearbit_20260806_193605_attempt1_succesful_reviewnotdone_orchavatecore_digital/Dhanuka_Agritech_Limited/screenshots/Dhanuka_Agritech_Limited_Homepage_WAVE_Overlay.png)","N/A","Head of Compliance & Digital Governance","N/A","N/A","N/A","Not Found"
"549","Unassigned","Dharmaj Crop Guard Limited","https://dharmajcrop.com","Yes","Yes","Yes","32","32","30","![WAVE Tool Screenshot](https://github.com/VEER-TANMAY-SACHIN/projects/blob/main/orchavate_gtm_workflow/outputs/v1.1_nse_tracker_enriched_clearbit_20260806_193605_attempt1_succesful_reviewnotdone_orchavatecore_digital/Dharmaj_Crop_Guard_Limited/screenshots/Dharmaj_Crop_Guard_Limited_Homepage_WAVE_Overlay.png)","N/A","Head of Compliance & Digital Governance","customercare@dharmajcrop.com","General Contact Email","Accessibility & Nodal Officer","customercare@dharmajcrop.com"
"550","Unassigned","Dhruv Consultancy Services Limited","https://dhruvtec.com","Yes","Yes","Yes","9","9","64","![WAVE Tool Screenshot](https://github.com/VEER-TANMAY-SACHIN/projects/blob/main/orchavate_gtm_workflow/outputs/v1.1_nse_tracker_enriched_clearbit_20260806_193605_attempt1_succesful_reviewnotdone_orchavatecore_digital/Dhruv_Consultancy_Services_Limited/screenshots/Dhruv_Consultancy_Services_Limited_Homepage_WAVE_Overlay.png)","N/A","Head of Compliance & Digital Governance","support@sitename.com","General Contact Email","Accessibility & Nodal Officer","support@sitename.com"
"551","Unassigned","Dhunseri Investments Limited","https://dhunseriinvestments.com","Yes","Yes","Yes","2","2","92","![WAVE Tool Screenshot](https://github.com/VEER-TANMAY-SACHIN/projects/blob/main/orchavate_gtm_workflow/outputs/v1.1_nse_tracker_enriched_clearbit_20260806_193605_attempt1_succesful_reviewnotdone_orchavatecore_digital/Dhunseri_Investments_Limited/screenshots/Dhunseri_Investments_Limited_Homepage_WAVE_Overlay.png)","N/A","Head of Compliance & Digital Governance","contact@mdplcorporate.com","Investor Grievance / Compliance Officer Email","Accessibility & Nodal Officer","mail@dhunseriinvestments.com"
"552","Unassigned","Dhunseri Tea & Industries Limited","https://dhunseritea.com","Yes","No","No","","","","![WAVE Tool Screenshot](https://github.com/VEER-TANMAY-SACHIN/projects/blob/main/orchavate_gtm_workflow/outputs/v1.1_nse_tracker_enriched_clearbit_20260806_193605_attempt1_succesful_reviewnotdone_orchavatecore_digital/Dhunseri_Tea___Industries_Limited/screenshots/Dhunseri_Tea___Industries_Limited_Homepage_WAVE_Overlay.png)","N/A","Head of Compliance & Digital Governance","N/A","N/A","N/A","Not Found"
"553","Unassigned","Dhunseri Ventures Limited","https://Not Found","No","Yes","Yes","","","100","![WAVE Tool Screenshot](https://github.com/VEER-TANMAY-SACHIN/projects/blob/main/orchavate_gtm_workflow/outputs/v1.1_nse_tracker_enriched_clearbit_20260806_193605_attempt1_succesful_reviewnotdone_orchavatecore_digital/Dhunseri_Ventures_Limited/screenshots/Dhunseri_Ventures_Limited_Homepage_WAVE_Overlay.png)","N/A","Head of Compliance & Digital Governance","Not Found","General Contact Email (Guessed Pattern)","Accessibility & Nodal Officer","Not Found"
"554","Unassigned","DiGiSPICE Technologies Limited","https://digispice.com","Yes","Yes","Yes","5","5","80","![WAVE Tool Screenshot](https://github.com/VEER-TANMAY-SACHIN/projects/blob/main/orchavate_gtm_workflow/outputs/v1.1_nse_tracker_enriched_clearbit_20260806_193605_attempt1_succesful_reviewnotdone_orchavatecore_digital/DiGiSPICE_Technologies_Limited/screenshots/DiGiSPICE_Technologies_Limited_Homepage_WAVE_Overlay.png)","N/A","Head of Compliance & Digital Governance","info@digispice.com","General Contact Email (Guessed Pattern)","Accessibility & Nodal Officer","info@digispice.com"
"555","Unassigned","Diamines & Chemicals Limited","https://Not Found","No","Yes","Yes","","","100","![WAVE Tool Screenshot](https://github.com/VEER-TANMAY-SACHIN/projects/blob/main/orchavate_gtm_workflow/outputs/v1.1_nse_tracker_enriched_clearbit_20260806_193605_attempt1_succesful_reviewnotdone_orchavatecore_digital/Diamines___Chemicals_Limited/screenshots/Diamines___Chemicals_Limited_Homepage_WAVE_Overlay.png)","N/A","Head of Compliance & Digital Governance","Not Found","General Contact Email (Guessed Pattern)","Accessibility & Nodal Officer","Not Found"
"556","Unassigned","Diamond Power Infrastructure Limited","https://dicabs.com","Yes","Yes","Yes","7","7","72","![WAVE Tool Screenshot](https://github.com/VEER-TANMAY-SACHIN/projects/blob/main/orchavate_gtm_workflow/outputs/v1.1_nse_tracker_enriched_clearbit_20260806_193605_attempt1_succesful_reviewnotdone_orchavatecore_digital/Diamond_Power_Infrastructure_Limited/screenshots/Diamond_Power_Infrastructure_Limited_Homepage_WAVE_Overlay.png)","N/A","Head of Compliance & Digital Governance","enquiry@dicabs.com","General Contact Email","Accessibility & Nodal Officer","enquiry@dicabs.com"
"557","Unassigned","Diffusion Engineers Limited","https://diffusionengineers.com","Yes","Yes","Yes","11","11","56","![WAVE Tool Screenshot](https://github.com/VEER-TANMAY-SACHIN/projects/blob/main/orchavate_gtm_workflow/outputs/v1.1_nse_tracker_enriched_clearbit_20260806_193605_attempt1_succesful_reviewnotdone_orchavatecore_digital/Diffusion_Engineers_Limited/screenshots/Diffusion_Engineers_Limited_Homepage_WAVE_Overlay.png)","N/A","Head of Compliance & Digital Governance","info@diffusionengineers.com","Investor Grievance / Compliance Officer Email","Accessibility & Nodal Officer","investorsrelation@diffusionengineers.com"
"558","Unassigned","Digicontent Limited","https://digicontentworld.com","Yes","Yes","Yes","","","100","![WAVE Tool Screenshot](https://github.com/VEER-TANMAY-SACHIN/projects/blob/main/orchavate_gtm_workflow/outputs/v1.1_nse_tracker_enriched_clearbit_20260806_193605_attempt1_succesful_reviewnotdone_orchavatecore_digital/Digicontent_Limited/screenshots/Digicontent_Limited_Homepage_WAVE_Overlay.png)","N/A","Head of Compliance & Digital Governance","info@digicontentworld.com","General Contact Email (Guessed Pattern)","Accessibility & Nodal Officer","info@digicontentworld.com"
"559","Unassigned","Digidrive Distributors Limited","https://Not Found","No","Yes","Yes","","","100","![WAVE Tool Screenshot](https://github.com/VEER-TANMAY-SACHIN/projects/blob/main/orchavate_gtm_workflow/outputs/v1.1_nse_tracker_enriched_clearbit_20260806_193605_attempt1_succesful_reviewnotdone_orchavatecore_digital/Digidrive_Distributors_Limited/screenshots/Digidrive_Distributors_Limited_Homepage_WAVE_Overlay.png)","N/A","Head of Compliance & Digital Governance","Not Found","General Contact Email (Guessed Pattern)","Accessibility & Nodal Officer","Not Found"
"560","Unassigned","Digitide Solutions Limited","https://Not Found","No","Yes","Yes","","","100","![WAVE Tool Screenshot](https://github.com/VEER-TANMAY-SACHIN/projects/blob/main/orchavate_gtm_workflow/outputs/v1.1_nse_tracker_enriched_clearbit_20260806_193605_attempt1_succesful_reviewnotdone_orchavatecore_digital/Digitide_Solutions_Limited/screenshots/Digitide_Solutions_Limited_Homepage_WAVE_Overlay.png)","N/A","Head of Compliance & Digital Governance","Not Found","General Contact Email (Guessed Pattern)","Accessibility & Nodal Officer","Not Found"
"561","Unassigned","Digjam Limited","https://digjamaica.com","Yes","Yes","Yes","","","100","![WAVE Tool Screenshot](https://github.com/VEER-TANMAY-SACHIN/projects/blob/main/orchavate_gtm_workflow/outputs/v1.1_nse_tracker_enriched_clearbit_20260806_193605_attempt1_succesful_reviewnotdone_orchavatecore_digital/Digjam_Limited/screenshots/Digjam_Limited_Homepage_WAVE_Overlay.png)","N/A","Head of Compliance & Digital Governance","info@digjamaica.com","General Contact Email (Guessed Pattern)","Accessibility & Nodal Officer","info@digjamaica.com"
"562","Unassigned","Diligent Media Corporation Limited","https://diligent.media","Yes","Yes","Yes","","","100","![WAVE Tool Screenshot](https://github.com/VEER-TANMAY-SACHIN/projects/blob/main/orchavate_gtm_workflow/outputs/v1.1_nse_tracker_enriched_clearbit_20260806_193605_attempt1_succesful_reviewnotdone_orchavatecore_digital/Diligent_Media_Corporation_Limited/screenshots/Diligent_Media_Corporation_Limited_Homepage_WAVE_Overlay.png)","N/A","Head of Compliance & Digital Governance","info@diligent.media","General Contact Email (Guessed Pattern)","Accessibility & Nodal Officer","info@diligent.media"
"563","Unassigned","Dilip Buildcon Limited","https://dilipbuildcon.com","Yes","Yes","Yes","13","13","48","![WAVE Tool Screenshot](https://github.com/VEER-TANMAY-SACHIN/projects/blob/main/orchavate_gtm_workflow/outputs/v1.1_nse_tracker_enriched_clearbit_20260806_193605_attempt1_succesful_reviewnotdone_orchavatecore_digital/Dilip_Buildcon_Limited/screenshots/Dilip_Buildcon_Limited_Homepage_WAVE_Overlay.png)","N/A","Head of Compliance & Digital Governance","contactus@dbl.co.in","Investor Grievance / Compliance Officer Email","Accessibility & Nodal Officer","rnt.helpdesk@linkintime.co.in"
"564","Unassigned","Disa India Limited","https://disa.mil","Yes","Yes","Yes","","","100","![WAVE Tool Screenshot](https://github.com/VEER-TANMAY-SACHIN/projects/blob/main/orchavate_gtm_workflow/outputs/v1.1_nse_tracker_enriched_clearbit_20260806_193605_attempt1_succesful_reviewnotdone_orchavatecore_digital/Disa_India_Limited/screenshots/Disa_India_Limited_Homepage_WAVE_Overlay.png)","N/A","Head of Compliance & Digital Governance","info@disa.mil","General Contact Email (Guessed Pattern)","Accessibility & Nodal Officer","info@disa.mil"
"565","Unassigned","Dish TV India Limited","https://dishtv.in","Yes","Yes","Yes","8","8","68","![WAVE Tool Screenshot](https://github.com/VEER-TANMAY-SACHIN/projects/blob/main/orchavate_gtm_workflow/outputs/v1.1_nse_tracker_enriched_clearbit_20260806_193605_attempt1_succesful_reviewnotdone_orchavatecore_digital/Dish_TV_India_Limited/screenshots/Dish_TV_India_Limited_Homepage_WAVE_Overlay.png)","N/A","Head of Compliance & Digital Governance","info@dishtv.in","General Contact Email (Guessed Pattern)","Accessibility & Nodal Officer","info@dishtv.in"
"566","Unassigned","Dishman Carbogen Amcis Limited","https://imdcal.com","Yes","Yes","Yes","2","2","92","![WAVE Tool Screenshot](https://github.com/VEER-TANMAY-SACHIN/projects/blob/main/orchavate_gtm_workflow/outputs/v1.1_nse_tracker_enriched_clearbit_20260806_193605_attempt1_succesful_reviewnotdone_orchavatecore_digital/Dishman_Carbogen_Amcis_Limited/screenshots/Dishman_Carbogen_Amcis_Limited_Homepage_WAVE_Overlay.png)","N/A","Head of Compliance & Digital Governance","vinodnair@dishmangroup.com","Investor Grievance / Compliance Officer Email","Accessibility & Nodal Officer","mumbai@linkintime.co.in"
"567","Unassigned","Divgi Torqtransfer Systems Limited","https://divgi-tts.com","Yes","Yes","Yes","9","9","64","![WAVE Tool Screenshot](https://github.com/VEER-TANMAY-SACHIN/projects/blob/main/orchavate_gtm_workflow/outputs/v1.1_nse_tracker_enriched_clearbit_20260806_193605_attempt1_succesful_reviewnotdone_orchavatecore_digital/Divgi_Torqtransfer_Systems_Limited/screenshots/Divgi_Torqtransfer_Systems_Limited_Homepage_WAVE_Overlay.png)","N/A","Head of Compliance & Digital Governance","support@consultum.com","General Contact Email","Accessibility & Nodal Officer","support@consultum.com"
"568","Unassigned","Divi's Laboratories Limited","https://divislabs.com","Yes","Yes","Yes","4","4","84","![WAVE Tool Screenshot](https://github.com/VEER-TANMAY-SACHIN/projects/blob/main/orchavate_gtm_workflow/outputs/v1.1_nse_tracker_enriched_clearbit_20260806_193605_attempt1_succesful_reviewnotdone_orchavatecore_digital/Divi_s_Laboratories_Limited/screenshots/Divi_s_Laboratories_Limited_Homepage_WAVE_Overlay.png)","N/A","Head of Compliance & Digital Governance","info@divislabs.com","General Contact Email","Accessibility & Nodal Officer","info@divislabs.com"
"569","Unassigned","Dixon Technologies (India) Limited","https://dixonplace.org","Yes","Yes","Yes","15","15","40","![WAVE Tool Screenshot](https://github.com/VEER-TANMAY-SACHIN/projects/blob/main/orchavate_gtm_workflow/outputs/v1.1_nse_tracker_enriched_clearbit_20260806_193605_attempt1_succesful_reviewnotdone_orchavatecore_digital/Dixon_Technologies__India__Limited/screenshots/Dixon_Technologies__India__Limited_Homepage_WAVE_Overlay.png)","N/A","Head of Compliance & Digital Governance","info@dixonplace.org","General Contact Email (Guessed Pattern)","Accessibility & Nodal Officer","info@dixonplace.org"
"570","Unassigned","Dodla Dairy Limited","https://dodladairy.com","Yes","Yes","Yes","","","100","![WAVE Tool Screenshot](https://github.com/VEER-TANMAY-SACHIN/projects/blob/main/orchavate_gtm_workflow/outputs/v1.1_nse_tracker_enriched_clearbit_20260806_193605_attempt1_succesful_reviewnotdone_orchavatecore_digital/Dodla_Dairy_Limited/screenshots/Dodla_Dairy_Limited_Homepage_WAVE_Overlay.png)","N/A","Head of Compliance & Digital Governance","info@dodladairy.com","General Contact Email (Guessed Pattern)","Accessibility & Nodal Officer","info@dodladairy.com"
"571","Unassigned","Dolat Algotech Limited","https://Not Found","No","Yes","Yes","","","100","![WAVE Tool Screenshot](https://github.com/VEER-TANMAY-SACHIN/projects/blob/main/orchavate_gtm_workflow/outputs/v1.1_nse_tracker_enriched_clearbit_20260806_193605_attempt1_succesful_reviewnotdone_orchavatecore_digital/Dolat_Algotech_Limited/screenshots/Dolat_Algotech_Limited_Homepage_WAVE_Overlay.png)","N/A","Head of Compliance & Digital Governance","Not Found","General Contact Email (Guessed Pattern)","Accessibility & Nodal Officer","Not Found"
"572","Unassigned","Dollar Industries Limited","https://dollar-stationery.com","Yes","Yes","Yes","1","1","96","![WAVE Tool Screenshot](https://github.com/VEER-TANMAY-SACHIN/projects/blob/main/orchavate_gtm_workflow/outputs/v1.1_nse_tracker_enriched_clearbit_20260806_193605_attempt1_succesful_reviewnotdone_orchavatecore_digital/Dollar_Industries_Limited/screenshots/Dollar_Industries_Limited_Homepage_WAVE_Overlay.png)","N/A","Head of Compliance & Digital Governance","info@dollar-stationery.com","General Contact Email (Guessed Pattern)","Accessibility & Nodal Officer","info@dollar-stationery.com"
"573","Unassigned","Dolphin Offshore Enterprises (India) Limited","https://Not Found","No","Yes","Yes","","","100","![WAVE Tool Screenshot](https://github.com/VEER-TANMAY-SACHIN/projects/blob/main/orchavate_gtm_workflow/outputs/v1.1_nse_tracker_enriched_clearbit_20260806_193605_attempt1_succesful_reviewnotdone_orchavatecore_digital/Dolphin_Offshore_Enterprises__India__Limited/screenshots/Dolphin_Offshore_Enterprises__India__Limited_Homepage_WAVE_Overlay.png)","N/A","Head of Compliance & Digital Governance","Not Found","General Contact Email (Guessed Pattern)","Accessibility & Nodal Officer","Not Found"
"574","Unassigned","Donear Industries Limited","https://Not Found","No","Yes","Yes","","","100","![WAVE Tool Screenshot](https://github.com/VEER-TANMAY-SACHIN/projects/blob/main/orchavate_gtm_workflow/outputs/v1.1_nse_tracker_enriched_clearbit_20260806_193605_attempt1_succesful_reviewnotdone_orchavatecore_digital/Donear_Industries_Limited/screenshots/Donear_Industries_Limited_Homepage_WAVE_Overlay.png)","N/A","Head of Compliance & Digital Governance","Not Found","General Contact Email (Guessed Pattern)","Accessibility & Nodal Officer","Not Found"
"575","Unassigned","Dr Agarwals Eye Hospital Limited","https://dragarwal.com","Yes","Yes","Yes","1","1","96","![WAVE Tool Screenshot](https://github.com/VEER-TANMAY-SACHIN/projects/blob/main/orchavate_gtm_workflow/outputs/v1.1_nse_tracker_enriched_clearbit_20260806_193605_attempt1_succesful_reviewnotdone_orchavatecore_digital/Dr_Agarwals_Eye_Hospital_Limited/screenshots/Dr_Agarwals_Eye_Hospital_Limited_Homepage_WAVE_Overlay.png)","N/A","Head of Compliance & Digital Governance","info@dragarwal.com","General Contact Email","Accessibility & Nodal Officer","info@dragarwal.com"
"576","Unassigned","Dr. Agarwal's Health Care Limited","https://Not Found","No","Yes","Yes","","","100","![WAVE Tool Screenshot](https://github.com/VEER-TANMAY-SACHIN/projects/blob/main/orchavate_gtm_workflow/outputs/v1.1_nse_tracker_enriched_clearbit_20260806_193605_attempt1_succesful_reviewnotdone_orchavatecore_digital/Dr__Agarwal_s_Health_Care_Limited/screenshots/Dr__Agarwal_s_Health_Care_Limited_Homepage_WAVE_Overlay.png)","N/A","Head of Compliance & Digital Governance","Not Found","General Contact Email (Guessed Pattern)","Accessibility & Nodal Officer","Not Found"
"577","Unassigned","Dr. Reddy's Laboratories Limited","https://drreddys.com","Yes","Yes","Yes","1","1","96","![WAVE Tool Screenshot](https://github.com/VEER-TANMAY-SACHIN/projects/blob/main/orchavate_gtm_workflow/outputs/v1.1_nse_tracker_enriched_clearbit_20260806_193605_attempt1_succesful_reviewnotdone_orchavatecore_digital/Dr__Reddy_s_Laboratories_Limited/screenshots/Dr__Reddy_s_Laboratories_Limited_Homepage_WAVE_Overlay.png)","N/A","Head of Compliance & Digital Governance","info@drreddys.com","General Contact Email (Guessed Pattern)","Accessibility & Nodal Officer","info@drreddys.com"
"578","Unassigned","Dreamfolks Services Limited","https://Not Found","No","Yes","Yes","","","100","![WAVE Tool Screenshot](https://github.com/VEER-TANMAY-SACHIN/projects/blob/main/orchavate_gtm_workflow/outputs/v1.1_nse_tracker_enriched_clearbit_20260806_193605_attempt1_succesful_reviewnotdone_orchavatecore_digital/Dreamfolks_Services_Limited/screenshots/Dreamfolks_Services_Limited_Homepage_WAVE_Overlay.png)","N/A","Head of Compliance & Digital Governance","Not Found","General Contact Email (Guessed Pattern)","Accessibility & Nodal Officer","Not Found"
"579","Unassigned","Dredging Corporation of India Limited","https://Not Found","No","Yes","Yes","","","100","![WAVE Tool Screenshot](https://github.com/VEER-TANMAY-SACHIN/projects/blob/main/orchavate_gtm_workflow/outputs/v1.1_nse_tracker_enriched_clearbit_20260806_193605_attempt1_succesful_reviewnotdone_orchavatecore_digital/Dredging_Corporation_of_India_Limited/screenshots/Dredging_Corporation_of_India_Limited_Homepage_WAVE_Overlay.png)","N/A","Head of Compliance & Digital Governance","Not Found","General Contact Email (Guessed Pattern)","Accessibility & Nodal Officer","Not Found"
"580","Unassigned","Ducon Infratechnologies Limited","https://duconinfra.co.in","Yes","Yes","Yes","1","1","96","![WAVE Tool Screenshot](https://github.com/VEER-TANMAY-SACHIN/projects/blob/main/orchavate_gtm_workflow/outputs/v1.1_nse_tracker_enriched_clearbit_20260806_193605_attempt1_succesful_reviewnotdone_orchavatecore_digital/Ducon_Infratechnologies_Limited/screenshots/Ducon_Infratechnologies_Limited_Homepage_WAVE_Overlay.png)","N/A","Head of Compliance & Digital Governance","sales@duconinfra.co.in","General Contact Email","Accessibility & Nodal Officer","sales@duconinfra.co.in"
"581","Unassigned","Dwarikesh Sugar Industries Limited","https://dwarikesh.com","Yes","Yes","Yes","35","35","30","![WAVE Tool Screenshot](https://github.com/VEER-TANMAY-SACHIN/projects/blob/main/orchavate_gtm_workflow/outputs/v1.1_nse_tracker_enriched_clearbit_20260806_193605_attempt1_succesful_reviewnotdone_orchavatecore_digital/Dwarikesh_Sugar_Industries_Limited/screenshots/Dwarikesh_Sugar_Industries_Limited_Homepage_WAVE_Overlay.png)","N/A","Head of Compliance & Digital Governance","investors@dwarikesh.com","General Contact Email","Accessibility & Nodal Officer","investors@dwarikesh.com"
"582","Unassigned","Dynacons Systems & Solutions Limited","https://Not Found","No","Yes","Yes","","","100","![WAVE Tool Screenshot](https://github.com/VEER-TANMAY-SACHIN/projects/blob/main/orchavate_gtm_workflow/outputs/v1.1_nse_tracker_enriched_clearbit_20260806_193605_attempt1_succesful_reviewnotdone_orchavatecore_digital/Dynacons_Systems___Solutions_Limited/screenshots/Dynacons_Systems___Solutions_Limited_Homepage_WAVE_Overlay.png)","N/A","Head of Compliance & Digital Governance","Not Found","General Contact Email (Guessed Pattern)","Accessibility & Nodal Officer","Not Found"
"583","Unassigned","Dynamatic Technologies Limited","https://dynamatics.com","Yes","No","No","","","","![WAVE Tool Screenshot](https://github.com/VEER-TANMAY-SACHIN/projects/blob/main/orchavate_gtm_workflow/outputs/v1.1_nse_tracker_enriched_clearbit_20260806_193605_attempt1_succesful_reviewnotdone_orchavatecore_digital/Dynamatic_Technologies_Limited/screenshots/Dynamatic_Technologies_Limited_Homepage_WAVE_Overlay.png)","N/A","Head of Compliance & Digital Governance","N/A","N/A","N/A","Not Found"
"584","Unassigned","Dynamic Cables Limited","https://dynamiccables.co.in","Yes","Yes","Yes","","","100","![WAVE Tool Screenshot](https://github.com/VEER-TANMAY-SACHIN/projects/blob/main/orchavate_gtm_workflow/outputs/v1.1_nse_tracker_enriched_clearbit_20260806_193605_attempt1_succesful_reviewnotdone_orchavatecore_digital/Dynamic_Cables_Limited/screenshots/Dynamic_Cables_Limited_Homepage_WAVE_Overlay.png)","N/A","Head of Compliance & Digital Governance","info@dynamiccables.co.in","General Contact Email (Guessed Pattern)","Accessibility & Nodal Officer","info@dynamiccables.co.in"
"585","Unassigned","Dynemic Products Limited","https://dynemic.com","Yes","No","No","","","","![WAVE Tool Screenshot](https://github.com/VEER-TANMAY-SACHIN/projects/blob/main/orchavate_gtm_workflow/outputs/v1.1_nse_tracker_enriched_clearbit_20260806_193605_attempt1_succesful_reviewnotdone_orchavatecore_digital/Dynemic_Products_Limited/screenshots/Dynemic_Products_Limited_Homepage_WAVE_Overlay.png)","N/A","Head of Compliance & Digital Governance","N/A","N/A","N/A","Not Found"
"586","Unassigned","E2E Networks Limited","https://e2enetworks.com","Yes","Yes","Yes","2","2","92","![WAVE Tool Screenshot](https://github.com/VEER-TANMAY-SACHIN/projects/blob/main/orchavate_gtm_workflow/outputs/v1.1_nse_tracker_enriched_clearbit_20260806_193605_attempt1_succesful_reviewnotdone_orchavatecore_digital/E2E_Networks_Limited/screenshots/E2E_Networks_Limited_Homepage_WAVE_Overlay.png)","N/A","Head of Compliance & Digital Governance","sales@e2enetworks.com","General Contact Email","Accessibility & Nodal Officer","sales@e2enetworks.com"
"587","Unassigned","EFC (I) Limited","https://efc-intl.com","Yes","Yes","Yes","28","28","30","![WAVE Tool Screenshot](https://github.com/VEER-TANMAY-SACHIN/projects/blob/main/orchavate_gtm_workflow/outputs/v1.1_nse_tracker_enriched_clearbit_20260806_193605_attempt1_succesful_reviewnotdone_orchavatecore_digital/EFC__I__Limited/screenshots/EFC__I__Limited_Homepage_WAVE_Overlay.png)","N/A","Head of Compliance & Digital Governance","info@efc-intl.com","General Contact Email (Guessed Pattern)","Accessibility & Nodal Officer","info@efc-intl.com"
"588","Unassigned","EID Parry India Limited","https://eidparry.com","Yes","Yes","Yes","44","44","30","![WAVE Tool Screenshot](https://github.com/VEER-TANMAY-SACHIN/projects/blob/main/orchavate_gtm_workflow/outputs/v1.1_nse_tracker_enriched_clearbit_20260806_193605_attempt1_succesful_reviewnotdone_orchavatecore_digital/EID_Parry_India_Limited/screenshots/EID_Parry_India_Limited_Homepage_WAVE_Overlay.png)","N/A","Head of Compliance & Digital Governance","info@eidparry.com","General Contact Email (Guessed Pattern)","Accessibility & Nodal Officer","info@eidparry.com"
"589","Unassigned","EIH Associated Hotels Limited","https://eihassociatedhotels.in","Yes","No","No","","","","![WAVE Tool Screenshot](https://github.com/VEER-TANMAY-SACHIN/projects/blob/main/orchavate_gtm_workflow/outputs/v1.1_nse_tracker_enriched_clearbit_20260806_193605_attempt1_succesful_reviewnotdone_orchavatecore_digital/EIH_Associated_Hotels_Limited/screenshots/EIH_Associated_Hotels_Limited_Homepage_WAVE_Overlay.png)","N/A","Head of Compliance & Digital Governance","N/A","N/A","N/A","Not Found"
"590","Unassigned","EIH Limited","https://eihltd.com","Yes","No","No","","","","![WAVE Tool Screenshot](https://github.com/VEER-TANMAY-SACHIN/projects/blob/main/orchavate_gtm_workflow/outputs/v1.1_nse_tracker_enriched_clearbit_20260806_193605_attempt1_succesful_reviewnotdone_orchavatecore_digital/EIH_Limited/screenshots/EIH_Limited_Homepage_WAVE_Overlay.png)","N/A","Head of Compliance & Digital Governance","N/A","N/A","N/A","Not Found"
"591","Unassigned","EL CID Investments Limited","https://elcidinvestments.com","Yes","Yes","Yes","6","6","76","![WAVE Tool Screenshot](https://github.com/VEER-TANMAY-SACHIN/projects/blob/main/orchavate_gtm_workflow/outputs/v1.1_nse_tracker_enriched_clearbit_20260806_193605_attempt1_succesful_reviewnotdone_orchavatecore_digital/EL_CID_Investments_Limited/screenshots/EL_CID_Investments_Limited_Homepage_WAVE_Overlay.png)","N/A","Head of Compliance & Digital Governance","vakilgroup@gmail.com","General Contact Email","Accessibility & Nodal Officer","vakilgroup@gmail.com"
"592","Unassigned","EMS Limited","https://emslimited.co.ke","Yes","Yes","Yes","","","100","![WAVE Tool Screenshot](https://github.com/VEER-TANMAY-SACHIN/projects/blob/main/orchavate_gtm_workflow/outputs/v1.1_nse_tracker_enriched_clearbit_20260806_193605_attempt1_succesful_reviewnotdone_orchavatecore_digital/EMS_Limited/screenshots/EMS_Limited_Homepage_WAVE_Overlay.png)","N/A","Head of Compliance & Digital Governance","info@emslimited.co.ke","General Contact Email (Guessed Pattern)","Accessibility & Nodal Officer","info@emslimited.co.ke"
"593","Unassigned","EPACK Durable Limited","https://epackdurable.com","Yes","No","No","","","","![WAVE Tool Screenshot](https://github.com/VEER-TANMAY-SACHIN/projects/blob/main/orchavate_gtm_workflow/outputs/v1.1_nse_tracker_enriched_clearbit_20260806_193605_attempt1_succesful_reviewnotdone_orchavatecore_digital/EPACK_Durable_Limited/screenshots/EPACK_Durable_Limited_Homepage_WAVE_Overlay.png)","N/A","Head of Compliance & Digital Governance","N/A","N/A","N/A","Not Found"
"594","Unassigned","EPL Limited","https://eplglobal.com","Yes","Yes","Yes","26","26","30","![WAVE Tool Screenshot](https://github.com/VEER-TANMAY-SACHIN/projects/blob/main/orchavate_gtm_workflow/outputs/v1.1_nse_tracker_enriched_clearbit_20260806_193605_attempt1_succesful_reviewnotdone_orchavatecore_digital/EPL_Limited/screenshots/EPL_Limited_Homepage_WAVE_Overlay.png)","N/A","Head of Compliance & Digital Governance","info@eplglobal.com","General Contact Email","Accessibility & Nodal Officer","info@eplglobal.com"
"595","Unassigned","EPack Prefab Technologies Limited","https://epackpolymers.com","Yes","No","No","","","","![WAVE Tool Screenshot](https://github.com/VEER-TANMAY-SACHIN/projects/blob/main/orchavate_gtm_workflow/outputs/v1.1_nse_tracker_enriched_clearbit_20260806_193605_attempt1_succesful_reviewnotdone_orchavatecore_digital/EPack_Prefab_Technologies_Limited/screenshots/EPack_Prefab_Technologies_Limited_Homepage_WAVE_Overlay.png)","N/A","Head of Compliance & Digital Governance","N/A","N/A","N/A","Not Found"
"596","Unassigned","ESAF Small Finance Bank Limited","https://esafbank.com","Yes","Yes","Yes","","","100","![WAVE Tool Screenshot](https://github.com/VEER-TANMAY-SACHIN/projects/blob/main/orchavate_gtm_workflow/outputs/v1.1_nse_tracker_enriched_clearbit_20260806_193605_attempt1_succesful_reviewnotdone_orchavatecore_digital/ESAF_Small_Finance_Bank_Limited/screenshots/ESAF_Small_Finance_Bank_Limited_Homepage_WAVE_Overlay.png)","N/A","Head of Compliance & Digital Governance","info@esafbank.com","General Contact Email (Guessed Pattern)","Accessibility & Nodal Officer","info@esafbank.com"
"597","Unassigned","ETERNAL LIMITED","https://epm.org","Yes","Yes","Yes","1","1","96","![WAVE Tool Screenshot](https://github.com/VEER-TANMAY-SACHIN/projects/blob/main/orchavate_gtm_workflow/outputs/v1.1_nse_tracker_enriched_clearbit_20260806_193605_attempt1_succesful_reviewnotdone_orchavatecore_digital/ETERNAL_LIMITED/screenshots/ETERNAL_LIMITED_Homepage_WAVE_Overlay.png)","N/A","Head of Compliance & Digital Governance","email@example.com","General Contact Email","Accessibility & Nodal Officer","email@example.com"
"598","Unassigned","Eastern Silk Industries Limited","https://easternsilk.com","Yes","Yes","Yes","1","1","96","![WAVE Tool Screenshot](https://github.com/VEER-TANMAY-SACHIN/projects/blob/main/orchavate_gtm_workflow/outputs/v1.1_nse_tracker_enriched_clearbit_20260806_193605_attempt1_succesful_reviewnotdone_orchavatecore_digital/Eastern_Silk_Industries_Limited/screenshots/Eastern_Silk_Industries_Limited_Homepage_WAVE_Overlay.png)","N/A","Head of Compliance & Digital Governance","cs@easternsilk.com","General Contact Email","Accessibility & Nodal Officer","cs@easternsilk.com"
"599","Unassigned","Easy Trip Planners Limited","https://Not Found","No","Yes","Yes","","","100","![WAVE Tool Screenshot](https://github.com/VEER-TANMAY-SACHIN/projects/blob/main/orchavate_gtm_workflow/outputs/v1.1_nse_tracker_enriched_clearbit_20260806_193605_attempt1_succesful_reviewnotdone_orchavatecore_digital/Easy_Trip_Planners_Limited/screenshots/Easy_Trip_Planners_Limited_Homepage_WAVE_Overlay.png)","N/A","Head of Compliance & Digital Governance","Not Found","General Contact Email (Guessed Pattern)","Accessibility & Nodal Officer","Not Found"
"600","Unassigned","Ecos (India) Mobility & Hospitality Limited","https://Not Found","No","Yes","Yes","","","100","![WAVE Tool Screenshot](https://github.com/VEER-TANMAY-SACHIN/projects/blob/main/orchavate_gtm_workflow/outputs/v1.1_nse_tracker_enriched_clearbit_20260806_193605_attempt1_succesful_reviewnotdone_orchavatecore_digital/Ecos__India__Mobility___Hospitality_Limited/screenshots/Ecos__India__Mobility___Hospitality_Limited_Homepage_WAVE_Overlay.png)","N/A","Head of Compliance & Digital Governance","Not Found","General Contact Email (Guessed Pattern)","Accessibility & Nodal Officer","Not Found"
"601","Unassigned","Edelweiss Financial Services Limited","https://Not Found","No","Yes","Yes","","","100","![WAVE Tool Screenshot](https://github.com/VEER-TANMAY-SACHIN/projects/blob/main/orchavate_gtm_workflow/outputs/v1.1_nse_tracker_enriched_clearbit_20260806_193605_attempt1_succesful_reviewnotdone_orchavatecore_digital/Edelweiss_Financial_Services_Limited/screenshots/Edelweiss_Financial_Services_Limited_Homepage_WAVE_Overlay.png)","N/A","Head of Compliance & Digital Governance","Not Found","General Contact Email (Guessed Pattern)","Accessibility & Nodal Officer","Not Found"
"602","Unassigned","Eicher Motors Limited","https://eicher.in","Yes","No","No","","","","![WAVE Tool Screenshot](https://github.com/VEER-TANMAY-SACHIN/projects/blob/main/orchavate_gtm_workflow/outputs/v1.1_nse_tracker_enriched_clearbit_20260806_193605_attempt1_succesful_reviewnotdone_orchavatecore_digital/Eicher_Motors_Limited/screenshots/Eicher_Motors_Limited_Homepage_WAVE_Overlay.png)","N/A","Head of Compliance & Digital Governance","N/A","N/A","N/A","Not Found"
"603","Unassigned","Eimco Elecon (India) Limited","https://eimcoelecon.in","Yes","Yes","Yes","30","30","30","![WAVE Tool Screenshot](https://github.com/VEER-TANMAY-SACHIN/projects/blob/main/orchavate_gtm_workflow/outputs/v1.1_nse_tracker_enriched_clearbit_20260806_193605_attempt1_succesful_reviewnotdone_orchavatecore_digital/Eimco_Elecon__India__Limited/screenshots/Eimco_Elecon__India__Limited_Homepage_WAVE_Overlay.png)","N/A","Head of Compliance & Digital Governance","info@eimco.elecon.com","Investor Grievance / Compliance Officer Email","Accessibility & Nodal Officer","investor@eimcoelecon.in"
"604","Unassigned","Elantas Beck India Limited","https://Not Found","No","Yes","Yes","","","100","![WAVE Tool Screenshot](https://github.com/VEER-TANMAY-SACHIN/projects/blob/main/orchavate_gtm_workflow/outputs/v1.1_nse_tracker_enriched_clearbit_20260806_193605_attempt1_succesful_reviewnotdone_orchavatecore_digital/Elantas_Beck_India_Limited/screenshots/Elantas_Beck_India_Limited_Homepage_WAVE_Overlay.png)","N/A","Head of Compliance & Digital Governance","Not Found","General Contact Email (Guessed Pattern)","Accessibility & Nodal Officer","Not Found"
"605","Unassigned","Eldeco Housing And Industries Limited","https://Not Found","No","Yes","Yes","","","100","![WAVE Tool Screenshot](https://github.com/VEER-TANMAY-SACHIN/projects/blob/main/orchavate_gtm_workflow/outputs/v1.1_nse_tracker_enriched_clearbit_20260806_193605_attempt1_succesful_reviewnotdone_orchavatecore_digital/Eldeco_Housing_And_Industries_Limited/screenshots/Eldeco_Housing_And_Industries_Limited_Homepage_WAVE_Overlay.png)","N/A","Head of Compliance & Digital Governance","Not Found","General Contact Email (Guessed Pattern)","Accessibility & Nodal Officer","Not Found"
"606","Unassigned","Elecon Engineering Company Limited","https://elecon.com","Yes","No","No","","","","![WAVE Tool Screenshot](https://github.com/VEER-TANMAY-SACHIN/projects/blob/main/orchavate_gtm_workflow/outputs/v1.1_nse_tracker_enriched_clearbit_20260806_193605_attempt1_succesful_reviewnotdone_orchavatecore_digital/Elecon_Engineering_Company_Limited/screenshots/Elecon_Engineering_Company_Limited_Homepage_WAVE_Overlay.png)","N/A","Head of Compliance & Digital Governance","N/A","N/A","N/A","Not Found"
"607","Unassigned","Electronics Mart India Limited","https://electronicsmartindia.com","Yes","Yes","Yes","13","13","48","![WAVE Tool Screenshot](https://github.com/VEER-TANMAY-SACHIN/projects/blob/main/orchavate_gtm_workflow/outputs/v1.1_nse_tracker_enriched_clearbit_20260806_193605_attempt1_succesful_reviewnotdone_orchavatecore_digital/Electronics_Mart_India_Limited/screenshots/Electronics_Mart_India_Limited_Homepage_WAVE_Overlay.png)","N/A","Head of Compliance & Digital Governance","communications@bajajelectronics.in","General Contact Email","Accessibility & Nodal Officer","communications@bajajelectronics.in"
"608","Unassigned","Electrosteel Castings Limited","https://Not Found","No","Yes","Yes","","","100","![WAVE Tool Screenshot](https://github.com/VEER-TANMAY-SACHIN/projects/blob/main/orchavate_gtm_workflow/outputs/v1.1_nse_tracker_enriched_clearbit_20260806_193605_attempt1_succesful_reviewnotdone_orchavatecore_digital/Electrosteel_Castings_Limited/screenshots/Electrosteel_Castings_Limited_Homepage_WAVE_Overlay.png)","N/A","Head of Compliance & Digital Governance","Not Found","General Contact Email (Guessed Pattern)","Accessibility & Nodal Officer","Not Found"
"609","Unassigned","Electrotherm (India) Limited","https://electrotherment.com","Yes","Yes","Yes","9","9","64","![WAVE Tool Screenshot](https://github.com/VEER-TANMAY-SACHIN/projects/blob/main/orchavate_gtm_workflow/outputs/v1.1_nse_tracker_enriched_clearbit_20260806_193605_attempt1_succesful_reviewnotdone_orchavatecore_digital/Electrotherm__India__Limited/screenshots/Electrotherm__India__Limited_Homepage_WAVE_Overlay.png)","N/A","Head of Compliance & Digital Governance","mkt@electrotherm.com","General Contact Email","Accessibility & Nodal Officer","mkt@electrotherm.com"
"610","Unassigned","Elgi Equipments Limited","https://Not Found","No","Yes","Yes","","","100","![WAVE Tool Screenshot](https://github.com/VEER-TANMAY-SACHIN/projects/blob/main/orchavate_gtm_workflow/outputs/v1.1_nse_tracker_enriched_clearbit_20260806_193605_attempt1_succesful_reviewnotdone_orchavatecore_digital/Elgi_Equipments_Limited/screenshots/Elgi_Equipments_Limited_Homepage_WAVE_Overlay.png)","N/A","Head of Compliance & Digital Governance","Not Found","General Contact Email (Guessed Pattern)","Accessibility & Nodal Officer","Not Found"
"611","Unassigned","Elgi Rubber Company Limited","https://Not Found","No","Yes","Yes","","","100","![WAVE Tool Screenshot](https://github.com/VEER-TANMAY-SACHIN/projects/blob/main/orchavate_gtm_workflow/outputs/v1.1_nse_tracker_enriched_clearbit_20260806_193605_attempt1_succesful_reviewnotdone_orchavatecore_digital/Elgi_Rubber_Company_Limited/screenshots/Elgi_Rubber_Company_Limited_Homepage_WAVE_Overlay.png)","N/A","Head of Compliance & Digital Governance","Not Found","General Contact Email (Guessed Pattern)","Accessibility & Nodal Officer","Not Found"
"612","Unassigned","Elin Electronics Limited","https://elinindia.com","Yes","No","No","","","","![WAVE Tool Screenshot](https://github.com/VEER-TANMAY-SACHIN/projects/blob/main/orchavate_gtm_workflow/outputs/v1.1_nse_tracker_enriched_clearbit_20260806_193605_attempt1_succesful_reviewnotdone_orchavatecore_digital/Elin_Electronics_Limited/screenshots/Elin_Electronics_Limited_Homepage_WAVE_Overlay.png)","N/A","Head of Compliance & Digital Governance","N/A","N/A","N/A","Not Found"
"613","Unassigned","Elitecon International Limited","https://Not Found","No","Yes","Yes","","","100","![WAVE Tool Screenshot](https://github.com/VEER-TANMAY-SACHIN/projects/blob/main/orchavate_gtm_workflow/outputs/v1.1_nse_tracker_enriched_clearbit_20260806_193605_attempt1_succesful_reviewnotdone_orchavatecore_digital/Elitecon_International_Limited/screenshots/Elitecon_International_Limited_Homepage_WAVE_Overlay.png)","N/A","Head of Compliance & Digital Governance","Not Found","General Contact Email (Guessed Pattern)","Accessibility & Nodal Officer","Not Found"
"614","Unassigned","Ellenbarrie Industrial Gases Limited","https://ellenbarrie.com","Yes","Yes","Yes","","","100","![WAVE Tool Screenshot](https://github.com/VEER-TANMAY-SACHIN/projects/blob/main/orchavate_gtm_workflow/outputs/v1.1_nse_tracker_enriched_clearbit_20260806_193605_attempt1_succesful_reviewnotdone_orchavatecore_digital/Ellenbarrie_Industrial_Gases_Limited/screenshots/Ellenbarrie_Industrial_Gases_Limited_Homepage_WAVE_Overlay.png)","N/A","Head of Compliance & Digital Governance","info@ellenbarrie.com","General Contact Email (Guessed Pattern)","Accessibility & Nodal Officer","info@ellenbarrie.com"
"615","Unassigned","Elpro International Limited","https://Not Found","No","Yes","Yes","","","100","![WAVE Tool Screenshot](https://github.com/VEER-TANMAY-SACHIN/projects/blob/main/orchavate_gtm_workflow/outputs/v1.1_nse_tracker_enriched_clearbit_20260806_193605_attempt1_succesful_reviewnotdone_orchavatecore_digital/Elpro_International_Limited/screenshots/Elpro_International_Limited_Homepage_WAVE_Overlay.png)","N/A","Head of Compliance & Digital Governance","Not Found","General Contact Email (Guessed Pattern)","Accessibility & Nodal Officer","Not Found"
"616","Unassigned","Emami Limited","https://emamiart.com","Yes","Yes","Yes","","","100","![WAVE Tool Screenshot](https://github.com/VEER-TANMAY-SACHIN/projects/blob/main/orchavate_gtm_workflow/outputs/v1.1_nse_tracker_enriched_clearbit_20260806_193605_attempt1_succesful_reviewnotdone_orchavatecore_digital/Emami_Limited/screenshots/Emami_Limited_Homepage_WAVE_Overlay.png)","N/A","Head of Compliance & Digital Governance","contact@emamiart.com","General Contact Email","Accessibility & Nodal Officer","contact@emamiart.com"
"617","Unassigned","Emami Paper Mills Limited","https://emamipaper.com","Yes","Yes","Yes","","","100","![WAVE Tool Screenshot](https://github.com/VEER-TANMAY-SACHIN/projects/blob/main/orchavate_gtm_workflow/outputs/v1.1_nse_tracker_enriched_clearbit_20260806_193605_attempt1_succesful_reviewnotdone_orchavatecore_digital/Emami_Paper_Mills_Limited/screenshots/Emami_Paper_Mills_Limited_Homepage_WAVE_Overlay.png)","N/A","Head of Compliance & Digital Governance","info@emamipaper.com","General Contact Email (Guessed Pattern)","Accessibility & Nodal Officer","info@emamipaper.com"
"618","Unassigned","Emami Realty Limited","https://emamirealty.com","Yes","No","No","","","","![WAVE Tool Screenshot](https://github.com/VEER-TANMAY-SACHIN/projects/blob/main/orchavate_gtm_workflow/outputs/v1.1_nse_tracker_enriched_clearbit_20260806_193605_attempt1_succesful_reviewnotdone_orchavatecore_digital/Emami_Realty_Limited/screenshots/Emami_Realty_Limited_Homepage_WAVE_Overlay.png)","N/A","Head of Compliance & Digital Governance","N/A","N/A","N/A","Not Found"
"619","Unassigned","Embassy Developments Limited","https://Not Found","No","Yes","Yes","","","100","![WAVE Tool Screenshot](https://github.com/VEER-TANMAY-SACHIN/projects/blob/main/orchavate_gtm_workflow/outputs/v1.1_nse_tracker_enriched_clearbit_20260806_193605_attempt1_succesful_reviewnotdone_orchavatecore_digital/Embassy_Developments_Limited/screenshots/Embassy_Developments_Limited_Homepage_WAVE_Overlay.png)","N/A","Head of Compliance & Digital Governance","Not Found","General Contact Email (Guessed Pattern)","Accessibility & Nodal Officer","Not Found"
"620","Unassigned","Emcure Pharmaceuticals Limited","https://emcure.com","Yes","Yes","Yes","","","100","![WAVE Tool Screenshot](https://github.com/VEER-TANMAY-SACHIN/projects/blob/main/orchavate_gtm_workflow/outputs/v1.1_nse_tracker_enriched_clearbit_20260806_193605_attempt1_succesful_reviewnotdone_orchavatecore_digital/Emcure_Pharmaceuticals_Limited/screenshots/Emcure_Pharmaceuticals_Limited_Homepage_WAVE_Overlay.png)","N/A","Head of Compliance & Digital Governance","info@emcure.com","General Contact Email (Guessed Pattern)","Accessibility & Nodal Officer","info@emcure.com"
"621","Unassigned","Emkay Global Financial Services Limited","https://emkayglobal.com","Yes","No","No","","","","![WAVE Tool Screenshot](https://github.com/VEER-TANMAY-SACHIN/projects/blob/main/orchavate_gtm_workflow/outputs/v1.1_nse_tracker_enriched_clearbit_20260806_193605_attempt1_succesful_reviewnotdone_orchavatecore_digital/Emkay_Global_Financial_Services_Limited/screenshots/Emkay_Global_Financial_Services_Limited_Homepage_WAVE_Overlay.png)","N/A","Head of Compliance & Digital Governance","N/A","N/A","N/A","Not Found"
"622","Unassigned","Emmbi Industries Limited","https://emmbi.com","Yes","Yes","Yes","16","16","36","![WAVE Tool Screenshot](https://github.com/VEER-TANMAY-SACHIN/projects/blob/main/orchavate_gtm_workflow/outputs/v1.1_nse_tracker_enriched_clearbit_20260806_193605_attempt1_succesful_reviewnotdone_orchavatecore_digital/Emmbi_Industries_Limited/screenshots/Emmbi_Industries_Limited_Homepage_WAVE_Overlay.png)","N/A","Head of Compliance & Digital Governance","divya21@gmail.com","General Contact Email","Accessibility & Nodal Officer","divya21@gmail.com"
"623","Unassigned","Emmvee Photovoltaic Power Limited","https://Not Found","No","Yes","Yes","","","100","![WAVE Tool Screenshot](https://github.com/VEER-TANMAY-SACHIN/projects/blob/main/orchavate_gtm_workflow/outputs/v1.1_nse_tracker_enriched_clearbit_20260806_193605_attempt1_succesful_reviewnotdone_orchavatecore_digital/Emmvee_Photovoltaic_Power_Limited/screenshots/Emmvee_Photovoltaic_Power_Limited_Homepage_WAVE_Overlay.png)","N/A","Head of Compliance & Digital Governance","Not Found","General Contact Email (Guessed Pattern)","Accessibility & Nodal Officer","Not Found"
"624","Unassigned","Empower India Limited","https://empower.com","Yes","No","No","","","","![WAVE Tool Screenshot](https://github.com/VEER-TANMAY-SACHIN/projects/blob/main/orchavate_gtm_workflow/outputs/v1.1_nse_tracker_enriched_clearbit_20260806_193605_attempt1_succesful_reviewnotdone_orchavatecore_digital/Empower_India_Limited/screenshots/Empower_India_Limited_Homepage_WAVE_Overlay.png)","N/A","Head of Compliance & Digital Governance","N/A","N/A","N/A","Not Found"
"625","Unassigned","Endurance Technologies Limited","https://endurancewarranty.com","Yes","No","No","","","","![WAVE Tool Screenshot](https://github.com/VEER-TANMAY-SACHIN/projects/blob/main/orchavate_gtm_workflow/outputs/v1.1_nse_tracker_enriched_clearbit_20260806_193605_attempt1_succesful_reviewnotdone_orchavatecore_digital/Endurance_Technologies_Limited/screenshots/Endurance_Technologies_Limited_Homepage_WAVE_Overlay.png)","N/A","Head of Compliance & Digital Governance","N/A","N/A","N/A","Not Found"
"626","Unassigned","Energy Development Company Limited","https://Not Found","No","Yes","Yes","","","100","![WAVE Tool Screenshot](https://github.com/VEER-TANMAY-SACHIN/projects/blob/main/orchavate_gtm_workflow/outputs/v1.1_nse_tracker_enriched_clearbit_20260806_193605_attempt1_succesful_reviewnotdone_orchavatecore_digital/Energy_Development_Company_Limited/screenshots/Energy_Development_Company_Limited_Homepage_WAVE_Overlay.png)","N/A","Head of Compliance & Digital Governance","Not Found","General Contact Email (Guessed Pattern)","Accessibility & Nodal Officer","Not Found"
"627","Unassigned","Engineers India Limited","https://engineersindia.com","Yes","No","No","","","","![WAVE Tool Screenshot](https://github.com/VEER-TANMAY-SACHIN/projects/blob/main/orchavate_gtm_workflow/outputs/v1.1_nse_tracker_enriched_clearbit_20260806_193605_attempt1_succesful_reviewnotdone_orchavatecore_digital/Engineers_India_Limited/screenshots/Engineers_India_Limited_Homepage_WAVE_Overlay.png)","N/A","Head of Compliance & Digital Governance","N/A","N/A","N/A","Not Found"
"628","Unassigned","Entero Healthcare Solutions Limited","https://Not Found","No","Yes","Yes","","","100","![WAVE Tool Screenshot](https://github.com/VEER-TANMAY-SACHIN/projects/blob/main/orchavate_gtm_workflow/outputs/v1.1_nse_tracker_enriched_clearbit_20260806_193605_attempt1_succesful_reviewnotdone_orchavatecore_digital/Entero_Healthcare_Solutions_Limited/screenshots/Entero_Healthcare_Solutions_Limited_Homepage_WAVE_Overlay.png)","N/A","Head of Compliance & Digital Governance","Not Found","General Contact Email (Guessed Pattern)","Accessibility & Nodal Officer","Not Found"
"629","Unassigned","Entertainment Network (India) Limited","https://enterthenetwork.com","Yes","Yes","Yes","14","14","44","![WAVE Tool Screenshot](https://github.com/VEER-TANMAY-SACHIN/projects/blob/main/orchavate_gtm_workflow/outputs/v1.1_nse_tracker_enriched_clearbit_20260806_193605_attempt1_succesful_reviewnotdone_orchavatecore_digital/Entertainment_Network__India__Limited/screenshots/Entertainment_Network__India__Limited_Homepage_WAVE_Overlay.png)","N/A","Head of Compliance & Digital Governance","paul@EnterTheNetwork.com","General Contact Email","Accessibility & Nodal Officer","paul@EnterTheNetwork.com"
"630","Unassigned","Enviro Infra Engineers Limited","https://Not Found","No","Yes","Yes","","","100","![WAVE Tool Screenshot](https://github.com/VEER-TANMAY-SACHIN/projects/blob/main/orchavate_gtm_workflow/outputs/v1.1_nse_tracker_enriched_clearbit_20260806_193605_attempt1_succesful_reviewnotdone_orchavatecore_digital/Enviro_Infra_Engineers_Limited/screenshots/Enviro_Infra_Engineers_Limited_Homepage_WAVE_Overlay.png)","N/A","Head of Compliance & Digital Governance","Not Found","General Contact Email (Guessed Pattern)","Accessibility & Nodal Officer","Not Found"
"631","Unassigned","Epigral Limited","https://Not Found","No","Yes","Yes","","","100","![WAVE Tool Screenshot](https://github.com/VEER-TANMAY-SACHIN/projects/blob/main/orchavate_gtm_workflow/outputs/v1.1_nse_tracker_enriched_clearbit_20260806_193605_attempt1_succesful_reviewnotdone_orchavatecore_digital/Epigral_Limited/screenshots/Epigral_Limited_Homepage_WAVE_Overlay.png)","N/A","Head of Compliance & Digital Governance","Not Found","General Contact Email (Guessed Pattern)","Accessibility & Nodal Officer","Not Found"
"632","Unassigned","Equippp Social Impact Technologies Limited","https://Not Found","No","Yes","Yes","","","100","![WAVE Tool Screenshot](https://github.com/VEER-TANMAY-SACHIN/projects/blob/main/orchavate_gtm_workflow/outputs/v1.1_nse_tracker_enriched_clearbit_20260806_193605_attempt1_succesful_reviewnotdone_orchavatecore_digital/Equippp_Social_Impact_Technologies_Limited/screenshots/Equippp_Social_Impact_Technologies_Limited_Homepage_WAVE_Overlay.png)","N/A","Head of Compliance & Digital Governance","Not Found","General Contact Email (Guessed Pattern)","Accessibility & Nodal Officer","Not Found"
"633","Unassigned","Equitas Small Finance Bank Limited","https://equitasbank.com","Yes","Yes","Yes","26","26","30","![WAVE Tool Screenshot](https://github.com/VEER-TANMAY-SACHIN/projects/blob/main/orchavate_gtm_workflow/outputs/v1.1_nse_tracker_enriched_clearbit_20260806_193605_attempt1_succesful_reviewnotdone_orchavatecore_digital/Equitas_Small_Finance_Bank_Limited/screenshots/Equitas_Small_Finance_Bank_Limited_Homepage_WAVE_Overlay.png)","N/A","Head of Compliance & Digital Governance","customerservice@equitas.bank.in","General Contact Email","Accessibility & Nodal Officer","customerservice@equitas.bank.in"
"634","Unassigned","Eris Lifesciences Limited","https://Not Found","No","Yes","Yes","","","100","![WAVE Tool Screenshot](https://github.com/VEER-TANMAY-SACHIN/projects/blob/main/orchavate_gtm_workflow/outputs/v1.1_nse_tracker_enriched_clearbit_20260806_193605_attempt1_succesful_reviewnotdone_orchavatecore_digital/Eris_Lifesciences_Limited/screenshots/Eris_Lifesciences_Limited_Homepage_WAVE_Overlay.png)","N/A","Head of Compliance & Digital Governance","Not Found","General Contact Email (Guessed Pattern)","Accessibility & Nodal Officer","Not Found"
"635","Unassigned","Esab India Limited","https://esab.com","Yes","Yes","Yes","4","4","84","![WAVE Tool Screenshot](https://github.com/VEER-TANMAY-SACHIN/projects/blob/main/orchavate_gtm_workflow/outputs/v1.1_nse_tracker_enriched_clearbit_20260806_193605_attempt1_succesful_reviewnotdone_orchavatecore_digital/Esab_India_Limited/screenshots/Esab_India_Limited_Homepage_WAVE_Overlay.png)","N/A","Head of Compliance & Digital Governance","vue@2.6.14.js","Investor Grievance / Compliance Officer Email","Accessibility & Nodal Officer","vue@2.6.14.js"
"636","Unassigned","Escorts Kubota Limited","https://escortsgroup.com","Yes","Yes","Yes","","","100","![WAVE Tool Screenshot](https://github.com/VEER-TANMAY-SACHIN/projects/blob/main/orchavate_gtm_workflow/outputs/v1.1_nse_tracker_enriched_clearbit_20260806_193605_attempt1_succesful_reviewnotdone_orchavatecore_digital/Escorts_Kubota_Limited/screenshots/Escorts_Kubota_Limited_Homepage_WAVE_Overlay.png)","N/A","Head of Compliance & Digital Governance","info@escortsgroup.com","General Contact Email (Guessed Pattern)","Accessibility & Nodal Officer","info@escortsgroup.com"
"637","Unassigned","Essar Shipping Limited","https://Not Found","No","Yes","Yes","","","100","![WAVE Tool Screenshot](https://github.com/VEER-TANMAY-SACHIN/projects/blob/main/orchavate_gtm_workflow/outputs/v1.1_nse_tracker_enriched_clearbit_20260806_193605_attempt1_succesful_reviewnotdone_orchavatecore_digital/Essar_Shipping_Limited/screenshots/Essar_Shipping_Limited_Homepage_WAVE_Overlay.png)","N/A","Head of Compliance & Digital Governance","Not Found","General Contact Email (Guessed Pattern)","Accessibility & Nodal Officer","Not Found"
"638","Unassigned","Ester Industries Limited","https://steerindustries.com","Yes","Yes","Yes","","","100","![WAVE Tool Screenshot](https://github.com/VEER-TANMAY-SACHIN/projects/blob/main/orchavate_gtm_workflow/outputs/v1.1_nse_tracker_enriched_clearbit_20260806_193605_attempt1_succesful_reviewnotdone_orchavatecore_digital/Ester_Industries_Limited/screenshots/Ester_Industries_Limited_Homepage_WAVE_Overlay.png)","N/A","Head of Compliance & Digital Governance","info@steerindustries.com","General Contact Email (Guessed Pattern)","Accessibility & Nodal Officer","info@steerindustries.com"
"639","Unassigned","Ethos Limited","https://ethoslife.com","Yes","No","No","","","","![WAVE Tool Screenshot](https://github.com/VEER-TANMAY-SACHIN/projects/blob/main/orchavate_gtm_workflow/outputs/v1.1_nse_tracker_enriched_clearbit_20260806_193605_attempt1_succesful_reviewnotdone_orchavatecore_digital/Ethos_Limited/screenshots/Ethos_Limited_Homepage_WAVE_Overlay.png)","N/A","Head of Compliance & Digital Governance","N/A","N/A","N/A","Not Found"
"640","Unassigned","Eureka Forbes Limited","https://eurekaforbes.com","Yes","No","No","","","","![WAVE Tool Screenshot](https://github.com/VEER-TANMAY-SACHIN/projects/blob/main/orchavate_gtm_workflow/outputs/v1.1_nse_tracker_enriched_clearbit_20260806_193605_attempt1_succesful_reviewnotdone_orchavatecore_digital/Eureka_Forbes_Limited/screenshots/Eureka_Forbes_Limited_Homepage_WAVE_Overlay.png)","N/A","Head of Compliance & Digital Governance","N/A","N/A","N/A","Not Found"
"641","Unassigned","Euro India Fresh Foods Limited","https://euroindiafreshfoods.com","Yes","Yes","Yes","","","100","![WAVE Tool Screenshot](https://github.com/VEER-TANMAY-SACHIN/projects/blob/main/orchavate_gtm_workflow/outputs/v1.1_nse_tracker_enriched_clearbit_20260806_193605_attempt1_succesful_reviewnotdone_orchavatecore_digital/Euro_India_Fresh_Foods_Limited/screenshots/Euro_India_Fresh_Foods_Limited_Homepage_WAVE_Overlay.png)","N/A","Head of Compliance & Digital Governance","info@euroindiafreshfoods.com","General Contact Email (Guessed Pattern)","Accessibility & Nodal Officer","info@euroindiafreshfoods.com"
"642","Unassigned","Euro Panel Products Limited","https://Not Found","No","Yes","Yes","","","100","![WAVE Tool Screenshot](https://github.com/VEER-TANMAY-SACHIN/projects/blob/main/orchavate_gtm_workflow/outputs/v1.1_nse_tracker_enriched_clearbit_20260806_193605_attempt1_succesful_reviewnotdone_orchavatecore_digital/Euro_Panel_Products_Limited/screenshots/Euro_Panel_Products_Limited_Homepage_WAVE_Overlay.png)","N/A","Head of Compliance & Digital Governance","Not Found","General Contact Email (Guessed Pattern)","Accessibility & Nodal Officer","Not Found"
"643","Unassigned","Euro Pratik Sales Limited","https://Not Found","No","Yes","Yes","","","100","![WAVE Tool Screenshot](https://github.com/VEER-TANMAY-SACHIN/projects/blob/main/orchavate_gtm_workflow/outputs/v1.1_nse_tracker_enriched_clearbit_20260806_193605_attempt1_succesful_reviewnotdone_orchavatecore_digital/Euro_Pratik_Sales_Limited/screenshots/Euro_Pratik_Sales_Limited_Homepage_WAVE_Overlay.png)","N/A","Head of Compliance & Digital Governance","Not Found","General Contact Email (Guessed Pattern)","Accessibility & Nodal Officer","Not Found"
"644","Unassigned","Eurotex Industries and Exports Limited","https://Not Found","No","Yes","Yes","","","100","![WAVE Tool Screenshot](https://github.com/VEER-TANMAY-SACHIN/projects/blob/main/orchavate_gtm_workflow/outputs/v1.1_nse_tracker_enriched_clearbit_20260806_193605_attempt1_succesful_reviewnotdone_orchavatecore_digital/Eurotex_Industries_and_Exports_Limited/screenshots/Eurotex_Industries_and_Exports_Limited_Homepage_WAVE_Overlay.png)","N/A","Head of Compliance & Digital Governance","Not Found","General Contact Email (Guessed Pattern)","Accessibility & Nodal Officer","Not Found"
"645","Unassigned","Eveready Industries India Limited","https://Not Found","No","Yes","Yes","","","100","![WAVE Tool Screenshot](https://github.com/VEER-TANMAY-SACHIN/projects/blob/main/orchavate_gtm_workflow/outputs/v1.1_nse_tracker_enriched_clearbit_20260806_193605_attempt1_succesful_reviewnotdone_orchavatecore_digital/Eveready_Industries_India_Limited/screenshots/Eveready_Industries_India_Limited_Homepage_WAVE_Overlay.png)","N/A","Head of Compliance & Digital Governance","Not Found","General Contact Email (Guessed Pattern)","Accessibility & Nodal Officer","Not Found"
"646","Unassigned","Everest Industries Limited","https://everestind.com","Yes","Yes","Yes","26","26","30","![WAVE Tool Screenshot](https://github.com/VEER-TANMAY-SACHIN/projects/blob/main/orchavate_gtm_workflow/outputs/v1.1_nse_tracker_enriched_clearbit_20260806_193605_attempt1_succesful_reviewnotdone_orchavatecore_digital/Everest_Industries_Limited/screenshots/Everest_Industries_Limited_Homepage_WAVE_Overlay.png)","N/A","Head of Compliance & Digital Governance","info@everestind.com","General Contact Email","Accessibility & Nodal Officer","info@everestind.com"
"647","Unassigned","Everest Kanto Cylinder Limited","https://everestkanto.com","Yes","Yes","Yes","10","10","60","![WAVE Tool Screenshot](https://github.com/VEER-TANMAY-SACHIN/projects/blob/main/orchavate_gtm_workflow/outputs/v1.1_nse_tracker_enriched_clearbit_20260806_193605_attempt1_succesful_reviewnotdone_orchavatecore_digital/Everest_Kanto_Cylinder_Limited/screenshots/Everest_Kanto_Cylinder_Limited_Homepage_WAVE_Overlay.png)","N/A","Head of Compliance & Digital Governance","customer@ekc.in","General Contact Email","Accessibility & Nodal Officer","customer@ekc.in"
"648","Unassigned","Excel Industries Limited","https://excelind.co.in","Yes","Yes","Yes","2","2","92","![WAVE Tool Screenshot](https://github.com/VEER-TANMAY-SACHIN/projects/blob/main/orchavate_gtm_workflow/outputs/v1.1_nse_tracker_enriched_clearbit_20260806_193605_attempt1_succesful_reviewnotdone_orchavatecore_digital/Excel_Industries_Limited/screenshots/Excel_Industries_Limited_Homepage_WAVE_Overlay.png)","N/A","Head of Compliance & Digital Governance","surendra.singhvi@excelind.com","General Contact Email","Accessibility & Nodal Officer","surendra.singhvi@excelind.com"
"649","Unassigned","Excelsoft Technologies Limited","https://excelsoftcorp.com","Yes","Yes","Yes","5","5","80","![WAVE Tool Screenshot](https://github.com/VEER-TANMAY-SACHIN/projects/blob/main/orchavate_gtm_workflow/outputs/v1.1_nse_tracker_enriched_clearbit_20260806_193605_attempt1_succesful_reviewnotdone_orchavatecore_digital/Excelsoft_Technologies_Limited/screenshots/Excelsoft_Technologies_Limited_Homepage_WAVE_Overlay.png)","N/A","Head of Compliance & Digital Governance","info@excelsoftcorp.com","General Contact Email (Guessed Pattern)","Accessibility & Nodal Officer","info@excelsoftcorp.com"
"650","Unassigned","Exicom Tele-Systems Limited","https://Not Found","No","Yes","Yes","","","100","![WAVE Tool Screenshot](https://github.com/VEER-TANMAY-SACHIN/projects/blob/main/orchavate_gtm_workflow/outputs/v1.1_nse_tracker_enriched_clearbit_20260806_193605_attempt1_succesful_reviewnotdone_orchavatecore_digital/Exicom_Tele_Systems_Limited/screenshots/Exicom_Tele_Systems_Limited_Homepage_WAVE_Overlay.png)","N/A","Head of Compliance & Digital Governance","Not Found","General Contact Email (Guessed Pattern)","Accessibility & Nodal Officer","Not Found"
"651","Unassigned","Exide Industries Limited","https://exideindustries.com","Yes","Yes","Yes","1","1","96","![WAVE Tool Screenshot](https://github.com/VEER-TANMAY-SACHIN/projects/blob/main/orchavate_gtm_workflow/outputs/v1.1_nse_tracker_enriched_clearbit_20260806_193605_attempt1_succesful_reviewnotdone_orchavatecore_digital/Exide_Industries_Limited/screenshots/Exide_Industries_Limited_Homepage_WAVE_Overlay.png)","N/A","Head of Compliance & Digital Governance","info@exideindustries.com","General Contact Email (Guessed Pattern)","Accessibility & Nodal Officer","info@exideindustries.com"
"652","Unassigned","Expleo Solutions Limited","https://Not Found","No","Yes","Yes","","","100","![WAVE Tool Screenshot](https://github.com/VEER-TANMAY-SACHIN/projects/blob/main/orchavate_gtm_workflow/outputs/v1.1_nse_tracker_enriched_clearbit_20260806_193605_attempt1_succesful_reviewnotdone_orchavatecore_digital/Expleo_Solutions_Limited/screenshots/Expleo_Solutions_Limited_Homepage_WAVE_Overlay.png)","N/A","Head of Compliance & Digital Governance","Not Found","General Contact Email (Guessed Pattern)","Accessibility & Nodal Officer","Not Found"
"653","Unassigned","Exxaro Tiles Limited","https://exxarotiles.com","Yes","No","No","","","","![WAVE Tool Screenshot](https://github.com/VEER-TANMAY-SACHIN/projects/blob/main/orchavate_gtm_workflow/outputs/v1.1_nse_tracker_enriched_clearbit_20260806_193605_attempt1_succesful_reviewnotdone_orchavatecore_digital/Exxaro_Tiles_Limited/screenshots/Exxaro_Tiles_Limited_Homepage_WAVE_Overlay.png)","N/A","Head of Compliance & Digital Governance","N/A","N/A","N/A","Not Found"
"654","Unassigned","FCS Software Solutions Limited","https://Not Found","No","Yes","Yes","","","100","![WAVE Tool Screenshot](https://github.com/VEER-TANMAY-SACHIN/projects/blob/main/orchavate_gtm_workflow/outputs/v1.1_nse_tracker_enriched_clearbit_20260806_193605_attempt1_succesful_reviewnotdone_orchavatecore_digital/FCS_Software_Solutions_Limited/screenshots/FCS_Software_Solutions_Limited_Homepage_WAVE_Overlay.png)","N/A","Head of Compliance & Digital Governance","Not Found","General Contact Email (Guessed Pattern)","Accessibility & Nodal Officer","Not Found"
"655","Unassigned","FDC Limited","https://fdc.in","Yes","No","No","","","","![WAVE Tool Screenshot](https://github.com/VEER-TANMAY-SACHIN/projects/blob/main/orchavate_gtm_workflow/outputs/v1.1_nse_tracker_enriched_clearbit_20260806_193605_attempt1_succesful_reviewnotdone_orchavatecore_digital/FDC_Limited/screenshots/FDC_Limited_Homepage_WAVE_Overlay.png)","N/A","Head of Compliance & Digital Governance","N/A","N/A","N/A","Not Found"
"656","Unassigned","FORCE MOTORS LTD","https://forcemotors.com","Yes","No","No","","","","![WAVE Tool Screenshot](https://github.com/VEER-TANMAY-SACHIN/projects/blob/main/orchavate_gtm_workflow/outputs/v1.1_nse_tracker_enriched_clearbit_20260806_193605_attempt1_succesful_reviewnotdone_orchavatecore_digital/FORCE_MOTORS_LTD/screenshots/FORCE_MOTORS_LTD_Homepage_WAVE_Overlay.png)","N/A","Head of Compliance & Digital Governance","N/A","N/A","N/A","Not Found"
"657","Unassigned","Fabtech Technologies Limited","https://fabtechexpo.com","Yes","No","No","","","","![WAVE Tool Screenshot](https://github.com/VEER-TANMAY-SACHIN/projects/blob/main/orchavate_gtm_workflow/outputs/v1.1_nse_tracker_enriched_clearbit_20260806_193605_attempt1_succesful_reviewnotdone_orchavatecore_digital/Fabtech_Technologies_Limited/screenshots/Fabtech_Technologies_Limited_Homepage_WAVE_Overlay.png)","N/A","Head of Compliance & Digital Governance","N/A","N/A","N/A","Not Found"
"658","Unassigned","Fairchem Organics Limited","https://fairchem.in","Yes","Yes","Yes","37","37","30","![WAVE Tool Screenshot](https://github.com/VEER-TANMAY-SACHIN/projects/blob/main/orchavate_gtm_workflow/outputs/v1.1_nse_tracker_enriched_clearbit_20260806_193605_attempt1_succesful_reviewnotdone_orchavatecore_digital/Fairchem_Organics_Limited/screenshots/Fairchem_Organics_Limited_Homepage_WAVE_Overlay.png)","N/A","Head of Compliance & Digital Governance","comm@fairchem.in","Investor Grievance / Compliance Officer Email","Accessibility & Nodal Officer","ahmedabad@linkintime.co.in"
"659","Unassigned","Faze Three Limited","https://fazethree.com","Yes","No","No","","","","![WAVE Tool Screenshot](https://github.com/VEER-TANMAY-SACHIN/projects/blob/main/orchavate_gtm_workflow/outputs/v1.1_nse_tracker_enriched_clearbit_20260806_193605_attempt1_succesful_reviewnotdone_orchavatecore_digital/Faze_Three_Limited/screenshots/Faze_Three_Limited_Homepage_WAVE_Overlay.png)","N/A","Head of Compliance & Digital Governance","N/A","N/A","N/A","Not Found"
"660","Unassigned","Fedbank Financial Services Limited","https://fedfina.com","Yes","No","No","","","","![WAVE Tool Screenshot](https://github.com/VEER-TANMAY-SACHIN/projects/blob/main/orchavate_gtm_workflow/outputs/v1.1_nse_tracker_enriched_clearbit_20260806_193605_attempt1_succesful_reviewnotdone_orchavatecore_digital/Fedbank_Financial_Services_Limited/screenshots/Fedbank_Financial_Services_Limited_Homepage_WAVE_Overlay.png)","N/A","Head of Compliance & Digital Governance","N/A","N/A","N/A","Not Found"
"661","Unassigned","Fedders Holding Limited","https://Not Found","No","Yes","Yes","","","100","![WAVE Tool Screenshot](https://github.com/VEER-TANMAY-SACHIN/projects/blob/main/orchavate_gtm_workflow/outputs/v1.1_nse_tracker_enriched_clearbit_20260806_193605_attempt1_succesful_reviewnotdone_orchavatecore_digital/Fedders_Holding_Limited/screenshots/Fedders_Holding_Limited_Homepage_WAVE_Overlay.png)","N/A","Head of Compliance & Digital Governance","Not Found","General Contact Email (Guessed Pattern)","Accessibility & Nodal Officer","Not Found"
"662","Unassigned","Federal-Mogul Goetze (India) Limited.","https://Not Found","No","Yes","Yes","","","100","![WAVE Tool Screenshot](https://github.com/VEER-TANMAY-SACHIN/projects/blob/main/orchavate_gtm_workflow/outputs/v1.1_nse_tracker_enriched_clearbit_20260806_193605_attempt1_succesful_reviewnotdone_orchavatecore_digital/Federal_Mogul_Goetze__India__Limited_/screenshots/Federal_Mogul_Goetze__India__Limited__Homepage_WAVE_Overlay.png)","N/A","Head of Compliance & Digital Governance","Not Found","General Contact Email (Guessed Pattern)","Accessibility & Nodal Officer","Not Found"
"663","Unassigned","Fermenta Biotech Limited","https://fermentabiotech.com","Yes","No","No","","","","![WAVE Tool Screenshot](https://github.com/VEER-TANMAY-SACHIN/projects/blob/main/orchavate_gtm_workflow/outputs/v1.1_nse_tracker_enriched_clearbit_20260806_193605_attempt1_succesful_reviewnotdone_orchavatecore_digital/Fermenta_Biotech_Limited/screenshots/Fermenta_Biotech_Limited_Homepage_WAVE_Overlay.png)","N/A","Head of Compliance & Digital Governance","N/A","N/A","N/A","Not Found"
"664","Unassigned","Fertilizers and Chemicals Travancore Limited","https://Not Found","No","Yes","Yes","","","100","![WAVE Tool Screenshot](https://github.com/VEER-TANMAY-SACHIN/projects/blob/main/orchavate_gtm_workflow/outputs/v1.1_nse_tracker_enriched_clearbit_20260806_193605_attempt1_succesful_reviewnotdone_orchavatecore_digital/Fertilizers_and_Chemicals_Travancore_Limited/screenshots/Fertilizers_and_Chemicals_Travancore_Limited_Homepage_WAVE_Overlay.png)","N/A","Head of Compliance & Digital Governance","Not Found","General Contact Email (Guessed Pattern)","Accessibility & Nodal Officer","Not Found"
"665","Unassigned","Fiberweb (India) Limited","https://fiberweb.co.za","Yes","Yes","Yes","27","27","30","![WAVE Tool Screenshot](https://github.com/VEER-TANMAY-SACHIN/projects/blob/main/orchavate_gtm_workflow/outputs/v1.1_nse_tracker_enriched_clearbit_20260806_193605_attempt1_succesful_reviewnotdone_orchavatecore_digital/Fiberweb__India__Limited/screenshots/Fiberweb__India__Limited_Homepage_WAVE_Overlay.png)","N/A","Head of Compliance & Digital Governance","info@fiberweb.co.za","General Contact Email (Guessed Pattern)","Accessibility & Nodal Officer","info@fiberweb.co.za"
"666","Unassigned","Fiem Industries Limited","https://fiemindustries.com","Yes","No","No","","","","![WAVE Tool Screenshot](https://github.com/VEER-TANMAY-SACHIN/projects/blob/main/orchavate_gtm_workflow/outputs/v1.1_nse_tracker_enriched_clearbit_20260806_193605_attempt1_succesful_reviewnotdone_orchavatecore_digital/Fiem_Industries_Limited/screenshots/Fiem_Industries_Limited_Homepage_WAVE_Overlay.png)","N/A","Head of Compliance & Digital Governance","N/A","N/A","N/A","Not Found"
"667","Unassigned","Filatex Fashions Limited","https://Not Found","No","Yes","Yes","","","100","![WAVE Tool Screenshot](https://github.com/VEER-TANMAY-SACHIN/projects/blob/main/orchavate_gtm_workflow/outputs/v1.1_nse_tracker_enriched_clearbit_20260806_193605_attempt1_succesful_reviewnotdone_orchavatecore_digital/Filatex_Fashions_Limited/screenshots/Filatex_Fashions_Limited_Homepage_WAVE_Overlay.png)","N/A","Head of Compliance & Digital Governance","Not Found","General Contact Email (Guessed Pattern)","Accessibility & Nodal Officer","Not Found"
"668","Unassigned","Filatex India Limited","https://filatex.com","Yes","Yes","Yes","8","8","68","![WAVE Tool Screenshot](https://github.com/VEER-TANMAY-SACHIN/projects/blob/main/orchavate_gtm_workflow/outputs/v1.1_nse_tracker_enriched_clearbit_20260806_193605_attempt1_succesful_reviewnotdone_orchavatecore_digital/Filatex_India_Limited/screenshots/Filatex_India_Limited_Homepage_WAVE_Overlay.png)","N/A","Head of Compliance & Digital Governance","info@filatex.com","General Contact Email (Guessed Pattern)","Accessibility & Nodal Officer","info@filatex.com"
"669","Unassigned","Fine Organic Industries Limited","https://Not Found","No","Yes","Yes","","","100","![WAVE Tool Screenshot](https://github.com/VEER-TANMAY-SACHIN/projects/blob/main/orchavate_gtm_workflow/outputs/v1.1_nse_tracker_enriched_clearbit_20260806_193605_attempt1_succesful_reviewnotdone_orchavatecore_digital/Fine_Organic_Industries_Limited/screenshots/Fine_Organic_Industries_Limited_Homepage_WAVE_Overlay.png)","N/A","Head of Compliance & Digital Governance","Not Found","General Contact Email (Guessed Pattern)","Accessibility & Nodal Officer","Not Found"
"670","Unassigned","Fineotex Chemical Limited","https://Not Found","No","Yes","Yes","","","100","![WAVE Tool Screenshot](https://github.com/VEER-TANMAY-SACHIN/projects/blob/main/orchavate_gtm_workflow/outputs/v1.1_nse_tracker_enriched_clearbit_20260806_193605_attempt1_succesful_reviewnotdone_orchavatecore_digital/Fineotex_Chemical_Limited/screenshots/Fineotex_Chemical_Limited_Homepage_WAVE_Overlay.png)","N/A","Head of Compliance & Digital Governance","Not Found","General Contact Email (Guessed Pattern)","Accessibility & Nodal Officer","Not Found"
"671","Unassigned","Finkurve Financial Services Limited","https://Not Found","No","Yes","Yes","","","100","![WAVE Tool Screenshot](https://github.com/VEER-TANMAY-SACHIN/projects/blob/main/orchavate_gtm_workflow/outputs/v1.1_nse_tracker_enriched_clearbit_20260806_193605_attempt1_succesful_reviewnotdone_orchavatecore_digital/Finkurve_Financial_Services_Limited/screenshots/Finkurve_Financial_Services_Limited_Homepage_WAVE_Overlay.png)","N/A","Head of Compliance & Digital Governance","Not Found","General Contact Email (Guessed Pattern)","Accessibility & Nodal Officer","Not Found"
"672","Unassigned","Fino Payments Bank Limited","https://finobank.com","Yes","Yes","Yes","","","100","![WAVE Tool Screenshot](https://github.com/VEER-TANMAY-SACHIN/projects/blob/main/orchavate_gtm_workflow/outputs/v1.1_nse_tracker_enriched_clearbit_20260806_193605_attempt1_succesful_reviewnotdone_orchavatecore_digital/Fino_Payments_Bank_Limited/screenshots/Fino_Payments_Bank_Limited_Homepage_WAVE_Overlay.png)","N/A","Head of Compliance & Digital Governance","customercare@fino.bank.in","General Contact Email","Accessibility & Nodal Officer","customercare@fino.bank.in"
"673","Unassigned","Finolex Cables Limited","https://Not Found","No","Yes","Yes","","","100","![WAVE Tool Screenshot](https://github.com/VEER-TANMAY-SACHIN/projects/blob/main/orchavate_gtm_workflow/outputs/v1.1_nse_tracker_enriched_clearbit_20260806_193605_attempt1_succesful_reviewnotdone_orchavatecore_digital/Finolex_Cables_Limited/screenshots/Finolex_Cables_Limited_Homepage_WAVE_Overlay.png)","N/A","Head of Compliance & Digital Governance","Not Found","General Contact Email (Guessed Pattern)","Accessibility & Nodal Officer","Not Found"
"674","Unassigned","Finolex Industries Limited","https://Not Found","No","Yes","Yes","","","100","![WAVE Tool Screenshot](https://github.com/VEER-TANMAY-SACHIN/projects/blob/main/orchavate_gtm_workflow/outputs/v1.1_nse_tracker_enriched_clearbit_20260806_193605_attempt1_succesful_reviewnotdone_orchavatecore_digital/Finolex_Industries_Limited/screenshots/Finolex_Industries_Limited_Homepage_WAVE_Overlay.png)","N/A","Head of Compliance & Digital Governance","Not Found","General Contact Email (Guessed Pattern)","Accessibility & Nodal Officer","Not Found"
"675","Unassigned","Firstsource Solutions Limited","https://Not Found","No","Yes","Yes","","","100","![WAVE Tool Screenshot](https://github.com/VEER-TANMAY-SACHIN/projects/blob/main/orchavate_gtm_workflow/outputs/v1.1_nse_tracker_enriched_clearbit_20260806_193605_attempt1_succesful_reviewnotdone_orchavatecore_digital/Firstsource_Solutions_Limited/screenshots/Firstsource_Solutions_Limited_Homepage_WAVE_Overlay.png)","N/A","Head of Compliance & Digital Governance","Not Found","General Contact Email (Guessed Pattern)","Accessibility & Nodal Officer","Not Found"
"676","Unassigned","Fischer Medical Ventures Limited","https://Not Found","No","Yes","Yes","","","100","![WAVE Tool Screenshot](https://github.com/VEER-TANMAY-SACHIN/projects/blob/main/orchavate_gtm_workflow/outputs/v1.1_nse_tracker_enriched_clearbit_20260806_193605_attempt1_succesful_reviewnotdone_orchavatecore_digital/Fischer_Medical_Ventures_Limited/screenshots/Fischer_Medical_Ventures_Limited_Homepage_WAVE_Overlay.png)","N/A","Head of Compliance & Digital Governance","Not Found","General Contact Email (Guessed Pattern)","Accessibility & Nodal Officer","Not Found"
"677","Unassigned","Five-Star Business Finance Limited","https://Not Found","No","Yes","Yes","","","100","![WAVE Tool Screenshot](https://github.com/VEER-TANMAY-SACHIN/projects/blob/main/orchavate_gtm_workflow/outputs/v1.1_nse_tracker_enriched_clearbit_20260806_193605_attempt1_succesful_reviewnotdone_orchavatecore_digital/Five_Star_Business_Finance_Limited/screenshots/Five_Star_Business_Finance_Limited_Homepage_WAVE_Overlay.png)","N/A","Head of Compliance & Digital Governance","Not Found","General Contact Email (Guessed Pattern)","Accessibility & Nodal Officer","Not Found"
"678","Unassigned","Flair Writing Industries Limited","https://Not Found","No","Yes","Yes","","","100","![WAVE Tool Screenshot](https://github.com/VEER-TANMAY-SACHIN/projects/blob/main/orchavate_gtm_workflow/outputs/v1.1_nse_tracker_enriched_clearbit_20260806_193605_attempt1_succesful_reviewnotdone_orchavatecore_digital/Flair_Writing_Industries_Limited/screenshots/Flair_Writing_Industries_Limited_Homepage_WAVE_Overlay.png)","N/A","Head of Compliance & Digital Governance","Not Found","General Contact Email (Guessed Pattern)","Accessibility & Nodal Officer","Not Found"
"679","Unassigned","Flexituff Ventures International Limited","https://fildripper.com","Yes","Yes","Yes","","","100","![WAVE Tool Screenshot](https://github.com/VEER-TANMAY-SACHIN/projects/blob/main/orchavate_gtm_workflow/outputs/v1.1_nse_tracker_enriched_clearbit_20260806_193605_attempt1_succesful_reviewnotdone_orchavatecore_digital/Flexituff_Ventures_International_Limited/screenshots/Flexituff_Ventures_International_Limited_Homepage_WAVE_Overlay.png)","N/A","Head of Compliance & Digital Governance","info@fildripper.com","General Contact Email (Guessed Pattern)","Accessibility & Nodal Officer","info@fildripper.com"
"680","Unassigned","Focus Lighting and Fixtures Limited","https://Not Found","No","Yes","Yes","","","100","![WAVE Tool Screenshot](https://github.com/VEER-TANMAY-SACHIN/projects/blob/main/orchavate_gtm_workflow/outputs/v1.1_nse_tracker_enriched_clearbit_20260806_193605_attempt1_succesful_reviewnotdone_orchavatecore_digital/Focus_Lighting_and_Fixtures_Limited/screenshots/Focus_Lighting_and_Fixtures_Limited_Homepage_WAVE_Overlay.png)","N/A","Head of Compliance & Digital Governance","Not Found","General Contact Email (Guessed Pattern)","Accessibility & Nodal Officer","Not Found"
"681","Unassigned","Foods & Inns Limited","https://foodservicedirect.com","Yes","Yes","Yes","8","8","68","![WAVE Tool Screenshot](https://github.com/VEER-TANMAY-SACHIN/projects/blob/main/orchavate_gtm_workflow/outputs/v1.1_nse_tracker_enriched_clearbit_20260806_193605_attempt1_succesful_reviewnotdone_orchavatecore_digital/Foods___Inns_Limited/screenshots/Foods___Inns_Limited_Homepage_WAVE_Overlay.png)","N/A","Head of Compliance & Digital Governance","customerservice@foodservicedirect.com","General Contact Email","Accessibility & Nodal Officer","customerservice@foodservicedirect.com"
"682","Unassigned","Fortis Healthcare Limited","https://fortishealthcare.com","Yes","Yes","Yes","6","6","76","![WAVE Tool Screenshot](https://github.com/VEER-TANMAY-SACHIN/projects/blob/main/orchavate_gtm_workflow/outputs/v1.1_nse_tracker_enriched_clearbit_20260806_193605_attempt1_succesful_reviewnotdone_orchavatecore_digital/Fortis_Healthcare_Limited/screenshots/Fortis_Healthcare_Limited_Homepage_WAVE_Overlay.png)","N/A","Head of Compliance & Digital Governance","info@fortishealthcare.com","General Contact Email (Guessed Pattern)","Accessibility & Nodal Officer","info@fortishealthcare.com"
"683","Unassigned","Foseco India Limited","https://fosecoindia.com","Yes","Yes","Yes","","","100","![WAVE Tool Screenshot](https://github.com/VEER-TANMAY-SACHIN/projects/blob/main/orchavate_gtm_workflow/outputs/v1.1_nse_tracker_enriched_clearbit_20260806_193605_attempt1_succesful_reviewnotdone_orchavatecore_digital/Foseco_India_Limited/screenshots/Foseco_India_Limited_Homepage_WAVE_Overlay.png)","N/A","Head of Compliance & Digital Governance","info@fosecoindia.com","General Contact Email (Guessed Pattern)","Accessibility & Nodal Officer","info@fosecoindia.com"
"684","Unassigned","Fractal Analytics Limited","https://fractalanalytics.com","Yes","Yes","Yes","10","10","60","![WAVE Tool Screenshot](https://github.com/VEER-TANMAY-SACHIN/projects/blob/main/orchavate_gtm_workflow/outputs/v1.1_nse_tracker_enriched_clearbit_20260806_193605_attempt1_succesful_reviewnotdone_orchavatecore_digital/Fractal_Analytics_Limited/screenshots/Fractal_Analytics_Limited_Homepage_WAVE_Overlay.png)","N/A","Head of Compliance & Digital Governance","info@fractal.ai","General Contact Email","Accessibility & Nodal Officer","info@fractal.ai"
"685","Unassigned","Frontier Springs Limited","https://frontiersprings.co.in","Yes","Yes","Yes","5","5","80","![WAVE Tool Screenshot](https://github.com/VEER-TANMAY-SACHIN/projects/blob/main/orchavate_gtm_workflow/outputs/v1.1_nse_tracker_enriched_clearbit_20260806_193605_attempt1_succesful_reviewnotdone_orchavatecore_digital/Frontier_Springs_Limited/screenshots/Frontier_Springs_Limited_Homepage_WAVE_Overlay.png)","N/A","Head of Compliance & Digital Governance","sales@frontiersprings.co.in","Investor Grievance / Compliance Officer Email","Accessibility & Nodal Officer","c.s@frontiersprings.co.in"
"686","Unassigned","Fusion Finance Limited","https://fusionfinance.com","Yes","Yes","No","","","100","![WAVE Tool Screenshot](https://github.com/VEER-TANMAY-SACHIN/projects/blob/main/orchavate_gtm_workflow/outputs/v1.1_nse_tracker_enriched_clearbit_20260806_193605_attempt1_succesful_reviewnotdone_orchavatecore_digital/Fusion_Finance_Limited/screenshots/Fusion_Finance_Limited_Homepage_WAVE_Overlay.png)","N/A","Head of Compliance & Digital Governance","info@fusionfinance.com","General Contact Email (Guessed Pattern)","Accessibility & Nodal Officer","info@fusionfinance.com"
"687","Unassigned","Future Enterprises Limited","https://futurelearn.com","Yes","No","No","","","","![WAVE Tool Screenshot](https://github.com/VEER-TANMAY-SACHIN/projects/blob/main/orchavate_gtm_workflow/outputs/v1.1_nse_tracker_enriched_clearbit_20260806_193605_attempt1_succesful_reviewnotdone_orchavatecore_digital/Future_Enterprises_Limited/screenshots/Future_Enterprises_Limited_Homepage_WAVE_Overlay.png)","N/A","Head of Compliance & Digital Governance","N/A","N/A","N/A","Not Found"
"688","Unassigned","Future Lifestyle Fashions Limited","https://futurelifestyle.in","Yes","Yes","Yes","50","50","30","![WAVE Tool Screenshot](https://github.com/VEER-TANMAY-SACHIN/projects/blob/main/orchavate_gtm_workflow/outputs/v1.1_nse_tracker_enriched_clearbit_20260806_193605_attempt1_succesful_reviewnotdone_orchavatecore_digital/Future_Lifestyle_Fashions_Limited/screenshots/Future_Lifestyle_Fashions_Limited_Homepage_WAVE_Overlay.png)","N/A","Head of Compliance & Digital Governance","mediarelations@futuregroup.in","General Contact Email","Accessibility & Nodal Officer","mediarelations@futuregroup.in"
"689","Unassigned","Future Market Networks Limited","https://Not Found","No","Yes","Yes","","","100","![WAVE Tool Screenshot](https://github.com/VEER-TANMAY-SACHIN/projects/blob/main/orchavate_gtm_workflow/outputs/v1.1_nse_tracker_enriched_clearbit_20260806_193605_attempt1_succesful_reviewnotdone_orchavatecore_digital/Future_Market_Networks_Limited/screenshots/Future_Market_Networks_Limited_Homepage_WAVE_Overlay.png)","N/A","Head of Compliance & Digital Governance","Not Found","General Contact Email (Guessed Pattern)","Accessibility & Nodal Officer","Not Found"
"690","Unassigned","GACM Technologies Limited","https://gacmotor.com","Yes","Yes","Yes","5","5","80","![WAVE Tool Screenshot](https://github.com/VEER-TANMAY-SACHIN/projects/blob/main/orchavate_gtm_workflow/outputs/v1.1_nse_tracker_enriched_clearbit_20260806_193605_attempt1_succesful_reviewnotdone_orchavatecore_digital/GACM_Technologies_Limited/screenshots/GACM_Technologies_Limited_Homepage_WAVE_Overlay.png)","N/A","Head of Compliance & Digital Governance","info@gacmotor.com","General Contact Email (Guessed Pattern)","Accessibility & Nodal Officer","info@gacmotor.com"
"691","Unassigned","GAIL (India) Limited","https://gailonline.com","Yes","Yes","Yes","170","170","30","![WAVE Tool Screenshot](https://github.com/VEER-TANMAY-SACHIN/projects/blob/main/orchavate_gtm_workflow/outputs/v1.1_nse_tracker_enriched_clearbit_20260806_193605_attempt1_succesful_reviewnotdone_orchavatecore_digital/GAIL__India__Limited/screenshots/GAIL__India__Limited_Homepage_WAVE_Overlay.png)","N/A","Head of Compliance & Digital Governance","info@gailonline.com","General Contact Email (Guessed Pattern)","Accessibility & Nodal Officer","info@gailonline.com"
"692","Unassigned","GANESH HOUSING LIMITED","https://ganeshhousing.com","Yes","Yes","Yes","10","10","60","![WAVE Tool Screenshot](https://github.com/VEER-TANMAY-SACHIN/projects/blob/main/orchavate_gtm_workflow/outputs/v1.1_nse_tracker_enriched_clearbit_20260806_193605_attempt1_succesful_reviewnotdone_orchavatecore_digital/GANESH_HOUSING_LIMITED/screenshots/GANESH_HOUSING_LIMITED_Homepage_WAVE_Overlay.png)","N/A","Head of Compliance & Digital Governance","ganesh@ganeshhousing.com","General Contact Email","Accessibility & Nodal Officer","ganesh@ganeshhousing.com"
"693","Unassigned","GE Power India Limited","https://gepowercord.com","Yes","Yes","Yes","11","11","56","![WAVE Tool Screenshot](https://github.com/VEER-TANMAY-SACHIN/projects/blob/main/orchavate_gtm_workflow/outputs/v1.1_nse_tracker_enriched_clearbit_20260806_193605_attempt1_succesful_reviewnotdone_orchavatecore_digital/GE_Power_India_Limited/screenshots/GE_Power_India_Limited_Homepage_WAVE_Overlay.png)","N/A","Head of Compliance & Digital Governance","info@gepowercord.com","General Contact Email","Accessibility & Nodal Officer","info@gepowercord.com"
"694","Unassigned","GE Vernova T&D India Limited","https://Not Found","No","Yes","Yes","","","100","![WAVE Tool Screenshot](https://github.com/VEER-TANMAY-SACHIN/projects/blob/main/orchavate_gtm_workflow/outputs/v1.1_nse_tracker_enriched_clearbit_20260806_193605_attempt1_succesful_reviewnotdone_orchavatecore_digital/GE_Vernova_T_D_India_Limited/screenshots/GE_Vernova_T_D_India_Limited_Homepage_WAVE_Overlay.png)","N/A","Head of Compliance & Digital Governance","Not Found","General Contact Email (Guessed Pattern)","Accessibility & Nodal Officer","Not Found"
"695","Unassigned","GFL Limited","https://gflenv.com","Yes","No","No","","","","![WAVE Tool Screenshot](https://github.com/VEER-TANMAY-SACHIN/projects/blob/main/orchavate_gtm_workflow/outputs/v1.1_nse_tracker_enriched_clearbit_20260806_193605_attempt1_succesful_reviewnotdone_orchavatecore_digital/GFL_Limited/screenshots/GFL_Limited_Homepage_WAVE_Overlay.png)","N/A","Head of Compliance & Digital Governance","N/A","N/A","N/A","Not Found"
"696","Unassigned","GHCL Limited","https://ghcl.co.in","Yes","Yes","Yes","28","28","30","![WAVE Tool Screenshot](https://github.com/VEER-TANMAY-SACHIN/projects/blob/main/orchavate_gtm_workflow/outputs/v1.1_nse_tracker_enriched_clearbit_20260806_193605_attempt1_succesful_reviewnotdone_orchavatecore_digital/GHCL_Limited/screenshots/GHCL_Limited_Homepage_WAVE_Overlay.png)","N/A","Head of Compliance & Digital Governance","weassist@ghcl.co.in","General Contact Email","Accessibility & Nodal Officer","weassist@ghcl.co.in"
"697","Unassigned","GHCL Textiles Limited","https://ghcltextiles.co.in","Yes","Yes","Yes","","","100","![WAVE Tool Screenshot](https://github.com/VEER-TANMAY-SACHIN/projects/blob/main/orchavate_gtm_workflow/outputs/v1.1_nse_tracker_enriched_clearbit_20260806_193605_attempt1_succesful_reviewnotdone_orchavatecore_digital/GHCL_Textiles_Limited/screenshots/GHCL_Textiles_Limited_Homepage_WAVE_Overlay.png)","N/A","Head of Compliance & Digital Governance","ghclmdu@ghcl.co.in","General Contact Email","Accessibility & Nodal Officer","ghclmdu@ghcl.co.in"
"698","Unassigned","GIC Housing Finance Limited","https://gichfindia.com","Yes","No","No","","","","![WAVE Tool Screenshot](https://github.com/VEER-TANMAY-SACHIN/projects/blob/main/orchavate_gtm_workflow/outputs/v1.1_nse_tracker_enriched_clearbit_20260806_193605_attempt1_succesful_reviewnotdone_orchavatecore_digital/GIC_Housing_Finance_Limited/screenshots/GIC_Housing_Finance_Limited_Homepage_WAVE_Overlay.png)","N/A","Head of Compliance & Digital Governance","N/A","N/A","N/A","Not Found"
"699","Unassigned","GKW Limited","https://gkwretail.com","Yes","Yes","Yes","","","100","![WAVE Tool Screenshot](https://github.com/VEER-TANMAY-SACHIN/projects/blob/main/orchavate_gtm_workflow/outputs/v1.1_nse_tracker_enriched_clearbit_20260806_193605_attempt1_succesful_reviewnotdone_orchavatecore_digital/GKW_Limited/screenshots/GKW_Limited_Homepage_WAVE_Overlay.png)","N/A","Head of Compliance & Digital Governance","info@gkwretail.com","General Contact Email","Accessibility & Nodal Officer","info@gkwretail.com"
"700","Unassigned","GK Energy Limited","https://Not Found","No","Yes","Yes","","","100","![WAVE Tool Screenshot](https://github.com/VEER-TANMAY-SACHIN/projects/blob/main/orchavate_gtm_workflow/outputs/v1.1_nse_tracker_enriched_clearbit_20260806_193605_attempt1_succesful_reviewnotdone_orchavatecore_digital/GK_Energy_Limited/screenshots/GK_Energy_Limited_Homepage_WAVE_Overlay.png)","N/A","Head of Compliance & Digital Governance","Not Found","General Contact Email (Guessed Pattern)","Accessibility & Nodal Officer","Not Found"
"701","Unassigned","GLOBE ENTERPRISES (INDIA) LIMITED","https://globenewswire.com","Yes","Yes","Yes","2","2","92","![WAVE Tool Screenshot](https://github.com/VEER-TANMAY-SACHIN/projects/blob/main/orchavate_gtm_workflow/outputs/v1.1_nse_tracker_enriched_clearbit_20260806_193605_attempt1_succesful_reviewnotdone_orchavatecore_digital/GLOBE_ENTERPRISES__INDIA__LIMITED/screenshots/GLOBE_ENTERPRISES__INDIA__LIMITED_Homepage_WAVE_Overlay.png)","N/A","Head of Compliance & Digital Governance","info@globenewswire.com","General Contact Email (Guessed Pattern)","Accessibility & Nodal Officer","info@globenewswire.com"
"702","Unassigned","GMM Pfaudler Limited","https://gmmpfaudler.com","Yes","Yes","Yes","35","35","30","![WAVE Tool Screenshot](https://github.com/VEER-TANMAY-SACHIN/projects/blob/main/orchavate_gtm_workflow/outputs/v1.1_nse_tracker_enriched_clearbit_20260806_193605_attempt1_succesful_reviewnotdone_orchavatecore_digital/GMM_Pfaudler_Limited/screenshots/GMM_Pfaudler_Limited_Homepage_WAVE_Overlay.png)","N/A","Head of Compliance & Digital Governance","info@gmmpfaudler.com","General Contact Email (Guessed Pattern)","Accessibility & Nodal Officer","info@gmmpfaudler.com"
"703","Unassigned","GMR AIRPORTS LIMITED","https://gmrairportslimited.com","Yes","Yes","Yes","","","100","![WAVE Tool Screenshot](https://github.com/VEER-TANMAY-SACHIN/projects/blob/main/orchavate_gtm_workflow/outputs/v1.1_nse_tracker_enriched_clearbit_20260806_193605_attempt1_succesful_reviewnotdone_orchavatecore_digital/GMR_AIRPORTS_LIMITED/screenshots/GMR_AIRPORTS_LIMITED_Homepage_WAVE_Overlay.png)","N/A","Head of Compliance & Digital Governance","info@gmrairportslimited.com","General Contact Email (Guessed Pattern)","Accessibility & Nodal Officer","info@gmrairportslimited.com"
"704","Unassigned","GMR Power and Urban Infra Limited","https://Not Found","No","Yes","Yes","","","100","![WAVE Tool Screenshot](https://github.com/VEER-TANMAY-SACHIN/projects/blob/main/orchavate_gtm_workflow/outputs/v1.1_nse_tracker_enriched_clearbit_20260806_193605_attempt1_succesful_reviewnotdone_orchavatecore_digital/GMR_Power_and_Urban_Infra_Limited/screenshots/GMR_Power_and_Urban_Infra_Limited_Homepage_WAVE_Overlay.png)","N/A","Head of Compliance & Digital Governance","Not Found","General Contact Email (Guessed Pattern)","Accessibility & Nodal Officer","Not Found"
"705","Unassigned","GM Breweries Limited","https://Not Found","No","Yes","Yes","","","100","![WAVE Tool Screenshot](https://github.com/VEER-TANMAY-SACHIN/projects/blob/main/orchavate_gtm_workflow/outputs/v1.1_nse_tracker_enriched_clearbit_20260806_193605_attempt1_succesful_reviewnotdone_orchavatecore_digital/GM_Breweries_Limited/screenshots/GM_Breweries_Limited_Homepage_WAVE_Overlay.png)","N/A","Head of Compliance & Digital Governance","Not Found","General Contact Email (Guessed Pattern)","Accessibility & Nodal Officer","Not Found"
"706","Unassigned","GNA Axles Limited","https://gnagroup.com","Yes","Yes","Yes","","","100","![WAVE Tool Screenshot](https://github.com/VEER-TANMAY-SACHIN/projects/blob/main/orchavate_gtm_workflow/outputs/v1.1_nse_tracker_enriched_clearbit_20260806_193605_attempt1_succesful_reviewnotdone_orchavatecore_digital/GNA_Axles_Limited/screenshots/GNA_Axles_Limited_Homepage_WAVE_Overlay.png)","N/A","Head of Compliance & Digital Governance","info@gnagroup.com","General Contact Email (Guessed Pattern)","Accessibility & Nodal Officer","info@gnagroup.com"
"707","Unassigned","GNG Electronics Limited","https://Not Found","No","Yes","Yes","","","100","![WAVE Tool Screenshot](https://github.com/VEER-TANMAY-SACHIN/projects/blob/main/orchavate_gtm_workflow/outputs/v1.1_nse_tracker_enriched_clearbit_20260806_193605_attempt1_succesful_reviewnotdone_orchavatecore_digital/GNG_Electronics_Limited/screenshots/GNG_Electronics_Limited_Homepage_WAVE_Overlay.png)","N/A","Head of Compliance & Digital Governance","Not Found","General Contact Email (Guessed Pattern)","Accessibility & Nodal Officer","Not Found"
"708","Unassigned","GOCL Corporation Limited","https://goclove.com","Yes","Yes","Yes","32","32","30","![WAVE Tool Screenshot](https://github.com/VEER-TANMAY-SACHIN/projects/blob/main/orchavate_gtm_workflow/outputs/v1.1_nse_tracker_enriched_clearbit_20260806_193605_attempt1_succesful_reviewnotdone_orchavatecore_digital/GOCL_Corporation_Limited/screenshots/GOCL_Corporation_Limited_Homepage_WAVE_Overlay.png)","N/A","Head of Compliance & Digital Governance","support@goclove.com","General Contact Email","Accessibility & Nodal Officer","support@goclove.com"
"709","Unassigned","GPT Healthcare Limited","https://Not Found","No","Yes","Yes","","","100","![WAVE Tool Screenshot](https://github.com/VEER-TANMAY-SACHIN/projects/blob/main/orchavate_gtm_workflow/outputs/v1.1_nse_tracker_enriched_clearbit_20260806_193605_attempt1_succesful_reviewnotdone_orchavatecore_digital/GPT_Healthcare_Limited/screenshots/GPT_Healthcare_Limited_Homepage_WAVE_Overlay.png)","N/A","Head of Compliance & Digital Governance","Not Found","General Contact Email (Guessed Pattern)","Accessibility & Nodal Officer","Not Found"
"710","Unassigned","GPT Infraprojects Limited","https://gptinfra.in","Yes","No","No","","","","![WAVE Tool Screenshot](https://github.com/VEER-TANMAY-SACHIN/projects/blob/main/orchavate_gtm_workflow/outputs/v1.1_nse_tracker_enriched_clearbit_20260806_193605_attempt1_succesful_reviewnotdone_orchavatecore_digital/GPT_Infraprojects_Limited/screenshots/GPT_Infraprojects_Limited_Homepage_WAVE_Overlay.png)","N/A","Head of Compliance & Digital Governance","N/A","N/A","N/A","Not Found"
"711","Unassigned","GP Petroleums Limited","https://gppetroleums.co.in","Yes","Yes","Yes","27","27","30","![WAVE Tool Screenshot](https://github.com/VEER-TANMAY-SACHIN/projects/blob/main/orchavate_gtm_workflow/outputs/v1.1_nse_tracker_enriched_clearbit_20260806_193605_attempt1_succesful_reviewnotdone_orchavatecore_digital/GP_Petroleums_Limited/screenshots/GP_Petroleums_Limited_Homepage_WAVE_Overlay.png)","N/A","Head of Compliance & Digital Governance","gppl@gpglobal.com","Investor Grievance / Compliance Officer Email","Accessibility & Nodal Officer","rnt.helpdesk@in.mpms.mugf.com"
"712","Unassigned","GRM Overseas Limited","https://Not Found","No","Yes","Yes","","","100","![WAVE Tool Screenshot](https://github.com/VEER-TANMAY-SACHIN/projects/blob/main/orchavate_gtm_workflow/outputs/v1.1_nse_tracker_enriched_clearbit_20260806_193605_attempt1_succesful_reviewnotdone_orchavatecore_digital/GRM_Overseas_Limited/screenshots/GRM_Overseas_Limited_Homepage_WAVE_Overlay.png)","N/A","Head of Compliance & Digital Governance","Not Found","General Contact Email (Guessed Pattern)","Accessibility & Nodal Officer","Not Found"
"713","Unassigned","GRP Limited","https://grp.com.sg","Yes","Yes","Yes","2","2","92","![WAVE Tool Screenshot](https://github.com/VEER-TANMAY-SACHIN/projects/blob/main/orchavate_gtm_workflow/outputs/v1.1_nse_tracker_enriched_clearbit_20260806_193605_attempt1_succesful_reviewnotdone_orchavatecore_digital/GRP_Limited/screenshots/GRP_Limited_Homepage_WAVE_Overlay.png)","N/A","Head of Compliance & Digital Governance","investor@grp.com.sg","General Contact Email","Accessibility & Nodal Officer","investor@grp.com.sg"
"714","Unassigned","GSP Crop Science Limited","https://gspcrop.in","Yes","Yes","Yes","","","100","![WAVE Tool Screenshot](https://github.com/VEER-TANMAY-SACHIN/projects/blob/main/orchavate_gtm_workflow/outputs/v1.1_nse_tracker_enriched_clearbit_20260806_193605_attempt1_succesful_reviewnotdone_orchavatecore_digital/GSP_Crop_Science_Limited/screenshots/GSP_Crop_Science_Limited_Homepage_WAVE_Overlay.png)","N/A","Head of Compliance & Digital Governance","info@gspcrop.in","General Contact Email (Guessed Pattern)","Accessibility & Nodal Officer","info@gspcrop.in"
"715","Unassigned","GSS Infotech Limited","https://gssinfotech.com","Yes","Yes","Yes","10","10","60","![WAVE Tool Screenshot](https://github.com/VEER-TANMAY-SACHIN/projects/blob/main/orchavate_gtm_workflow/outputs/v1.1_nse_tracker_enriched_clearbit_20260806_193605_attempt1_succesful_reviewnotdone_orchavatecore_digital/GSS_Infotech_Limited/screenshots/GSS_Infotech_Limited_Homepage_WAVE_Overlay.png)","N/A","Head of Compliance & Digital Governance","info@gssinfotech.com","General Contact Email (Guessed Pattern)","Accessibility & Nodal Officer","info@gssinfotech.com"
"716","Unassigned","GTL Infrastructure Limited","https://gtlinfra.com","Yes","No","No","","","","![WAVE Tool Screenshot](https://github.com/VEER-TANMAY-SACHIN/projects/blob/main/orchavate_gtm_workflow/outputs/v1.1_nse_tracker_enriched_clearbit_20260806_193605_attempt1_succesful_reviewnotdone_orchavatecore_digital/GTL_Infrastructure_Limited/screenshots/GTL_Infrastructure_Limited_Homepage_WAVE_Overlay.png)","N/A","Head of Compliance & Digital Governance","N/A","N/A","N/A","Not Found"
"717","Unassigned","GTL Limited","https://gtllimited.com","Yes","Yes","Yes","","","100","![WAVE Tool Screenshot](https://github.com/VEER-TANMAY-SACHIN/projects/blob/main/orchavate_gtm_workflow/outputs/v1.1_nse_tracker_enriched_clearbit_20260806_193605_attempt1_succesful_reviewnotdone_orchavatecore_digital/GTL_Limited/screenshots/GTL_Limited_Homepage_WAVE_Overlay.png)","N/A","Head of Compliance & Digital Governance","info@gtllimited.com","General Contact Email (Guessed Pattern)","Accessibility & Nodal Officer","info@gtllimited.com"
"718","Unassigned","GTPL Hathway Limited","https://gtpl.net","Yes","Yes","Yes","34","34","30","![WAVE Tool Screenshot](https://github.com/VEER-TANMAY-SACHIN/projects/blob/main/orchavate_gtm_workflow/outputs/v1.1_nse_tracker_enriched_clearbit_20260806_193605_attempt1_succesful_reviewnotdone_orchavatecore_digital/GTPL_Hathway_Limited/screenshots/GTPL_Hathway_Limited_Homepage_WAVE_Overlay.png)","N/A","Head of Compliance & Digital Governance","yoursupport@gtpl.net","General Contact Email","Accessibility & Nodal Officer","yoursupport@gtpl.net"
"719","Unassigned","GUJARAT ENERGY LIMITED","https://getri.org","Yes","No","No","","","","![WAVE Tool Screenshot](https://github.com/VEER-TANMAY-SACHIN/projects/blob/main/orchavate_gtm_workflow/outputs/v1.1_nse_tracker_enriched_clearbit_20260806_193605_attempt1_succesful_reviewnotdone_orchavatecore_digital/GUJARAT_ENERGY_LIMITED/screenshots/GUJARAT_ENERGY_LIMITED_Homepage_WAVE_Overlay.png)","N/A","Head of Compliance & Digital Governance","N/A","N/A","N/A","Not Found"
"720","Unassigned","GVK Power & Infrastructure Limited","https://Not Found","No","Yes","Yes","","","100","![WAVE Tool Screenshot](https://github.com/VEER-TANMAY-SACHIN/projects/blob/main/orchavate_gtm_workflow/outputs/v1.1_nse_tracker_enriched_clearbit_20260806_193605_attempt1_succesful_reviewnotdone_orchavatecore_digital/GVK_Power___Infrastructure_Limited/screenshots/GVK_Power___Infrastructure_Limited_Homepage_WAVE_Overlay.png)","N/A","Head of Compliance & Digital Governance","Not Found","General Contact Email (Guessed Pattern)","Accessibility & Nodal Officer","Not Found"
"721","Unassigned","GVP Infotech Limited","https://Not Found","No","Yes","Yes","","","100","![WAVE Tool Screenshot](https://github.com/VEER-TANMAY-SACHIN/projects/blob/main/orchavate_gtm_workflow/outputs/v1.1_nse_tracker_enriched_clearbit_20260806_193605_attempt1_succesful_reviewnotdone_orchavatecore_digital/GVP_Infotech_Limited/screenshots/GVP_Infotech_Limited_Homepage_WAVE_Overlay.png)","N/A","Head of Compliance & Digital Governance","Not Found","General Contact Email (Guessed Pattern)","Accessibility & Nodal Officer","Not Found"
"722","Unassigned","G R Infraprojects Limited","https://grinfra.com","Yes","No","No","","","","![WAVE Tool Screenshot](https://github.com/VEER-TANMAY-SACHIN/projects/blob/main/orchavate_gtm_workflow/outputs/v1.1_nse_tracker_enriched_clearbit_20260806_193605_attempt1_succesful_reviewnotdone_orchavatecore_digital/G_R_Infraprojects_Limited/screenshots/G_R_Infraprojects_Limited_Homepage_WAVE_Overlay.png)","N/A","Head of Compliance & Digital Governance","N/A","N/A","N/A","Not Found"
"723","Unassigned","G-TEC JAINX EDUCATION LIMITED","https://Not Found","No","Yes","Yes","","","100","![WAVE Tool Screenshot](https://github.com/VEER-TANMAY-SACHIN/projects/blob/main/orchavate_gtm_workflow/outputs/v1.1_nse_tracker_enriched_clearbit_20260806_193605_attempt1_succesful_reviewnotdone_orchavatecore_digital/G_TEC_JAINX_EDUCATION_LIMITED/screenshots/G_TEC_JAINX_EDUCATION_LIMITED_Homepage_WAVE_Overlay.png)","N/A","Head of Compliance & Digital Governance","Not Found","General Contact Email (Guessed Pattern)","Accessibility & Nodal Officer","Not Found"
"724","Unassigned","Gabriel India Limited","https://gabriellearruda.com","Yes","No","No","","","","![WAVE Tool Screenshot](https://github.com/VEER-TANMAY-SACHIN/projects/blob/main/orchavate_gtm_workflow/outputs/v1.1_nse_tracker_enriched_clearbit_20260806_193605_attempt1_succesful_reviewnotdone_orchavatecore_digital/Gabriel_India_Limited/screenshots/Gabriel_India_Limited_Homepage_WAVE_Overlay.png)","N/A","Head of Compliance & Digital Governance","N/A","N/A","N/A","Not Found"
"725","Unassigned","Gala Precision Engineering Limited","https://Not Found","No","Yes","Yes","","","100","![WAVE Tool Screenshot](https://github.com/VEER-TANMAY-SACHIN/projects/blob/main/orchavate_gtm_workflow/outputs/v1.1_nse_tracker_enriched_clearbit_20260806_193605_attempt1_succesful_reviewnotdone_orchavatecore_digital/Gala_Precision_Engineering_Limited/screenshots/Gala_Precision_Engineering_Limited_Homepage_WAVE_Overlay.png)","N/A","Head of Compliance & Digital Governance","Not Found","General Contact Email (Guessed Pattern)","Accessibility & Nodal Officer","Not Found"
"726","Unassigned","Galaxy Surfactants Limited","https://galaxysurfactants.com","Yes","No","No","","","","![WAVE Tool Screenshot](https://github.com/VEER-TANMAY-SACHIN/projects/blob/main/orchavate_gtm_workflow/outputs/v1.1_nse_tracker_enriched_clearbit_20260806_193605_attempt1_succesful_reviewnotdone_orchavatecore_digital/Galaxy_Surfactants_Limited/screenshots/Galaxy_Surfactants_Limited_Homepage_WAVE_Overlay.png)","N/A","Head of Compliance & Digital Governance","N/A","N/A","N/A","Not Found"
"727","Unassigned","Gallantt Ispat Limited","https://Not Found","No","Yes","Yes","","","100","![WAVE Tool Screenshot](https://github.com/VEER-TANMAY-SACHIN/projects/blob/main/orchavate_gtm_workflow/outputs/v1.1_nse_tracker_enriched_clearbit_20260806_193605_attempt1_succesful_reviewnotdone_orchavatecore_digital/Gallantt_Ispat_Limited/screenshots/Gallantt_Ispat_Limited_Homepage_WAVE_Overlay.png)","N/A","Head of Compliance & Digital Governance","Not Found","General Contact Email (Guessed Pattern)","Accessibility & Nodal Officer","Not Found"
"728","Unassigned","Gandhar Oil Refinery (India) Limited","https://Not Found","No","Yes","Yes","","","100","![WAVE Tool Screenshot](https://github.com/VEER-TANMAY-SACHIN/projects/blob/main/orchavate_gtm_workflow/outputs/v1.1_nse_tracker_enriched_clearbit_20260806_193605_attempt1_succesful_reviewnotdone_orchavatecore_digital/Gandhar_Oil_Refinery__India__Limited/screenshots/Gandhar_Oil_Refinery__India__Limited_Homepage_WAVE_Overlay.png)","N/A","Head of Compliance & Digital Governance","Not Found","General Contact Email (Guessed Pattern)","Accessibility & Nodal Officer","Not Found"
"729","Unassigned","Gandhi Special Tubes Limited","https://gandhispecialtubes.com","Yes","Yes","Yes","19","19","30","![WAVE Tool Screenshot](https://github.com/VEER-TANMAY-SACHIN/projects/blob/main/orchavate_gtm_workflow/outputs/v1.1_nse_tracker_enriched_clearbit_20260806_193605_attempt1_succesful_reviewnotdone_orchavatecore_digital/Gandhi_Special_Tubes_Limited/screenshots/Gandhi_Special_Tubes_Limited_Homepage_WAVE_Overlay.png)","N/A","Head of Compliance & Digital Governance","info@gandhitubes.com","Investor Grievance / Compliance Officer Email","Accessibility & Nodal Officer","complianceofficer@gandhitubes.com"
"730","Unassigned","Ganesh Benzoplast Limited","https://ganeshbenzoplast.com","Yes","Yes","Yes","15","15","40","![WAVE Tool Screenshot](https://github.com/VEER-TANMAY-SACHIN/projects/blob/main/orchavate_gtm_workflow/outputs/v1.1_nse_tracker_enriched_clearbit_20260806_193605_attempt1_succesful_reviewnotdone_orchavatecore_digital/Ganesh_Benzoplast_Limited/screenshots/Ganesh_Benzoplast_Limited_Homepage_WAVE_Overlay.png)","N/A","Head of Compliance & Digital Governance","info@gblinfra.com","General Contact Email","Accessibility & Nodal Officer","info@gblinfra.com"
"731","Unassigned","Ganesh Consumer Products Limited","https://Not Found","No","Yes","Yes","","","100","![WAVE Tool Screenshot](https://github.com/VEER-TANMAY-SACHIN/projects/blob/main/orchavate_gtm_workflow/outputs/v1.1_nse_tracker_enriched_clearbit_20260806_193605_attempt1_succesful_reviewnotdone_orchavatecore_digital/Ganesh_Consumer_Products_Limited/screenshots/Ganesh_Consumer_Products_Limited_Homepage_WAVE_Overlay.png)","N/A","Head of Compliance & Digital Governance","Not Found","General Contact Email (Guessed Pattern)","Accessibility & Nodal Officer","Not Found"
"732","Unassigned","Ganesha Ecosphere Limited","https://ganeshaecosphere.com","Yes","Yes","Yes","34","34","30","![WAVE Tool Screenshot](https://github.com/VEER-TANMAY-SACHIN/projects/blob/main/orchavate_gtm_workflow/outputs/v1.1_nse_tracker_enriched_clearbit_20260806_193605_attempt1_succesful_reviewnotdone_orchavatecore_digital/Ganesha_Ecosphere_Limited/screenshots/Ganesha_Ecosphere_Limited_Homepage_WAVE_Overlay.png)","N/A","Head of Compliance & Digital Governance","info@ganeshaecosphere.com","General Contact Email (Guessed Pattern)","Accessibility & Nodal Officer","info@ganeshaecosphere.com"
"733","Unassigned","Ganga Forging Limited","https://gangaforging.com","Yes","Yes","Yes","10","10","60","![WAVE Tool Screenshot](https://github.com/VEER-TANMAY-SACHIN/projects/blob/main/orchavate_gtm_workflow/outputs/v1.1_nse_tracker_enriched_clearbit_20260806_193605_attempt1_succesful_reviewnotdone_orchavatecore_digital/Ganga_Forging_Limited/screenshots/Ganga_Forging_Limited_Homepage_WAVE_Overlay.png)","N/A","Head of Compliance & Digital Governance","info@gangaforging.com","General Contact Email","Accessibility & Nodal Officer","info@gangaforging.com"
"734","Unassigned","Ganges Securities Limited","https://Not Found","No","Yes","Yes","","","100","![WAVE Tool Screenshot](https://github.com/VEER-TANMAY-SACHIN/projects/blob/main/orchavate_gtm_workflow/outputs/v1.1_nse_tracker_enriched_clearbit_20260806_193605_attempt1_succesful_reviewnotdone_orchavatecore_digital/Ganges_Securities_Limited/screenshots/Ganges_Securities_Limited_Homepage_WAVE_Overlay.png)","N/A","Head of Compliance & Digital Governance","Not Found","General Contact Email (Guessed Pattern)","Accessibility & Nodal Officer","Not Found"
"735","Unassigned","Garden Reach Shipbuilders & Engineers Limited","https://grse.in","Yes","Yes","Yes","8","8","68","![WAVE Tool Screenshot](https://github.com/VEER-TANMAY-SACHIN/projects/blob/main/orchavate_gtm_workflow/outputs/v1.1_nse_tracker_enriched_clearbit_20260806_193605_attempt1_succesful_reviewnotdone_orchavatecore_digital/Garden_Reach_Shipbuilders___Engineers_Limited/screenshots/Garden_Reach_Shipbuilders___Engineers_Limited_Homepage_WAVE_Overlay.png)","N/A","Head of Compliance & Digital Governance","info@grse.in","General Contact Email (Guessed Pattern)","Accessibility & Nodal Officer","info@grse.in"
"736","Unassigned","Garuda Construction and Engineering Limited","https://Not Found","No","Yes","Yes","","","100","![WAVE Tool Screenshot](https://github.com/VEER-TANMAY-SACHIN/projects/blob/main/orchavate_gtm_workflow/outputs/v1.1_nse_tracker_enriched_clearbit_20260806_193605_attempt1_succesful_reviewnotdone_orchavatecore_digital/Garuda_Construction_and_Engineering_Limited/screenshots/Garuda_Construction_and_Engineering_Limited_Homepage_WAVE_Overlay.png)","N/A","Head of Compliance & Digital Governance","Not Found","General Contact Email (Guessed Pattern)","Accessibility & Nodal Officer","Not Found"
"737","Unassigned","Garware Hi-Tech Films Limited","https://garwarehitechfilms.com","Yes","No","No","","","","![WAVE Tool Screenshot](https://github.com/VEER-TANMAY-SACHIN/projects/blob/main/orchavate_gtm_workflow/outputs/v1.1_nse_tracker_enriched_clearbit_20260806_193605_attempt1_succesful_reviewnotdone_orchavatecore_digital/Garware_Hi_Tech_Films_Limited/screenshots/Garware_Hi_Tech_Films_Limited_Homepage_WAVE_Overlay.png)","N/A","Head of Compliance & Digital Governance","N/A","N/A","N/A","Not Found"
"738","Unassigned","Garware Technical Fibres Limited","https://garwarefibres.com","Yes","Yes","Yes","30","30","30","![WAVE Tool Screenshot](https://github.com/VEER-TANMAY-SACHIN/projects/blob/main/orchavate_gtm_workflow/outputs/v1.1_nse_tracker_enriched_clearbit_20260806_193605_attempt1_succesful_reviewnotdone_orchavatecore_digital/Garware_Technical_Fibres_Limited/screenshots/Garware_Technical_Fibres_Limited_Homepage_WAVE_Overlay.png)","N/A","Head of Compliance & Digital Governance","sales@garwarefibres.com","Investor Grievance / Compliance Officer Email","Accessibility & Nodal Officer","sales@garwarefibres.com"
"739","Unassigned","Gateway Distriparks Limited","https://gatewaydistriparks.com","Yes","No","No","","","","![WAVE Tool Screenshot](https://github.com/VEER-TANMAY-SACHIN/projects/blob/main/orchavate_gtm_workflow/outputs/v1.1_nse_tracker_enriched_clearbit_20260806_193605_attempt1_succesful_reviewnotdone_orchavatecore_digital/Gateway_Distriparks_Limited/screenshots/Gateway_Distriparks_Limited_Homepage_WAVE_Overlay.png)","N/A","Head of Compliance & Digital Governance","N/A","N/A","N/A","Not Found"
"740","Unassigned","Gaudium IVF and Women Health Limited","https://Not Found","No","Yes","Yes","","","100","![WAVE Tool Screenshot](https://github.com/VEER-TANMAY-SACHIN/projects/blob/main/orchavate_gtm_workflow/outputs/v1.1_nse_tracker_enriched_clearbit_20260806_193605_attempt1_succesful_reviewnotdone_orchavatecore_digital/Gaudium_IVF_and_Women_Health_Limited/screenshots/Gaudium_IVF_and_Women_Health_Limited_Homepage_WAVE_Overlay.png)","N/A","Head of Compliance & Digital Governance","Not Found","General Contact Email (Guessed Pattern)","Accessibility & Nodal Officer","Not Found"
"741","Unassigned","Gayatri Highways Limited","https://gayatrihighways.com","Yes","Yes","Yes","4","4","84","![WAVE Tool Screenshot](https://github.com/VEER-TANMAY-SACHIN/projects/blob/main/orchavate_gtm_workflow/outputs/v1.1_nse_tracker_enriched_clearbit_20260806_193605_attempt1_succesful_reviewnotdone_orchavatecore_digital/Gayatri_Highways_Limited/screenshots/Gayatri_Highways_Limited_Homepage_WAVE_Overlay.png)","N/A","Head of Compliance & Digital Governance","info@gayatrihighways.com","General Contact Email (Guessed Pattern)","Accessibility & Nodal Officer","info@gayatrihighways.com"
"742","Unassigned","Gayatri Projects Limited","https://Not Found","No","Yes","Yes","","","100","![WAVE Tool Screenshot](https://github.com/VEER-TANMAY-SACHIN/projects/blob/main/orchavate_gtm_workflow/outputs/v1.1_nse_tracker_enriched_clearbit_20260806_193605_attempt1_succesful_reviewnotdone_orchavatecore_digital/Gayatri_Projects_Limited/screenshots/Gayatri_Projects_Limited_Homepage_WAVE_Overlay.png)","N/A","Head of Compliance & Digital Governance","Not Found","General Contact Email (Guessed Pattern)","Accessibility & Nodal Officer","Not Found"
"743","Unassigned","GeeCee Ventures Limited","https://geeceeventures.com","Yes","Yes","Yes","9","9","64","![WAVE Tool Screenshot](https://github.com/VEER-TANMAY-SACHIN/projects/blob/main/orchavate_gtm_workflow/outputs/v1.1_nse_tracker_enriched_clearbit_20260806_193605_attempt1_succesful_reviewnotdone_orchavatecore_digital/GeeCee_Ventures_Limited/screenshots/GeeCee_Ventures_Limited_Homepage_WAVE_Overlay.png)","N/A","Head of Compliance & Digital Governance","geecee.investor@gcvl.in","General Contact Email","Accessibility & Nodal Officer","geecee.investor@gcvl.in"
"744","Unassigned","Geekay Wires Limited","https://geekaywires.com","Yes","Yes","Yes","17","17","32","![WAVE Tool Screenshot](https://github.com/VEER-TANMAY-SACHIN/projects/blob/main/orchavate_gtm_workflow/outputs/v1.1_nse_tracker_enriched_clearbit_20260806_193605_attempt1_succesful_reviewnotdone_orchavatecore_digital/Geekay_Wires_Limited/screenshots/Geekay_Wires_Limited_Homepage_WAVE_Overlay.png)","N/A","Head of Compliance & Digital Governance","info@geekaywires.com","General Contact Email","Accessibility & Nodal Officer","info@geekaywires.com"
"745","Unassigned","Gem Aromatics Limited","https://gemaromatics.com","Yes","No","No","","","","![WAVE Tool Screenshot](https://github.com/VEER-TANMAY-SACHIN/projects/blob/main/orchavate_gtm_workflow/outputs/v1.1_nse_tracker_enriched_clearbit_20260806_193605_attempt1_succesful_reviewnotdone_orchavatecore_digital/Gem_Aromatics_Limited/screenshots/Gem_Aromatics_Limited_Homepage_WAVE_Overlay.png)","N/A","Head of Compliance & Digital Governance","N/A","N/A","N/A","Not Found"
"746","Unassigned","General Insurance Corporation of India","https://gicre.in","Yes","Yes","Yes","5","5","80","![WAVE Tool Screenshot](https://github.com/VEER-TANMAY-SACHIN/projects/blob/main/orchavate_gtm_workflow/outputs/v1.1_nse_tracker_enriched_clearbit_20260806_193605_attempt1_succesful_reviewnotdone_orchavatecore_digital/General_Insurance_Corporation_of_India/screenshots/General_Insurance_Corporation_of_India_Homepage_WAVE_Overlay.png)","N/A","Head of Compliance & Digital Governance","info@gicre.in","General Contact Email","Accessibility & Nodal Officer","info@gicre.in"
"747","Unassigned","Generic Engineering Construction and Projects Limited","https://Not Found","No","Yes","Yes","","","100","![WAVE Tool Screenshot](https://github.com/VEER-TANMAY-SACHIN/projects/blob/main/orchavate_gtm_workflow/outputs/v1.1_nse_tracker_enriched_clearbit_20260806_193605_attempt1_succesful_reviewnotdone_orchavatecore_digital/Generic_Engineering_Construction_and_Projects_Limited/screenshots/Generic_Engineering_Construction_and_Projects_Limited_Homepage_WAVE_Overlay.png)","N/A","Head of Compliance & Digital Governance","Not Found","General Contact Email (Guessed Pattern)","Accessibility & Nodal Officer","Not Found"
"748","Unassigned","Genesys International Corporation Limited","https://igenesys.com","Yes","Yes","Yes","12","12","52","![WAVE Tool Screenshot](https://github.com/VEER-TANMAY-SACHIN/projects/blob/main/orchavate_gtm_workflow/outputs/v1.1_nse_tracker_enriched_clearbit_20260806_193605_attempt1_succesful_reviewnotdone_orchavatecore_digital/Genesys_International_Corporation_Limited/screenshots/Genesys_International_Corporation_Limited_Homepage_WAVE_Overlay.png)","N/A","Head of Compliance & Digital Governance","user@domain.com","General Contact Email","Accessibility & Nodal Officer","user@domain.com"
"749","Unassigned","Genus Paper & Boards Limited","https://genuspaper.com","Yes","Yes","Yes","4","4","84","![WAVE Tool Screenshot](https://github.com/VEER-TANMAY-SACHIN/projects/blob/main/orchavate_gtm_workflow/outputs/v1.1_nse_tracker_enriched_clearbit_20260806_193605_attempt1_succesful_reviewnotdone_orchavatecore_digital/Genus_Paper___Boards_Limited/screenshots/Genus_Paper___Boards_Limited_Homepage_WAVE_Overlay.png)","N/A","Head of Compliance & Digital Governance","info@genuspaper.com","General Contact Email","Accessibility & Nodal Officer","info@genuspaper.com"
"750","Unassigned","Genus Power Infrastructures Limited","https://genuspower.com","Yes","No","No","","","","![WAVE Tool Screenshot](https://github.com/VEER-TANMAY-SACHIN/projects/blob/main/orchavate_gtm_workflow/outputs/v1.1_nse_tracker_enriched_clearbit_20260806_193605_attempt1_succesful_reviewnotdone_orchavatecore_digital/Genus_Power_Infrastructures_Limited/screenshots/Genus_Power_Infrastructures_Limited_Homepage_WAVE_Overlay.png)","N/A","Head of Compliance & Digital Governance","N/A","N/A","N/A","Not Found"
"751","Unassigned","Geojit Financial Services Limited","https://Not Found","No","Yes","Yes","","","100","![WAVE Tool Screenshot](https://github.com/VEER-TANMAY-SACHIN/projects/blob/main/orchavate_gtm_workflow/outputs/v1.1_nse_tracker_enriched_clearbit_20260806_193605_attempt1_succesful_reviewnotdone_orchavatecore_digital/Geojit_Financial_Services_Limited/screenshots/Geojit_Financial_Services_Limited_Homepage_WAVE_Overlay.png)","N/A","Head of Compliance & Digital Governance","Not Found","General Contact Email (Guessed Pattern)","Accessibility & Nodal Officer","Not Found"
"752","Unassigned","Gillanders Arbuthnot & Company Limited","https://gillandersarbuthnot.com","Yes","Yes","Yes","2","2","92","![WAVE Tool Screenshot](https://github.com/VEER-TANMAY-SACHIN/projects/blob/main/orchavate_gtm_workflow/outputs/v1.1_nse_tracker_enriched_clearbit_20260806_193605_attempt1_succesful_reviewnotdone_orchavatecore_digital/Gillanders_Arbuthnot___Company_Limited/screenshots/Gillanders_Arbuthnot___Company_Limited_Homepage_WAVE_Overlay.png)","N/A","Head of Compliance & Digital Governance","gillanders@gillandersarbuthnot.com","Investor Grievance / Compliance Officer Email","Accessibility & Nodal Officer","gillanders@gillandersarbuthnot.com"
"753","Unassigned","Gillette India Limited","https://gillette.com","Yes","Yes","Yes","","","100","![WAVE Tool Screenshot](https://github.com/VEER-TANMAY-SACHIN/projects/blob/main/orchavate_gtm_workflow/outputs/v1.1_nse_tracker_enriched_clearbit_20260806_193605_attempt1_succesful_reviewnotdone_orchavatecore_digital/Gillette_India_Limited/screenshots/Gillette_India_Limited_Homepage_WAVE_Overlay.png)","N/A","Head of Compliance & Digital Governance","name@example.com","General Contact Email","Accessibility & Nodal Officer","name@example.com"
"754","Unassigned","Ginni Filaments Limited","https://ginnifilaments.com","Yes","Yes","Yes","4","4","84","![WAVE Tool Screenshot](https://github.com/VEER-TANMAY-SACHIN/projects/blob/main/orchavate_gtm_workflow/outputs/v1.1_nse_tracker_enriched_clearbit_20260806_193605_attempt1_succesful_reviewnotdone_orchavatecore_digital/Ginni_Filaments_Limited/screenshots/Ginni_Filaments_Limited_Homepage_WAVE_Overlay.png)","N/A","Head of Compliance & Digital Governance","secretarial@ginnifilaments.com","Investor Grievance / Compliance Officer Email","Accessibility & Nodal Officer","secretarial@ginnifilaments.com"
"755","Unassigned","Gland Pharma Limited","https://glandpharma.com","Yes","Yes","Yes","45","45","30","![WAVE Tool Screenshot](https://github.com/VEER-TANMAY-SACHIN/projects/blob/main/orchavate_gtm_workflow/outputs/v1.1_nse_tracker_enriched_clearbit_20260806_193605_attempt1_succesful_reviewnotdone_orchavatecore_digital/Gland_Pharma_Limited/screenshots/Gland_Pharma_Limited_Homepage_WAVE_Overlay.png)","N/A","Head of Compliance & Digital Governance","gland@glandpharma.com","General Contact Email","Accessibility & Nodal Officer","gland@glandpharma.com"
"756","Unassigned","GlaxoSmithKline Pharmaceuticals Limited","https://Not Found","No","Yes","Yes","","","100","![WAVE Tool Screenshot](https://github.com/VEER-TANMAY-SACHIN/projects/blob/main/orchavate_gtm_workflow/outputs/v1.1_nse_tracker_enriched_clearbit_20260806_193605_attempt1_succesful_reviewnotdone_orchavatecore_digital/GlaxoSmithKline_Pharmaceuticals_Limited/screenshots/GlaxoSmithKline_Pharmaceuticals_Limited_Homepage_WAVE_Overlay.png)","N/A","Head of Compliance & Digital Governance","Not Found","General Contact Email (Guessed Pattern)","Accessibility & Nodal Officer","Not Found"
"757","Unassigned","Glenmark Pharmaceuticals Limited","https://glenmarkpharma.com","Yes","Yes","Yes","5","5","80","![WAVE Tool Screenshot](https://github.com/VEER-TANMAY-SACHIN/projects/blob/main/orchavate_gtm_workflow/outputs/v1.1_nse_tracker_enriched_clearbit_20260806_193605_attempt1_succesful_reviewnotdone_orchavatecore_digital/Glenmark_Pharmaceuticals_Limited/screenshots/Glenmark_Pharmaceuticals_Limited_Homepage_WAVE_Overlay.png)","N/A","Head of Compliance & Digital Governance","einward.ris@kfintech.com","Investor Grievance / Compliance Officer Email","Accessibility & Nodal Officer","einward.ris@kfintech.com"
"758","Unassigned","Global Education Limited","https://gedu.org","Yes","Yes","Yes","","","100","![WAVE Tool Screenshot](https://github.com/VEER-TANMAY-SACHIN/projects/blob/main/orchavate_gtm_workflow/outputs/v1.1_nse_tracker_enriched_clearbit_20260806_193605_attempt1_succesful_reviewnotdone_orchavatecore_digital/Global_Education_Limited/screenshots/Global_Education_Limited_Homepage_WAVE_Overlay.png)","N/A","Head of Compliance & Digital Governance","info@gedu.org","General Contact Email (Guessed Pattern)","Accessibility & Nodal Officer","info@gedu.org"
"759","Unassigned","Global Surfaces Limited","https://globalsurfaces.in","Yes","Yes","Yes","17","17","32","![WAVE Tool Screenshot](https://github.com/VEER-TANMAY-SACHIN/projects/blob/main/orchavate_gtm_workflow/outputs/v1.1_nse_tracker_enriched_clearbit_20260806_193605_attempt1_succesful_reviewnotdone_orchavatecore_digital/Global_Surfaces_Limited/screenshots/Global_Surfaces_Limited_Homepage_WAVE_Overlay.png)","N/A","Head of Compliance & Digital Governance","info@globalsurfaces.com","General Contact Email","Accessibility & Nodal Officer","info@globalsurfaces.com"
"760","Unassigned","Global Vectra Helicorp Limited","https://Not Found","No","Yes","Yes","","","100","![WAVE Tool Screenshot](https://github.com/VEER-TANMAY-SACHIN/projects/blob/main/orchavate_gtm_workflow/outputs/v1.1_nse_tracker_enriched_clearbit_20260806_193605_attempt1_succesful_reviewnotdone_orchavatecore_digital/Global_Vectra_Helicorp_Limited/screenshots/Global_Vectra_Helicorp_Limited_Homepage_WAVE_Overlay.png)","N/A","Head of Compliance & Digital Governance","Not Found","General Contact Email (Guessed Pattern)","Accessibility & Nodal Officer","Not Found"
"761","Unassigned","Globale Tessile Limited","https://Not Found","No","Yes","Yes","","","100","![WAVE Tool Screenshot](https://github.com/VEER-TANMAY-SACHIN/projects/blob/main/orchavate_gtm_workflow/outputs/v1.1_nse_tracker_enriched_clearbit_20260806_193605_attempt1_succesful_reviewnotdone_orchavatecore_digital/Globale_Tessile_Limited/screenshots/Globale_Tessile_Limited_Homepage_WAVE_Overlay.png)","N/A","Head of Compliance & Digital Governance","Not Found","General Contact Email (Guessed Pattern)","Accessibility & Nodal Officer","Not Found"
"762","Unassigned","Globe Civil Projects Limited","https://Not Found","No","Yes","Yes","","","100","![WAVE Tool Screenshot](https://github.com/VEER-TANMAY-SACHIN/projects/blob/main/orchavate_gtm_workflow/outputs/v1.1_nse_tracker_enriched_clearbit_20260806_193605_attempt1_succesful_reviewnotdone_orchavatecore_digital/Globe_Civil_Projects_Limited/screenshots/Globe_Civil_Projects_Limited_Homepage_WAVE_Overlay.png)","N/A","Head of Compliance & Digital Governance","Not Found","General Contact Email (Guessed Pattern)","Accessibility & Nodal Officer","Not Found"
"763","Unassigned","Globe International Carriers Limited","https://gicl.co","Yes","Yes","Yes","","","100","![WAVE Tool Screenshot](https://github.com/VEER-TANMAY-SACHIN/projects/blob/main/orchavate_gtm_workflow/outputs/v1.1_nse_tracker_enriched_clearbit_20260806_193605_attempt1_succesful_reviewnotdone_orchavatecore_digital/Globe_International_Carriers_Limited/screenshots/Globe_International_Carriers_Limited_Homepage_WAVE_Overlay.png)","N/A","Head of Compliance & Digital Governance","info@gicl.co","General Contact Email (Guessed Pattern)","Accessibility & Nodal Officer","info@gicl.co"
"764","Unassigned","Globus Spirits Limited","https://globusspirits.com","Yes","Yes","Yes","13","13","48","![WAVE Tool Screenshot](https://github.com/VEER-TANMAY-SACHIN/projects/blob/main/orchavate_gtm_workflow/outputs/v1.1_nse_tracker_enriched_clearbit_20260806_193605_attempt1_succesful_reviewnotdone_orchavatecore_digital/Globus_Spirits_Limited/screenshots/Globus_Spirits_Limited_Homepage_WAVE_Overlay.png)","N/A","Head of Compliance & Digital Governance","corporateoffice@globusgroup.in","Investor Grievance / Compliance Officer Email","Accessibility & Nodal Officer","ir@globusgroup.in"
"765","Unassigned","Gloster Limited","https://gloster.com","Yes","Yes","Yes","16","16","36","![WAVE Tool Screenshot](https://github.com/VEER-TANMAY-SACHIN/projects/blob/main/orchavate_gtm_workflow/outputs/v1.1_nse_tracker_enriched_clearbit_20260806_193605_attempt1_succesful_reviewnotdone_orchavatecore_digital/Gloster_Limited/screenshots/Gloster_Limited_Homepage_WAVE_Overlay.png)","N/A","Head of Compliance & Digital Governance","contact@gloster.com","General Contact Email","Accessibility & Nodal Officer","contact@gloster.com"
"766","Unassigned","Glottis Limited","https://glottislogistics.in","Yes","Yes","Yes","17","17","32","![WAVE Tool Screenshot](https://github.com/VEER-TANMAY-SACHIN/projects/blob/main/orchavate_gtm_workflow/outputs/v1.1_nse_tracker_enriched_clearbit_20260806_193605_attempt1_succesful_reviewnotdone_orchavatecore_digital/Glottis_Limited/screenshots/Glottis_Limited_Homepage_WAVE_Overlay.png)","N/A","Head of Compliance & Digital Governance","info@glottislogistics.in","General Contact Email","Accessibility & Nodal Officer","info@glottislogistics.in"
"767","Unassigned","Go Digit General Insurance Limited","https://Not Found","No","Yes","Yes","","","100","![WAVE Tool Screenshot](https://github.com/VEER-TANMAY-SACHIN/projects/blob/main/orchavate_gtm_workflow/outputs/v1.1_nse_tracker_enriched_clearbit_20260806_193605_attempt1_succesful_reviewnotdone_orchavatecore_digital/Go_Digit_General_Insurance_Limited/screenshots/Go_Digit_General_Insurance_Limited_Homepage_WAVE_Overlay.png)","N/A","Head of Compliance & Digital Governance","Not Found","General Contact Email (Guessed Pattern)","Accessibility & Nodal Officer","Not Found"
"768","Unassigned","Go Fashion (India) Limited","https://go-fashion.co","Yes","Yes","Yes","","","100","![WAVE Tool Screenshot](https://github.com/VEER-TANMAY-SACHIN/projects/blob/main/orchavate_gtm_workflow/outputs/v1.1_nse_tracker_enriched_clearbit_20260806_193605_attempt1_succesful_reviewnotdone_orchavatecore_digital/Go_Fashion__India__Limited/screenshots/Go_Fashion__India__Limited_Homepage_WAVE_Overlay.png)","N/A","Head of Compliance & Digital Governance","info@go-fashion.co","General Contact Email (Guessed Pattern)","Accessibility & Nodal Officer","info@go-fashion.co"
"769","Unassigned","Goa Carbon Limited","https://goacarbon.com","Yes","Yes","Yes","","","100","![WAVE Tool Screenshot](https://github.com/VEER-TANMAY-SACHIN/projects/blob/main/orchavate_gtm_workflow/outputs/v1.1_nse_tracker_enriched_clearbit_20260806_193605_attempt1_succesful_reviewnotdone_orchavatecore_digital/Goa_Carbon_Limited/screenshots/Goa_Carbon_Limited_Homepage_WAVE_Overlay.png)","N/A","Head of Compliance & Digital Governance","info@goacarbon.com","General Contact Email (Guessed Pattern)","Accessibility & Nodal Officer","info@goacarbon.com"
"770","Unassigned","Godavari Biorefineries Limited","https://somaiya.com","Yes","No","No","","","","![WAVE Tool Screenshot](https://github.com/VEER-TANMAY-SACHIN/projects/blob/main/orchavate_gtm_workflow/outputs/v1.1_nse_tracker_enriched_clearbit_20260806_193605_attempt1_succesful_reviewnotdone_orchavatecore_digital/Godavari_Biorefineries_Limited/screenshots/Godavari_Biorefineries_Limited_Homepage_WAVE_Overlay.png)","N/A","Head of Compliance & Digital Governance","N/A","N/A","N/A","Not Found"
"771","Unassigned","Godawari Power And Ispat limited","https://Not Found","No","Yes","Yes","","","100","![WAVE Tool Screenshot](https://github.com/VEER-TANMAY-SACHIN/projects/blob/main/orchavate_gtm_workflow/outputs/v1.1_nse_tracker_enriched_clearbit_20260806_193605_attempt1_succesful_reviewnotdone_orchavatecore_digital/Godawari_Power_And_Ispat_limited/screenshots/Godawari_Power_And_Ispat_limited_Homepage_WAVE_Overlay.png)","N/A","Head of Compliance & Digital Governance","Not Found","General Contact Email (Guessed Pattern)","Accessibility & Nodal Officer","Not Found"
"772","Unassigned","Godfrey Phillips India Limited","https://Not Found","No","Yes","Yes","","","100","![WAVE Tool Screenshot](https://github.com/VEER-TANMAY-SACHIN/projects/blob/main/orchavate_gtm_workflow/outputs/v1.1_nse_tracker_enriched_clearbit_20260806_193605_attempt1_succesful_reviewnotdone_orchavatecore_digital/Godfrey_Phillips_India_Limited/screenshots/Godfrey_Phillips_India_Limited_Homepage_WAVE_Overlay.png)","N/A","Head of Compliance & Digital Governance","Not Found","General Contact Email (Guessed Pattern)","Accessibility & Nodal Officer","Not Found"
"773","Unassigned","Godrej Agrovet Limited","https://godrejagrovet.com","Yes","No","No","","","","![WAVE Tool Screenshot](https://github.com/VEER-TANMAY-SACHIN/projects/blob/main/orchavate_gtm_workflow/outputs/v1.1_nse_tracker_enriched_clearbit_20260806_193605_attempt1_succesful_reviewnotdone_orchavatecore_digital/Godrej_Agrovet_Limited/screenshots/Godrej_Agrovet_Limited_Homepage_WAVE_Overlay.png)","N/A","Head of Compliance & Digital Governance","N/A","N/A","N/A","Not Found"
"774","Unassigned","Godrej Consumer Products Limited","https://godrejcp.com","Yes","No","No","","","","![WAVE Tool Screenshot](https://github.com/VEER-TANMAY-SACHIN/projects/blob/main/orchavate_gtm_workflow/outputs/v1.1_nse_tracker_enriched_clearbit_20260806_193605_attempt1_succesful_reviewnotdone_orchavatecore_digital/Godrej_Consumer_Products_Limited/screenshots/Godrej_Consumer_Products_Limited_Homepage_WAVE_Overlay.png)","N/A","Head of Compliance & Digital Governance","N/A","N/A","N/A","Not Found"
"775","Unassigned","Godrej Industries Limited","https://godrejchemicals.com","Yes","No","No","","","","![WAVE Tool Screenshot](https://github.com/VEER-TANMAY-SACHIN/projects/blob/main/orchavate_gtm_workflow/outputs/v1.1_nse_tracker_enriched_clearbit_20260806_193605_attempt1_succesful_reviewnotdone_orchavatecore_digital/Godrej_Industries_Limited/screenshots/Godrej_Industries_Limited_Homepage_WAVE_Overlay.png)","N/A","Head of Compliance & Digital Governance","N/A","N/A","N/A","Not Found"
"776","Unassigned","Godrej Properties Limited","https://godrejproperties.com","Yes","No","No","","","","![WAVE Tool Screenshot](https://github.com/VEER-TANMAY-SACHIN/projects/blob/main/orchavate_gtm_workflow/outputs/v1.1_nse_tracker_enriched_clearbit_20260806_193605_attempt1_succesful_reviewnotdone_orchavatecore_digital/Godrej_Properties_Limited/screenshots/Godrej_Properties_Limited_Homepage_WAVE_Overlay.png)","N/A","Head of Compliance & Digital Governance","N/A","N/A","N/A","Not Found"
"777","Unassigned","Gokaldas Exports Limited","https://gokaldasexports.com","Yes","No","No","","","","![WAVE Tool Screenshot](https://github.com/VEER-TANMAY-SACHIN/projects/blob/main/orchavate_gtm_workflow/outputs/v1.1_nse_tracker_enriched_clearbit_20260806_193605_attempt1_succesful_reviewnotdone_orchavatecore_digital/Gokaldas_Exports_Limited/screenshots/Gokaldas_Exports_Limited_Homepage_WAVE_Overlay.png)","N/A","Head of Compliance & Digital Governance","N/A","N/A","N/A","Not Found"
"778","Unassigned","Gokul Agro Resources Limited","https://Not Found","No","Yes","Yes","","","100","![WAVE Tool Screenshot](https://github.com/VEER-TANMAY-SACHIN/projects/blob/main/orchavate_gtm_workflow/outputs/v1.1_nse_tracker_enriched_clearbit_20260806_193605_attempt1_succesful_reviewnotdone_orchavatecore_digital/Gokul_Agro_Resources_Limited/screenshots/Gokul_Agro_Resources_Limited_Homepage_WAVE_Overlay.png)","N/A","Head of Compliance & Digital Governance","Not Found","General Contact Email (Guessed Pattern)","Accessibility & Nodal Officer","Not Found"
"779","Unassigned","Gokul Refoils and Solvent Limited","https://Not Found","No","Yes","Yes","","","100","![WAVE Tool Screenshot](https://github.com/VEER-TANMAY-SACHIN/projects/blob/main/orchavate_gtm_workflow/outputs/v1.1_nse_tracker_enriched_clearbit_20260806_193605_attempt1_succesful_reviewnotdone_orchavatecore_digital/Gokul_Refoils_and_Solvent_Limited/screenshots/Gokul_Refoils_and_Solvent_Limited_Homepage_WAVE_Overlay.png)","N/A","Head of Compliance & Digital Governance","Not Found","General Contact Email (Guessed Pattern)","Accessibility & Nodal Officer","Not Found"
"780","Unassigned","Golden Tobacco Limited","https://goldentobacco.in","Yes","Yes","Yes","1","1","96","![WAVE Tool Screenshot](https://github.com/VEER-TANMAY-SACHIN/projects/blob/main/orchavate_gtm_workflow/outputs/v1.1_nse_tracker_enriched_clearbit_20260806_193605_attempt1_succesful_reviewnotdone_orchavatecore_digital/Golden_Tobacco_Limited/screenshots/Golden_Tobacco_Limited_Homepage_WAVE_Overlay.png)","N/A","Head of Compliance & Digital Governance","info@goldentobacco.in","General Contact Email (Guessed Pattern)","Accessibility & Nodal Officer","info@goldentobacco.in"
"781","Unassigned","Goldiam International Limited","https://Not Found","No","Yes","Yes","","","100","![WAVE Tool Screenshot](https://github.com/VEER-TANMAY-SACHIN/projects/blob/main/orchavate_gtm_workflow/outputs/v1.1_nse_tracker_enriched_clearbit_20260806_193605_attempt1_succesful_reviewnotdone_orchavatecore_digital/Goldiam_International_Limited/screenshots/Goldiam_International_Limited_Homepage_WAVE_Overlay.png)","N/A","Head of Compliance & Digital Governance","Not Found","General Contact Email (Guessed Pattern)","Accessibility & Nodal Officer","Not Found"
"782","Unassigned","Goodluck India Limited","https://goodluckindia.com","Yes","No","No","","","","![WAVE Tool Screenshot](https://github.com/VEER-TANMAY-SACHIN/projects/blob/main/orchavate_gtm_workflow/outputs/v1.1_nse_tracker_enriched_clearbit_20260806_193605_attempt1_succesful_reviewnotdone_orchavatecore_digital/Goodluck_India_Limited/screenshots/Goodluck_India_Limited_Homepage_WAVE_Overlay.png)","N/A","Head of Compliance & Digital Governance","N/A","N/A","N/A","Not Found"
"783","Unassigned","Goodyear India Limited","https://goodyear.com","Yes","No","No","","","","![WAVE Tool Screenshot](https://github.com/VEER-TANMAY-SACHIN/projects/blob/main/orchavate_gtm_workflow/outputs/v1.1_nse_tracker_enriched_clearbit_20260806_193605_attempt1_succesful_reviewnotdone_orchavatecore_digital/Goodyear_India_Limited/screenshots/Goodyear_India_Limited_Homepage_WAVE_Overlay.png)","N/A","Head of Compliance & Digital Governance","N/A","N/A","N/A","Not Found"
"784","Unassigned","Gopal Snacks Limited","https://gopalnamkeen.com","Yes","No","No","","","","![WAVE Tool Screenshot](https://github.com/VEER-TANMAY-SACHIN/projects/blob/main/orchavate_gtm_workflow/outputs/v1.1_nse_tracker_enriched_clearbit_20260806_193605_attempt1_succesful_reviewnotdone_orchavatecore_digital/Gopal_Snacks_Limited/screenshots/Gopal_Snacks_Limited_Homepage_WAVE_Overlay.png)","N/A","Head of Compliance & Digital Governance","N/A","N/A","N/A","Not Found"
"785","Unassigned","Goyal Aluminiums Limited","https://Not Found","No","Yes","Yes","","","100","![WAVE Tool Screenshot](https://github.com/VEER-TANMAY-SACHIN/projects/blob/main/orchavate_gtm_workflow/outputs/v1.1_nse_tracker_enriched_clearbit_20260806_193605_attempt1_succesful_reviewnotdone_orchavatecore_digital/Goyal_Aluminiums_Limited/screenshots/Goyal_Aluminiums_Limited_Homepage_WAVE_Overlay.png)","N/A","Head of Compliance & Digital Governance","Not Found","General Contact Email (Guessed Pattern)","Accessibility & Nodal Officer","Not Found"
"786","Unassigned","Gradiente Infotainment Limited","https://gradienteinfotainment.com","Yes","No","No","","","","![WAVE Tool Screenshot](https://github.com/VEER-TANMAY-SACHIN/projects/blob/main/orchavate_gtm_workflow/outputs/v1.1_nse_tracker_enriched_clearbit_20260806_193605_attempt1_succesful_reviewnotdone_orchavatecore_digital/Gradiente_Infotainment_Limited/screenshots/Gradiente_Infotainment_Limited_Homepage_WAVE_Overlay.png)","N/A","Head of Compliance & Digital Governance","N/A","N/A","N/A","Not Found"
"787","Unassigned","Grand Oak Canyons Distillery Limited","https://Not Found","No","Yes","Yes","","","100","![WAVE Tool Screenshot](https://github.com/VEER-TANMAY-SACHIN/projects/blob/main/orchavate_gtm_workflow/outputs/v1.1_nse_tracker_enriched_clearbit_20260806_193605_attempt1_succesful_reviewnotdone_orchavatecore_digital/Grand_Oak_Canyons_Distillery_Limited/screenshots/Grand_Oak_Canyons_Distillery_Limited_Homepage_WAVE_Overlay.png)","N/A","Head of Compliance & Digital Governance","Not Found","General Contact Email (Guessed Pattern)","Accessibility & Nodal Officer","Not Found"
"788","Unassigned","Granules India Limited","https://granulesindia.com","Yes","Yes","Yes","9","9","64","![WAVE Tool Screenshot](https://github.com/VEER-TANMAY-SACHIN/projects/blob/main/orchavate_gtm_workflow/outputs/v1.1_nse_tracker_enriched_clearbit_20260806_193605_attempt1_succesful_reviewnotdone_orchavatecore_digital/Granules_India_Limited/screenshots/Granules_India_Limited_Homepage_WAVE_Overlay.png)","N/A","Head of Compliance & Digital Governance","mail@granulesindia.com","General Contact Email","Accessibility & Nodal Officer","mail@granulesindia.com"
"789","Unassigned","Graphite India Limited","https://graphite.com","Yes","Yes","Yes","1","1","96","![WAVE Tool Screenshot](https://github.com/VEER-TANMAY-SACHIN/projects/blob/main/orchavate_gtm_workflow/outputs/v1.1_nse_tracker_enriched_clearbit_20260806_193605_attempt1_succesful_reviewnotdone_orchavatecore_digital/Graphite_India_Limited/screenshots/Graphite_India_Limited_Homepage_WAVE_Overlay.png)","N/A","Head of Compliance & Digital Governance","white@2x.webp","General Contact Email","Accessibility & Nodal Officer","white@2x.webp"
"790","Unassigned","Grasim Industries Limited","https://grasim.com","Yes","Yes","Yes","","","100","![WAVE Tool Screenshot](https://github.com/VEER-TANMAY-SACHIN/projects/blob/main/orchavate_gtm_workflow/outputs/v1.1_nse_tracker_enriched_clearbit_20260806_193605_attempt1_succesful_reviewnotdone_orchavatecore_digital/Grasim_Industries_Limited/screenshots/Grasim_Industries_Limited_Homepage_WAVE_Overlay.png)","N/A","Head of Compliance & Digital Governance","info@grasim.com","General Contact Email (Guessed Pattern)","Accessibility & Nodal Officer","info@grasim.com"
"791","Unassigned","Grauer & Weil India Limited","https://growel.com","Yes","No","No","","","","![WAVE Tool Screenshot](https://github.com/VEER-TANMAY-SACHIN/projects/blob/main/orchavate_gtm_workflow/outputs/v1.1_nse_tracker_enriched_clearbit_20260806_193605_attempt1_succesful_reviewnotdone_orchavatecore_digital/Grauer___Weil_India_Limited/screenshots/Grauer___Weil_India_Limited_Homepage_WAVE_Overlay.png)","N/A","Head of Compliance & Digital Governance","N/A","N/A","N/A","Not Found"
"792","Unassigned","Graviss Hospitality Limited","https://Not Found","No","Yes","Yes","","","100","![WAVE Tool Screenshot](https://github.com/VEER-TANMAY-SACHIN/projects/blob/main/orchavate_gtm_workflow/outputs/v1.1_nse_tracker_enriched_clearbit_20260806_193605_attempt1_succesful_reviewnotdone_orchavatecore_digital/Graviss_Hospitality_Limited/screenshots/Graviss_Hospitality_Limited_Homepage_WAVE_Overlay.png)","N/A","Head of Compliance & Digital Governance","Not Found","General Contact Email (Guessed Pattern)","Accessibility & Nodal Officer","Not Found"
"793","Unassigned","Gravita India Limited","https://gravitate.ai","Yes","Yes","Yes","1","1","96","![WAVE Tool Screenshot](https://github.com/VEER-TANMAY-SACHIN/projects/blob/main/orchavate_gtm_workflow/outputs/v1.1_nse_tracker_enriched_clearbit_20260806_193605_attempt1_succesful_reviewnotdone_orchavatecore_digital/Gravita_India_Limited/screenshots/Gravita_India_Limited_Homepage_WAVE_Overlay.png)","N/A","Head of Compliance & Digital Governance","hello@gravitate.ai","General Contact Email","Accessibility & Nodal Officer","hello@gravitate.ai"
"794","Unassigned","Greaves Cotton Limited","https://greavescotton.com","Yes","Yes","Yes","24","24","30","![WAVE Tool Screenshot](https://github.com/VEER-TANMAY-SACHIN/projects/blob/main/orchavate_gtm_workflow/outputs/v1.1_nse_tracker_enriched_clearbit_20260806_193605_attempt1_succesful_reviewnotdone_orchavatecore_digital/Greaves_Cotton_Limited/screenshots/Greaves_Cotton_Limited_Homepage_WAVE_Overlay.png)","N/A","Head of Compliance & Digital Governance","investorservices@greavescotton.com","Investor Grievance / Compliance Officer Email","Accessibility & Nodal Officer","investorservices@greavescotton.com"
"795","Unassigned","Greenlam Industries Limited","https://greenlamindustries.com","Yes","Yes","Yes","24","24","30","![WAVE Tool Screenshot](https://github.com/VEER-TANMAY-SACHIN/projects/blob/main/orchavate_gtm_workflow/outputs/v1.1_nse_tracker_enriched_clearbit_20260806_193605_attempt1_succesful_reviewnotdone_orchavatecore_digital/Greenlam_Industries_Limited/screenshots/Greenlam_Industries_Limited_Homepage_WAVE_Overlay.png)","N/A","Head of Compliance & Digital Governance","info@greenlamindustries.com","General Contact Email","Accessibility & Nodal Officer","info@greenlamindustries.com"
"796","Unassigned","Greenpanel Industries Limited","https://Not Found","No","Yes","Yes","","","100","![WAVE Tool Screenshot](https://github.com/VEER-TANMAY-SACHIN/projects/blob/main/orchavate_gtm_workflow/outputs/v1.1_nse_tracker_enriched_clearbit_20260806_193605_attempt1_succesful_reviewnotdone_orchavatecore_digital/Greenpanel_Industries_Limited/screenshots/Greenpanel_Industries_Limited_Homepage_WAVE_Overlay.png)","N/A","Head of Compliance & Digital Governance","Not Found","General Contact Email (Guessed Pattern)","Accessibility & Nodal Officer","Not Found"
"797","Unassigned","Greenply Industries Limited","https://Not Found","No","Yes","Yes","","","100","![WAVE Tool Screenshot](https://github.com/VEER-TANMAY-SACHIN/projects/blob/main/orchavate_gtm_workflow/outputs/v1.1_nse_tracker_enriched_clearbit_20260806_193605_attempt1_succesful_reviewnotdone_orchavatecore_digital/Greenply_Industries_Limited/screenshots/Greenply_Industries_Limited_Homepage_WAVE_Overlay.png)","N/A","Head of Compliance & Digital Governance","Not Found","General Contact Email (Guessed Pattern)","Accessibility & Nodal Officer","Not Found"
"798","Unassigned","Gretex Corporate Services Limited","https://Not Found","No","Yes","Yes","","","100","![WAVE Tool Screenshot](https://github.com/VEER-TANMAY-SACHIN/projects/blob/main/orchavate_gtm_workflow/outputs/v1.1_nse_tracker_enriched_clearbit_20260806_193605_attempt1_succesful_reviewnotdone_orchavatecore_digital/Gretex_Corporate_Services_Limited/screenshots/Gretex_Corporate_Services_Limited_Homepage_WAVE_Overlay.png)","N/A","Head of Compliance & Digital Governance","Not Found","General Contact Email (Guessed Pattern)","Accessibility & Nodal Officer","Not Found"
"799","Unassigned","Grindwell Norton Limited","https://Not Found","No","Yes","Yes","","","100","![WAVE Tool Screenshot](https://github.com/VEER-TANMAY-SACHIN/projects/blob/main/orchavate_gtm_workflow/outputs/v1.1_nse_tracker_enriched_clearbit_20260806_193605_attempt1_succesful_reviewnotdone_orchavatecore_digital/Grindwell_Norton_Limited/screenshots/Grindwell_Norton_Limited_Homepage_WAVE_Overlay.png)","N/A","Head of Compliance & Digital Governance","Not Found","General Contact Email (Guessed Pattern)","Accessibility & Nodal Officer","Not Found"
"800","Unassigned","Gufic Biosciences Limited","https://Not Found","No","Yes","Yes","","","100","![WAVE Tool Screenshot](https://github.com/VEER-TANMAY-SACHIN/projects/blob/main/orchavate_gtm_workflow/outputs/v1.1_nse_tracker_enriched_clearbit_20260806_193605_attempt1_succesful_reviewnotdone_orchavatecore_digital/Gufic_Biosciences_Limited/screenshots/Gufic_Biosciences_Limited_Homepage_WAVE_Overlay.png)","N/A","Head of Compliance & Digital Governance","Not Found","General Contact Email (Guessed Pattern)","Accessibility & Nodal Officer","Not Found"
"801","Unassigned","Gujarat Alkalies and Chemicals Limited","https://gacl.com","Yes","Yes","Yes","","","100","![WAVE Tool Screenshot](https://github.com/VEER-TANMAY-SACHIN/projects/blob/main/orchavate_gtm_workflow/outputs/v1.1_nse_tracker_enriched_clearbit_20260806_193605_attempt1_succesful_reviewnotdone_orchavatecore_digital/Gujarat_Alkalies_and_Chemicals_Limited/screenshots/Gujarat_Alkalies_and_Chemicals_Limited_Homepage_WAVE_Overlay.png)","N/A","Head of Compliance & Digital Governance","info@gacl.com","General Contact Email (Guessed Pattern)","Accessibility & Nodal Officer","info@gacl.com"
"802","Unassigned","Gujarat Ambuja Exports Limited","https://ambujagroup.com","Yes","No","No","","","","![WAVE Tool Screenshot](https://github.com/VEER-TANMAY-SACHIN/projects/blob/main/orchavate_gtm_workflow/outputs/v1.1_nse_tracker_enriched_clearbit_20260806_193605_attempt1_succesful_reviewnotdone_orchavatecore_digital/Gujarat_Ambuja_Exports_Limited/screenshots/Gujarat_Ambuja_Exports_Limited_Homepage_WAVE_Overlay.png)","N/A","Head of Compliance & Digital Governance","N/A","N/A","N/A","Not Found"
"803","Unassigned","Gujarat Apollo Industries Limited","https://Not Found","No","Yes","Yes","","","100","![WAVE Tool Screenshot](https://github.com/VEER-TANMAY-SACHIN/projects/blob/main/orchavate_gtm_workflow/outputs/v1.1_nse_tracker_enriched_clearbit_20260806_193605_attempt1_succesful_reviewnotdone_orchavatecore_digital/Gujarat_Apollo_Industries_Limited/screenshots/Gujarat_Apollo_Industries_Limited_Homepage_WAVE_Overlay.png)","N/A","Head of Compliance & Digital Governance","Not Found","General Contact Email (Guessed Pattern)","Accessibility & Nodal Officer","Not Found"
"804","Unassigned","Gujarat Fluorochemicals Limited","https://gfl.co.in","Yes","No","No","","","","![WAVE Tool Screenshot](https://github.com/VEER-TANMAY-SACHIN/projects/blob/main/orchavate_gtm_workflow/outputs/v1.1_nse_tracker_enriched_clearbit_20260806_193605_attempt1_succesful_reviewnotdone_orchavatecore_digital/Gujarat_Fluorochemicals_Limited/screenshots/Gujarat_Fluorochemicals_Limited_Homepage_WAVE_Overlay.png)","N/A","Head of Compliance & Digital Governance","N/A","N/A","N/A","Not Found"
"805","Unassigned","Gujarat Industries Power Company Limited","https://Not Found","No","Yes","Yes","","","100","![WAVE Tool Screenshot](https://github.com/VEER-TANMAY-SACHIN/projects/blob/main/orchavate_gtm_workflow/outputs/v1.1_nse_tracker_enriched_clearbit_20260806_193605_attempt1_succesful_reviewnotdone_orchavatecore_digital/Gujarat_Industries_Power_Company_Limited/screenshots/Gujarat_Industries_Power_Company_Limited_Homepage_WAVE_Overlay.png)","N/A","Head of Compliance & Digital Governance","Not Found","General Contact Email (Guessed Pattern)","Accessibility & Nodal Officer","Not Found"
"806","Unassigned","Gujarat Kidney And Super Speciality Limited","https://Not Found","No","Yes","Yes","","","100","![WAVE Tool Screenshot](https://github.com/VEER-TANMAY-SACHIN/projects/blob/main/orchavate_gtm_workflow/outputs/v1.1_nse_tracker_enriched_clearbit_20260806_193605_attempt1_succesful_reviewnotdone_orchavatecore_digital/Gujarat_Kidney_And_Super_Speciality_Limited/screenshots/Gujarat_Kidney_And_Super_Speciality_Limited_Homepage_WAVE_Overlay.png)","N/A","Head of Compliance & Digital Governance","Not Found","General Contact Email (Guessed Pattern)","Accessibility & Nodal Officer","Not Found"
"807","Unassigned","Gujarat Lease Financing Limited","https://Not Found","No","Yes","Yes","","","100","![WAVE Tool Screenshot](https://github.com/VEER-TANMAY-SACHIN/projects/blob/main/orchavate_gtm_workflow/outputs/v1.1_nse_tracker_enriched_clearbit_20260806_193605_attempt1_succesful_reviewnotdone_orchavatecore_digital/Gujarat_Lease_Financing_Limited/screenshots/Gujarat_Lease_Financing_Limited_Homepage_WAVE_Overlay.png)","N/A","Head of Compliance & Digital Governance","Not Found","General Contact Email (Guessed Pattern)","Accessibility & Nodal Officer","Not Found"
"808","Unassigned","Gujarat Mineral Development Corporation Limited","https://Not Found","No","Yes","Yes","","","100","![WAVE Tool Screenshot](https://github.com/VEER-TANMAY-SACHIN/projects/blob/main/orchavate_gtm_workflow/outputs/v1.1_nse_tracker_enriched_clearbit_20260806_193605_attempt1_succesful_reviewnotdone_orchavatecore_digital/Gujarat_Mineral_Development_Corporation_Limited/screenshots/Gujarat_Mineral_Development_Corporation_Limited_Homepage_WAVE_Overlay.png)","N/A","Head of Compliance & Digital Governance","Not Found","General Contact Email (Guessed Pattern)","Accessibility & Nodal Officer","Not Found"
"809","Unassigned","Gujarat Narmada Valley Fertilizers and Chemicals Limited","https://Not Found","No","Yes","Yes","","","100","![WAVE Tool Screenshot](https://github.com/VEER-TANMAY-SACHIN/projects/blob/main/orchavate_gtm_workflow/outputs/v1.1_nse_tracker_enriched_clearbit_20260806_193605_attempt1_succesful_reviewnotdone_orchavatecore_digital/Gujarat_Narmada_Valley_Fertilizers_and_Chemicals_Limited/screenshots/Gujarat_Narmada_Valley_Fertilizers_and_Chemicals_Limited_Homepage_WAVE_Overlay.png)","N/A","Head of Compliance & Digital Governance","Not Found","General Contact Email (Guessed Pattern)","Accessibility & Nodal Officer","Not Found"
"810","Unassigned","Gujarat Natural Resources Limited","https://Not Found","No","Yes","Yes","","","100","![WAVE Tool Screenshot](https://github.com/VEER-TANMAY-SACHIN/projects/blob/main/orchavate_gtm_workflow/outputs/v1.1_nse_tracker_enriched_clearbit_20260806_193605_attempt1_succesful_reviewnotdone_orchavatecore_digital/Gujarat_Natural_Resources_Limited/screenshots/Gujarat_Natural_Resources_Limited_Homepage_WAVE_Overlay.png)","N/A","Head of Compliance & Digital Governance","Not Found","General Contact Email (Guessed Pattern)","Accessibility & Nodal Officer","Not Found"
"811","Unassigned","Gujarat Pipavav Port Limited","https://Not Found","No","Yes","Yes","","","100","![WAVE Tool Screenshot](https://github.com/VEER-TANMAY-SACHIN/projects/blob/main/orchavate_gtm_workflow/outputs/v1.1_nse_tracker_enriched_clearbit_20260806_193605_attempt1_succesful_reviewnotdone_orchavatecore_digital/Gujarat_Pipavav_Port_Limited/screenshots/Gujarat_Pipavav_Port_Limited_Homepage_WAVE_Overlay.png)","N/A","Head of Compliance & Digital Governance","Not Found","General Contact Email (Guessed Pattern)","Accessibility & Nodal Officer","Not Found"
"812","Unassigned","Gujarat Raffia Industries Limited","https://Not Found","No","Yes","Yes","","","100","![WAVE Tool Screenshot](https://github.com/VEER-TANMAY-SACHIN/projects/blob/main/orchavate_gtm_workflow/outputs/v1.1_nse_tracker_enriched_clearbit_20260806_193605_attempt1_succesful_reviewnotdone_orchavatecore_digital/Gujarat_Raffia_Industries_Limited/screenshots/Gujarat_Raffia_Industries_Limited_Homepage_WAVE_Overlay.png)","N/A","Head of Compliance & Digital Governance","Not Found","General Contact Email (Guessed Pattern)","Accessibility & Nodal Officer","Not Found"
"813","Unassigned","Gujarat State Fertilizers & Chemicals Limited","https://gsfclimited.com","Yes","No","No","","","","![WAVE Tool Screenshot](https://github.com/VEER-TANMAY-SACHIN/projects/blob/main/orchavate_gtm_workflow/outputs/v1.1_nse_tracker_enriched_clearbit_20260806_193605_attempt1_succesful_reviewnotdone_orchavatecore_digital/Gujarat_State_Fertilizers___Chemicals_Limited/screenshots/Gujarat_State_Fertilizers___Chemicals_Limited_Homepage_WAVE_Overlay.png)","N/A","Head of Compliance & Digital Governance","N/A","N/A","N/A","Not Found"
"814","Unassigned","Gujarat Themis Biosyn Limited","https://Not Found","No","Yes","Yes","","","100","![WAVE Tool Screenshot](https://github.com/VEER-TANMAY-SACHIN/projects/blob/main/orchavate_gtm_workflow/outputs/v1.1_nse_tracker_enriched_clearbit_20260806_193605_attempt1_succesful_reviewnotdone_orchavatecore_digital/Gujarat_Themis_Biosyn_Limited/screenshots/Gujarat_Themis_Biosyn_Limited_Homepage_WAVE_Overlay.png)","N/A","Head of Compliance & Digital Governance","Not Found","General Contact Email (Guessed Pattern)","Accessibility & Nodal Officer","Not Found"
"815","Unassigned","Gulf Oil Lubricants India Limited","https://gulfoilindonesia.com","Yes","Yes","Yes","","","100","![WAVE Tool Screenshot](https://github.com/VEER-TANMAY-SACHIN/projects/blob/main/orchavate_gtm_workflow/outputs/v1.1_nse_tracker_enriched_clearbit_20260806_193605_attempt1_succesful_reviewnotdone_orchavatecore_digital/Gulf_Oil_Lubricants_India_Limited/screenshots/Gulf_Oil_Lubricants_India_Limited_Homepage_WAVE_Overlay.png)","N/A","Head of Compliance & Digital Governance","info@gulfoilindonesia.com","General Contact Email (Guessed Pattern)","Accessibility & Nodal Officer","info@gulfoilindonesia.com"
"816","Unassigned","Gulshan Polyols Limited","https://gulshanindia.com","Yes","No","No","","","","![WAVE Tool Screenshot](https://github.com/VEER-TANMAY-SACHIN/projects/blob/main/orchavate_gtm_workflow/outputs/v1.1_nse_tracker_enriched_clearbit_20260806_193605_attempt1_succesful_reviewnotdone_orchavatecore_digital/Gulshan_Polyols_Limited/screenshots/Gulshan_Polyols_Limited_Homepage_WAVE_Overlay.png)","N/A","Head of Compliance & Digital Governance","N/A","N/A","N/A","Not Found"
"817","Unassigned","Gyftr Limited","https://gyftr.com","Yes","No","No","","","","![WAVE Tool Screenshot](https://github.com/VEER-TANMAY-SACHIN/projects/blob/main/orchavate_gtm_workflow/outputs/v1.1_nse_tracker_enriched_clearbit_20260806_193605_attempt1_succesful_reviewnotdone_orchavatecore_digital/Gyftr_Limited/screenshots/Gyftr_Limited_Homepage_WAVE_Overlay.png)","N/A","Head of Compliance & Digital Governance","N/A","N/A","N/A","Not Found"
"818","Unassigned","HALEOS LABS LIMITED","https://Not Found","No","Yes","Yes","","","100","![WAVE Tool Screenshot](https://github.com/VEER-TANMAY-SACHIN/projects/blob/main/orchavate_gtm_workflow/outputs/v1.1_nse_tracker_enriched_clearbit_20260806_193605_attempt1_succesful_reviewnotdone_orchavatecore_digital/HALEOS_LABS_LIMITED/screenshots/HALEOS_LABS_LIMITED_Homepage_WAVE_Overlay.png)","N/A","Head of Compliance & Digital Governance","Not Found","General Contact Email (Guessed Pattern)","Accessibility & Nodal Officer","Not Found"
"819","Unassigned","HBL Engineering Limited","https://Not Found","No","Yes","Yes","","","100","![WAVE Tool Screenshot](https://github.com/VEER-TANMAY-SACHIN/projects/blob/main/orchavate_gtm_workflow/outputs/v1.1_nse_tracker_enriched_clearbit_20260806_193605_attempt1_succesful_reviewnotdone_orchavatecore_digital/HBL_Engineering_Limited/screenshots/HBL_Engineering_Limited_Homepage_WAVE_Overlay.png)","N/A","Head of Compliance & Digital Governance","Not Found","General Contact Email (Guessed Pattern)","Accessibility & Nodal Officer","Not Found"
"820","Unassigned","HB Estate Developers Limited","https://Not Found","No","Yes","Yes","","","100","![WAVE Tool Screenshot](https://github.com/VEER-TANMAY-SACHIN/projects/blob/main/orchavate_gtm_workflow/outputs/v1.1_nse_tracker_enriched_clearbit_20260806_193605_attempt1_succesful_reviewnotdone_orchavatecore_digital/HB_Estate_Developers_Limited/screenshots/HB_Estate_Developers_Limited_Homepage_WAVE_Overlay.png)","N/A","Head of Compliance & Digital Governance","Not Found","General Contact Email (Guessed Pattern)","Accessibility & Nodal Officer","Not Found"
"821","Unassigned","HB Stockholdings Limited","https://Not Found","No","Yes","Yes","","","100","![WAVE Tool Screenshot](https://github.com/VEER-TANMAY-SACHIN/projects/blob/main/orchavate_gtm_workflow/outputs/v1.1_nse_tracker_enriched_clearbit_20260806_193605_attempt1_succesful_reviewnotdone_orchavatecore_digital/HB_Stockholdings_Limited/screenshots/HB_Stockholdings_Limited_Homepage_WAVE_Overlay.png)","N/A","Head of Compliance & Digital Governance","Not Found","General Contact Email (Guessed Pattern)","Accessibility & Nodal Officer","Not Found"
"822","Unassigned","HCL Infosystems Limited","https://hclinfosystems.in","Yes","Yes","Yes","36","36","30","![WAVE Tool Screenshot](https://github.com/VEER-TANMAY-SACHIN/projects/blob/main/orchavate_gtm_workflow/outputs/v1.1_nse_tracker_enriched_clearbit_20260806_193605_attempt1_succesful_reviewnotdone_orchavatecore_digital/HCL_Infosystems_Limited/screenshots/HCL_Infosystems_Limited_Homepage_WAVE_Overlay.png)","N/A","Head of Compliance & Digital Governance","cosec@hcl.com","General Contact Email","Accessibility & Nodal Officer","cosec@hcl.com"
"823","Unassigned","HCL Technologies Limited","https://hclib.org","Yes","No","No","","","","![WAVE Tool Screenshot](https://github.com/VEER-TANMAY-SACHIN/projects/blob/main/orchavate_gtm_workflow/outputs/v1.1_nse_tracker_enriched_clearbit_20260806_193605_attempt1_succesful_reviewnotdone_orchavatecore_digital/HCL_Technologies_Limited/screenshots/HCL_Technologies_Limited_Homepage_WAVE_Overlay.png)","N/A","Head of Compliance & Digital Governance","N/A","N/A","N/A","Not Found"
"824","Unassigned","HDB Financial Services Limited","https://hdbfs.com","Yes","No","No","","","","![WAVE Tool Screenshot](https://github.com/VEER-TANMAY-SACHIN/projects/blob/main/orchavate_gtm_workflow/outputs/v1.1_nse_tracker_enriched_clearbit_20260806_193605_attempt1_succesful_reviewnotdone_orchavatecore_digital/HDB_Financial_Services_Limited/screenshots/HDB_Financial_Services_Limited_Homepage_WAVE_Overlay.png)","N/A","Head of Compliance & Digital Governance","N/A","N/A","N/A","Not Found"
"825","Unassigned","HDFC Asset Management Company Limited","https://Not Found","No","Yes","Yes","","","100","![WAVE Tool Screenshot](https://github.com/VEER-TANMAY-SACHIN/projects/blob/main/orchavate_gtm_workflow/outputs/v1.1_nse_tracker_enriched_clearbit_20260806_193605_attempt1_succesful_reviewnotdone_orchavatecore_digital/HDFC_Asset_Management_Company_Limited/screenshots/HDFC_Asset_Management_Company_Limited_Homepage_WAVE_Overlay.png)","N/A","Head of Compliance & Digital Governance","Not Found","General Contact Email (Guessed Pattern)","Accessibility & Nodal Officer","Not Found"
"826","Unassigned","HDFC Bank Limited","https://hdfcbank.com","Yes","Yes","Yes","7","7","72","![WAVE Tool Screenshot](https://github.com/VEER-TANMAY-SACHIN/projects/blob/main/orchavate_gtm_workflow/outputs/v1.1_nse_tracker_enriched_clearbit_20260806_193605_attempt1_succesful_reviewnotdone_orchavatecore_digital/HDFC_Bank_Limited/screenshots/HDFC_Bank_Limited_Homepage_WAVE_Overlay.png)","N/A","Head of Compliance & Digital Governance","info@hdfcbank.com","General Contact Email (Guessed Pattern)","Accessibility & Nodal Officer","info@hdfcbank.com"
"827","Unassigned","HDFC Life Insurance Company Limited","https://Not Found","No","Yes","Yes","","","100","![WAVE Tool Screenshot](https://github.com/VEER-TANMAY-SACHIN/projects/blob/main/orchavate_gtm_workflow/outputs/v1.1_nse_tracker_enriched_clearbit_20260806_193605_attempt1_succesful_reviewnotdone_orchavatecore_digital/HDFC_Life_Insurance_Company_Limited/screenshots/HDFC_Life_Insurance_Company_Limited_Homepage_WAVE_Overlay.png)","N/A","Head of Compliance & Digital Governance","Not Found","General Contact Email (Guessed Pattern)","Accessibility & Nodal Officer","Not Found"
"828","Unassigned","HEC Infra Projects Limited","https://hecprojects.in","Yes","Yes","Yes","","","100","![WAVE Tool Screenshot](https://github.com/VEER-TANMAY-SACHIN/projects/blob/main/orchavate_gtm_workflow/outputs/v1.1_nse_tracker_enriched_clearbit_20260806_193605_attempt1_succesful_reviewnotdone_orchavatecore_digital/HEC_Infra_Projects_Limited/screenshots/HEC_Infra_Projects_Limited_Homepage_WAVE_Overlay.png)","N/A","Head of Compliance & Digital Governance","info@hecprojects.in","General Contact Email (Guessed Pattern)","Accessibility & Nodal Officer","info@hecprojects.in"
"829","Unassigned","HEG Limited","https://hegltd.com","Yes","No","No","","","","![WAVE Tool Screenshot](https://github.com/VEER-TANMAY-SACHIN/projects/blob/main/orchavate_gtm_workflow/outputs/v1.1_nse_tracker_enriched_clearbit_20260806_193605_attempt1_succesful_reviewnotdone_orchavatecore_digital/HEG_Limited/screenshots/HEG_Limited_Homepage_WAVE_Overlay.png)","N/A","Head of Compliance & Digital Governance","N/A","N/A","N/A","Not Found"
"830","Unassigned","HFCL Limited","https://hfcl.com","Yes","Yes","Yes","12","12","52","![WAVE Tool Screenshot](https://github.com/VEER-TANMAY-SACHIN/projects/blob/main/orchavate_gtm_workflow/outputs/v1.1_nse_tracker_enriched_clearbit_20260806_193605_attempt1_succesful_reviewnotdone_orchavatecore_digital/HFCL_Limited/screenshots/HFCL_Limited_Homepage_WAVE_Overlay.png)","N/A","Head of Compliance & Digital Governance","info@hfcl.com","General Contact Email (Guessed Pattern)","Accessibility & Nodal Officer","info@hfcl.com"
"831","Unassigned","HLE Glascoat Limited","https://hleglascoat.com","Yes","No","No","","","","![WAVE Tool Screenshot](https://github.com/VEER-TANMAY-SACHIN/projects/blob/main/orchavate_gtm_workflow/outputs/v1.1_nse_tracker_enriched_clearbit_20260806_193605_attempt1_succesful_reviewnotdone_orchavatecore_digital/HLE_Glascoat_Limited/screenshots/HLE_Glascoat_Limited_Homepage_WAVE_Overlay.png)","N/A","Head of Compliance & Digital Governance","N/A","N/A","N/A","Not Found"
"832","Unassigned","HLV LIMITED","https://hlv.de","Yes","Yes","Yes","111","111","30","![WAVE Tool Screenshot](https://github.com/VEER-TANMAY-SACHIN/projects/blob/main/orchavate_gtm_workflow/outputs/v1.1_nse_tracker_enriched_clearbit_20260806_193605_attempt1_succesful_reviewnotdone_orchavatecore_digital/HLV_LIMITED/screenshots/HLV_LIMITED_Homepage_WAVE_Overlay.png)","N/A","Head of Compliance & Digital Governance","info@hlv.de","General Contact Email","Accessibility & Nodal Officer","info@hlv.de"
"833","Unassigned","HMA Agro Industries Limited","https://hmagroup.co","Yes","No","No","","","","![WAVE Tool Screenshot](https://github.com/VEER-TANMAY-SACHIN/projects/blob/main/orchavate_gtm_workflow/outputs/v1.1_nse_tracker_enriched_clearbit_20260806_193605_attempt1_succesful_reviewnotdone_orchavatecore_digital/HMA_Agro_Industries_Limited/screenshots/HMA_Agro_Industries_Limited_Homepage_WAVE_Overlay.png)","N/A","Head of Compliance & Digital Governance","N/A","N/A","N/A","Not Found"
"834","Unassigned","HMT Limited","https://hmtvlive.com","Yes","No","No","","","","![WAVE Tool Screenshot](https://github.com/VEER-TANMAY-SACHIN/projects/blob/main/orchavate_gtm_workflow/outputs/v1.1_nse_tracker_enriched_clearbit_20260806_193605_attempt1_succesful_reviewnotdone_orchavatecore_digital/HMT_Limited/screenshots/HMT_Limited_Homepage_WAVE_Overlay.png)","N/A","Head of Compliance & Digital Governance","N/A","N/A","N/A","Not Found"
"835","Unassigned","HPL Electric & Power Limited","https://hplindia.com","Yes","Yes","Yes","18","18","30","![WAVE Tool Screenshot](https://github.com/VEER-TANMAY-SACHIN/projects/blob/main/orchavate_gtm_workflow/outputs/v1.1_nse_tracker_enriched_clearbit_20260806_193605_attempt1_succesful_reviewnotdone_orchavatecore_digital/HPL_Electric___Power_Limited/screenshots/HPL_Electric___Power_Limited_Homepage_WAVE_Overlay.png)","N/A","Head of Compliance & Digital Governance","sales@hplindia.com","General Contact Email","Accessibility & Nodal Officer","sales@hplindia.com"
"836","Unassigned","HP Adhesives Limited","https://hpadhesives.com","Yes","Yes","Yes","7","7","72","![WAVE Tool Screenshot](https://github.com/VEER-TANMAY-SACHIN/projects/blob/main/orchavate_gtm_workflow/outputs/v1.1_nse_tracker_enriched_clearbit_20260806_193605_attempt1_succesful_reviewnotdone_orchavatecore_digital/HP_Adhesives_Limited/screenshots/HP_Adhesives_Limited_Homepage_WAVE_Overlay.png)","N/A","Head of Compliance & Digital Governance","info@hpadhesives.com","General Contact Email","Accessibility & Nodal Officer","info@hpadhesives.com"
"837","Unassigned","HT Media Limited","https://htmedia.in","Yes","Yes","Yes","19","19","30","![WAVE Tool Screenshot](https://github.com/VEER-TANMAY-SACHIN/projects/blob/main/orchavate_gtm_workflow/outputs/v1.1_nse_tracker_enriched_clearbit_20260806_193605_attempt1_succesful_reviewnotdone_orchavatecore_digital/HT_Media_Limited/screenshots/HT_Media_Limited_Homepage_WAVE_Overlay.png)","N/A","Head of Compliance & Digital Governance","feedback@hindustantimes.com","General Contact Email","Accessibility & Nodal Officer","feedback@hindustantimes.com"
"838","Unassigned","H.G. Infra Engineering Limited","https://hginfra.com","Yes","Yes","Yes","26","26","30","![WAVE Tool Screenshot](https://github.com/VEER-TANMAY-SACHIN/projects/blob/main/orchavate_gtm_workflow/outputs/v1.1_nse_tracker_enriched_clearbit_20260806_193605_attempt1_succesful_reviewnotdone_orchavatecore_digital/H_G__Infra_Engineering_Limited/screenshots/H_G__Infra_Engineering_Limited_Homepage_WAVE_Overlay.png)","N/A","Head of Compliance & Digital Governance","info@hginfra.com","Investor Grievance / Compliance Officer Email","Accessibility & Nodal Officer","info@hginfra.com"
"839","Unassigned","Halder Venture Limited","https://halderventure.in","Yes","No","No","","","","![WAVE Tool Screenshot](https://github.com/VEER-TANMAY-SACHIN/projects/blob/main/orchavate_gtm_workflow/outputs/v1.1_nse_tracker_enriched_clearbit_20260806_193605_attempt1_succesful_reviewnotdone_orchavatecore_digital/Halder_Venture_Limited/screenshots/Halder_Venture_Limited_Homepage_WAVE_Overlay.png)","N/A","Head of Compliance & Digital Governance","N/A","N/A","N/A","Not Found"
"840","Unassigned","Haldyn Glass Limited","https://Not Found","No","Yes","Yes","","","100","![WAVE Tool Screenshot](https://github.com/VEER-TANMAY-SACHIN/projects/blob/main/orchavate_gtm_workflow/outputs/v1.1_nse_tracker_enriched_clearbit_20260806_193605_attempt1_succesful_reviewnotdone_orchavatecore_digital/Haldyn_Glass_Limited/screenshots/Haldyn_Glass_Limited_Homepage_WAVE_Overlay.png)","N/A","Head of Compliance & Digital Governance","Not Found","General Contact Email (Guessed Pattern)","Accessibility & Nodal Officer","Not Found"
"841","Unassigned","HandsOn Global Management (HGM) Limited","https://Not Found","No","Yes","Yes","","","100","![WAVE Tool Screenshot](https://github.com/VEER-TANMAY-SACHIN/projects/blob/main/orchavate_gtm_workflow/outputs/v1.1_nse_tracker_enriched_clearbit_20260806_193605_attempt1_succesful_reviewnotdone_orchavatecore_digital/HandsOn_Global_Management__HGM__Limited/screenshots/HandsOn_Global_Management__HGM__Limited_Homepage_WAVE_Overlay.png)","N/A","Head of Compliance & Digital Governance","Not Found","General Contact Email (Guessed Pattern)","Accessibility & Nodal Officer","Not Found"
"842","Unassigned","Happiest Minds Technologies Limited","https://happiestminds.com","Yes","No","No","","","","![WAVE Tool Screenshot](https://github.com/VEER-TANMAY-SACHIN/projects/blob/main/orchavate_gtm_workflow/outputs/v1.1_nse_tracker_enriched_clearbit_20260806_193605_attempt1_succesful_reviewnotdone_orchavatecore_digital/Happiest_Minds_Technologies_Limited/screenshots/Happiest_Minds_Technologies_Limited_Homepage_WAVE_Overlay.png)","N/A","Head of Compliance & Digital Governance","N/A","N/A","N/A","Not Found"
"843","Unassigned","Happy Forgings Limited","https://happyforgingsltd.com","Yes","Yes","Yes","17","17","32","![WAVE Tool Screenshot](https://github.com/VEER-TANMAY-SACHIN/projects/blob/main/orchavate_gtm_workflow/outputs/v1.1_nse_tracker_enriched_clearbit_20260806_193605_attempt1_succesful_reviewnotdone_orchavatecore_digital/Happy_Forgings_Limited/screenshots/Happy_Forgings_Limited_Homepage_WAVE_Overlay.png)","N/A","Head of Compliance & Digital Governance","marketing@happyforgingsltd.com","Investor Grievance / Compliance Officer Email","Accessibility & Nodal Officer","complianceofficer@happyforgingsltd.co.in"
"844","Unassigned","Hardwyn India Limited","https://hardwyn.com","Yes","Yes","Yes","","","100","![WAVE Tool Screenshot](https://github.com/VEER-TANMAY-SACHIN/projects/blob/main/orchavate_gtm_workflow/outputs/v1.1_nse_tracker_enriched_clearbit_20260806_193605_attempt1_succesful_reviewnotdone_orchavatecore_digital/Hardwyn_India_Limited/screenshots/Hardwyn_India_Limited_Homepage_WAVE_Overlay.png)","N/A","Head of Compliance & Digital Governance","info@hardwyn.com","General Contact Email (Guessed Pattern)","Accessibility & Nodal Officer","info@hardwyn.com"
"845","Unassigned","Hariom Pipe Industries Limited","https://hariompipes.com","Yes","No","No","","","","![WAVE Tool Screenshot](https://github.com/VEER-TANMAY-SACHIN/projects/blob/main/orchavate_gtm_workflow/outputs/v1.1_nse_tracker_enriched_clearbit_20260806_193605_attempt1_succesful_reviewnotdone_orchavatecore_digital/Hariom_Pipe_Industries_Limited/screenshots/Hariom_Pipe_Industries_Limited_Homepage_WAVE_Overlay.png)","N/A","Head of Compliance & Digital Governance","N/A","N/A","N/A","Not Found"
"846","Unassigned","Harrisons  Malayalam Limited","https://harrisonsmalayalam.com","Yes","No","No","","","","![WAVE Tool Screenshot](https://github.com/VEER-TANMAY-SACHIN/projects/blob/main/orchavate_gtm_workflow/outputs/v1.1_nse_tracker_enriched_clearbit_20260806_193605_attempt1_succesful_reviewnotdone_orchavatecore_digital/Harrisons__Malayalam_Limited/screenshots/Harrisons__Malayalam_Limited_Homepage_WAVE_Overlay.png)","N/A","Head of Compliance & Digital Governance","N/A","N/A","N/A","Not Found"
"847","Unassigned","Harsha Engineers International Limited","https://Not Found","No","Yes","Yes","","","100","![WAVE Tool Screenshot](https://github.com/VEER-TANMAY-SACHIN/projects/blob/main/orchavate_gtm_workflow/outputs/v1.1_nse_tracker_enriched_clearbit_20260806_193605_attempt1_succesful_reviewnotdone_orchavatecore_digital/Harsha_Engineers_International_Limited/screenshots/Harsha_Engineers_International_Limited_Homepage_WAVE_Overlay.png)","N/A","Head of Compliance & Digital Governance","Not Found","General Contact Email (Guessed Pattern)","Accessibility & Nodal Officer","Not Found"
"848","Unassigned","Hathway Cable & Datacom Limited","https://Not Found","No","Yes","Yes","","","100","![WAVE Tool Screenshot](https://github.com/VEER-TANMAY-SACHIN/projects/blob/main/orchavate_gtm_workflow/outputs/v1.1_nse_tracker_enriched_clearbit_20260806_193605_attempt1_succesful_reviewnotdone_orchavatecore_digital/Hathway_Cable___Datacom_Limited/screenshots/Hathway_Cable___Datacom_Limited_Homepage_WAVE_Overlay.png)","N/A","Head of Compliance & Digital Governance","Not Found","General Contact Email (Guessed Pattern)","Accessibility & Nodal Officer","Not Found"
"849","Unassigned","Hatsun Agro Product Limited","https://hap.in","Yes","No","No","","","","![WAVE Tool Screenshot](https://github.com/VEER-TANMAY-SACHIN/projects/blob/main/orchavate_gtm_workflow/outputs/v1.1_nse_tracker_enriched_clearbit_20260806_193605_attempt1_succesful_reviewnotdone_orchavatecore_digital/Hatsun_Agro_Product_Limited/screenshots/Hatsun_Agro_Product_Limited_Homepage_WAVE_Overlay.png)","N/A","Head of Compliance & Digital Governance","N/A","N/A","N/A","Not Found"
"850","Unassigned","Havells India Limited","https://havells.com","Yes","Yes","Yes","44","44","30","![WAVE Tool Screenshot](https://github.com/VEER-TANMAY-SACHIN/projects/blob/main/orchavate_gtm_workflow/outputs/v1.1_nse_tracker_enriched_clearbit_20260806_193605_attempt1_succesful_reviewnotdone_orchavatecore_digital/Havells_India_Limited/screenshots/Havells_India_Limited_Homepage_WAVE_Overlay.png)","N/A","Head of Compliance & Digital Governance","customercare@havells.com","Investor Grievance / Compliance Officer Email","Accessibility & Nodal Officer","grievance.officer@havells.com"
"851","Unassigned","Hawkins Cookers Limited","https://hawkinscookers.com","Yes","Yes","Yes","","","100","![WAVE Tool Screenshot](https://github.com/VEER-TANMAY-SACHIN/projects/blob/main/orchavate_gtm_workflow/outputs/v1.1_nse_tracker_enriched_clearbit_20260806_193605_attempt1_succesful_reviewnotdone_orchavatecore_digital/Hawkins_Cookers_Limited/screenshots/Hawkins_Cookers_Limited_Homepage_WAVE_Overlay.png)","N/A","Head of Compliance & Digital Governance","info@hawkinscookers.com","General Contact Email (Guessed Pattern)","Accessibility & Nodal Officer","info@hawkinscookers.com"
"852","Unassigned","Heads UP Ventures Limited","https://Not Found","No","Yes","Yes","","","100","![WAVE Tool Screenshot](https://github.com/VEER-TANMAY-SACHIN/projects/blob/main/orchavate_gtm_workflow/outputs/v1.1_nse_tracker_enriched_clearbit_20260806_193605_attempt1_succesful_reviewnotdone_orchavatecore_digital/Heads_UP_Ventures_Limited/screenshots/Heads_UP_Ventures_Limited_Homepage_WAVE_Overlay.png)","N/A","Head of Compliance & Digital Governance","Not Found","General Contact Email (Guessed Pattern)","Accessibility & Nodal Officer","Not Found"
"853","Unassigned","Health X Platform Limited","https://Not Found","No","Yes","Yes","","","100","![WAVE Tool Screenshot](https://github.com/VEER-TANMAY-SACHIN/projects/blob/main/orchavate_gtm_workflow/outputs/v1.1_nse_tracker_enriched_clearbit_20260806_193605_attempt1_succesful_reviewnotdone_orchavatecore_digital/Health_X_Platform_Limited/screenshots/Health_X_Platform_Limited_Homepage_WAVE_Overlay.png)","N/A","Head of Compliance & Digital Governance","Not Found","General Contact Email (Guessed Pattern)","Accessibility & Nodal Officer","Not Found"
"854","Unassigned","Healthcare Global Enterprises Limited","https://hcgoncology.com","Yes","Yes","Yes","177","177","30","![WAVE Tool Screenshot](https://github.com/VEER-TANMAY-SACHIN/projects/blob/main/orchavate_gtm_workflow/outputs/v1.1_nse_tracker_enriched_clearbit_20260806_193605_attempt1_succesful_reviewnotdone_orchavatecore_digital/Healthcare_Global_Enterprises_Limited/screenshots/Healthcare_Global_Enterprises_Limited_Homepage_WAVE_Overlay.png)","N/A","Head of Compliance & Digital Governance","query@hcgel.com","General Contact Email","Accessibility & Nodal Officer","query@hcgel.com"
"855","Unassigned","HeidelbergCement India Limited","https://mycemco.com","Yes","Yes","Yes","","","100","![WAVE Tool Screenshot](https://github.com/VEER-TANMAY-SACHIN/projects/blob/main/orchavate_gtm_workflow/outputs/v1.1_nse_tracker_enriched_clearbit_20260806_193605_attempt1_succesful_reviewnotdone_orchavatecore_digital/HeidelbergCement_India_Limited/screenshots/HeidelbergCement_India_Limited_Homepage_WAVE_Overlay.png)","N/A","Head of Compliance & Digital Governance","info@mycemco.com","General Contact Email (Guessed Pattern)","Accessibility & Nodal Officer","info@mycemco.com"
"856","Unassigned","Hemisphere Properties India Limited","https://Not Found","No","Yes","Yes","","","100","![WAVE Tool Screenshot](https://github.com/VEER-TANMAY-SACHIN/projects/blob/main/orchavate_gtm_workflow/outputs/v1.1_nse_tracker_enriched_clearbit_20260806_193605_attempt1_succesful_reviewnotdone_orchavatecore_digital/Hemisphere_Properties_India_Limited/screenshots/Hemisphere_Properties_India_Limited_Homepage_WAVE_Overlay.png)","N/A","Head of Compliance & Digital Governance","Not Found","General Contact Email (Guessed Pattern)","Accessibility & Nodal Officer","Not Found"
"857","Unassigned","Heranba Industries Limited","https://heranba.co.in","Yes","Yes","Yes","14","14","44","![WAVE Tool Screenshot](https://github.com/VEER-TANMAY-SACHIN/projects/blob/main/orchavate_gtm_workflow/outputs/v1.1_nse_tracker_enriched_clearbit_20260806_193605_attempt1_succesful_reviewnotdone_orchavatecore_digital/Heranba_Industries_Limited/screenshots/Heranba_Industries_Limited_Homepage_WAVE_Overlay.png)","N/A","Head of Compliance & Digital Governance","compliance@heranba.com","Investor Grievance / Compliance Officer Email","Accessibility & Nodal Officer","compliance@heranba.com"
"858","Unassigned","Heritage Foods Limited","https://heritagefresh.in","Yes","No","No","","","","![WAVE Tool Screenshot](https://github.com/VEER-TANMAY-SACHIN/projects/blob/main/orchavate_gtm_workflow/outputs/v1.1_nse_tracker_enriched_clearbit_20260806_193605_attempt1_succesful_reviewnotdone_orchavatecore_digital/Heritage_Foods_Limited/screenshots/Heritage_Foods_Limited_Homepage_WAVE_Overlay.png)","N/A","Head of Compliance & Digital Governance","N/A","N/A","N/A","Not Found"
"859","Unassigned","Hero MotoCorp Limited","https://heromotocorp.com","Yes","Yes","Yes","","","100","![WAVE Tool Screenshot](https://github.com/VEER-TANMAY-SACHIN/projects/blob/main/orchavate_gtm_workflow/outputs/v1.1_nse_tracker_enriched_clearbit_20260806_193605_attempt1_succesful_reviewnotdone_orchavatecore_digital/Hero_MotoCorp_Limited/screenshots/Hero_MotoCorp_Limited_Homepage_WAVE_Overlay.png)","N/A","Head of Compliance & Digital Governance","xxx@yourdomain.com","General Contact Email","Accessibility & Nodal Officer","xxx@yourdomain.com"
"860","Unassigned","Hester Biosciences Limited","https://hester.in","Yes","No","No","","","","![WAVE Tool Screenshot](https://github.com/VEER-TANMAY-SACHIN/projects/blob/main/orchavate_gtm_workflow/outputs/v1.1_nse_tracker_enriched_clearbit_20260806_193605_attempt1_succesful_reviewnotdone_orchavatecore_digital/Hester_Biosciences_Limited/screenshots/Hester_Biosciences_Limited_Homepage_WAVE_Overlay.png)","N/A","Head of Compliance & Digital Governance","N/A","N/A","N/A","Not Found"
"861","Unassigned","Hexa Tradex Limited","https://hexatradex.com","Yes","Yes","Yes","4","4","84","![WAVE Tool Screenshot](https://github.com/VEER-TANMAY-SACHIN/projects/blob/main/orchavate_gtm_workflow/outputs/v1.1_nse_tracker_enriched_clearbit_20260806_193605_attempt1_succesful_reviewnotdone_orchavatecore_digital/Hexa_Tradex_Limited/screenshots/Hexa_Tradex_Limited_Homepage_WAVE_Overlay.png)","N/A","Head of Compliance & Digital Governance","%20contactus@hexatradex.com","General Contact Email","Accessibility & Nodal Officer","%20contactus@hexatradex.com"
"862","Unassigned","Hexagon Nutrition Limited","https://hexagonnutrition.com","Yes","Yes","Yes","19","19","30","![WAVE Tool Screenshot](https://github.com/VEER-TANMAY-SACHIN/projects/blob/main/orchavate_gtm_workflow/outputs/v1.1_nse_tracker_enriched_clearbit_20260806_193605_attempt1_succesful_reviewnotdone_orchavatecore_digital/Hexagon_Nutrition_Limited/screenshots/Hexagon_Nutrition_Limited_Homepage_WAVE_Overlay.png)","N/A","Head of Compliance & Digital Governance","cs.hnpl@hexagonnutrition.com","Investor Grievance / Compliance Officer Email","Accessibility & Nodal Officer","cs.hnpl@hexagonnutrition.com"
"863","Unassigned","Hexaware Technologies Limited","https://hexaware.com","Yes","Yes","Yes","1","1","96","![WAVE Tool Screenshot](https://github.com/VEER-TANMAY-SACHIN/projects/blob/main/orchavate_gtm_workflow/outputs/v1.1_nse_tracker_enriched_clearbit_20260806_193605_attempt1_succesful_reviewnotdone_orchavatecore_digital/Hexaware_Technologies_Limited/screenshots/Hexaware_Technologies_Limited_Homepage_WAVE_Overlay.png)","N/A","Head of Compliance & Digital Governance","info@hexaware.com","General Contact Email (Guessed Pattern)","Accessibility & Nodal Officer","info@hexaware.com"
"864","Unassigned","Hi-Tech Pipes Limited","https://hitechpipes.in","Yes","Yes","Yes","","","100","![WAVE Tool Screenshot](https://github.com/VEER-TANMAY-SACHIN/projects/blob/main/orchavate_gtm_workflow/outputs/v1.1_nse_tracker_enriched_clearbit_20260806_193605_attempt1_succesful_reviewnotdone_orchavatecore_digital/Hi_Tech_Pipes_Limited/screenshots/Hi_Tech_Pipes_Limited_Homepage_WAVE_Overlay.png)","N/A","Head of Compliance & Digital Governance","info@hitechpipes.in","General Contact Email (Guessed Pattern)","Accessibility & Nodal Officer","info@hitechpipes.in"
"865","Unassigned","Highway Infrastructure Limited","https://highwayinfrastructure.in","Yes","Yes","Yes","11","11","56","![WAVE Tool Screenshot](https://github.com/VEER-TANMAY-SACHIN/projects/blob/main/orchavate_gtm_workflow/outputs/v1.1_nse_tracker_enriched_clearbit_20260806_193605_attempt1_succesful_reviewnotdone_orchavatecore_digital/Highway_Infrastructure_Limited/screenshots/Highway_Infrastructure_Limited_Homepage_WAVE_Overlay.png)","N/A","Head of Compliance & Digital Governance","info@highwayinfrastructure.in","Investor Grievance / Compliance Officer Email","Accessibility & Nodal Officer","info@highwayinfrastructure.in"
"866","Unassigned","Hikal Limited","https://hikal.com","Yes","Yes","Yes","37","37","30","![WAVE Tool Screenshot](https://github.com/VEER-TANMAY-SACHIN/projects/blob/main/orchavate_gtm_workflow/outputs/v1.1_nse_tracker_enriched_clearbit_20260806_193605_attempt1_succesful_reviewnotdone_orchavatecore_digital/Hikal_Limited/screenshots/Hikal_Limited_Homepage_WAVE_Overlay.png)","N/A","Head of Compliance & Digital Governance","info@hikal.com","General Contact Email (Guessed Pattern)","Accessibility & Nodal Officer","info@hikal.com"
"867","Unassigned","Hilton Metal Forging Limited","https://hiltonmetal.com","Yes","Yes","Yes","","","100","![WAVE Tool Screenshot](https://github.com/VEER-TANMAY-SACHIN/projects/blob/main/orchavate_gtm_workflow/outputs/v1.1_nse_tracker_enriched_clearbit_20260806_193605_attempt1_succesful_reviewnotdone_orchavatecore_digital/Hilton_Metal_Forging_Limited/screenshots/Hilton_Metal_Forging_Limited_Homepage_WAVE_Overlay.png)","N/A","Head of Compliance & Digital Governance","info@hiltonmetal.com","General Contact Email (Guessed Pattern)","Accessibility & Nodal Officer","info@hiltonmetal.com"
"868","Unassigned","Himadri Speciality Chemical Limited","https://himadri.com","Yes","Yes","Yes","19","19","30","![WAVE Tool Screenshot](https://github.com/VEER-TANMAY-SACHIN/projects/blob/main/orchavate_gtm_workflow/outputs/v1.1_nse_tracker_enriched_clearbit_20260806_193605_attempt1_succesful_reviewnotdone_orchavatecore_digital/Himadri_Speciality_Chemical_Limited/screenshots/Himadri_Speciality_Chemical_Limited_Homepage_WAVE_Overlay.png)","N/A","Head of Compliance & Digital Governance","info@himadri.com","Investor Grievance / Compliance Officer Email","Accessibility & Nodal Officer","investors@himadri.com"
"869","Unassigned","Himatsingka Seide Limited","https://Not Found","No","Yes","Yes","","","100","![WAVE Tool Screenshot](https://github.com/VEER-TANMAY-SACHIN/projects/blob/main/orchavate_gtm_workflow/outputs/v1.1_nse_tracker_enriched_clearbit_20260806_193605_attempt1_succesful_reviewnotdone_orchavatecore_digital/Himatsingka_Seide_Limited/screenshots/Himatsingka_Seide_Limited_Homepage_WAVE_Overlay.png)","N/A","Head of Compliance & Digital Governance","Not Found","General Contact Email (Guessed Pattern)","Accessibility & Nodal Officer","Not Found"
"870","Unassigned","Hind Rectifiers Limited","https://hirect.com","Yes","No","No","","","","![WAVE Tool Screenshot](https://github.com/VEER-TANMAY-SACHIN/projects/blob/main/orchavate_gtm_workflow/outputs/v1.1_nse_tracker_enriched_clearbit_20260806_193605_attempt1_succesful_reviewnotdone_orchavatecore_digital/Hind_Rectifiers_Limited/screenshots/Hind_Rectifiers_Limited_Homepage_WAVE_Overlay.png)","N/A","Head of Compliance & Digital Governance","N/A","N/A","N/A","Not Found"
"871","Unassigned","Hindalco Industries Limited","https://hindalco.com","Yes","Yes","Yes","63","63","30","![WAVE Tool Screenshot](https://github.com/VEER-TANMAY-SACHIN/projects/blob/main/orchavate_gtm_workflow/outputs/v1.1_nse_tracker_enriched_clearbit_20260806_193605_attempt1_succesful_reviewnotdone_orchavatecore_digital/Hindalco_Industries_Limited/screenshots/Hindalco_Industries_Limited_Homepage_WAVE_Overlay.png)","N/A","Head of Compliance & Digital Governance","hilinvestors@adityabirla.com","Investor Grievance / Compliance Officer Email","Accessibility & Nodal Officer","hilinvestors@adityabirla.com"
"872","Unassigned","Hindcon Chemicals Limited","https://hindcon.com","Yes","Yes","Yes","","","100","![WAVE Tool Screenshot](https://github.com/VEER-TANMAY-SACHIN/projects/blob/main/orchavate_gtm_workflow/outputs/v1.1_nse_tracker_enriched_clearbit_20260806_193605_attempt1_succesful_reviewnotdone_orchavatecore_digital/Hindcon_Chemicals_Limited/screenshots/Hindcon_Chemicals_Limited_Homepage_WAVE_Overlay.png)","N/A","Head of Compliance & Digital Governance","info@hindcon.com","General Contact Email (Guessed Pattern)","Accessibility & Nodal Officer","info@hindcon.com"
"873","Unassigned","Hindprakash Industries Limited","https://Not Found","No","Yes","Yes","","","100","![WAVE Tool Screenshot](https://github.com/VEER-TANMAY-SACHIN/projects/blob/main/orchavate_gtm_workflow/outputs/v1.1_nse_tracker_enriched_clearbit_20260806_193605_attempt1_succesful_reviewnotdone_orchavatecore_digital/Hindprakash_Industries_Limited/screenshots/Hindprakash_Industries_Limited_Homepage_WAVE_Overlay.png)","N/A","Head of Compliance & Digital Governance","Not Found","General Contact Email (Guessed Pattern)","Accessibility & Nodal Officer","Not Found"
"874","Unassigned","Hinduja Global Solutions Limited","https://Not Found","No","Yes","Yes","","","100","![WAVE Tool Screenshot](https://github.com/VEER-TANMAY-SACHIN/projects/blob/main/orchavate_gtm_workflow/outputs/v1.1_nse_tracker_enriched_clearbit_20260806_193605_attempt1_succesful_reviewnotdone_orchavatecore_digital/Hinduja_Global_Solutions_Limited/screenshots/Hinduja_Global_Solutions_Limited_Homepage_WAVE_Overlay.png)","N/A","Head of Compliance & Digital Governance","Not Found","General Contact Email (Guessed Pattern)","Accessibility & Nodal Officer","Not Found"
"875","Unassigned","Hindustan Aeronautics Limited","https://hal-india.co.in","Yes","Yes","Yes","1","1","96","![WAVE Tool Screenshot](https://github.com/VEER-TANMAY-SACHIN/projects/blob/main/orchavate_gtm_workflow/outputs/v1.1_nse_tracker_enriched_clearbit_20260806_193605_attempt1_succesful_reviewnotdone_orchavatecore_digital/Hindustan_Aeronautics_Limited/screenshots/Hindustan_Aeronautics_Limited_Homepage_WAVE_Overlay.png)","N/A","Head of Compliance & Digital Governance","itadmin@YourDomain.com","General Contact Email","Accessibility & Nodal Officer","itadmin@YourDomain.com"
"876","Unassigned","Hindustan Composites Limited","https://hindcompo.com","Yes","Yes","Yes","2","2","92","![WAVE Tool Screenshot](https://github.com/VEER-TANMAY-SACHIN/projects/blob/main/orchavate_gtm_workflow/outputs/v1.1_nse_tracker_enriched_clearbit_20260806_193605_attempt1_succesful_reviewnotdone_orchavatecore_digital/Hindustan_Composites_Limited/screenshots/Hindustan_Composites_Limited_Homepage_WAVE_Overlay.png)","N/A","Head of Compliance & Digital Governance","sales@hindcompo.com","General Contact Email","Accessibility & Nodal Officer","sales@hindcompo.com"
"877","Unassigned","Hindustan Construction Company Limited","https://hcpl.in","Yes","Yes","Yes","18","18","30","![WAVE Tool Screenshot](https://github.com/VEER-TANMAY-SACHIN/projects/blob/main/orchavate_gtm_workflow/outputs/v1.1_nse_tracker_enriched_clearbit_20260806_193605_attempt1_succesful_reviewnotdone_orchavatecore_digital/Hindustan_Construction_Company_Limited/screenshots/Hindustan_Construction_Company_Limited_Homepage_WAVE_Overlay.png)","N/A","Head of Compliance & Digital Governance","info@hcpl.in","General Contact Email","Accessibility & Nodal Officer","info@hcpl.in"
"878","Unassigned","Hindustan Copper Limited","https://hindustancopper.com","Yes","No","No","","","","![WAVE Tool Screenshot](https://github.com/VEER-TANMAY-SACHIN/projects/blob/main/orchavate_gtm_workflow/outputs/v1.1_nse_tracker_enriched_clearbit_20260806_193605_attempt1_succesful_reviewnotdone_orchavatecore_digital/Hindustan_Copper_Limited/screenshots/Hindustan_Copper_Limited_Homepage_WAVE_Overlay.png)","N/A","Head of Compliance & Digital Governance","N/A","N/A","N/A","Not Found"
"879","Unassigned","Hindustan Foods Limited","https://hindustanfoodslimited.com","Yes","Yes","Yes","45","45","30","![WAVE Tool Screenshot](https://github.com/VEER-TANMAY-SACHIN/projects/blob/main/orchavate_gtm_workflow/outputs/v1.1_nse_tracker_enriched_clearbit_20260806_193605_attempt1_succesful_reviewnotdone_orchavatecore_digital/Hindustan_Foods_Limited/screenshots/Hindustan_Foods_Limited_Homepage_WAVE_Overlay.png)","N/A","Head of Compliance & Digital Governance","business@thevanitycase.com","General Contact Email","Accessibility & Nodal Officer","business@thevanitycase.com"
"880","Unassigned","Hindustan Media Ventures Limited","https://Not Found","No","Yes","Yes","","","100","![WAVE Tool Screenshot](https://github.com/VEER-TANMAY-SACHIN/projects/blob/main/orchavate_gtm_workflow/outputs/v1.1_nse_tracker_enriched_clearbit_20260806_193605_attempt1_succesful_reviewnotdone_orchavatecore_digital/Hindustan_Media_Ventures_Limited/screenshots/Hindustan_Media_Ventures_Limited_Homepage_WAVE_Overlay.png)","N/A","Head of Compliance & Digital Governance","Not Found","General Contact Email (Guessed Pattern)","Accessibility & Nodal Officer","Not Found"
"881","Unassigned","Hindustan Oil Exploration Company Limited","https://Not Found","No","Yes","Yes","","","100","![WAVE Tool Screenshot](https://github.com/VEER-TANMAY-SACHIN/projects/blob/main/orchavate_gtm_workflow/outputs/v1.1_nse_tracker_enriched_clearbit_20260806_193605_attempt1_succesful_reviewnotdone_orchavatecore_digital/Hindustan_Oil_Exploration_Company_Limited/screenshots/Hindustan_Oil_Exploration_Company_Limited_Homepage_WAVE_Overlay.png)","N/A","Head of Compliance & Digital Governance","Not Found","General Contact Email (Guessed Pattern)","Accessibility & Nodal Officer","Not Found"
"882","Unassigned","Hindustan Petroleum Corporation Limited","https://hindustanpetroleum.com","Yes","No","No","","","","![WAVE Tool Screenshot](https://github.com/VEER-TANMAY-SACHIN/projects/blob/main/orchavate_gtm_workflow/outputs/v1.1_nse_tracker_enriched_clearbit_20260806_193605_attempt1_succesful_reviewnotdone_orchavatecore_digital/Hindustan_Petroleum_Corporation_Limited/screenshots/Hindustan_Petroleum_Corporation_Limited_Homepage_WAVE_Overlay.png)","N/A","Head of Compliance & Digital Governance","N/A","N/A","N/A","Not Found"
"883","Unassigned","Hindustan Unilever Limited","https://Not Found","No","Yes","Yes","","","100","![WAVE Tool Screenshot](https://github.com/VEER-TANMAY-SACHIN/projects/blob/main/orchavate_gtm_workflow/outputs/v1.1_nse_tracker_enriched_clearbit_20260806_193605_attempt1_succesful_reviewnotdone_orchavatecore_digital/Hindustan_Unilever_Limited/screenshots/Hindustan_Unilever_Limited_Homepage_WAVE_Overlay.png)","N/A","Head of Compliance & Digital Governance","Not Found","General Contact Email (Guessed Pattern)","Accessibility & Nodal Officer","Not Found"
"884","Unassigned","Hindustan Zinc Limited","https://hzlindia.com","Yes","Yes","Yes","","","100","![WAVE Tool Screenshot](https://github.com/VEER-TANMAY-SACHIN/projects/blob/main/orchavate_gtm_workflow/outputs/v1.1_nse_tracker_enriched_clearbit_20260806_193605_attempt1_succesful_reviewnotdone_orchavatecore_digital/Hindustan_Zinc_Limited/screenshots/Hindustan_Zinc_Limited_Homepage_WAVE_Overlay.png)","N/A","Head of Compliance & Digital Governance","raksha.jain@vedanta.co.in","General Contact Email","Accessibility & Nodal Officer","raksha.jain@vedanta.co.in"
"885","Unassigned","Hindware Home Innovation Limited","https://Not Found","No","Yes","Yes","","","100","![WAVE Tool Screenshot](https://github.com/VEER-TANMAY-SACHIN/projects/blob/main/orchavate_gtm_workflow/outputs/v1.1_nse_tracker_enriched_clearbit_20260806_193605_attempt1_succesful_reviewnotdone_orchavatecore_digital/Hindware_Home_Innovation_Limited/screenshots/Hindware_Home_Innovation_Limited_Homepage_WAVE_Overlay.png)","N/A","Head of Compliance & Digital Governance","Not Found","General Contact Email (Guessed Pattern)","Accessibility & Nodal Officer","Not Found"
"886","Unassigned","Hisar Metal Industries Limited","https://hisarmetal.com","Yes","Yes","Yes","5","5","80","![WAVE Tool Screenshot](https://github.com/VEER-TANMAY-SACHIN/projects/blob/main/orchavate_gtm_workflow/outputs/v1.1_nse_tracker_enriched_clearbit_20260806_193605_attempt1_succesful_reviewnotdone_orchavatecore_digital/Hisar_Metal_Industries_Limited/screenshots/Hisar_Metal_Industries_Limited_Homepage_WAVE_Overlay.png)","N/A","Head of Compliance & Digital Governance","info@hisarmetal.com","Investor Grievance / Compliance Officer Email","Accessibility & Nodal Officer","admin@skylinerta.com"
"887","Unassigned","Hitech Corporation Limited","https://htzone.co.il","Yes","No","No","","","","![WAVE Tool Screenshot](https://github.com/VEER-TANMAY-SACHIN/projects/blob/main/orchavate_gtm_workflow/outputs/v1.1_nse_tracker_enriched_clearbit_20260806_193605_attempt1_succesful_reviewnotdone_orchavatecore_digital/Hitech_Corporation_Limited/screenshots/Hitech_Corporation_Limited_Homepage_WAVE_Overlay.png)","N/A","Head of Compliance & Digital Governance","N/A","N/A","N/A","Not Found"
"888","Unassigned","Home First Finance Company India Limited","https://Not Found","No","Yes","Yes","","","100","![WAVE Tool Screenshot](https://github.com/VEER-TANMAY-SACHIN/projects/blob/main/orchavate_gtm_workflow/outputs/v1.1_nse_tracker_enriched_clearbit_20260806_193605_attempt1_succesful_reviewnotdone_orchavatecore_digital/Home_First_Finance_Company_India_Limited/screenshots/Home_First_Finance_Company_India_Limited_Homepage_WAVE_Overlay.png)","N/A","Head of Compliance & Digital Governance","Not Found","General Contact Email (Guessed Pattern)","Accessibility & Nodal Officer","Not Found"
"889","Unassigned","Honasa Consumer Limited","https://honasa.in","Yes","No","No","","","","![WAVE Tool Screenshot](https://github.com/VEER-TANMAY-SACHIN/projects/blob/main/orchavate_gtm_workflow/outputs/v1.1_nse_tracker_enriched_clearbit_20260806_193605_attempt1_succesful_reviewnotdone_orchavatecore_digital/Honasa_Consumer_Limited/screenshots/Honasa_Consumer_Limited_Homepage_WAVE_Overlay.png)","N/A","Head of Compliance & Digital Governance","N/A","N/A","N/A","Not Found"
"890","Unassigned","Honda India Power Products Limited","https://hondapowerproducts.co.id","Yes","No","No","","","","![WAVE Tool Screenshot](https://github.com/VEER-TANMAY-SACHIN/projects/blob/main/orchavate_gtm_workflow/outputs/v1.1_nse_tracker_enriched_clearbit_20260806_193605_attempt1_succesful_reviewnotdone_orchavatecore_digital/Honda_India_Power_Products_Limited/screenshots/Honda_India_Power_Products_Limited_Homepage_WAVE_Overlay.png)","N/A","Head of Compliance & Digital Governance","N/A","N/A","N/A","Not Found"
"891","Unassigned","Honeywell Automation India Limited","https://Not Found","No","Yes","Yes","","","100","![WAVE Tool Screenshot](https://github.com/VEER-TANMAY-SACHIN/projects/blob/main/orchavate_gtm_workflow/outputs/v1.1_nse_tracker_enriched_clearbit_20260806_193605_attempt1_succesful_reviewnotdone_orchavatecore_digital/Honeywell_Automation_India_Limited/screenshots/Honeywell_Automation_India_Limited_Homepage_WAVE_Overlay.png)","N/A","Head of Compliance & Digital Governance","Not Found","General Contact Email (Guessed Pattern)","Accessibility & Nodal Officer","Not Found"
"892","Unassigned","Housing Development and Infrastructure Limited","https://Not Found","No","Yes","Yes","","","100","![WAVE Tool Screenshot](https://github.com/VEER-TANMAY-SACHIN/projects/blob/main/orchavate_gtm_workflow/outputs/v1.1_nse_tracker_enriched_clearbit_20260806_193605_attempt1_succesful_reviewnotdone_orchavatecore_digital/Housing_Development_and_Infrastructure_Limited/screenshots/Housing_Development_and_Infrastructure_Limited_Homepage_WAVE_Overlay.png)","N/A","Head of Compliance & Digital Governance","Not Found","General Contact Email (Guessed Pattern)","Accessibility & Nodal Officer","Not Found"
"893","Unassigned","Housing & Urban Development Corporation Limited","https://housing.com","Yes","Yes","Yes","","","100","![WAVE Tool Screenshot](https://github.com/VEER-TANMAY-SACHIN/projects/blob/main/orchavate_gtm_workflow/outputs/v1.1_nse_tracker_enriched_clearbit_20260806_193605_attempt1_succesful_reviewnotdone_orchavatecore_digital/Housing___Urban_Development_Corporation_Limited/screenshots/Housing___Urban_Development_Corporation_Limited_Homepage_WAVE_Overlay.png)","N/A","Head of Compliance & Digital Governance","info@housing.com","General Contact Email (Guessed Pattern)","Accessibility & Nodal Officer","info@housing.com"
"894","Unassigned","Hubtown Limited","https://hubtown.co.in","Yes","Yes","Yes","18","18","30","![WAVE Tool Screenshot](https://github.com/VEER-TANMAY-SACHIN/projects/blob/main/orchavate_gtm_workflow/outputs/v1.1_nse_tracker_enriched_clearbit_20260806_193605_attempt1_succesful_reviewnotdone_orchavatecore_digital/Hubtown_Limited/screenshots/Hubtown_Limited_Homepage_WAVE_Overlay.png)","N/A","Head of Compliance & Digital Governance","contact@hubtown.co.in","General Contact Email","Accessibility & Nodal Officer","contact@hubtown.co.in"
"895","Unassigned","Huhtamaki India Limited","https://huhtamaki.com","Yes","Yes","Yes","1","1","96","![WAVE Tool Screenshot](https://github.com/VEER-TANMAY-SACHIN/projects/blob/main/orchavate_gtm_workflow/outputs/v1.1_nse_tracker_enriched_clearbit_20260806_193605_attempt1_succesful_reviewnotdone_orchavatecore_digital/Huhtamaki_India_Limited/screenshots/Huhtamaki_India_Limited_Homepage_WAVE_Overlay.png)","N/A","Head of Compliance & Digital Governance","info@huhtamaki.com","General Contact Email (Guessed Pattern)","Accessibility & Nodal Officer","info@huhtamaki.com"
"896","Unassigned","Hybrid Financial Services Limited","https://hybridfinance.co.in","Yes","Yes","Yes","","","100","![WAVE Tool Screenshot](https://github.com/VEER-TANMAY-SACHIN/projects/blob/main/orchavate_gtm_workflow/outputs/v1.1_nse_tracker_enriched_clearbit_20260806_193605_attempt1_succesful_reviewnotdone_orchavatecore_digital/Hybrid_Financial_Services_Limited/screenshots/Hybrid_Financial_Services_Limited_Homepage_WAVE_Overlay.png)","N/A","Head of Compliance & Digital Governance","investor@hybridfinance.co.in","Investor Grievance / Compliance Officer Email","Accessibility & Nodal Officer","investor@hybridfinance.co.in"
"897","Unassigned","Hyundai Motor India Limited","https://hyundam.co.in","Yes","Yes","Yes","8","8","68","![WAVE Tool Screenshot](https://github.com/VEER-TANMAY-SACHIN/projects/blob/main/orchavate_gtm_workflow/outputs/v1.1_nse_tracker_enriched_clearbit_20260806_193605_attempt1_succesful_reviewnotdone_orchavatecore_digital/Hyundai_Motor_India_Limited/screenshots/Hyundai_Motor_India_Limited_Homepage_WAVE_Overlay.png)","N/A","Head of Compliance & Digital Governance","ihdsales@hyundam.co.in","General Contact Email","Accessibility & Nodal Officer","ihdsales@hyundam.co.in"
"898","Unassigned","ICDS Limited","https://icdsoft.com","Yes","Yes","Yes","37","37","30","![WAVE Tool Screenshot](https://github.com/VEER-TANMAY-SACHIN/projects/blob/main/orchavate_gtm_workflow/outputs/v1.1_nse_tracker_enriched_clearbit_20260806_193605_attempt1_succesful_reviewnotdone_orchavatecore_digital/ICDS_Limited/screenshots/ICDS_Limited_Homepage_WAVE_Overlay.png)","N/A","Head of Compliance & Digital Governance","numbers-section-bg@2x.webp","General Contact Email","Accessibility & Nodal Officer","numbers-section-bg@2x.webp"
"899","Unassigned","ICICI Bank Limited","https://icicibank.com","Yes","Yes","Yes","","","100","![WAVE Tool Screenshot](https://github.com/VEER-TANMAY-SACHIN/projects/blob/main/orchavate_gtm_workflow/outputs/v1.1_nse_tracker_enriched_clearbit_20260806_193605_attempt1_succesful_reviewnotdone_orchavatecore_digital/ICICI_Bank_Limited/screenshots/ICICI_Bank_Limited_Homepage_WAVE_Overlay.png)","N/A","Head of Compliance & Digital Governance","marketshelpdesk@icici.bank.in","General Contact Email","Accessibility & Nodal Officer","marketshelpdesk@icici.bank.in"
"900","Unassigned","ICICI Lombard General Insurance Company Limited","https://Not Found","No","Yes","Yes","","","100","![WAVE Tool Screenshot](https://github.com/VEER-TANMAY-SACHIN/projects/blob/main/orchavate_gtm_workflow/outputs/v1.1_nse_tracker_enriched_clearbit_20260806_193605_attempt1_succesful_reviewnotdone_orchavatecore_digital/ICICI_Lombard_General_Insurance_Company_Limited/screenshots/ICICI_Lombard_General_Insurance_Company_Limited_Homepage_WAVE_Overlay.png)","N/A","Head of Compliance & Digital Governance","Not Found","General Contact Email (Guessed Pattern)","Accessibility & Nodal Officer","Not Found"
"901","Unassigned","ICICI Prudential Asset Management Company Limited","https://Not Found","No","Yes","Yes","","","100","![WAVE Tool Screenshot](https://github.com/VEER-TANMAY-SACHIN/projects/blob/main/orchavate_gtm_workflow/outputs/v1.1_nse_tracker_enriched_clearbit_20260806_193605_attempt1_succesful_reviewnotdone_orchavatecore_digital/ICICI_Prudential_Asset_Management_Company_Limited/screenshots/ICICI_Prudential_Asset_Management_Company_Limited_Homepage_WAVE_Overlay.png)","N/A","Head of Compliance & Digital Governance","Not Found","General Contact Email (Guessed Pattern)","Accessibility & Nodal Officer","Not Found"
"902","Unassigned","ICICI Prudential Life Insurance Company Limited","https://iciciprulife.com","Yes","No","No","","","","![WAVE Tool Screenshot](https://github.com/VEER-TANMAY-SACHIN/projects/blob/main/orchavate_gtm_workflow/outputs/v1.1_nse_tracker_enriched_clearbit_20260806_193605_attempt1_succesful_reviewnotdone_orchavatecore_digital/ICICI_Prudential_Life_Insurance_Company_Limited/screenshots/ICICI_Prudential_Life_Insurance_Company_Limited_Homepage_WAVE_Overlay.png)","N/A","Head of Compliance & Digital Governance","N/A","N/A","N/A","Not Found"
"903","Unassigned","ICRA Limited","https://icracked.com","Yes","No","No","","","","![WAVE Tool Screenshot](https://github.com/VEER-TANMAY-SACHIN/projects/blob/main/orchavate_gtm_workflow/outputs/v1.1_nse_tracker_enriched_clearbit_20260806_193605_attempt1_succesful_reviewnotdone_orchavatecore_digital/ICRA_Limited/screenshots/ICRA_Limited_Homepage_WAVE_Overlay.png)","N/A","Head of Compliance & Digital Governance","N/A","N/A","N/A","Not Found"
"904","Unassigned","IDBI Bank Limited","https://idbibank.in","Yes","No","No","","","","![WAVE Tool Screenshot](https://github.com/VEER-TANMAY-SACHIN/projects/blob/main/orchavate_gtm_workflow/outputs/v1.1_nse_tracker_enriched_clearbit_20260806_193605_attempt1_succesful_reviewnotdone_orchavatecore_digital/IDBI_Bank_Limited/screenshots/IDBI_Bank_Limited_Homepage_WAVE_Overlay.png)","N/A","Head of Compliance & Digital Governance","N/A","N/A","N/A","Not Found"
"905","Unassigned","IDFC First Bank Limited","https://idfcfirstbank.com","Yes","Yes","Yes","59","59","30","![WAVE Tool Screenshot](https://github.com/VEER-TANMAY-SACHIN/projects/blob/main/orchavate_gtm_workflow/outputs/v1.1_nse_tracker_enriched_clearbit_20260806_193605_attempt1_succesful_reviewnotdone_orchavatecore_digital/IDFC_First_Bank_Limited/screenshots/IDFC_First_Bank_Limited_Homepage_WAVE_Overlay.png)","N/A","Head of Compliance & Digital Governance","info@idfcfirstbank.com","General Contact Email (Guessed Pattern)","Accessibility & Nodal Officer","info@idfcfirstbank.com"
"906","Unassigned","IFB Agro Industries Limited","https://Not Found","No","Yes","Yes","","","100","![WAVE Tool Screenshot](https://github.com/VEER-TANMAY-SACHIN/projects/blob/main/orchavate_gtm_workflow/outputs/v1.1_nse_tracker_enriched_clearbit_20260806_193605_attempt1_succesful_reviewnotdone_orchavatecore_digital/IFB_Agro_Industries_Limited/screenshots/IFB_Agro_Industries_Limited_Homepage_WAVE_Overlay.png)","N/A","Head of Compliance & Digital Governance","Not Found","General Contact Email (Guessed Pattern)","Accessibility & Nodal Officer","Not Found"
"907","Unassigned","IFB Industries Limited","https://ifbindustries.com","Yes","Yes","Yes","15","15","40","![WAVE Tool Screenshot](https://github.com/VEER-TANMAY-SACHIN/projects/blob/main/orchavate_gtm_workflow/outputs/v1.1_nse_tracker_enriched_clearbit_20260806_193605_attempt1_succesful_reviewnotdone_orchavatecore_digital/IFB_Industries_Limited/screenshots/IFB_Industries_Limited_Homepage_WAVE_Overlay.png)","N/A","Head of Compliance & Digital Governance","ritesh_agarwal@ifbglobal.com","Investor Grievance / Compliance Officer Email","Accessibility & Nodal Officer","ritesh_agarwal@ifbglobal.com"
"908","Unassigned","IFCI Limited","https://ifciltd.com","Yes","No","No","","","","![WAVE Tool Screenshot](https://github.com/VEER-TANMAY-SACHIN/projects/blob/main/orchavate_gtm_workflow/outputs/v1.1_nse_tracker_enriched_clearbit_20260806_193605_attempt1_succesful_reviewnotdone_orchavatecore_digital/IFCI_Limited/screenshots/IFCI_Limited_Homepage_WAVE_Overlay.png)","N/A","Head of Compliance & Digital Governance","N/A","N/A","N/A","Not Found"
"909","Unassigned","IFGL Refractories Limited","https://ifglref.com","Yes","Yes","Yes","","","100","![WAVE Tool Screenshot](https://github.com/VEER-TANMAY-SACHIN/projects/blob/main/orchavate_gtm_workflow/outputs/v1.1_nse_tracker_enriched_clearbit_20260806_193605_attempt1_succesful_reviewnotdone_orchavatecore_digital/IFGL_Refractories_Limited/screenshots/IFGL_Refractories_Limited_Homepage_WAVE_Overlay.png)","N/A","Head of Compliance & Digital Governance","info@ifglref.com","General Contact Email (Guessed Pattern)","Accessibility & Nodal Officer","info@ifglref.com"
"910","Unassigned","IG Petrochemicals Limited","https://igpetro.com","Yes","Yes","Yes","","","100","![WAVE Tool Screenshot](https://github.com/VEER-TANMAY-SACHIN/projects/blob/main/orchavate_gtm_workflow/outputs/v1.1_nse_tracker_enriched_clearbit_20260806_193605_attempt1_succesful_reviewnotdone_orchavatecore_digital/IG_Petrochemicals_Limited/screenshots/IG_Petrochemicals_Limited_Homepage_WAVE_Overlay.png)","N/A","Head of Compliance & Digital Governance","info@igpetro.com","General Contact Email (Guessed Pattern)","Accessibility & Nodal Officer","info@igpetro.com"
"911","Unassigned","IIFL Capital Services Limited","https://Not Found","No","Yes","Yes","","","100","![WAVE Tool Screenshot](https://github.com/VEER-TANMAY-SACHIN/projects/blob/main/orchavate_gtm_workflow/outputs/v1.1_nse_tracker_enriched_clearbit_20260806_193605_attempt1_succesful_reviewnotdone_orchavatecore_digital/IIFL_Capital_Services_Limited/screenshots/IIFL_Capital_Services_Limited_Homepage_WAVE_Overlay.png)","N/A","Head of Compliance & Digital Governance","Not Found","General Contact Email (Guessed Pattern)","Accessibility & Nodal Officer","Not Found"
"912","Unassigned","IIFL Finance Limited","https://indiainfoline.com","Yes","Yes","Yes","103","103","30","![WAVE Tool Screenshot](https://github.com/VEER-TANMAY-SACHIN/projects/blob/main/orchavate_gtm_workflow/outputs/v1.1_nse_tracker_enriched_clearbit_20260806_193605_attempt1_succesful_reviewnotdone_orchavatecore_digital/IIFL_Finance_Limited/screenshots/IIFL_Finance_Limited_Homepage_WAVE_Overlay.png)","N/A","Head of Compliance & Digital Governance","cs@iiflcapital.com","General Contact Email","Accessibility & Nodal Officer","cs@iiflcapital.com"
"913","Unassigned","IKIO Technologies Limited","https://ikiosk.de","Yes","Yes","Yes","1","1","96","![WAVE Tool Screenshot](https://github.com/VEER-TANMAY-SACHIN/projects/blob/main/orchavate_gtm_workflow/outputs/v1.1_nse_tracker_enriched_clearbit_20260806_193605_attempt1_succesful_reviewnotdone_orchavatecore_digital/IKIO_Technologies_Limited/screenshots/IKIO_Technologies_Limited_Homepage_WAVE_Overlay.png)","N/A","Head of Compliance & Digital Governance","info@ikiosk.de","General Contact Email (Guessed Pattern)","Accessibility & Nodal Officer","info@ikiosk.de"
"914","Unassigned","IL&FS Engineering and Construction Company Limited","https://illinois.gov","Yes","Yes","Yes","","","100","![WAVE Tool Screenshot](https://github.com/VEER-TANMAY-SACHIN/projects/blob/main/orchavate_gtm_workflow/outputs/v1.1_nse_tracker_enriched_clearbit_20260806_193605_attempt1_succesful_reviewnotdone_orchavatecore_digital/IL_FS_Engineering_and_Construction_Company_Limited/screenshots/IL_FS_Engineering_and_Construction_Company_Limited_Homepage_WAVE_Overlay.png)","N/A","Head of Compliance & Digital Governance","info@illinois.gov","General Contact Email (Guessed Pattern)","Accessibility & Nodal Officer","info@illinois.gov"
"915","Unassigned","IL&FS Transportation Networks Limited","https://illinois.gov","Yes","Yes","Yes","","","100","![WAVE Tool Screenshot](https://github.com/VEER-TANMAY-SACHIN/projects/blob/main/orchavate_gtm_workflow/outputs/v1.1_nse_tracker_enriched_clearbit_20260806_193605_attempt1_succesful_reviewnotdone_orchavatecore_digital/IL_FS_Transportation_Networks_Limited/screenshots/IL_FS_Transportation_Networks_Limited_Homepage_WAVE_Overlay.png)","N/A","Head of Compliance & Digital Governance","info@illinois.gov","General Contact Email (Guessed Pattern)","Accessibility & Nodal Officer","info@illinois.gov"
"916","Unassigned","INCREDIBLE INDUSTRIES LIMITED","https://incredibleindustries.co.in","Yes","Yes","Yes","12","12","52","![WAVE Tool Screenshot](https://github.com/VEER-TANMAY-SACHIN/projects/blob/main/orchavate_gtm_workflow/outputs/v1.1_nse_tracker_enriched_clearbit_20260806_193605_attempt1_succesful_reviewnotdone_orchavatecore_digital/INCREDIBLE_INDUSTRIES_LIMITED/screenshots/INCREDIBLE_INDUSTRIES_LIMITED_Homepage_WAVE_Overlay.png)","N/A","Head of Compliance & Digital Governance","info@incredibleindustries.co.in","General Contact Email (Guessed Pattern)","Accessibility & Nodal Officer","info@incredibleindustries.co.in"
"917","Unassigned","INDO-MIM Limited","https://indo-mim.com","Yes","No","No","","","","![WAVE Tool Screenshot](https://github.com/VEER-TANMAY-SACHIN/projects/blob/main/orchavate_gtm_workflow/outputs/v1.1_nse_tracker_enriched_clearbit_20260806_193605_attempt1_succesful_reviewnotdone_orchavatecore_digital/INDO_MIM_Limited/screenshots/INDO_MIM_Limited_Homepage_WAVE_Overlay.png)","N/A","Head of Compliance & Digital Governance","N/A","N/A","N/A","Not Found"
"918","Unassigned","Ice Make Refrigeration Limited","https://icemakeindia.com","Yes","Yes","Yes","16","16","36","![WAVE Tool Screenshot](https://github.com/VEER-TANMAY-SACHIN/projects/blob/main/orchavate_gtm_workflow/outputs/v1.1_nse_tracker_enriched_clearbit_20260806_193605_attempt1_succesful_reviewnotdone_orchavatecore_digital/Ice_Make_Refrigeration_Limited/screenshots/Ice_Make_Refrigeration_Limited_Homepage_WAVE_Overlay.png)","N/A","Head of Compliance & Digital Governance","enquiry@icemakeindia.com","General Contact Email","Accessibility & Nodal Officer","enquiry@icemakeindia.com"
"919","Unassigned","Ideaforge Technology Limited","https://Not Found","No","Yes","Yes","","","100","![WAVE Tool Screenshot](https://github.com/VEER-TANMAY-SACHIN/projects/blob/main/orchavate_gtm_workflow/outputs/v1.1_nse_tracker_enriched_clearbit_20260806_193605_attempt1_succesful_reviewnotdone_orchavatecore_digital/Ideaforge_Technology_Limited/screenshots/Ideaforge_Technology_Limited_Homepage_WAVE_Overlay.png)","N/A","Head of Compliance & Digital Governance","Not Found","General Contact Email (Guessed Pattern)","Accessibility & Nodal Officer","Not Found"
"920","Unassigned","Igarashi Motors India Limited","https://Not Found","No","Yes","Yes","","","100","![WAVE Tool Screenshot](https://github.com/VEER-TANMAY-SACHIN/projects/blob/main/orchavate_gtm_workflow/outputs/v1.1_nse_tracker_enriched_clearbit_20260806_193605_attempt1_succesful_reviewnotdone_orchavatecore_digital/Igarashi_Motors_India_Limited/screenshots/Igarashi_Motors_India_Limited_Homepage_WAVE_Overlay.png)","N/A","Head of Compliance & Digital Governance","Not Found","General Contact Email (Guessed Pattern)","Accessibility & Nodal Officer","Not Found"
"921","Unassigned","Imagicaaworld Entertainment Limited","https://Not Found","No","Yes","Yes","","","100","![WAVE Tool Screenshot](https://github.com/VEER-TANMAY-SACHIN/projects/blob/main/orchavate_gtm_workflow/outputs/v1.1_nse_tracker_enriched_clearbit_20260806_193605_attempt1_succesful_reviewnotdone_orchavatecore_digital/Imagicaaworld_Entertainment_Limited/screenshots/Imagicaaworld_Entertainment_Limited_Homepage_WAVE_Overlay.png)","N/A","Head of Compliance & Digital Governance","Not Found","General Contact Email (Guessed Pattern)","Accessibility & Nodal Officer","Not Found"
"922","Unassigned","Ind-Swift Laboratories Limited","https://indswiftlabs.com","Yes","Yes","Yes","1","1","96","![WAVE Tool Screenshot](https://github.com/VEER-TANMAY-SACHIN/projects/blob/main/orchavate_gtm_workflow/outputs/v1.1_nse_tracker_enriched_clearbit_20260806_193605_attempt1_succesful_reviewnotdone_orchavatecore_digital/Ind_Swift_Laboratories_Limited/screenshots/Ind_Swift_Laboratories_Limited_Homepage_WAVE_Overlay.png)","N/A","Head of Compliance & Digital Governance","support@indswiftlabs.com","General Contact Email","Accessibility & Nodal Officer","support@indswiftlabs.com"
"923","Unassigned","Indbank Merchant Banking Services Limited","https://Not Found","No","Yes","Yes","","","100","![WAVE Tool Screenshot](https://github.com/VEER-TANMAY-SACHIN/projects/blob/main/orchavate_gtm_workflow/outputs/v1.1_nse_tracker_enriched_clearbit_20260806_193605_attempt1_succesful_reviewnotdone_orchavatecore_digital/Indbank_Merchant_Banking_Services_Limited/screenshots/Indbank_Merchant_Banking_Services_Limited_Homepage_WAVE_Overlay.png)","N/A","Head of Compliance & Digital Governance","Not Found","General Contact Email (Guessed Pattern)","Accessibility & Nodal Officer","Not Found"
"924","Unassigned","Indef Manufacturing Limited","https://Not Found","No","Yes","Yes","","","100","![WAVE Tool Screenshot](https://github.com/VEER-TANMAY-SACHIN/projects/blob/main/orchavate_gtm_workflow/outputs/v1.1_nse_tracker_enriched_clearbit_20260806_193605_attempt1_succesful_reviewnotdone_orchavatecore_digital/Indef_Manufacturing_Limited/screenshots/Indef_Manufacturing_Limited_Homepage_WAVE_Overlay.png)","N/A","Head of Compliance & Digital Governance","Not Found","General Contact Email (Guessed Pattern)","Accessibility & Nodal Officer","Not Found"
"925","Unassigned","Indegene Limited","https://indegene.com","Yes","Yes","Yes","11","11","56","![WAVE Tool Screenshot](https://github.com/VEER-TANMAY-SACHIN/projects/blob/main/orchavate_gtm_workflow/outputs/v1.1_nse_tracker_enriched_clearbit_20260806_193605_attempt1_succesful_reviewnotdone_orchavatecore_digital/Indegene_Limited/screenshots/Indegene_Limited_Homepage_WAVE_Overlay.png)","N/A","Head of Compliance & Digital Governance","info@indegene.com","General Contact Email (Guessed Pattern)","Accessibility & Nodal Officer","info@indegene.com"
"926","Unassigned","India Glycols Limited","https://glycolsales.com.au","Yes","No","No","","","","![WAVE Tool Screenshot](https://github.com/VEER-TANMAY-SACHIN/projects/blob/main/orchavate_gtm_workflow/outputs/v1.1_nse_tracker_enriched_clearbit_20260806_193605_attempt1_succesful_reviewnotdone_orchavatecore_digital/India_Glycols_Limited/screenshots/India_Glycols_Limited_Homepage_WAVE_Overlay.png)","N/A","Head of Compliance & Digital Governance","N/A","N/A","N/A","Not Found"
"927","Unassigned","India Motor Parts and Accessories Limited","https://Not Found","No","Yes","Yes","","","100","![WAVE Tool Screenshot](https://github.com/VEER-TANMAY-SACHIN/projects/blob/main/orchavate_gtm_workflow/outputs/v1.1_nse_tracker_enriched_clearbit_20260806_193605_attempt1_succesful_reviewnotdone_orchavatecore_digital/India_Motor_Parts_and_Accessories_Limited/screenshots/India_Motor_Parts_and_Accessories_Limited_Homepage_WAVE_Overlay.png)","N/A","Head of Compliance & Digital Governance","Not Found","General Contact Email (Guessed Pattern)","Accessibility & Nodal Officer","Not Found"
"928","Unassigned","India Nippon Electricals Limited","https://indianippon.com","Yes","Yes","Yes","6","6","76","![WAVE Tool Screenshot](https://github.com/VEER-TANMAY-SACHIN/projects/blob/main/orchavate_gtm_workflow/outputs/v1.1_nse_tracker_enriched_clearbit_20260806_193605_attempt1_succesful_reviewnotdone_orchavatecore_digital/India_Nippon_Electricals_Limited/screenshots/India_Nippon_Electricals_Limited_Homepage_WAVE_Overlay.png)","N/A","Head of Compliance & Digital Governance","inelcorp@inel.co.in","General Contact Email","Accessibility & Nodal Officer","inelcorp@inel.co.in"
"929","Unassigned","India Shelter Finance Corporation Limited","https://Not Found","No","Yes","Yes","","","100","![WAVE Tool Screenshot](https://github.com/VEER-TANMAY-SACHIN/projects/blob/main/orchavate_gtm_workflow/outputs/v1.1_nse_tracker_enriched_clearbit_20260806_193605_attempt1_succesful_reviewnotdone_orchavatecore_digital/India_Shelter_Finance_Corporation_Limited/screenshots/India_Shelter_Finance_Corporation_Limited_Homepage_WAVE_Overlay.png)","N/A","Head of Compliance & Digital Governance","Not Found","General Contact Email (Guessed Pattern)","Accessibility & Nodal Officer","Not Found"
"930","Unassigned","Indiabulls Limited","https://indiabullshomeloans.com","Yes","Yes","Yes","","","100","![WAVE Tool Screenshot](https://github.com/VEER-TANMAY-SACHIN/projects/blob/main/orchavate_gtm_workflow/outputs/v1.1_nse_tracker_enriched_clearbit_20260806_193605_attempt1_succesful_reviewnotdone_orchavatecore_digital/Indiabulls_Limited/screenshots/Indiabulls_Limited_Homepage_WAVE_Overlay.png)","N/A","Head of Compliance & Digital Governance","info@indiabullshomeloans.com","General Contact Email (Guessed Pattern)","Accessibility & Nodal Officer","info@indiabullshomeloans.com"
"931","Unassigned","Indiamart Intermesh Limited","https://Not Found","No","Yes","Yes","","","100","![WAVE Tool Screenshot](https://github.com/VEER-TANMAY-SACHIN/projects/blob/main/orchavate_gtm_workflow/outputs/v1.1_nse_tracker_enriched_clearbit_20260806_193605_attempt1_succesful_reviewnotdone_orchavatecore_digital/Indiamart_Intermesh_Limited/screenshots/Indiamart_Intermesh_Limited_Homepage_WAVE_Overlay.png)","N/A","Head of Compliance & Digital Governance","Not Found","General Contact Email (Guessed Pattern)","Accessibility & Nodal Officer","Not Found"
"932","Unassigned","Indian Bank","https://indianbank.in","Yes","No","No","","","","![WAVE Tool Screenshot](https://github.com/VEER-TANMAY-SACHIN/projects/blob/main/orchavate_gtm_workflow/outputs/v1.1_nse_tracker_enriched_clearbit_20260806_193605_attempt1_succesful_reviewnotdone_orchavatecore_digital/Indian_Bank/screenshots/Indian_Bank_Homepage_WAVE_Overlay.png)","N/A","Head of Compliance & Digital Governance","N/A","N/A","N/A","Not Found"
"933","Unassigned","Indian Card Clothing Company Limited","https://Not Found","No","Yes","Yes","","","100","![WAVE Tool Screenshot](https://github.com/VEER-TANMAY-SACHIN/projects/blob/main/orchavate_gtm_workflow/outputs/v1.1_nse_tracker_enriched_clearbit_20260806_193605_attempt1_succesful_reviewnotdone_orchavatecore_digital/Indian_Card_Clothing_Company_Limited/screenshots/Indian_Card_Clothing_Company_Limited_Homepage_WAVE_Overlay.png)","N/A","Head of Compliance & Digital Governance","Not Found","General Contact Email (Guessed Pattern)","Accessibility & Nodal Officer","Not Found"
"934","Unassigned","Indian Energy Exchange Limited","https://iexindia.com","Yes","Yes","Yes","3","3","88","![WAVE Tool Screenshot](https://github.com/VEER-TANMAY-SACHIN/projects/blob/main/orchavate_gtm_workflow/outputs/v1.1_nse_tracker_enriched_clearbit_20260806_193605_attempt1_succesful_reviewnotdone_orchavatecore_digital/Indian_Energy_Exchange_Limited/screenshots/Indian_Energy_Exchange_Limited_Homepage_WAVE_Overlay.png)","N/A","Head of Compliance & Digital Governance","contact@iexindia.com","General Contact Email","Accessibility & Nodal Officer","contact@iexindia.com"
"935","Unassigned","Indian Hume Pipe Company Limited","https://Not Found","No","Yes","Yes","","","100","![WAVE Tool Screenshot](https://github.com/VEER-TANMAY-SACHIN/projects/blob/main/orchavate_gtm_workflow/outputs/v1.1_nse_tracker_enriched_clearbit_20260806_193605_attempt1_succesful_reviewnotdone_orchavatecore_digital/Indian_Hume_Pipe_Company_Limited/screenshots/Indian_Hume_Pipe_Company_Limited_Homepage_WAVE_Overlay.png)","N/A","Head of Compliance & Digital Governance","Not Found","General Contact Email (Guessed Pattern)","Accessibility & Nodal Officer","Not Found"
"936","Unassigned","Indian Metals & Ferro Alloys Limited","https://imfa.in","Yes","Yes","Yes","16","16","36","![WAVE Tool Screenshot](https://github.com/VEER-TANMAY-SACHIN/projects/blob/main/orchavate_gtm_workflow/outputs/v1.1_nse_tracker_enriched_clearbit_20260806_193605_attempt1_succesful_reviewnotdone_orchavatecore_digital/Indian_Metals___Ferro_Alloys_Limited/screenshots/Indian_Metals___Ferro_Alloys_Limited_Homepage_WAVE_Overlay.png)","N/A","Head of Compliance & Digital Governance","info@imfa.in","General Contact Email (Guessed Pattern)","Accessibility & Nodal Officer","info@imfa.in"
"937","Unassigned","Indian Terrain Fashions Limited","https://Not Found","No","Yes","Yes","","","100","![WAVE Tool Screenshot](https://github.com/VEER-TANMAY-SACHIN/projects/blob/main/orchavate_gtm_workflow/outputs/v1.1_nse_tracker_enriched_clearbit_20260806_193605_attempt1_succesful_reviewnotdone_orchavatecore_digital/Indian_Terrain_Fashions_Limited/screenshots/Indian_Terrain_Fashions_Limited_Homepage_WAVE_Overlay.png)","N/A","Head of Compliance & Digital Governance","Not Found","General Contact Email (Guessed Pattern)","Accessibility & Nodal Officer","Not Found"
"938","Unassigned","Indigo Paints Limited","https://indigopaints.com","Yes","No","No","","","","![WAVE Tool Screenshot](https://github.com/VEER-TANMAY-SACHIN/projects/blob/main/orchavate_gtm_workflow/outputs/v1.1_nse_tracker_enriched_clearbit_20260806_193605_attempt1_succesful_reviewnotdone_orchavatecore_digital/Indigo_Paints_Limited/screenshots/Indigo_Paints_Limited_Homepage_WAVE_Overlay.png)","N/A","Head of Compliance & Digital Governance","N/A","N/A","N/A","Not Found"
"939","Unassigned","Indiqube Spaces Limited","https://Not Found","No","Yes","Yes","","","100","![WAVE Tool Screenshot](https://github.com/VEER-TANMAY-SACHIN/projects/blob/main/orchavate_gtm_workflow/outputs/v1.1_nse_tracker_enriched_clearbit_20260806_193605_attempt1_succesful_reviewnotdone_orchavatecore_digital/Indiqube_Spaces_Limited/screenshots/Indiqube_Spaces_Limited_Homepage_WAVE_Overlay.png)","N/A","Head of Compliance & Digital Governance","Not Found","General Contact Email (Guessed Pattern)","Accessibility & Nodal Officer","Not Found"
"940","Unassigned","IndoStar Capital Finance Limited","https://indostarcapital.com","Yes","Yes","Yes","1","1","96","![WAVE Tool Screenshot](https://github.com/VEER-TANMAY-SACHIN/projects/blob/main/orchavate_gtm_workflow/outputs/v1.1_nse_tracker_enriched_clearbit_20260806_193605_attempt1_succesful_reviewnotdone_orchavatecore_digital/IndoStar_Capital_Finance_Limited/screenshots/IndoStar_Capital_Finance_Limited_Homepage_WAVE_Overlay.png)","N/A","Head of Compliance & Digital Governance","info@indostarcapital.com","General Contact Email (Guessed Pattern)","Accessibility & Nodal Officer","info@indostarcapital.com"
"941","Unassigned","Indo Amines Limited","https://indoaminesltd.com","Yes","No","No","","","","![WAVE Tool Screenshot](https://github.com/VEER-TANMAY-SACHIN/projects/blob/main/orchavate_gtm_workflow/outputs/v1.1_nse_tracker_enriched_clearbit_20260806_193605_attempt1_succesful_reviewnotdone_orchavatecore_digital/Indo_Amines_Limited/screenshots/Indo_Amines_Limited_Homepage_WAVE_Overlay.png)","N/A","Head of Compliance & Digital Governance","N/A","N/A","N/A","Not Found"
"942","Unassigned","Indo Borax & Chemicals Limited","https://Not Found","No","Yes","Yes","","","100","![WAVE Tool Screenshot](https://github.com/VEER-TANMAY-SACHIN/projects/blob/main/orchavate_gtm_workflow/outputs/v1.1_nse_tracker_enriched_clearbit_20260806_193605_attempt1_succesful_reviewnotdone_orchavatecore_digital/Indo_Borax___Chemicals_Limited/screenshots/Indo_Borax___Chemicals_Limited_Homepage_WAVE_Overlay.png)","N/A","Head of Compliance & Digital Governance","Not Found","General Contact Email (Guessed Pattern)","Accessibility & Nodal Officer","Not Found"
"943","Unassigned","Indo Count Industries Limited","https://Not Found","No","Yes","Yes","","","100","![WAVE Tool Screenshot](https://github.com/VEER-TANMAY-SACHIN/projects/blob/main/orchavate_gtm_workflow/outputs/v1.1_nse_tracker_enriched_clearbit_20260806_193605_attempt1_succesful_reviewnotdone_orchavatecore_digital/Indo_Count_Industries_Limited/screenshots/Indo_Count_Industries_Limited_Homepage_WAVE_Overlay.png)","N/A","Head of Compliance & Digital Governance","Not Found","General Contact Email (Guessed Pattern)","Accessibility & Nodal Officer","Not Found"
"944","Unassigned","Indo Farm Equipment Limited","https://Not Found","No","Yes","Yes","","","100","![WAVE Tool Screenshot](https://github.com/VEER-TANMAY-SACHIN/projects/blob/main/orchavate_gtm_workflow/outputs/v1.1_nse_tracker_enriched_clearbit_20260806_193605_attempt1_succesful_reviewnotdone_orchavatecore_digital/Indo_Farm_Equipment_Limited/screenshots/Indo_Farm_Equipment_Limited_Homepage_WAVE_Overlay.png)","N/A","Head of Compliance & Digital Governance","Not Found","General Contact Email (Guessed Pattern)","Accessibility & Nodal Officer","Not Found"
"945","Unassigned","Indo Rama Synthetics (India) Limited","https://Not Found","No","Yes","Yes","","","100","![WAVE Tool Screenshot](https://github.com/VEER-TANMAY-SACHIN/projects/blob/main/orchavate_gtm_workflow/outputs/v1.1_nse_tracker_enriched_clearbit_20260806_193605_attempt1_succesful_reviewnotdone_orchavatecore_digital/Indo_Rama_Synthetics__India__Limited/screenshots/Indo_Rama_Synthetics__India__Limited_Homepage_WAVE_Overlay.png)","N/A","Head of Compliance & Digital Governance","Not Found","General Contact Email (Guessed Pattern)","Accessibility & Nodal Officer","Not Found"
"946","Unassigned","Indo Tech Transformers Limited","https://indo-tech.com","Yes","Yes","Yes","7","7","72","![WAVE Tool Screenshot](https://github.com/VEER-TANMAY-SACHIN/projects/blob/main/orchavate_gtm_workflow/outputs/v1.1_nse_tracker_enriched_clearbit_20260806_193605_attempt1_succesful_reviewnotdone_orchavatecore_digital/Indo_Tech_Transformers_Limited/screenshots/Indo_Tech_Transformers_Limited_Homepage_WAVE_Overlay.png)","N/A","Head of Compliance & Digital Governance","info@indotech.com","General Contact Email","Accessibility & Nodal Officer","info@indotech.com"
"947","Unassigned","Indo Thai Securities Limited","https://Not Found","No","Yes","Yes","","","100","![WAVE Tool Screenshot](https://github.com/VEER-TANMAY-SACHIN/projects/blob/main/orchavate_gtm_workflow/outputs/v1.1_nse_tracker_enriched_clearbit_20260806_193605_attempt1_succesful_reviewnotdone_orchavatecore_digital/Indo_Thai_Securities_Limited/screenshots/Indo_Thai_Securities_Limited_Homepage_WAVE_Overlay.png)","N/A","Head of Compliance & Digital Governance","Not Found","General Contact Email (Guessed Pattern)","Accessibility & Nodal Officer","Not Found"
"948","Unassigned","Indo Us Biotech Limited","https://Not Found","No","Yes","Yes","","","100","![WAVE Tool Screenshot](https://github.com/VEER-TANMAY-SACHIN/projects/blob/main/orchavate_gtm_workflow/outputs/v1.1_nse_tracker_enriched_clearbit_20260806_193605_attempt1_succesful_reviewnotdone_orchavatecore_digital/Indo_Us_Biotech_Limited/screenshots/Indo_Us_Biotech_Limited_Homepage_WAVE_Overlay.png)","N/A","Head of Compliance & Digital Governance","Not Found","General Contact Email (Guessed Pattern)","Accessibility & Nodal Officer","Not Found"
"949","Unassigned","Indoco Remedies Limited","https://indoco.com","Yes","Yes","Yes","16","16","36","![WAVE Tool Screenshot](https://github.com/VEER-TANMAY-SACHIN/projects/blob/main/orchavate_gtm_workflow/outputs/v1.1_nse_tracker_enriched_clearbit_20260806_193605_attempt1_succesful_reviewnotdone_orchavatecore_digital/Indoco_Remedies_Limited/screenshots/Indoco_Remedies_Limited_Homepage_WAVE_Overlay.png)","N/A","Head of Compliance & Digital Governance","info@indoco.com","General Contact Email (Guessed Pattern)","Accessibility & Nodal Officer","info@indoco.com"
"950","Unassigned","Indogulf Cropsciences Limited","https://groupindogulf.com","Yes","No","No","","","","![WAVE Tool Screenshot](https://github.com/VEER-TANMAY-SACHIN/projects/blob/main/orchavate_gtm_workflow/outputs/v1.1_nse_tracker_enriched_clearbit_20260806_193605_attempt1_succesful_reviewnotdone_orchavatecore_digital/Indogulf_Cropsciences_Limited/screenshots/Indogulf_Cropsciences_Limited_Homepage_WAVE_Overlay.png)","N/A","Head of Compliance & Digital Governance","N/A","N/A","N/A","Not Found"
"951","Unassigned","Indowind Energy Limited","https://indowind.com","Yes","Yes","Yes","","","100","![WAVE Tool Screenshot](https://github.com/VEER-TANMAY-SACHIN/projects/blob/main/orchavate_gtm_workflow/outputs/v1.1_nse_tracker_enriched_clearbit_20260806_193605_attempt1_succesful_reviewnotdone_orchavatecore_digital/Indowind_Energy_Limited/screenshots/Indowind_Energy_Limited_Homepage_WAVE_Overlay.png)","N/A","Head of Compliance & Digital Governance","contact@indowind.com","Investor Grievance / Compliance Officer Email","Accessibility & Nodal Officer","cs@indowind.com"
"952","Unassigned","Indraprastha Gas Limited","https://iglonline.net","Yes","Yes","Yes","18","18","30","![WAVE Tool Screenshot](https://github.com/VEER-TANMAY-SACHIN/projects/blob/main/orchavate_gtm_workflow/outputs/v1.1_nse_tracker_enriched_clearbit_20260806_193605_attempt1_succesful_reviewnotdone_orchavatecore_digital/Indraprastha_Gas_Limited/screenshots/Indraprastha_Gas_Limited_Homepage_WAVE_Overlay.png)","N/A","Head of Compliance & Digital Governance","info@iglonline.net","General Contact Email (Guessed Pattern)","Accessibility & Nodal Officer","info@iglonline.net"
"953","Unassigned","Indraprastha Medical Corporation Limited","https://Not Found","No","Yes","Yes","","","100","![WAVE Tool Screenshot](https://github.com/VEER-TANMAY-SACHIN/projects/blob/main/orchavate_gtm_workflow/outputs/v1.1_nse_tracker_enriched_clearbit_20260806_193605_attempt1_succesful_reviewnotdone_orchavatecore_digital/Indraprastha_Medical_Corporation_Limited/screenshots/Indraprastha_Medical_Corporation_Limited_Homepage_WAVE_Overlay.png)","N/A","Head of Compliance & Digital Governance","Not Found","General Contact Email (Guessed Pattern)","Accessibility & Nodal Officer","Not Found"
"954","Unassigned","IndusInd Bank Limited","https://indusind.com","Yes","No","No","","","","![WAVE Tool Screenshot](https://github.com/VEER-TANMAY-SACHIN/projects/blob/main/orchavate_gtm_workflow/outputs/v1.1_nse_tracker_enriched_clearbit_20260806_193605_attempt1_succesful_reviewnotdone_orchavatecore_digital/IndusInd_Bank_Limited/screenshots/IndusInd_Bank_Limited_Homepage_WAVE_Overlay.png)","N/A","Head of Compliance & Digital Governance","N/A","N/A","N/A","Not Found"
"955","Unassigned","Indus Towers Limited","https://industowers.com","Yes","No","No","","","","![WAVE Tool Screenshot](https://github.com/VEER-TANMAY-SACHIN/projects/blob/main/orchavate_gtm_workflow/outputs/v1.1_nse_tracker_enriched_clearbit_20260806_193605_attempt1_succesful_reviewnotdone_orchavatecore_digital/Indus_Towers_Limited/screenshots/Indus_Towers_Limited_Homepage_WAVE_Overlay.png)","N/A","Head of Compliance & Digital Governance","N/A","N/A","N/A","Not Found"
"956","Unassigned","Industrial Investment Trust Limited","https://Not Found","No","Yes","Yes","","","100","![WAVE Tool Screenshot](https://github.com/VEER-TANMAY-SACHIN/projects/blob/main/orchavate_gtm_workflow/outputs/v1.1_nse_tracker_enriched_clearbit_20260806_193605_attempt1_succesful_reviewnotdone_orchavatecore_digital/Industrial_Investment_Trust_Limited/screenshots/Industrial_Investment_Trust_Limited_Homepage_WAVE_Overlay.png)","N/A","Head of Compliance & Digital Governance","Not Found","General Contact Email (Guessed Pattern)","Accessibility & Nodal Officer","Not Found"
"957","Unassigned","Industrial & Prudential Investment Company Limited","https://industrialrelations.nsw.gov.au","Yes","No","No","","","","![WAVE Tool Screenshot](https://github.com/VEER-TANMAY-SACHIN/projects/blob/main/orchavate_gtm_workflow/outputs/v1.1_nse_tracker_enriched_clearbit_20260806_193605_attempt1_succesful_reviewnotdone_orchavatecore_digital/Industrial___Prudential_Investment_Company_Limited/screenshots/Industrial___Prudential_Investment_Company_Limited_Homepage_WAVE_Overlay.png)","N/A","Head of Compliance & Digital Governance","N/A","N/A","N/A","Not Found"
"958","Unassigned","Insolation Energy Limited","https://insolationenergy.in","Yes","No","No","","","","![WAVE Tool Screenshot](https://github.com/VEER-TANMAY-SACHIN/projects/blob/main/orchavate_gtm_workflow/outputs/v1.1_nse_tracker_enriched_clearbit_20260806_193605_attempt1_succesful_reviewnotdone_orchavatecore_digital/Insolation_Energy_Limited/screenshots/Insolation_Energy_Limited_Homepage_WAVE_Overlay.png)","N/A","Head of Compliance & Digital Governance","N/A","N/A","N/A","Not Found"
"959","Unassigned","Integra Essentia Limited","https://Not Found","No","Yes","Yes","","","100","![WAVE Tool Screenshot](https://github.com/VEER-TANMAY-SACHIN/projects/blob/main/orchavate_gtm_workflow/outputs/v1.1_nse_tracker_enriched_clearbit_20260806_193605_attempt1_succesful_reviewnotdone_orchavatecore_digital/Integra_Essentia_Limited/screenshots/Integra_Essentia_Limited_Homepage_WAVE_Overlay.png)","N/A","Head of Compliance & Digital Governance","Not Found","General Contact Email (Guessed Pattern)","Accessibility & Nodal Officer","Not Found"
"960","Unassigned","InterGlobe Aviation Limited","https://Not Found","No","Yes","Yes","","","100","![WAVE Tool Screenshot](https://github.com/VEER-TANMAY-SACHIN/projects/blob/main/orchavate_gtm_workflow/outputs/v1.1_nse_tracker_enriched_clearbit_20260806_193605_attempt1_succesful_reviewnotdone_orchavatecore_digital/InterGlobe_Aviation_Limited/screenshots/InterGlobe_Aviation_Limited_Homepage_WAVE_Overlay.png)","N/A","Head of Compliance & Digital Governance","Not Found","General Contact Email (Guessed Pattern)","Accessibility & Nodal Officer","Not Found"
"961","Unassigned","International Gemological Institute Limited","https://igi.org.cn","Yes","Yes","Yes","","","100","![WAVE Tool Screenshot](https://github.com/VEER-TANMAY-SACHIN/projects/blob/main/orchavate_gtm_workflow/outputs/v1.1_nse_tracker_enriched_clearbit_20260806_193605_attempt1_succesful_reviewnotdone_orchavatecore_digital/International_Gemological_Institute_Limited/screenshots/International_Gemological_Institute_Limited_Homepage_WAVE_Overlay.png)","N/A","Head of Compliance & Digital Governance","info@igi.org.cn","General Contact Email (Guessed Pattern)","Accessibility & Nodal Officer","info@igi.org.cn"
"962","Unassigned","Inventurus Knowledge Solutions Limited","https://Not Found","No","Yes","Yes","","","100","![WAVE Tool Screenshot](https://github.com/VEER-TANMAY-SACHIN/projects/blob/main/orchavate_gtm_workflow/outputs/v1.1_nse_tracker_enriched_clearbit_20260806_193605_attempt1_succesful_reviewnotdone_orchavatecore_digital/Inventurus_Knowledge_Solutions_Limited/screenshots/Inventurus_Knowledge_Solutions_Limited_Homepage_WAVE_Overlay.png)","N/A","Head of Compliance & Digital Governance","Not Found","General Contact Email (Guessed Pattern)","Accessibility & Nodal Officer","Not Found"
"963","Unassigned","John Cockerill India Limited","https://johncockerill.com","Yes","Yes","No","","","100","![WAVE Tool Screenshot](https://github.com/VEER-TANMAY-SACHIN/projects/blob/main/orchavate_gtm_workflow/outputs/v1.1_nse_tracker_enriched_clearbit_20260806_193605_attempt1_succesful_reviewnotdone_orchavatecore_digital/John_Cockerill_India_Limited/screenshots/John_Cockerill_India_Limited_Homepage_WAVE_Overlay.png)","N/A","Head of Compliance & Digital Governance","info@johncockerill.com","General Contact Email (Guessed Pattern)","Accessibility & Nodal Officer","info@johncockerill.com"
"964","Unassigned","Mrs. Bectors Food Specialities Limited","https://bectorfoods.com","Yes","Yes","Yes","12","12","52","![WAVE Tool Screenshot](https://github.com/VEER-TANMAY-SACHIN/projects/blob/main/orchavate_gtm_workflow/outputs/v1.1_nse_tracker_enriched_clearbit_20260806_193605_attempt1_succesful_reviewnotdone_orchavatecore_digital/Mrs__Bectors_Food_Specialities_Limited/screenshots/Mrs__Bectors_Food_Specialities_Limited_Homepage_WAVE_Overlay.png)","N/A","Head of Compliance & Digital Governance","career@cremica.in","Investor Grievance / Compliance Officer Email","Accessibility & Nodal Officer","enquiry@cremica.In"
"965","Unassigned","Orient Green Power Company Limited","https://Not Found","No","Yes","Yes","","","100","![WAVE Tool Screenshot](https://github.com/VEER-TANMAY-SACHIN/projects/blob/main/orchavate_gtm_workflow/outputs/v1.1_nse_tracker_enriched_clearbit_20260806_193605_attempt1_succesful_reviewnotdone_orchavatecore_digital/Orient_Green_Power_Company_Limited/screenshots/Orient_Green_Power_Company_Limited_Homepage_WAVE_Overlay.png)","N/A","Head of Compliance & Digital Governance","Not Found","General Contact Email (Guessed Pattern)","Accessibility & Nodal Officer","Not Found"
"966","Unassigned","Prataap Snacks Limited","https://Not Found","No","Yes","Yes","","","100","![WAVE Tool Screenshot](https://github.com/VEER-TANMAY-SACHIN/projects/blob/main/orchavate_gtm_workflow/outputs/v1.1_nse_tracker_enriched_clearbit_20260806_193605_attempt1_succesful_reviewnotdone_orchavatecore_digital/Prataap_Snacks_Limited/screenshots/Prataap_Snacks_Limited_Homepage_WAVE_Overlay.png)","N/A","Head of Compliance & Digital Governance","Not Found","General Contact Email (Guessed Pattern)","Accessibility & Nodal Officer","Not Found"
"967","Unassigned","Rajdarshan Industries Limited","https://rajdarshanindustrieslimited.com","Yes","Yes","Yes","7","7","72","![WAVE Tool Screenshot](https://github.com/VEER-TANMAY-SACHIN/projects/blob/main/orchavate_gtm_workflow/outputs/v1.1_nse_tracker_enriched_clearbit_20260806_193605_attempt1_succesful_reviewnotdone_orchavatecore_digital/Rajdarshan_Industries_Limited/screenshots/Rajdarshan_Industries_Limited_Homepage_WAVE_Overlay.png)","N/A","Head of Compliance & Digital Governance","info@rajdarshanindustrieslimited.com","Investor Grievance / Compliance Officer Email","Accessibility & Nodal Officer","info@rajdarshanindustrieslimited.com"
"968","Unassigned","Shankara Buildpro Limited","https://shankarabuildpro.com","Yes","No","No","","","","![WAVE Tool Screenshot](https://github.com/VEER-TANMAY-SACHIN/projects/blob/main/orchavate_gtm_workflow/outputs/v1.1_nse_tracker_enriched_clearbit_20260806_193605_attempt1_succesful_reviewnotdone_orchavatecore_digital/Shankara_Buildpro_Limited/screenshots/Shankara_Buildpro_Limited_Homepage_WAVE_Overlay.png)","N/A","Head of Compliance & Digital Governance","N/A","N/A","N/A","Not Found"
"969","Unassigned","Shree Tirupati Balajee Agro Trading Company Limited","https://Not Found","No","Yes","Yes","","","100","![WAVE Tool Screenshot](https://github.com/VEER-TANMAY-SACHIN/projects/blob/main/orchavate_gtm_workflow/outputs/v1.1_nse_tracker_enriched_clearbit_20260806_193605_attempt1_succesful_reviewnotdone_orchavatecore_digital/Shree_Tirupati_Balajee_Agro_Trading_Company_Limited/screenshots/Shree_Tirupati_Balajee_Agro_Trading_Company_Limited_Homepage_WAVE_Overlay.png)","N/A","Head of Compliance & Digital Governance","Not Found","General Contact Email (Guessed Pattern)","Accessibility & Nodal Officer","Not Found"
"970","Unassigned","Siemens Energy India Limited","https://siemens-energy.com","Yes","Yes","Yes","2","2","92","![WAVE Tool Screenshot](https://github.com/VEER-TANMAY-SACHIN/projects/blob/main/orchavate_gtm_workflow/outputs/v1.1_nse_tracker_enriched_clearbit_20260806_193605_attempt1_succesful_reviewnotdone_orchavatecore_digital/Siemens_Energy_India_Limited/screenshots/Siemens_Energy_India_Limited_Homepage_WAVE_Overlay.png)","N/A","Head of Compliance & Digital Governance","info@siemens-energy.com","General Contact Email (Guessed Pattern)","Accessibility & Nodal Officer","info@siemens-energy.com"
"971","Unassigned","Sri Havisha Hospitality and Infrastructure Limited","https://Not Found","No","Yes","Yes","","","100","![WAVE Tool Screenshot](https://github.com/VEER-TANMAY-SACHIN/projects/blob/main/orchavate_gtm_workflow/outputs/v1.1_nse_tracker_enriched_clearbit_20260806_193605_attempt1_succesful_reviewnotdone_orchavatecore_digital/Sri_Havisha_Hospitality_and_Infrastructure_Limited/screenshots/Sri_Havisha_Hospitality_and_Infrastructure_Limited_Homepage_WAVE_Overlay.png)","N/A","Head of Compliance & Digital Governance","Not Found","General Contact Email (Guessed Pattern)","Accessibility & Nodal Officer","Not Found"
"972","Unassigned","The Andhra Sugars Limited","https://theandhrasugars.com","Yes","Yes","Yes","16","16","36","![WAVE Tool Screenshot](https://github.com/VEER-TANMAY-SACHIN/projects/blob/main/orchavate_gtm_workflow/outputs/v1.1_nse_tracker_enriched_clearbit_20260806_193605_attempt1_succesful_reviewnotdone_orchavatecore_digital/The_Andhra_Sugars_Limited/screenshots/The_Andhra_Sugars_Limited_Homepage_WAVE_Overlay.png)","N/A","Head of Compliance & Digital Governance","info.tnk@theandhrasugars.com","Investor Grievance / Compliance Officer Email","Accessibility & Nodal Officer","secretarial@theandhrasugars.com"
"973","Unassigned","The Anup Engineering Limited","https://Not Found","No","Yes","Yes","","","100","![WAVE Tool Screenshot](https://github.com/VEER-TANMAY-SACHIN/projects/blob/main/orchavate_gtm_workflow/outputs/v1.1_nse_tracker_enriched_clearbit_20260806_193605_attempt1_succesful_reviewnotdone_orchavatecore_digital/The_Anup_Engineering_Limited/screenshots/The_Anup_Engineering_Limited_Homepage_WAVE_Overlay.png)","N/A","Head of Compliance & Digital Governance","Not Found","General Contact Email (Guessed Pattern)","Accessibility & Nodal Officer","Not Found"
"974","Unassigned","The Bombay Burmah Trading Corporation Limited","https://bbtcl.com","Yes","Yes","Yes","20","20","30","![WAVE Tool Screenshot](https://github.com/VEER-TANMAY-SACHIN/projects/blob/main/orchavate_gtm_workflow/outputs/v1.1_nse_tracker_enriched_clearbit_20260806_193605_attempt1_succesful_reviewnotdone_orchavatecore_digital/The_Bombay_Burmah_Trading_Corporation_Limited/screenshots/The_Bombay_Burmah_Trading_Corporation_Limited_Homepage_WAVE_Overlay.png)","N/A","Head of Compliance & Digital Governance","writetous@bbtcl.com","Investor Grievance / Compliance Officer Email","Accessibility & Nodal Officer","writetous@bbtcl.com"
"975","Unassigned","The Byke Hospitality Ltd","https://Not Found","No","Yes","Yes","","","100","![WAVE Tool Screenshot](https://github.com/VEER-TANMAY-SACHIN/projects/blob/main/orchavate_gtm_workflow/outputs/v1.1_nse_tracker_enriched_clearbit_20260806_193605_attempt1_succesful_reviewnotdone_orchavatecore_digital/The_Byke_Hospitality_Ltd/screenshots/The_Byke_Hospitality_Ltd_Homepage_WAVE_Overlay.png)","N/A","Head of Compliance & Digital Governance","Not Found","General Contact Email (Guessed Pattern)","Accessibility & Nodal Officer","Not Found"
"976","Unassigned","The Federal Bank  Limited","https://Not Found","No","Yes","Yes","","","100","![WAVE Tool Screenshot](https://github.com/VEER-TANMAY-SACHIN/projects/blob/main/orchavate_gtm_workflow/outputs/v1.1_nse_tracker_enriched_clearbit_20260806_193605_attempt1_succesful_reviewnotdone_orchavatecore_digital/The_Federal_Bank__Limited/screenshots/The_Federal_Bank__Limited_Homepage_WAVE_Overlay.png)","N/A","Head of Compliance & Digital Governance","Not Found","General Contact Email (Guessed Pattern)","Accessibility & Nodal Officer","Not Found"
"977","Unassigned","The Great Eastern Shipping Company Limited","https://Not Found","No","Yes","Yes","","","100","![WAVE Tool Screenshot](https://github.com/VEER-TANMAY-SACHIN/projects/blob/main/orchavate_gtm_workflow/outputs/v1.1_nse_tracker_enriched_clearbit_20260806_193605_attempt1_succesful_reviewnotdone_orchavatecore_digital/The_Great_Eastern_Shipping_Company_Limited/screenshots/The_Great_Eastern_Shipping_Company_Limited_Homepage_WAVE_Overlay.png)","N/A","Head of Compliance & Digital Governance","Not Found","General Contact Email (Guessed Pattern)","Accessibility & Nodal Officer","Not Found"
"978","Unassigned","The Grob Tea Company Limited","https://Not Found","No","Yes","Yes","","","100","![WAVE Tool Screenshot](https://github.com/VEER-TANMAY-SACHIN/projects/blob/main/orchavate_gtm_workflow/outputs/v1.1_nse_tracker_enriched_clearbit_20260806_193605_attempt1_succesful_reviewnotdone_orchavatecore_digital/The_Grob_Tea_Company_Limited/screenshots/The_Grob_Tea_Company_Limited_Homepage_WAVE_Overlay.png)","N/A","Head of Compliance & Digital Governance","Not Found","General Contact Email (Guessed Pattern)","Accessibility & Nodal Officer","Not Found"
"979","Unassigned","The Hi-Tech Gears Limited","https://thehitechgears.com","Yes","No","No","","","","![WAVE Tool Screenshot](https://github.com/VEER-TANMAY-SACHIN/projects/blob/main/orchavate_gtm_workflow/outputs/v1.1_nse_tracker_enriched_clearbit_20260806_193605_attempt1_succesful_reviewnotdone_orchavatecore_digital/The_Hi_Tech_Gears_Limited/screenshots/The_Hi_Tech_Gears_Limited_Homepage_WAVE_Overlay.png)","N/A","Head of Compliance & Digital Governance","N/A","N/A","N/A","Not Found"
"980","Unassigned","The India Cements Limited","https://Not Found","No","Yes","Yes","","","100","![WAVE Tool Screenshot](https://github.com/VEER-TANMAY-SACHIN/projects/blob/main/orchavate_gtm_workflow/outputs/v1.1_nse_tracker_enriched_clearbit_20260806_193605_attempt1_succesful_reviewnotdone_orchavatecore_digital/The_India_Cements_Limited/screenshots/The_India_Cements_Limited_Homepage_WAVE_Overlay.png)","N/A","Head of Compliance & Digital Governance","Not Found","General Contact Email (Guessed Pattern)","Accessibility & Nodal Officer","Not Found"
"981","Unassigned","The Indian Hotels Company Limited","https://ihcltata.com","Yes","No","No","","","","![WAVE Tool Screenshot](https://github.com/VEER-TANMAY-SACHIN/projects/blob/main/orchavate_gtm_workflow/outputs/v1.1_nse_tracker_enriched_clearbit_20260806_193605_attempt1_succesful_reviewnotdone_orchavatecore_digital/The_Indian_Hotels_Company_Limited/screenshots/The_Indian_Hotels_Company_Limited_Homepage_WAVE_Overlay.png)","N/A","Head of Compliance & Digital Governance","N/A","N/A","N/A","Not Found"
"982","Unassigned","Valor Estate Limited","https://Not Found","No","Yes","Yes","","","100","![WAVE Tool Screenshot](https://github.com/VEER-TANMAY-SACHIN/projects/blob/main/orchavate_gtm_workflow/outputs/v1.1_nse_tracker_enriched_clearbit_20260806_193605_attempt1_succesful_reviewnotdone_orchavatecore_digital/Valor_Estate_Limited/screenshots/Valor_Estate_Limited_Homepage_WAVE_Overlay.png)","N/A","Head of Compliance & Digital Governance","Not Found","General Contact Email (Guessed Pattern)","Accessibility & Nodal Officer","Not Found"
"983","Unassigned","Vodafone Idea Limited","https://vodafone-idea.com","Yes","Yes","Yes","","","100","![WAVE Tool Screenshot](https://github.com/VEER-TANMAY-SACHIN/projects/blob/main/orchavate_gtm_workflow/outputs/v1.1_nse_tracker_enriched_clearbit_20260806_193605_attempt1_succesful_reviewnotdone_orchavatecore_digital/Vodafone_Idea_Limited/screenshots/Vodafone_Idea_Limited_Homepage_WAVE_Overlay.png)","N/A","Head of Compliance & Digital Governance","info@vodafone-idea.com","General Contact Email (Guessed Pattern)","Accessibility & Nodal Officer","info@vodafone-idea.com"
"984","Unassigned","Waterways Leisure Tourism Limited","https://Not Found","No","Yes","Yes","","","100","![WAVE Tool Screenshot](https://github.com/VEER-TANMAY-SACHIN/projects/blob/main/orchavate_gtm_workflow/outputs/v1.1_nse_tracker_enriched_clearbit_20260806_193605_attempt1_succesful_reviewnotdone_orchavatecore_digital/Waterways_Leisure_Tourism_Limited/screenshots/Waterways_Leisure_Tourism_Limited_Homepage_WAVE_Overlay.png)","N/A","Head of Compliance & Digital Governance","Not Found","General Contact Email (Guessed Pattern)","Accessibility & Nodal Officer","Not Found"
"985","Unassigned","eClerx Services Limited","https://eclerx.com","Yes","Yes","Yes","2","2","92","![WAVE Tool Screenshot](https://github.com/VEER-TANMAY-SACHIN/projects/blob/main/orchavate_gtm_workflow/outputs/v1.1_nse_tracker_enriched_clearbit_20260806_193605_attempt1_succesful_reviewnotdone_orchavatecore_digital/eClerx_Services_Limited/screenshots/eClerx_Services_Limited_Homepage_WAVE_Overlay.png)","N/A","Head of Compliance & Digital Governance","info@eclerx.com","General Contact Email","Accessibility & Nodal Officer","info@eclerx.com"
"986","Unassigned","eMudhra Limited","https://e-mudhra.com","Yes","Yes","No","","","100","![WAVE Tool Screenshot](https://github.com/VEER-TANMAY-SACHIN/projects/blob/main/orchavate_gtm_workflow/outputs/v1.1_nse_tracker_enriched_clearbit_20260806_193605_attempt1_succesful_reviewnotdone_orchavatecore_digital/eMudhra_Limited/screenshots/eMudhra_Limited_Homepage_WAVE_Overlay.png)","N/A","Head of Compliance & Digital Governance","info@e-mudhra.com","General Contact Email (Guessed Pattern)","Accessibility & Nodal Officer","info@e-mudhra.com"