Sr. No.,Assigned To,Company Name,Website,Website Source,Resolution Confidence,Conflict Flag,Contact Person,Primary Email,Regarding Accessibility Email(s),Email Status,Website Verified,Scan Completed,Bot Block Status,Screenshot Taken,Status,Verified By,Remarks
"1","Unassigned","20 Microns Limited","https://20microns.com","readymade-fallback","HIGH","NO","N/A","enquiry@20microns.com","[Investor Grievance / Compliance Officer Email] enquiry@20microns.com; [General Contact Email] enquiry@20microns.com","Verified","Yes","Yes","None","Yes","Completed","Orchavate Automated Tool v1.1","Scanned 1 page. Violations: 22. Lighthouse A11y: 30/100."
"2","Unassigned","21st Century Management Services Limited","https://Not Found","readymade-fallback","HIGH","NO","N/A","info@company.com","[General Contact Email (Guessed Pattern)] info@company.com; [Investor Grievance Email (Guessed Pattern)] contact@company.com","Unverified - guessed pattern","Yes","Yes","None","Yes","Completed","Orchavate Automated Tool v1.1","Scanned 1 page. Violations: 0. Lighthouse A11y: 100/100."
"3","Unassigned","360 ONE WAM LIMITED","https://Not Found","readymade-fallback","HIGH","NO","N/A","info@company.com","[General Contact Email (Guessed Pattern)] info@company.com; [Investor Grievance Email (Guessed Pattern)] contact@company.com","Unverified - guessed pattern","Yes","Yes","None","Yes","Completed","Orchavate Automated Tool v1.1","Scanned 1 page. Violations: 0. Lighthouse A11y: 100/100."
"4","Unassigned","3B Blackbio Dx Limited","https://Not Found","readymade-fallback","HIGH","NO","N/A","info@company.com","[General Contact Email (Guessed Pattern)] info@company.com; [Investor Grievance Email (Guessed Pattern)] contact@company.com","Unverified - guessed pattern","Yes","Yes","None","Yes","Completed","Orchavate Automated Tool v1.1","Scanned 1 page. Violations: 0. Lighthouse A11y: 100/100."
"6","Unassigned","3M India Limited","https://msn.com","readymade-fallback","HIGH","NO","N/A","N/A","N/A","Not Found","Yes","No","Blocked (akamai)","No","Blocked (Bot Protection)","Orchavate Automated Tool v1.1","Blocked by Bot Protection (akamai)"
"7","Unassigned","3P Land Holdings Limited","https://Not Found","readymade-fallback","HIGH","NO","N/A","info@company.com","[General Contact Email (Guessed Pattern)] info@company.com; [Investor Grievance Email (Guessed Pattern)] contact@company.com","Unverified - guessed pattern","Yes","Yes","None","Yes","Completed","Orchavate Automated Tool v1.1","Scanned 1 page. Violations: 0. Lighthouse A11y: 100/100."
"5","Unassigned","3i Infotech Limited","https://3i-infotech.com","readymade-fallback","HIGH","NO","N/A","marketing@3i-infotech.com","[General Contact Email] marketing@3i-infotech.com","Verified","Yes","Yes","None","Yes","Completed","Orchavate Automated Tool v1.1","Scanned 1 page. Violations: 18. Lighthouse A11y: 30/100."
"8","Unassigned","5Paisa Capital Limited","https://Not Found","readymade-fallback","HIGH","NO","N/A","info@company.com","[General Contact Email (Guessed Pattern)] info@company.com; [Investor Grievance Email (Guessed Pattern)] contact@company.com","Unverified - guessed pattern","Yes","Yes","None","Yes","Completed","Orchavate Automated Tool v1.1","Scanned 1 page. Violations: 0. Lighthouse A11y: 100/100."
"9","Unassigned","63 moons technologies limited","https://63moons.com","readymade-fallback","HIGH","NO","N/A","info@63moons.com","[General Contact Email (Guessed Pattern)] info@63moons.com; [Investor Grievance Email (Guessed Pattern)] contact@63moons.com","Unverified - guessed pattern","Yes","Yes","None","Yes","Completed","Orchavate Automated Tool v1.1","Scanned 1 page. Violations: 8. Lighthouse A11y: 68/100."
"10","Unassigned","A2Z Infra Engineering Limited","https://Not Found","readymade-fallback","HIGH","NO","N/A","info@company.com","[General Contact Email (Guessed Pattern)] info@company.com; [Investor Grievance Email (Guessed Pattern)] contact@company.com","Unverified - guessed pattern","Yes","Yes","None","Yes","Completed","Orchavate Automated Tool v1.1","Scanned 1 page. Violations: 0. Lighthouse A11y: 100/100."
"11","Unassigned","AAA Technologies Limited","https://aaa.com","readymade-fallback","HIGH","NO","N/A","N/A","N/A","Not Found","Yes","No","Blocked (cloudflare)","No","Blocked (Bot Protection)","Orchavate Automated Tool v1.1","Blocked by Bot Protection (cloudflare)"
"27","Unassigned","ABB India Limited","https://abbvie.com","readymade-fallback","HIGH","NO","N/A","N/A","N/A","Not Found","Yes","No","Blocked (cloudflare)","No","Blocked (Bot Protection)","Orchavate Automated Tool v1.1","Blocked by Bot Protection (cloudflare)"
"35","Unassigned","ABM International Limited","https://abmintl.in","readymade-fallback","HIGH","NO","N/A","info@abmintl.in","[General Contact Email] info@abmintl.in","Verified","Yes","Yes","None","Yes","Completed","Orchavate Automated Tool v1.1","Scanned 1 page. Violations: 5. Lighthouse A11y: 80/100."
"36","Unassigned","ABM Knowledgeware Limited","https://abmindia.com","readymade-fallback","HIGH","NO","N/A","egovernance@abmindia.com, cs@abmindia.com","[General Contact Email] egovernance@abmindia.com, cs@abmindia.com","Verified","Yes","Yes","None","Yes","Completed","Orchavate Automated Tool v1.1","Scanned 1 page. Violations: 77. Lighthouse A11y: 30/100."
"39","Unassigned","ACC Limited","https://acclimited.com","readymade-fallback","HIGH","NO","N/A","info@acclimited.com","[General Contact Email (Guessed Pattern)] info@acclimited.com; [Investor Grievance Email (Guessed Pattern)] contact@acclimited.com","Unverified - guessed pattern","Yes","Yes","None","Yes","Completed","Orchavate Automated Tool v1.1","Scanned 1 page. Violations: 0. Lighthouse A11y: 100/100."
"47","Unassigned","ACS Technologies Limited","https://acstechnologies.co.in","readymade-fallback","HIGH","NO","N/A","info@acstechnologies.co.in","[General Contact Email] info@acstechnologies.co.in","Verified","Yes","Yes","None","Yes","Completed","Orchavate Automated Tool v1.1","Scanned 1 page. Violations: 9. Lighthouse A11y: 64/100."
"54","Unassigned","ADF Foods Limited","https://adf-foods.com","readymade-fallback","HIGH","NO","N/A","info@adf-foods.com","[General Contact Email] info@adf-foods.com","Verified","Yes","Yes","None","Yes","Completed","Orchavate Automated Tool v1.1","Scanned 1 page. Violations: 0. Lighthouse A11y: 100/100."
"80","Unassigned","AGI Greenpac Limited","https://agigreenpac.com","readymade-fallback","HIGH","NO","N/A","agi@agi-glaspac.com","[General Contact Email] agi@agi-glaspac.com","Verified","Yes","Yes","None","Yes","Completed","Orchavate Automated Tool v1.1","Scanned 1 page. Violations: 4. Lighthouse A11y: 84/100."
"90","Unassigned","AIA Engineering Limited","https://aiaengineering.com","readymade-fallback","HIGH","NO","N/A","info@aiaengineering.com","[General Contact Email (Guessed Pattern)] info@aiaengineering.com; [Investor Grievance Email (Guessed Pattern)] contact@aiaengineering.com","Unverified - guessed pattern","Yes","Yes","None","No","Completed","Orchavate Automated Tool v1.1","Scanned 1 page. Violations: 0. Lighthouse A11y: 100/100."
"789","Unassigned","AION-TECH SOLUTIONS LIMITED","https://aiontech.es","readymade-fallback","HIGH","NO","N/A","hola@aiontech.es","[General Contact Email] hola@aiontech.es","Verified","Yes","Yes","None","Yes","Completed","Orchavate Automated Tool v1.1","Scanned 1 page. Violations: 7. Lighthouse A11y: 72/100."
"101","Unassigned","AKI India Limited","https://akinator.com","readymade-fallback","HIGH","NO","N/A","N/A","N/A","Not Found","Yes","No","Blocked (cloudflare)","No","Blocked (Bot Protection)","Orchavate Automated Tool v1.1","Blocked by Bot Protection (cloudflare)"
"99","Unassigned","AK Capital Services Limited","https://Not Found","readymade-fallback","HIGH","NO","N/A","info@company.com","[General Contact Email (Guessed Pattern)] info@company.com; [Investor Grievance Email (Guessed Pattern)] contact@company.com","Unverified - guessed pattern","Yes","Yes","None","Yes","Completed","Orchavate Automated Tool v1.1","Scanned 1 page. Violations: 0. Lighthouse A11y: 100/100."
"130","Unassigned","AMD Industries Limited","https://amdpop.com","readymade-fallback","HIGH","NO","N/A","info@amdpop.com","[General Contact Email (Guessed Pattern)] info@amdpop.com; [Investor Grievance Email (Guessed Pattern)] contact@amdpop.com","Unverified - guessed pattern","Yes","Yes","None","Yes","Completed","Orchavate Automated Tool v1.1","Scanned 1 page. Violations: 0. Lighthouse A11y: 100/100."
"136","Unassigned","ANDHRA PAPER LIMITED","https://andhrapaper.com","readymade-fallback","HIGH","NO","N/A","info@andhrapaper.com","[General Contact Email (Guessed Pattern)] info@andhrapaper.com; [Investor Grievance Email (Guessed Pattern)] contact@andhrapaper.com","Unverified - guessed pattern","Yes","Yes","None","Yes","Completed","Orchavate Automated Tool v1.1","Scanned 1 page. Violations: 29. Lighthouse A11y: 30/100."
"153","Unassigned","APL Apollo Tubes Limited","https://aplapollo.com","readymade-fallback","HIGH","NO","N/A","info@aplapollo.com","[Investor Grievance / Compliance Officer Email] global@aplapollo.com; [General Contact Email] info@aplapollo.com","Verified","Yes","Yes","None","Yes","Completed","Orchavate Automated Tool v1.1","Scanned 1 page. Violations: 21. Lighthouse A11y: 30/100."
"200","Unassigned","ASK Automotive Limited","https://askbrake.com","readymade-fallback","HIGH","NO","N/A","N/A","N/A","Not Found","Yes","No","Blocked (cloudflare)","No","Blocked (Bot Protection)","Orchavate Automated Tool v1.1","Blocked by Bot Protection (cloudflare)"
"215","Unassigned","ATLANTAA LIMITED","https://atlanta-airport.com","readymade-fallback","HIGH","NO","N/A","info@atlanta-airport.com","[General Contact Email (Guessed Pattern)] info@atlanta-airport.com; [Investor Grievance Email (Guessed Pattern)] contact@atlanta-airport.com","Unverified - guessed pattern","Yes","Yes","None","Yes","Completed","Orchavate Automated Tool v1.1","Scanned 1 page. Violations: 0. Lighthouse A11y: 100/100."
"224","Unassigned","AURUS GEM CORPORATION LIMITED","https://Not Found","readymade-fallback","HIGH","NO","N/A","info@company.com","[General Contact Email (Guessed Pattern)] info@company.com; [Investor Grievance Email (Guessed Pattern)] contact@company.com","Unverified - guessed pattern","Yes","Yes","None","Yes","Completed","Orchavate Automated Tool v1.1","Scanned 1 page. Violations: 0. Lighthouse A11y: 100/100."
"220","Unassigned","AU Small Finance Bank Limited","https://aubank.in","readymade-fallback","HIGH","NO","N/A","N/A","N/A","Not Found","Yes","No","Blocked (cloudflare)","No","Blocked (Bot Protection)","Orchavate Automated Tool v1.1","Blocked by Bot Protection (cloudflare)"
"232","Unassigned","AVG Logistics Limited","https://avglogistics.com","readymade-fallback","HIGH","NO","N/A","N/A","N/A","Not Found","Yes","No","Blocked (cloudflare)","No","Blocked (Bot Protection)","Orchavate Automated Tool v1.1","Blocked by Bot Protection (cloudflare)"
"235","Unassigned","AVRO INDIA LIMITED","https://avrotros.nl","readymade-fallback","HIGH","NO","N/A","info@avrotros.nl","[General Contact Email] info@avrotros.nl","Verified","Yes","Yes","None","Yes","Completed","Orchavate Automated Tool v1.1","Scanned 1 page. Violations: 1. Lighthouse A11y: 96/100."
"236","Unassigned","AVT Natural Products Limited","https://Not Found","readymade-fallback","HIGH","NO","N/A","info@company.com","[General Contact Email (Guessed Pattern)] info@company.com; [Investor Grievance Email (Guessed Pattern)] contact@company.com","Unverified - guessed pattern","Yes","Yes","None","Yes","Completed","Orchavate Automated Tool v1.1","Scanned 1 page. Violations: 0. Lighthouse A11y: 100/100."
"239","Unassigned","AWL Agri Business Limited","https://Not Found","readymade-fallback","HIGH","NO","N/A","info@company.com","[General Contact Email (Guessed Pattern)] info@company.com; [Investor Grievance Email (Guessed Pattern)] contact@company.com","Unverified - guessed pattern","Yes","Yes","None","Yes","Completed","Orchavate Automated Tool v1.1","Scanned 1 page. Violations: 0. Lighthouse A11y: 100/100."
"241","Unassigned","AXISCADES Technologies Limited","https://axiscades.com","readymade-fallback","HIGH","NO","N/A","info@axiscades.com","[General Contact Email (Guessed Pattern)] info@axiscades.com; [Investor Grievance Email (Guessed Pattern)] contact@axiscades.com","Unverified - guessed pattern","Yes","Yes","None","Yes","Completed","Orchavate Automated Tool v1.1","Scanned 1 page. Violations: 5. Lighthouse A11y: 80/100."
"244","Unassigned","AYM Syntex Limited","https://aymsyntex.com","readymade-fallback","HIGH","NO","N/A","info@aymsyntex.com","[General Contact Email (Guessed Pattern)] info@aymsyntex.com; [Investor Grievance Email (Guessed Pattern)] contact@aymsyntex.com","Unverified - guessed pattern","Yes","Yes","None","Yes","Completed","Orchavate Automated Tool v1.1","Scanned 1 page. Violations: 0. Lighthouse A11y: 100/100."
"30","Unassigned","A B Cotspin India Limited","https://Not Found","readymade-fallback","HIGH","NO","N/A","info@company.com","[General Contact Email (Guessed Pattern)] info@company.com; [Investor Grievance Email (Guessed Pattern)] contact@company.com","Unverified - guessed pattern","Yes","Yes","None","Yes","Completed","Orchavate Automated Tool v1.1","Scanned 1 page. Violations: 0. Lighthouse A11y: 100/100."
"33","Unassigned","A B Infrabuild Limited","https://Not Found","readymade-fallback","HIGH","NO","N/A","info@company.com","[General Contact Email (Guessed Pattern)] info@company.com; [Investor Grievance Email (Guessed Pattern)] contact@company.com","Unverified - guessed pattern","Yes","Yes","None","Yes","Completed","Orchavate Automated Tool v1.1","Scanned 1 page. Violations: 0. Lighthouse A11y: 100/100."
"12","Unassigned","Aadhar Housing Finance Limited","https://aadharhousing.com","readymade-fallback","HIGH","NO","N/A","info@aadharhousing.com","[General Contact Email (Guessed Pattern)] info@aadharhousing.com; [Investor Grievance Email (Guessed Pattern)] contact@aadharhousing.com","Unverified - guessed pattern","Yes","Yes","None","Yes","Completed","Orchavate Automated Tool v1.1","Scanned 1 page. Violations: 2. Lighthouse A11y: 92/100."
"13","Unassigned","Aakash Exploration Services Limited","https://Not Found","readymade-fallback","HIGH","NO","N/A","info@company.com","[General Contact Email (Guessed Pattern)] info@company.com; [Investor Grievance Email (Guessed Pattern)] contact@company.com","Unverified - guessed pattern","Yes","Yes","None","Yes","Completed","Orchavate Automated Tool v1.1","Scanned 1 page. Violations: 0. Lighthouse A11y: 100/100."
"14","Unassigned","Aarey Drugs & Pharmaceuticals Limited","https://aareydrugs.com","readymade-fallback","HIGH","NO","N/A","N/A","N/A","Not Found","Yes","No","Blocked (cloudflare)","No","Blocked (Bot Protection)","Orchavate Automated Tool v1.1","Blocked by Bot Protection (cloudflare)"
"15","Unassigned","Aarnav Fashions Limited","https://Not Found","readymade-fallback","HIGH","NO","N/A","info@company.com","[General Contact Email (Guessed Pattern)] info@company.com; [Investor Grievance Email (Guessed Pattern)] contact@company.com","Unverified - guessed pattern","Yes","Yes","None","Yes","Completed","Orchavate Automated Tool v1.1","Scanned 1 page. Violations: 0. Lighthouse A11y: 100/100."
"16","Unassigned","Aaron Industries Limited","https://aaronindustries.net","readymade-fallback","HIGH","NO","N/A","tds@bigshareonline.com","[General Contact Email] tds@bigshareonline.com","Verified","Yes","Yes","None","Yes","Completed","Orchavate Automated Tool v1.1","Scanned 1 page. Violations: 22. Lighthouse A11y: 30/100."
"17","Unassigned","Aartech Solonics Limited","https://aartechsolonics.com","readymade-fallback","HIGH","NO","N/A","info@aartechsolonics.com","[General Contact Email (Guessed Pattern)] info@aartechsolonics.com; [Investor Grievance Email (Guessed Pattern)] contact@aartechsolonics.com","Unverified - guessed pattern","Yes","Yes","None","Yes","Completed","Orchavate Automated Tool v1.1","Scanned 1 page. Violations: 0. Lighthouse A11y: 100/100."
"18","Unassigned","Aarti Drugs Limited","https://aartidrugs.com","readymade-fallback","HIGH","NO","N/A","N/A","N/A","Not Found","Yes","No","Blocked (cloudflare)","No","Blocked (Bot Protection)","Orchavate Automated Tool v1.1","Blocked by Bot Protection (cloudflare)"
"19","Unassigned","Aarti Industries Limited","https://aarti-industries.com","readymade-fallback","HIGH","NO","N/A","info@aarti-industries.com","[General Contact Email (Guessed Pattern)] info@aarti-industries.com; [Investor Grievance Email (Guessed Pattern)] contact@aarti-industries.com","Unverified - guessed pattern","Yes","Yes","None","Yes","Completed","Orchavate Automated Tool v1.1","Scanned 1 page. Violations: 15. Lighthouse A11y: 40/100."
"20","Unassigned","Aarti Pharmalabs Limited","https://aartipharmalabs.com","readymade-fallback","HIGH","NO","N/A","info@aartipharmalabs.com","[General Contact Email] info@aartipharmalabs.com","Verified","Yes","Yes","None","Yes","Completed","Orchavate Automated Tool v1.1","Scanned 1 page. Violations: 0. Lighthouse A11y: 100/100."
"21","Unassigned","Aarti Surfactants Limited","https://aarti-surfactants.com","readymade-fallback","HIGH","NO","N/A","sales@aarti-surfactants.com","[General Contact Email] sales@aarti-surfactants.com","Verified","Yes","Yes","None","Yes","Completed","Orchavate Automated Tool v1.1","Scanned 1 page. Violations: 11. Lighthouse A11y: 56/100."
"22","Unassigned","Aarvi Encon Limited","https://aarviencon.com","readymade-fallback","HIGH","NO","N/A","N/A","N/A","Not Found","Yes","No","Blocked (cloudflare)","No","Blocked (Bot Protection)","Orchavate Automated Tool v1.1","Blocked by Bot Protection (cloudflare)"
"23","Unassigned","Aastha Spintex Limited","https://Not Found","readymade-fallback","HIGH","NO","N/A","info@company.com","[General Contact Email (Guessed Pattern)] info@company.com; [Investor Grievance Email (Guessed Pattern)] contact@company.com","Unverified - guessed pattern","Yes","Yes","None","Yes","Completed","Orchavate Automated Tool v1.1","Scanned 1 page. Violations: 0. Lighthouse A11y: 100/100."
"24","Unassigned","Aavas Financiers Limited","https://aavas.in","readymade-fallback","HIGH","NO","N/A","N/A","N/A","Not Found","Yes","No","Blocked (cloudflare)","No","Blocked (Bot Protection)","Orchavate Automated Tool v1.1","Blocked by Bot Protection (cloudflare)"
"25","Unassigned","Aban Offshore Limited","https://abanoffshore.com","readymade-fallback","HIGH","NO","N/A","info@abanoffshore.com","[General Contact Email (Guessed Pattern)] info@abanoffshore.com; [Investor Grievance Email (Guessed Pattern)] contact@abanoffshore.com","Unverified - guessed pattern","Yes","Yes","None","Yes","Completed","Orchavate Automated Tool v1.1","Scanned 1 page. Violations: 0. Lighthouse A11y: 100/100."
"26","Unassigned","Abans Enterprises Limited","https://aban.net","readymade-fallback","HIGH","NO","N/A","aban@aban.net","[General Contact Email] aban@aban.net","Verified","Yes","Yes","None","Yes","Completed","Orchavate Automated Tool v1.1","Scanned 1 page. Violations: 27. Lighthouse A11y: 30/100."
"77","Unassigned","Abans Financial Services Limited","https://Not Found","readymade-fallback","HIGH","NO","N/A","info@company.com","[General Contact Email (Guessed Pattern)] info@company.com; [Investor Grievance Email (Guessed Pattern)] contact@company.com","Unverified - guessed pattern","Yes","Yes","None","Yes","Completed","Orchavate Automated Tool v1.1","Scanned 1 page. Violations: 0. Lighthouse A11y: 100/100."
"28","Unassigned","Abbott India Limited","https://abbott.com","readymade-fallback","HIGH","NO","N/A","info@abbott.com","[General Contact Email (Guessed Pattern)] info@abbott.com; [Investor Grievance Email (Guessed Pattern)] contact@abbott.com","Unverified - guessed pattern","Yes","Yes","None","Yes","Completed","Orchavate Automated Tool v1.1","Scanned 1 page. Violations: 0. Lighthouse A11y: 100/100."
"40","Unassigned","Accelya Solutions India Limited","https://Not Found","readymade-fallback","HIGH","NO","N/A","info@company.com","[General Contact Email (Guessed Pattern)] info@company.com; [Investor Grievance Email (Guessed Pattern)] contact@company.com","Unverified - guessed pattern","Yes","Yes","None","Yes","Completed","Orchavate Automated Tool v1.1","Scanned 1 page. Violations: 0. Lighthouse A11y: 100/100."
"41","Unassigned","Accuracy Shipping Limited","https://aslindia.net","readymade-fallback","HIGH","NO","N/A","info@aslindia.net","[Investor Grievance / Compliance Officer Email] info@aslindia.net; [General Contact Email] info@aslindia.net","Verified","Yes","Yes","None","Yes","Completed","Orchavate Automated Tool v1.1","Scanned 1 page. Violations: 37. Lighthouse A11y: 30/100."
"43","Unassigned","Ace Integrated Solutions Limited","https://Not Found","readymade-fallback","HIGH","NO","N/A","info@company.com","[General Contact Email (Guessed Pattern)] info@company.com; [Investor Grievance Email (Guessed Pattern)] contact@company.com","Unverified - guessed pattern","Yes","Yes","None","Yes","Completed","Orchavate Automated Tool v1.1","Scanned 1 page. Violations: 0. Lighthouse A11y: 100/100."
"46","Unassigned","Acme Solar Holdings Limited","https://Not Found","readymade-fallback","HIGH","NO","N/A","info@company.com","[General Contact Email (Guessed Pattern)] info@company.com; [Investor Grievance Email (Guessed Pattern)] contact@company.com","Unverified - guessed pattern","Yes","Yes","None","Yes","Completed","Orchavate Automated Tool v1.1","Scanned 1 page. Violations: 0. Lighthouse A11y: 100/100."
"42","Unassigned","Action Construction Equipment Limited","https://ace-cranes.com","readymade-fallback","HIGH","NO","N/A","N/A","N/A","Not Found","Yes","No","Blocked (cloudflare)","No","Blocked (Bot Protection)","Orchavate Automated Tool v1.1","Blocked by Bot Protection (cloudflare)"
"48","Unassigned","Acutaas Chemicals Limited","https://Not Found","readymade-fallback","HIGH","NO","N/A","info@company.com","[General Contact Email (Guessed Pattern)] info@company.com; [Investor Grievance Email (Guessed Pattern)] contact@company.com","Unverified - guessed pattern","Yes","Yes","None","Yes","Completed","Orchavate Automated Tool v1.1","Scanned 1 page. Violations: 0. Lighthouse A11y: 100/100."
"49","Unassigned","Adani Energy Solutions Limited","https://adanienergysolutions.com","readymade-fallback","HIGH","NO","N/A","info@adanienergysolutions.com","[General Contact Email (Guessed Pattern)] info@adanienergysolutions.com; [Investor Grievance Email (Guessed Pattern)] contact@adanienergysolutions.com","Unverified - guessed pattern","Yes","Yes","None","Yes","Completed","Orchavate Automated Tool v1.1","Scanned 1 page. Violations: 78. Lighthouse A11y: 30/100."
"50","Unassigned","Adani Enterprises Limited","https://adanielectricity.com","readymade-fallback","HIGH","NO","N/A","helpdesk.mumbaielectricity@adani.com","[General Contact Email] helpdesk.mumbaielectricity@adani.com","Verified","Yes","Yes","None","Yes","Completed","Orchavate Automated Tool v1.1","Scanned 1 page. Violations: 36. Lighthouse A11y: 30/100."
"51","Unassigned","Adani Green Energy Limited","https://Not Found","readymade-fallback","HIGH","NO","N/A","info@company.com","[General Contact Email (Guessed Pattern)] info@company.com; [Investor Grievance Email (Guessed Pattern)] contact@company.com","Unverified - guessed pattern","Yes","Yes","None","Yes","Completed","Orchavate Automated Tool v1.1","Scanned 1 page. Violations: 0. Lighthouse A11y: 100/100."
"52","Unassigned","Adani Ports and Special Economic Zone Limited","https://Not Found","readymade-fallback","HIGH","NO","N/A","info@company.com","[General Contact Email (Guessed Pattern)] info@company.com; [Investor Grievance Email (Guessed Pattern)] contact@company.com","Unverified - guessed pattern","Yes","Yes","None","Yes","Completed","Orchavate Automated Tool v1.1","Scanned 1 page. Violations: 0. Lighthouse A11y: 100/100."
"53","Unassigned","Adani Power Limited","https://adanipower.com","readymade-fallback","HIGH","NO","N/A","info@adanipower.com","[General Contact Email (Guessed Pattern)] info@adanipower.com; [Investor Grievance Email (Guessed Pattern)] contact@adanipower.com","Unverified - guessed pattern","Yes","Yes","None","Yes","Completed","Orchavate Automated Tool v1.1","Scanned 1 page. Violations: 67. Lighthouse A11y: 30/100."
"212","Unassigned","Adani Total Gas Limited","https://Not Found","readymade-fallback","HIGH","NO","N/A","info@company.com","[General Contact Email (Guessed Pattern)] info@company.com; [Investor Grievance Email (Guessed Pattern)] contact@company.com","Unverified - guessed pattern","Yes","Yes","None","Yes","Completed","Orchavate Automated Tool v1.1","Scanned 1 page. Violations: 0. Lighthouse A11y: 100/100."
"29","Unassigned","Aditya Birla Capital Limited","https://adityabirlacapital.com","readymade-fallback","HIGH","NO","N/A","N/A","N/A","Not Found","Yes","No","Blocked (cloudflare)","No","Blocked (Bot Protection)","Orchavate Automated Tool v1.1","Blocked by Bot Protection (cloudflare)"
"32","Unassigned","Aditya Birla Fashion and Retail Limited","https://Not Found","readymade-fallback","HIGH","NO","N/A","info@company.com","[General Contact Email (Guessed Pattern)] info@company.com; [Investor Grievance Email (Guessed Pattern)] contact@company.com","Unverified - guessed pattern","Yes","Yes","None","Yes","Completed","Orchavate Automated Tool v1.1","Scanned 1 page. Violations: 0. Lighthouse A11y: 100/100."
"34","Unassigned","Aditya Birla Lifestyle Brands Limited","https://Not Found","readymade-fallback","HIGH","NO","N/A","info@company.com","[General Contact Email (Guessed Pattern)] info@company.com; [Investor Grievance Email (Guessed Pattern)] contact@company.com","Unverified - guessed pattern","Yes","Yes","None","Yes","Completed","Orchavate Automated Tool v1.1","Scanned 1 page. Violations: 0. Lighthouse A11y: 100/100."
"334","Unassigned","Aditya Birla Money Limited","https://Not Found","readymade-fallback","HIGH","NO","N/A","info@company.com","[General Contact Email (Guessed Pattern)] info@company.com; [Investor Grievance Email (Guessed Pattern)] contact@company.com","Unverified - guessed pattern","Yes","Yes","None","Yes","Completed","Orchavate Automated Tool v1.1","Scanned 1 page. Violations: 0. Lighthouse A11y: 100/100."
"37","Unassigned","Aditya Birla Real Estate Limited","https://Not Found","readymade-fallback","HIGH","NO","N/A","info@company.com","[General Contact Email (Guessed Pattern)] info@company.com; [Investor Grievance Email (Guessed Pattern)] contact@company.com","Unverified - guessed pattern","Yes","Yes","None","Yes","Completed","Orchavate Automated Tool v1.1","Scanned 1 page. Violations: 0. Lighthouse A11y: 100/100."
"38","Unassigned","Aditya Birla Sun Life AMC Limited","https://adityabirlasunlifeamc.com","readymade-fallback","HIGH","NO","N/A","info@adityabirlasunlifeamc.com","[General Contact Email (Guessed Pattern)] info@adityabirlasunlifeamc.com; [Investor Grievance Email (Guessed Pattern)] contact@adityabirlasunlifeamc.com","Unverified - guessed pattern","Yes","Yes","None","Yes","Completed","Orchavate Automated Tool v1.1","Scanned 1 page. Violations: 0. Lighthouse A11y: 100/100."
"478","Unassigned","Aditya Infotech Limited","https://adityainfotech.com","readymade-fallback","HIGH","NO","N/A","admin@adityainfotech.com","[General Contact Email] admin@adityainfotech.com","Verified","Yes","Yes","None","Yes","Completed","Orchavate Automated Tool v1.1","Scanned 1 page. Violations: 26. Lighthouse A11y: 30/100."
"233","Unassigned","Aditya Vision Limited","https://adityavision.com","readymade-fallback","HIGH","NO","N/A","care@adityavision.in","[General Contact Email] care@adityavision.in","Verified","Yes","Yes","None","Yes","Completed","Orchavate Automated Tool v1.1","Scanned 1 page. Violations: 84. Lighthouse A11y: 30/100."
"56","Unassigned","Ador Welding Limited","https://adorwelding.com","readymade-fallback","HIGH","NO","N/A","N/A","N/A","Not Found","Yes","No","Blocked (cloudflare)","No","Blocked (Bot Protection)","Orchavate Automated Tool v1.1","Blocked by Bot Protection (cloudflare)"
"57","Unassigned","Adroit Infotech Limited","https://adroitinfotech.com","readymade-fallback","HIGH","NO","N/A","info@adroitinfotech.com","[Investor Grievance / Compliance Officer Email] cs@adroitinfotech.com; [General Contact Email] info@adroitinfotech.com","Verified","Yes","Yes","None","Yes","Completed","Orchavate Automated Tool v1.1","Scanned 1 page. Violations: 1. Lighthouse A11y: 96/100."
"59","Unassigned","Advait Energy Transitions Limited","https://Not Found","readymade-fallback","HIGH","NO","N/A","info@company.com","[General Contact Email (Guessed Pattern)] info@company.com; [Investor Grievance Email (Guessed Pattern)] contact@company.com","Unverified - guessed pattern","Yes","Yes","None","Yes","Completed","Orchavate Automated Tool v1.1","Scanned 1 page. Violations: 0. Lighthouse A11y: 100/100."
"60","Unassigned","Advance Agrolife Limited","https://Not Found","readymade-fallback","HIGH","NO","N/A","info@company.com","[General Contact Email (Guessed Pattern)] info@company.com; [Investor Grievance Email (Guessed Pattern)] contact@company.com","Unverified - guessed pattern","Yes","Yes","None","Yes","Completed","Orchavate Automated Tool v1.1","Scanned 1 page. Violations: 0. Lighthouse A11y: 100/100."
"63","Unassigned","Advanced Enzyme Technologies Limited","https://advancedenzymes.com","readymade-fallback","HIGH","NO","N/A","info@advancedenzymes.com","[General Contact Email] info@advancedenzymes.com","Verified","Yes","Yes","None","Yes","Completed","Orchavate Automated Tool v1.1","Scanned 1 page. Violations: 12. Lighthouse A11y: 52/100."
"61","Unassigned","Advani Hotels & Resorts (India) Limited","https://Not Found","readymade-fallback","HIGH","NO","N/A","info@company.com","[General Contact Email (Guessed Pattern)] info@company.com; [Investor Grievance Email (Guessed Pattern)] contact@company.com","Unverified - guessed pattern","Yes","Yes","None","Yes","Completed","Orchavate Automated Tool v1.1","Scanned 1 page. Violations: 0. Lighthouse A11y: 100/100."
"62","Unassigned","Advent Hotels International Limited","https://Not Found","readymade-fallback","HIGH","NO","N/A","info@company.com","[General Contact Email (Guessed Pattern)] info@company.com; [Investor Grievance Email (Guessed Pattern)] contact@company.com","Unverified - guessed pattern","Yes","Yes","None","Yes","Completed","Orchavate Automated Tool v1.1","Scanned 1 page. Violations: 0. Lighthouse A11y: 100/100."
"64","Unassigned","Aegis Logistics Limited","https://aegislogistics.com","readymade-fallback","HIGH","NO","N/A","Solutions@AegisLogistics.com","[General Contact Email] Solutions@AegisLogistics.com","Verified","Yes","Yes","None","Yes","Completed","Orchavate Automated Tool v1.1","Scanned 1 page. Violations: 15. Lighthouse A11y: 40/100."
"65","Unassigned","Aegis Vopak Terminals Limited","https://Not Found","readymade-fallback","HIGH","NO","N/A","info@company.com","[General Contact Email (Guessed Pattern)] info@company.com; [Investor Grievance Email (Guessed Pattern)] contact@company.com","Unverified - guessed pattern","Yes","Yes","None","Yes","Completed","Orchavate Automated Tool v1.1","Scanned 1 page. Violations: 0. Lighthouse A11y: 100/100."
"67","Unassigned","Aequs Limited","https://aequs.com","readymade-fallback","HIGH","NO","N/A","Company.secretary@aequs.com","[Investor Grievance / Compliance Officer Email] Company.secretary@aequs.com; [General Contact Email] Company.secretary@aequs.com","Verified","Yes","Yes","None","Yes","Completed","Orchavate Automated Tool v1.1","Scanned 1 page. Violations: 2. Lighthouse A11y: 92/100."
"68","Unassigned","Aeroflex Enterprises Limited","https://aeroflex.co.il","readymade-fallback","HIGH","NO","N/A","N/A","N/A","Not Found","Yes","No","Blocked (cloudflare)","No","Blocked (Bot Protection)","Orchavate Automated Tool v1.1","Blocked by Bot Protection (cloudflare)"
"69","Unassigned","Aeroflex Industries Limited","https://aeroflexindia.com","readymade-fallback","HIGH","NO","N/A","info@aeroflexindia.com","[Investor Grievance / Compliance Officer Email] corporate@aeroflexindia.com; [General Contact Email] info@aeroflexindia.com","Verified","Yes","Yes","None","Yes","Completed","Orchavate Automated Tool v1.1","Scanned 1 page. Violations: 14. Lighthouse A11y: 44/100."
"70","Unassigned","Aeroflex Neu Limited","https://Not Found","readymade-fallback","HIGH","NO","N/A","info@company.com","[General Contact Email (Guessed Pattern)] info@company.com; [Investor Grievance Email (Guessed Pattern)] contact@company.com","Unverified - guessed pattern","Yes","Yes","None","Yes","Completed","Orchavate Automated Tool v1.1","Scanned 1 page. Violations: 0. Lighthouse A11y: 100/100."
"72","Unassigned","Aether Industries Limited","https://aether.co.in","readymade-fallback","HIGH","NO","N/A","N/A","N/A","Not Found","Yes","No","Blocked (cloudflare)","No","Blocked (Bot Protection)","Orchavate Automated Tool v1.1","Blocked by Bot Protection (cloudflare)"
"73","Unassigned","Afcons Infrastructure Limited","https://afcons.com","readymade-fallback","HIGH","NO","N/A","compliance@afcons.com","[Investor Grievance / Compliance Officer Email] compliance@afcons.com; [General Contact Email] compliance@afcons.com","Verified","Yes","Yes","None","Yes","Completed","Orchavate Automated Tool v1.1","Scanned 1 page. Violations: 38. Lighthouse A11y: 30/100."
"74","Unassigned","Affle 3i Limited","https://affleico.com","readymade-fallback","HIGH","NO","N/A","info@affleico.com","[General Contact Email (Guessed Pattern)] info@affleico.com; [Investor Grievance Email (Guessed Pattern)] contact@affleico.com","Unverified - guessed pattern","Yes","Yes","None","Yes","Completed","Orchavate Automated Tool v1.1","Scanned 1 page. Violations: 0. Lighthouse A11y: 100/100."
"75","Unassigned","Affordable Robotic & Automation Limited","https://Not Found","readymade-fallback","HIGH","NO","N/A","info@company.com","[General Contact Email (Guessed Pattern)] info@company.com; [Investor Grievance Email (Guessed Pattern)] contact@company.com","Unverified - guessed pattern","Yes","Yes","None","Yes","Completed","Orchavate Automated Tool v1.1","Scanned 1 page. Violations: 0. Lighthouse A11y: 100/100."
"78","Unassigned","Agarwal Industrial Corporation Limited","https://Not Found","readymade-fallback","HIGH","NO","N/A","info@company.com","[General Contact Email (Guessed Pattern)] info@company.com; [Investor Grievance Email (Guessed Pattern)] contact@company.com","Unverified - guessed pattern","Yes","Yes","None","Yes","Completed","Orchavate Automated Tool v1.1","Scanned 1 page. Violations: 0. Lighthouse A11y: 100/100."
"81","Unassigned","Agi Infra Limited","https://agiinfra.com","readymade-fallback","HIGH","NO","N/A","N/A","N/A","Not Found","Yes","No","Blocked (cloudflare)","No","Blocked (Bot Protection)","Orchavate Automated Tool v1.1","Blocked by Bot Protection (cloudflare)"
"83","Unassigned","Agri-Tech (India) Limited","https://agritechtomorrow.com","readymade-fallback","HIGH","NO","N/A","info@agritechtomorrow.com","[General Contact Email (Guessed Pattern)] info@agritechtomorrow.com; [Investor Grievance Email (Guessed Pattern)] contact@agritechtomorrow.com","Unverified - guessed pattern","Yes","Yes","None","Yes","Completed","Orchavate Automated Tool v1.1","Scanned 1 page. Violations: 0. Lighthouse A11y: 100/100."
"84","Unassigned","Agro Phos India Limited","https://Not Found","readymade-fallback","HIGH","NO","N/A","info@company.com","[General Contact Email (Guessed Pattern)] info@company.com; [Investor Grievance Email (Guessed Pattern)] contact@company.com","Unverified - guessed pattern","Yes","Yes","None","Yes","Completed","Orchavate Automated Tool v1.1","Scanned 1 page. Violations: 0. Lighthouse A11y: 100/100."
"86","Unassigned","Ahlada Engineers Limited","https://ahlada.com","readymade-fallback","HIGH","NO","N/A","engineers@ahlada.com","[General Contact Email] engineers@ahlada.com","Verified","Yes","Yes","None","Yes","Completed","Orchavate Automated Tool v1.1","Scanned 1 page. Violations: 51. Lighthouse A11y: 30/100."
"88","Unassigned","Ahluwalia Contracts (India) Limited","https://acilnet.com","readymade-fallback","HIGH","NO","N/A","info@acilnet.com","[General Contact Email (Guessed Pattern)] info@acilnet.com; [Investor Grievance Email (Guessed Pattern)] contact@acilnet.com","Unverified - guessed pattern","Yes","Yes","None","Yes","Completed","Orchavate Automated Tool v1.1","Scanned 1 page. Violations: 8. Lighthouse A11y: 68/100."
"92","Unassigned","Airan Limited","https://airanlimited.in","readymade-fallback","HIGH","NO","N/A","info@airanlimited.in","[General Contact Email (Guessed Pattern)] info@airanlimited.in; [Investor Grievance Email (Guessed Pattern)] contact@airanlimited.in","Unverified - guessed pattern","Yes","Yes","None","Yes","Completed","Orchavate Automated Tool v1.1","Scanned 1 page. Violations: 7. Lighthouse A11y: 72/100."
"93","Unassigned","Airo Lam limited","https://airolam.com","readymade-fallback","HIGH","NO","N/A","info@airolam.com","[General Contact Email (Guessed Pattern)] info@airolam.com; [Investor Grievance Email (Guessed Pattern)] contact@airolam.com","Unverified - guessed pattern","Yes","Yes","None","Yes","Completed","Orchavate Automated Tool v1.1","Scanned 1 page. Violations: 0. Lighthouse A11y: 100/100."
"94","Unassigned","Ajanta Pharma Limited","https://ajantapharma.com","readymade-fallback","HIGH","NO","N/A","N/A","N/A","Not Found","Yes","No","Blocked (cloudflare)","No","Blocked (Bot Protection)","Orchavate Automated Tool v1.1","Blocked by Bot Protection (cloudflare)"
"95","Unassigned","Ajax Engineering Limited","https://ajax-engg.com","readymade-fallback","HIGH","NO","N/A","info@ajax-engg.com","[General Contact Email (Guessed Pattern)] info@ajax-engg.com; [Investor Grievance Email (Guessed Pattern)] contact@ajax-engg.com","Unverified - guessed pattern","Yes","Yes","None","Yes","Completed","Orchavate Automated Tool v1.1","Scanned 1 page. Violations: 15. Lighthouse A11y: 40/100."
"96","Unassigned","Ajmera Realty & Infra India Limited","https://Not Found","readymade-fallback","HIGH","NO","N/A","info@company.com","[General Contact Email (Guessed Pattern)] info@company.com; [Investor Grievance Email (Guessed Pattern)] contact@company.com","Unverified - guessed pattern","Yes","Yes","None","Yes","Completed","Orchavate Automated Tool v1.1","Scanned 1 page. Violations: 0. Lighthouse A11y: 100/100."
"97","Unassigned","Ajooni Biotech Limited","https://Not Found","readymade-fallback","HIGH","NO","N/A","info@company.com","[General Contact Email (Guessed Pattern)] info@company.com; [Investor Grievance Email (Guessed Pattern)] contact@company.com","Unverified - guessed pattern","Yes","Yes","None","Yes","Completed","Orchavate Automated Tool v1.1","Scanned 1 page. Violations: 0. Lighthouse A11y: 100/100."
"98","Unassigned","Akash Infra-Projects Limited","https://akashinfra.com","readymade-fallback","HIGH","NO","N/A","info@akashinfra.com","[General Contact Email (Guessed Pattern)] info@akashinfra.com; [Investor Grievance Email (Guessed Pattern)] contact@akashinfra.com","Unverified - guessed pattern","Yes","Yes","None","Yes","Completed","Orchavate Automated Tool v1.1","Scanned 1 page. Violations: 0. Lighthouse A11y: 100/100."
"100","Unassigned","Akg Exim Limited","https://Not Found","readymade-fallback","HIGH","NO","N/A","info@company.com","[General Contact Email (Guessed Pattern)] info@company.com; [Investor Grievance Email (Guessed Pattern)] contact@company.com","Unverified - guessed pattern","Yes","Yes","None","Yes","Completed","Orchavate Automated Tool v1.1","Scanned 1 page. Violations: 0. Lighthouse A11y: 100/100."
"76","Unassigned","Akme Fintrade (India) Limited","https://akmefintrade.com","readymade-fallback","HIGH","NO","N/A","care@akmefintrade.com","[General Contact Email] care@akmefintrade.com","Verified","Yes","Yes","None","Yes","Completed","Orchavate Automated Tool v1.1","Scanned 1 page. Violations: 10. Lighthouse A11y: 60/100."
"104","Unassigned","Aksh Optifibre Limited","https://akshoptifibre.com","readymade-fallback","HIGH","NO","N/A","aksh@akshoptifibre.com","[Investor Grievance / Compliance Officer Email] aksh@akshoptifibre.com; [General Contact Email] aksh@akshoptifibre.com","Verified","Yes","Yes","None","Yes","Completed","Orchavate Automated Tool v1.1","Scanned 1 page. Violations: 16. Lighthouse A11y: 36/100."
"103","Unassigned","AksharChem India Limited","https://aksharchemindia.com","readymade-fallback","HIGH","NO","N/A","mktg@aksharchemindia.com","[General Contact Email] mktg@aksharchemindia.com","Verified","Yes","Yes","None","Yes","Completed","Orchavate Automated Tool v1.1","Scanned 1 page. Violations: 13. Lighthouse A11y: 48/100."
"102","Unassigned","Akshar Spintex Limited","https://aksharspintex.in","readymade-fallback","HIGH","NO","N/A","info@aksharspintex.in","[General Contact Email (Guessed Pattern)] info@aksharspintex.in; [Investor Grievance Email (Guessed Pattern)] contact@aksharspintex.in","Unverified - guessed pattern","Yes","Yes","None","Yes","Completed","Orchavate Automated Tool v1.1","Scanned 1 page. Violations: 0. Lighthouse A11y: 100/100."
"105","Unassigned","Akums Drugs and Pharmaceuticals Limited","https://Not Found","readymade-fallback","HIGH","NO","N/A","info@company.com","[General Contact Email (Guessed Pattern)] info@company.com; [Investor Grievance Email (Guessed Pattern)] contact@company.com","Unverified - guessed pattern","Yes","Yes","None","Yes","Completed","Orchavate Automated Tool v1.1","Scanned 1 page. Violations: 0. Lighthouse A11y: 100/100."
"106","Unassigned","Alankit Limited","https://alankit.com","readymade-fallback","HIGH","NO","N/A","N/A","N/A","Not Found","Yes","No","Blocked (cloudflare)","No","Blocked (Bot Protection)","Orchavate Automated Tool v1.1","Blocked by Bot Protection (cloudflare)"
"107","Unassigned","Albert David Limited","https://albertdavidindia.com","readymade-fallback","HIGH","NO","N/A","albertdavid@adlindia.in","[Investor Grievance / Compliance Officer Email] mdpldc@yahoo.com; [General Contact Email] albertdavid@adlindia.in","Verified","Yes","Yes","None","Yes","Completed","Orchavate Automated Tool v1.1","Scanned 1 page. Violations: 13. Lighthouse A11y: 48/100."
"108","Unassigned","Alembic Limited","https://alembiclimited.com","readymade-fallback","HIGH","NO","N/A","alembic.investors@alembic.co.in","[Investor Grievance / Compliance Officer Email] alembic.investors@alembic.co.in; [General Contact Email] alembic.investors@alembic.co.in","Verified","Yes","Yes","None","Yes","Completed","Orchavate Automated Tool v1.1","Scanned 1 page. Violations: 9. Lighthouse A11y: 64/100."
"154","Unassigned","Alembic Pharmaceuticals Limited","https://alembicpharmaceuticals.com","readymade-fallback","HIGH","NO","N/A","infoal@alembic.co.in","[Investor Grievance / Compliance Officer Email] apl.investors@alembic.co.in; [General Contact Email] infoal@alembic.co.in","Verified","Yes","Yes","None","Yes","Completed","Orchavate Automated Tool v1.1","Scanned 1 page. Violations: 24. Lighthouse A11y: 30/100."
"109","Unassigned","Algoquant Fintech Limited","https://algoquantfintech.com","readymade-fallback","HIGH","NO","N/A","info@algoquantfintech.com","[General Contact Email (Guessed Pattern)] info@algoquantfintech.com; [Investor Grievance Email (Guessed Pattern)] contact@algoquantfintech.com","Unverified - guessed pattern","Yes","Yes","None","Yes","Completed","Orchavate Automated Tool v1.1","Scanned 1 page. Violations: 11. Lighthouse A11y: 56/100."
"110","Unassigned","Alicon Castalloy Limited","https://Not Found","readymade-fallback","HIGH","NO","N/A","info@company.com","[General Contact Email (Guessed Pattern)] info@company.com; [Investor Grievance Email (Guessed Pattern)] contact@company.com","Unverified - guessed pattern","Yes","Yes","None","Yes","Completed","Orchavate Automated Tool v1.1","Scanned 1 page. Violations: 0. Lighthouse A11y: 100/100."
"111","Unassigned","Alivus Life Sciences Limited","https://Not Found","readymade-fallback","HIGH","NO","N/A","info@company.com","[General Contact Email (Guessed Pattern)] info@company.com; [Investor Grievance Email (Guessed Pattern)] contact@company.com","Unverified - guessed pattern","Yes","Yes","None","Yes","Completed","Orchavate Automated Tool v1.1","Scanned 1 page. Violations: 0. Lighthouse A11y: 100/100."
"112","Unassigned","Alkali Metals Limited","https://alkalimetals.com","readymade-fallback","HIGH","NO","N/A","N/A","N/A","Not Found","Yes","No","Blocked (cloudflare)","No","Blocked (Bot Protection)","Orchavate Automated Tool v1.1","Blocked by Bot Protection (cloudflare)"
"113","Unassigned","Alkem Laboratories Limited","https://alkemlabs.com","readymade-fallback","HIGH","NO","N/A","contact@alkem.com","[General Contact Email] contact@alkem.com","Verified","Yes","Yes","None","Yes","Completed","Orchavate Automated Tool v1.1","Scanned 1 page. Violations: 22. Lighthouse A11y: 30/100."
"114","Unassigned","Alkyl Amines Chemicals Limited","https://alkylamines.com","readymade-fallback","HIGH","NO","N/A","intlsales@alkylamines.com","[General Contact Email] intlsales@alkylamines.com","Verified","Yes","Yes","None","Yes","Completed","Orchavate Automated Tool v1.1","Scanned 1 page. Violations: 24. Lighthouse A11y: 30/100."
"117","Unassigned","All Time Plastics Limited","https://alltimeplastics.com","readymade-fallback","HIGH","NO","N/A","info@alltimeplastics.com","[Investor Grievance / Compliance Officer Email] investor@alltimeplastics.com; [General Contact Email] info@alltimeplastics.com","Verified","Yes","Yes","None","Yes","Completed","Orchavate Automated Tool v1.1","Scanned 1 page. Violations: 0. Lighthouse A11y: 100/100."
"82","Unassigned","Allcargo Global Limited","https://Not Found","readymade-fallback","HIGH","NO","N/A","info@company.com","[General Contact Email (Guessed Pattern)] info@company.com; [Investor Grievance Email (Guessed Pattern)] contact@company.com","Unverified - guessed pattern","Yes","Yes","None","Yes","Completed","Orchavate Automated Tool v1.1","Scanned 1 page. Violations: 0. Lighthouse A11y: 100/100."
"115","Unassigned","Allcargo Logistics Limited","https://allcargologistics.com","readymade-fallback","HIGH","NO","N/A","customerservices@allcargologistics.com","[Investor Grievance / Compliance Officer Email] customerservices@allcargologistics.com; [General Contact Email] customerservices@allcargologistics.com","Verified","Yes","Yes","None","Yes","Completed","Orchavate Automated Tool v1.1","Scanned 1 page. Violations: 0. Lighthouse A11y: 100/100."
"214","Unassigned","Allcargo Terminals Limited","https://allcargoterminals.com","readymade-fallback","HIGH","NO","N/A","N/A","N/A","Not Found","Yes","No","Blocked (cloudflare)","No","Blocked (Bot Protection)","Orchavate Automated Tool v1.1","Blocked by Bot Protection (cloudflare)"
"116","Unassigned","Alldigi Tech Limited","https://Not Found","readymade-fallback","HIGH","NO","N/A","info@company.com","[General Contact Email (Guessed Pattern)] info@company.com; [Investor Grievance Email (Guessed Pattern)] contact@company.com","Unverified - guessed pattern","Yes","Yes","None","Yes","Completed","Orchavate Automated Tool v1.1","Scanned 1 page. Violations: 0. Lighthouse A11y: 100/100."
"31","Unassigned","Allied Blenders and Distillers Limited","https://Not Found","readymade-fallback","HIGH","NO","N/A","info@company.com","[General Contact Email (Guessed Pattern)] info@company.com; [Investor Grievance Email (Guessed Pattern)] contact@company.com","Unverified - guessed pattern","Yes","Yes","None","Yes","Completed","Orchavate Automated Tool v1.1","Scanned 1 page. Violations: 0. Lighthouse A11y: 100/100."
"58","Unassigned","Allied Digital Services Limited","https://Not Found","readymade-fallback","HIGH","NO","N/A","info@company.com","[General Contact Email (Guessed Pattern)] info@company.com; [Investor Grievance Email (Guessed Pattern)] contact@company.com","Unverified - guessed pattern","Yes","Yes","None","Yes","Completed","Orchavate Automated Tool v1.1","Scanned 1 page. Violations: 0. Lighthouse A11y: 100/100."
"118","Unassigned","Almondz Global Securities Limited","https://almondzglobal.com","readymade-fallback","HIGH","NO","N/A","delhi@almondz.com","[Investor Grievance / Compliance Officer Email] delhi@almondz.com; [General Contact Email] delhi@almondz.com","Verified","Yes","Yes","None","Yes","Completed","Orchavate Automated Tool v1.1","Scanned 1 page. Violations: 27. Lighthouse A11y: 30/100."
"119","Unassigned","Alok Industries Limited","https://alokind.com","readymade-fallback","HIGH","NO","N/A","info@alokind.com","[General Contact Email (Guessed Pattern)] info@alokind.com; [Investor Grievance Email (Guessed Pattern)] contact@alokind.com","Unverified - guessed pattern","Yes","Yes","None","Yes","Completed","Orchavate Automated Tool v1.1","Scanned 1 page. Violations: 0. Lighthouse A11y: 100/100."
"120","Unassigned","Alpa Laboratories Limited","https://Not Found","readymade-fallback","HIGH","NO","N/A","info@company.com","[General Contact Email (Guessed Pattern)] info@company.com; [Investor Grievance Email (Guessed Pattern)] contact@company.com","Unverified - guessed pattern","Yes","Yes","None","Yes","Completed","Orchavate Automated Tool v1.1","Scanned 1 page. Violations: 0. Lighthouse A11y: 100/100."
"121","Unassigned","Alphageo (India) Limited","https://alphageomatics.ca","readymade-fallback","HIGH","NO","N/A","info@alphageomatics.ca","[General Contact Email (Guessed Pattern)] info@alphageomatics.ca; [Investor Grievance Email (Guessed Pattern)] contact@alphageomatics.ca","Unverified - guessed pattern","Yes","Yes","None","Yes","Completed","Orchavate Automated Tool v1.1","Scanned 1 page. Violations: 0. Lighthouse A11y: 100/100."
"122","Unassigned","Alpine Texworld Limited","https://Not Found","readymade-fallback","HIGH","NO","N/A","info@company.com","[General Contact Email (Guessed Pattern)] info@company.com; [Investor Grievance Email (Guessed Pattern)] contact@company.com","Unverified - guessed pattern","Yes","Yes","None","Yes","Completed","Orchavate Automated Tool v1.1","Scanned 1 page. Violations: 0. Lighthouse A11y: 100/100."
"123","Unassigned","Amagi Media Labs Limited","https://Not Found","readymade-fallback","HIGH","NO","N/A","info@company.com","[General Contact Email (Guessed Pattern)] info@company.com; [Investor Grievance Email (Guessed Pattern)] contact@company.com","Unverified - guessed pattern","Yes","Yes","None","Yes","Completed","Orchavate Automated Tool v1.1","Scanned 1 page. Violations: 0. Lighthouse A11y: 100/100."
"124","Unassigned","Amanta Healthcare Limited","https://amanta.co.in","readymade-fallback","HIGH","NO","N/A","N/A","N/A","Not Found","Yes","No","Blocked (cloudflare)","No","Blocked (Bot Protection)","Orchavate Automated Tool v1.1","Blocked by Bot Protection (cloudflare)"
"165","Unassigned","Amara Raja Energy & Mobility Limited","https://Not Found","readymade-fallback","HIGH","NO","N/A","info@company.com","[General Contact Email (Guessed Pattern)] info@company.com; [Investor Grievance Email (Guessed Pattern)] contact@company.com","Unverified - guessed pattern","Yes","Yes","None","Yes","Completed","Orchavate Automated Tool v1.1","Scanned 1 page. Violations: 0. Lighthouse A11y: 100/100."
"125","Unassigned","Ambalal Sarabhai Enterprises Limited","https://Not Found","readymade-fallback","HIGH","NO","N/A","info@company.com","[General Contact Email (Guessed Pattern)] info@company.com; [Investor Grievance Email (Guessed Pattern)] contact@company.com","Unverified - guessed pattern","Yes","Yes","None","Yes","Completed","Orchavate Automated Tool v1.1","Scanned 1 page. Violations: 0. Lighthouse A11y: 100/100."
"126","Unassigned","Amber Enterprises India Limited","https://amberinteriordesign.com","readymade-fallback","HIGH","NO","N/A","N/A","N/A","Not Found","Yes","No","Blocked (cloudflare)","No","Blocked (Bot Protection)","Orchavate Automated Tool v1.1","Blocked by Bot Protection (cloudflare)"
"127","Unassigned","Ambica Agarbathies & Aroma industries Limited","https://ambicaagarbathies.com","readymade-fallback","HIGH","NO","N/A","info@ambicaagarbathies.com","[General Contact Email (Guessed Pattern)] info@ambicaagarbathies.com; [Investor Grievance Email (Guessed Pattern)] contact@ambicaagarbathies.com","Unverified - guessed pattern","Yes","Yes","None","Yes","Completed","Orchavate Automated Tool v1.1","Scanned 1 page. Violations: 39. Lighthouse A11y: 30/100."
"128","Unassigned","Ambika Cotton Mills Limited","https://Not Found","readymade-fallback","HIGH","NO","N/A","info@company.com","[General Contact Email (Guessed Pattern)] info@company.com; [Investor Grievance Email (Guessed Pattern)] contact@company.com","Unverified - guessed pattern","Yes","Yes","None","Yes","Completed","Orchavate Automated Tool v1.1","Scanned 1 page. Violations: 0. Lighthouse A11y: 100/100."
"129","Unassigned","Ambuja Cements Limited","https://ambujacement.com","readymade-fallback","HIGH","NO","N/A","info@ambujacement.com","[General Contact Email (Guessed Pattern)] info@ambujacement.com; [Investor Grievance Email (Guessed Pattern)] contact@ambujacement.com","Unverified - guessed pattern","Yes","Yes","None","Yes","Completed","Orchavate Automated Tool v1.1","Scanned 1 page. Violations: 0. Lighthouse A11y: 100/100."
"132","Unassigned","Amines & Plasticizers Limited","https://aminess.com","readymade-fallback","HIGH","NO","N/A","reservations@aminess.com","[General Contact Email] reservations@aminess.com","Verified","Yes","Yes","None","Yes","Completed","Orchavate Automated Tool v1.1","Scanned 1 page. Violations: 22. Lighthouse A11y: 30/100."
"71","Unassigned","Amir Chand Jagdish Kumar (Exports) Limited","https://Not Found","readymade-fallback","HIGH","NO","N/A","info@company.com","[General Contact Email (Guessed Pattern)] info@company.com; [Investor Grievance Email (Guessed Pattern)] contact@company.com","Unverified - guessed pattern","Yes","Yes","None","Yes","Completed","Orchavate Automated Tool v1.1","Scanned 1 page. Violations: 0. Lighthouse A11y: 100/100."
"131","Unassigned","Amj Land Holdings Limited","https://Not Found","readymade-fallback","HIGH","NO","N/A","info@company.com","[General Contact Email (Guessed Pattern)] info@company.com; [Investor Grievance Email (Guessed Pattern)] contact@company.com","Unverified - guessed pattern","Yes","Yes","None","Yes","Completed","Orchavate Automated Tool v1.1","Scanned 1 page. Violations: 0. Lighthouse A11y: 100/100."
"133","Unassigned","Amrutanjan Health Care Limited","https://amrutanjan.com","readymade-fallback","HIGH","NO","N/A","investors@amrutanjan.com","[Investor Grievance / Compliance Officer Email] investors@amrutanjan.com; [General Contact Email] investors@amrutanjan.com","Verified","Yes","Yes","None","Yes","Completed","Orchavate Automated Tool v1.1","Scanned 1 page. Violations: 17. Lighthouse A11y: 32/100."
"178","Unassigned","Anand Rathi Share and Stock Brokers Limited","https://Not Found","readymade-fallback","HIGH","NO","N/A","info@company.com","[General Contact Email (Guessed Pattern)] info@company.com; [Investor Grievance Email (Guessed Pattern)] contact@company.com","Unverified - guessed pattern","Yes","Yes","None","Yes","Completed","Orchavate Automated Tool v1.1","Scanned 1 page. Violations: 0. Lighthouse A11y: 100/100."
"134","Unassigned","Anand Rathi Wealth Limited","https://rathi.com","readymade-fallback","HIGH","NO","N/A","info@rathi.com","[General Contact Email (Guessed Pattern)] info@rathi.com; [Investor Grievance Email (Guessed Pattern)] contact@rathi.com","Unverified - guessed pattern","Yes","Yes","None","Yes","Completed","Orchavate Automated Tool v1.1","Scanned 1 page. Violations: 0. Lighthouse A11y: 100/100."
"135","Unassigned","Anant Raj Limited","https://anantrajlimited.com","readymade-fallback","HIGH","NO","N/A","estate@anantrajlimited.com","[Investor Grievance / Compliance Officer Email] pankajgupta@anantrajlimited.com; [General Contact Email] estate@anantrajlimited.com","Verified","Yes","Yes","None","Yes","Completed","Orchavate Automated Tool v1.1","Scanned 1 page. Violations: 4. Lighthouse A11y: 84/100."
"45","Unassigned","Andhra Cements Limited","https://Not Found","readymade-fallback","HIGH","NO","N/A","info@company.com","[General Contact Email (Guessed Pattern)] info@company.com; [Investor Grievance Email (Guessed Pattern)] contact@company.com","Unverified - guessed pattern","Yes","Yes","None","Yes","Completed","Orchavate Automated Tool v1.1","Scanned 1 page. Violations: 0. Lighthouse A11y: 100/100."
"138","Unassigned","Angel One Limited","https://angelone.in","readymade-fallback","HIGH","NO","N/A","compliance@angelone.in","[Investor Grievance / Compliance Officer Email] compliance@angelone.in; [General Contact Email] compliance@angelone.in","Verified","Yes","Yes","None","Yes","Completed","Orchavate Automated Tool v1.1","Scanned 1 page. Violations: 1. Lighthouse A11y: 96/100."
"139","Unassigned","Anik Industries Limited","https://anikgroup.com","readymade-fallback","HIGH","NO","N/A","anik@anikgroup.com","[Investor Grievance / Compliance Officer Email] #; [General Contact Email] anik@anikgroup.com","Verified","Yes","Yes","None","Yes","Completed","Orchavate Automated Tool v1.1","Scanned 1 page. Violations: 32. Lighthouse A11y: 30/100."
"150","Unassigned","Anjani Portland Cement Limited","https://anjanicement.com","readymade-fallback","HIGH","NO","N/A","secretarial@anjanicement.com","[General Contact Email] secretarial@anjanicement.com","Verified","Yes","Yes","None","Yes","Completed","Orchavate Automated Tool v1.1","Scanned 1 page. Violations: 0. Lighthouse A11y: 100/100."
"140","Unassigned","Ankit Metal & Power Limited","https://ankitmetal.com","readymade-fallback","HIGH","NO","N/A","investors@ankitmetal.com","[General Contact Email] investors@ankitmetal.com","Verified","Yes","Yes","None","Yes","Completed","Orchavate Automated Tool v1.1","Scanned 1 page. Violations: 27. Lighthouse A11y: 30/100."
"85","Unassigned","Anlon Healthcare Limited","https://Not Found","readymade-fallback","HIGH","NO","N/A","info@company.com","[General Contact Email (Guessed Pattern)] info@company.com; [Investor Grievance Email (Guessed Pattern)] contact@company.com","Unverified - guessed pattern","Yes","Yes","None","Yes","Completed","Orchavate Automated Tool v1.1","Scanned 1 page. Violations: 0. Lighthouse A11y: 100/100."
"141","Unassigned","Anmol India Limited","https://anmolindustries.com","readymade-fallback","HIGH","NO","N/A","N/A","N/A","Not Found","Yes","No","Blocked (cloudflare)","No","Blocked (Bot Protection)","Orchavate Automated Tool v1.1","Blocked by Bot Protection (cloudflare)"
"142","Unassigned","Ansal Properties & Infrastructure Limited","https://Not Found","readymade-fallback","HIGH","NO","N/A","info@company.com","[General Contact Email (Guessed Pattern)] info@company.com; [Investor Grievance Email (Guessed Pattern)] contact@company.com","Unverified - guessed pattern","Yes","Yes","None","Yes","Completed","Orchavate Automated Tool v1.1","Scanned 1 page. Violations: 0. Lighthouse A11y: 100/100."
"144","Unassigned","Antarctica Limited","https://antarctica-packaging.com","readymade-fallback","HIGH","NO","N/A","info@antarctica-packaging.com","[General Contact Email] info@antarctica-packaging.com","Verified","Yes","Yes","None","Yes","Completed","Orchavate Automated Tool v1.1","Scanned 1 page. Violations: 6. Lighthouse A11y: 76/100."
"143","Unassigned","Antelopus Selan Energy Limited","https://Not Found","readymade-fallback","HIGH","NO","N/A","info@company.com","[General Contact Email (Guessed Pattern)] info@company.com; [Investor Grievance Email (Guessed Pattern)] contact@company.com","Unverified - guessed pattern","Yes","Yes","None","Yes","Completed","Orchavate Automated Tool v1.1","Scanned 1 page. Violations: 0. Lighthouse A11y: 100/100."
"145","Unassigned","Anthem Biosciences Limited","https://anthembio.com","readymade-fallback","HIGH","NO","N/A","info@anthembio.com","[General Contact Email (Guessed Pattern)] info@anthembio.com; [Investor Grievance Email (Guessed Pattern)] contact@anthembio.com","Unverified - guessed pattern","Yes","Yes","None","Yes","Completed","Orchavate Automated Tool v1.1","Scanned 1 page. Violations: 0. Lighthouse A11y: 100/100."
"238","Unassigned","Antony Waste Handling Cell Limited","https://Not Found","readymade-fallback","HIGH","NO","N/A","info@company.com","[General Contact Email (Guessed Pattern)] info@company.com; [Investor Grievance Email (Guessed Pattern)] contact@company.com","Unverified - guessed pattern","Yes","Yes","None","Yes","Completed","Orchavate Automated Tool v1.1","Scanned 1 page. Violations: 0. Lighthouse A11y: 100/100."
"146","Unassigned","Anuh Pharma Limited","https://anuhpharma.com","readymade-fallback","HIGH","NO","N/A","N/A","N/A","Not Found","Yes","No","Blocked (cloudflare)","No","Blocked (Bot Protection)","Orchavate Automated Tool v1.1","Blocked by Bot Protection (cloudflare)"
"148","Unassigned","Anupam Rasayan India Limited","https://anupamrasayan.com","readymade-fallback","HIGH","NO","N/A","info@anupamrasayan.com","[General Contact Email (Guessed Pattern)] info@anupamrasayan.com; [Investor Grievance Email (Guessed Pattern)] contact@anupamrasayan.com","Unverified - guessed pattern","Yes","Yes","None","Yes","Completed","Orchavate Automated Tool v1.1","Scanned 1 page. Violations: 0. Lighthouse A11y: 100/100."
"149","Unassigned","Apar Industries Limited","https://apar.com","readymade-fallback","HIGH","NO","N/A","info@apar.com","[General Contact Email (Guessed Pattern)] info@apar.com; [Investor Grievance Email (Guessed Pattern)] contact@apar.com","Unverified - guessed pattern","Yes","Yes","None","Yes","Completed","Orchavate Automated Tool v1.1","Scanned 1 page. Violations: 0. Lighthouse A11y: 100/100."
"151","Unassigned","Apcotex Industries Limited","https://apcotex.com","readymade-fallback","HIGH","NO","N/A","N/A","N/A","Not Found","Yes","No","Blocked (cloudflare)","No","Blocked (Bot Protection)","Orchavate Automated Tool v1.1","Blocked by Bot Protection (cloudflare)"
"152","Unassigned","Apex Frozen Foods Limited","https://Not Found","readymade-fallback","HIGH","NO","N/A","info@company.com","[General Contact Email (Guessed Pattern)] info@company.com; [Investor Grievance Email (Guessed Pattern)] contact@company.com","Unverified - guessed pattern","Yes","Yes","None","Yes","Completed","Orchavate Automated Tool v1.1","Scanned 1 page. Violations: 0. Lighthouse A11y: 100/100."
"156","Unassigned","Apollo Hospitals Enterprise Limited","https://Not Found","readymade-fallback","HIGH","NO","N/A","info@company.com","[General Contact Email (Guessed Pattern)] info@company.com; [Investor Grievance Email (Guessed Pattern)] contact@company.com","Unverified - guessed pattern","Yes","Yes","None","Yes","Completed","Orchavate Automated Tool v1.1","Scanned 1 page. Violations: 0. Lighthouse A11y: 100/100."
"155","Unassigned","Apollo Micro Systems Limited","https://apollo-micro.com","readymade-fallback","HIGH","NO","N/A","N/A","N/A","Not Found","Yes","No","Blocked (cloudflare)","No","Blocked (Bot Protection)","Orchavate Automated Tool v1.1","Blocked by Bot Protection (cloudflare)"
"157","Unassigned","Apollo Pipes Limited","https://apollopipes.com","readymade-fallback","HIGH","NO","N/A","N/A","N/A","Not Found","Yes","No","Blocked (cloudflare)","No","Blocked (Bot Protection)","Orchavate Automated Tool v1.1","Blocked by Bot Protection (cloudflare)"
"159","Unassigned","Apollo Sindoori Hotels Limited","https://Not Found","readymade-fallback","HIGH","NO","N/A","info@company.com","[General Contact Email (Guessed Pattern)] info@company.com; [Investor Grievance Email (Guessed Pattern)] contact@company.com","Unverified - guessed pattern","Yes","Yes","None","Yes","Completed","Orchavate Automated Tool v1.1","Scanned 1 page. Violations: 0. Lighthouse A11y: 100/100."
"158","Unassigned","Apollo Tyres Limited","https://apollotyres.com","readymade-fallback","HIGH","NO","N/A","info@apollotyres.com","[General Contact Email (Guessed Pattern)] info@apollotyres.com; [Investor Grievance Email (Guessed Pattern)] contact@apollotyres.com","Unverified - guessed pattern","Yes","Yes","None","Yes","Completed","Orchavate Automated Tool v1.1","Scanned 1 page. Violations: 0. Lighthouse A11y: 100/100."
"160","Unassigned","Aptech Limited","https://aptechvisa.com","readymade-fallback","HIGH","NO","N/A","N/A","N/A","Not Found","Yes","No","Blocked (cloudflare)","No","Blocked (Bot Protection)","Orchavate Automated Tool v1.1","Blocked by Bot Protection (cloudflare)"
"161","Unassigned","Aptus Value Housing Finance India Limited","https://Not Found","readymade-fallback","HIGH","NO","N/A","info@company.com","[General Contact Email (Guessed Pattern)] info@company.com; [Investor Grievance Email (Guessed Pattern)] contact@company.com","Unverified - guessed pattern","Yes","Yes","None","Yes","Completed","Orchavate Automated Tool v1.1","Scanned 1 page. Violations: 0. Lighthouse A11y: 100/100."
"162","Unassigned","Aqylon Nexus Limited","https://Not Found","readymade-fallback","HIGH","NO","N/A","info@company.com","[General Contact Email (Guessed Pattern)] info@company.com; [Investor Grievance Email (Guessed Pattern)] contact@company.com","Unverified - guessed pattern","Yes","Yes","None","Yes","Completed","Orchavate Automated Tool v1.1","Scanned 1 page. Violations: 0. Lighthouse A11y: 100/100."
"44","Unassigned","Archean Chemical Industries Limited","https://archeanchemicals.com","readymade-fallback","HIGH","NO","N/A","info@archeanchemicals.com","[General Contact Email] info@archeanchemicals.com","Verified","Yes","Yes","None","Yes","Completed","Orchavate Automated Tool v1.1","Scanned 1 page. Violations: 10. Lighthouse A11y: 60/100."
"55","Unassigned","Archidply Decor Limited","https://archidplydecor.com","readymade-fallback","HIGH","NO","N/A","N/A","N/A","Not Found","Yes","No","Blocked (cloudflare)","No","Blocked (Bot Protection)","Orchavate Automated Tool v1.1","Blocked by Bot Protection (cloudflare)"
"163","Unassigned","Archidply Industries Limited","https://Not Found","readymade-fallback","HIGH","NO","N/A","info@company.com","[General Contact Email (Guessed Pattern)] info@company.com; [Investor Grievance Email (Guessed Pattern)] contact@company.com","Unverified - guessed pattern","Yes","Yes","None","Yes","Completed","Orchavate Automated Tool v1.1","Scanned 1 page. Violations: 0. Lighthouse A11y: 100/100."
"164","Unassigned","Archies Limited","https://archiesonline.com","readymade-fallback","HIGH","NO","N/A","N/A","N/A","Not Found","Yes","No","Blocked (cloudflare)","No","Blocked (Bot Protection)","Orchavate Automated Tool v1.1","Blocked by Bot Protection (cloudflare)"
"167","Unassigned","Arfin India Limited","https://arfin.co.in","readymade-fallback","HIGH","NO","N/A","info@arfin.co.in","[General Contact Email] info@arfin.co.in","Verified","Yes","Yes","None","Yes","Completed","Orchavate Automated Tool v1.1","Scanned 1 page. Violations: 13. Lighthouse A11y: 48/100."
"168","Unassigned","Aries Agro Limited","https://ariesagro.com","readymade-fallback","HIGH","NO","N/A","N/A","N/A","Not Found","Yes","No","Blocked (cloudflare)","No","Blocked (Bot Protection)","Orchavate Automated Tool v1.1","Blocked by Bot Protection (cloudflare)"
"170","Unassigned","Arihant Capital Markets Limited","https://Not Found","readymade-fallback","HIGH","NO","N/A","info@company.com","[General Contact Email (Guessed Pattern)] info@company.com; [Investor Grievance Email (Guessed Pattern)] contact@company.com","Unverified - guessed pattern","Yes","Yes","None","Yes","Completed","Orchavate Automated Tool v1.1","Scanned 1 page. Violations: 0. Lighthouse A11y: 100/100."
"169","Unassigned","Arihant Foundations & Housing Limited","https://Not Found","readymade-fallback","HIGH","NO","N/A","info@company.com","[General Contact Email (Guessed Pattern)] info@company.com; [Investor Grievance Email (Guessed Pattern)] contact@company.com","Unverified - guessed pattern","Yes","Yes","None","Yes","Completed","Orchavate Automated Tool v1.1","Scanned 1 page. Violations: 0. Lighthouse A11y: 100/100."
"171","Unassigned","Arihant Superstructures Limited","https://asl.net.in","readymade-fallback","HIGH","NO","N/A","info@asl.net.in","[General Contact Email] info@asl.net.in","Verified","Yes","Yes","None","Yes","Completed","Orchavate Automated Tool v1.1","Scanned 1 page. Violations: 24. Lighthouse A11y: 30/100."
"172","Unassigned","Arisinfra Solutions Limited","https://Not Found","readymade-fallback","HIGH","NO","N/A","info@company.com","[General Contact Email (Guessed Pattern)] info@company.com; [Investor Grievance Email (Guessed Pattern)] contact@company.com","Unverified - guessed pattern","Yes","Yes","None","Yes","Completed","Orchavate Automated Tool v1.1","Scanned 1 page. Violations: 0. Lighthouse A11y: 100/100."
"173","Unassigned","Arkade Developers Limited","https://Not Found","readymade-fallback","HIGH","NO","N/A","info@company.com","[General Contact Email (Guessed Pattern)] info@company.com; [Investor Grievance Email (Guessed Pattern)] contact@company.com","Unverified - guessed pattern","Yes","Yes","None","Yes","Completed","Orchavate Automated Tool v1.1","Scanned 1 page. Violations: 0. Lighthouse A11y: 100/100."
"174","Unassigned","Arman Financial Services Limited","https://armanindia.com","readymade-fallback","HIGH","NO","N/A","finance@armanindia.com","[Investor Grievance / Compliance Officer Email] finance@armanindia.com; [General Contact Email] finance@armanindia.com","Verified","Yes","Yes","None","Yes","Completed","Orchavate Automated Tool v1.1","Scanned 1 page. Violations: 6. Lighthouse A11y: 76/100."
"175","Unassigned","Aro Granite Industries Limited","https://Not Found","readymade-fallback","HIGH","NO","N/A","info@company.com","[General Contact Email (Guessed Pattern)] info@company.com; [Investor Grievance Email (Guessed Pattern)] contact@company.com","Unverified - guessed pattern","Yes","Yes","None","Yes","Completed","Orchavate Automated Tool v1.1","Scanned 1 page. Violations: 0. Lighthouse A11y: 100/100."
"176","Unassigned","Arrow Greentech Limited","https://arrowgreentech.com","readymade-fallback","HIGH","NO","N/A","N/A","N/A","Not Found","Yes","No","Blocked (cloudflare)","No","Blocked (Bot Protection)","Orchavate Automated Tool v1.1","Blocked by Bot Protection (cloudflare)"
"177","Unassigned","Arshiya Limited","https://arshiyalimited.com","readymade-fallback","HIGH","NO","N/A","info@arshiyalimited.com","[General Contact Email (Guessed Pattern)] info@arshiyalimited.com; [Investor Grievance Email (Guessed Pattern)] contact@arshiyalimited.com","Unverified - guessed pattern","Yes","Yes","None","Yes","Completed","Orchavate Automated Tool v1.1","Scanned 1 page. Violations: 0. Lighthouse A11y: 100/100."
"180","Unassigned","Art Nirman Limited","https://artnirman.com","readymade-fallback","HIGH","NO","N/A","sales@artnirman.com","[Investor Grievance / Compliance Officer Email] cs@artnirman.com; [General Contact Email] sales@artnirman.com","Verified","Yes","Yes","None","Yes","Completed","Orchavate Automated Tool v1.1","Scanned 1 page. Violations: 9. Lighthouse A11y: 64/100."
"66","Unassigned","Artemis Electricals and Projects Limited","https://Not Found","readymade-fallback","HIGH","NO","N/A","info@company.com","[General Contact Email (Guessed Pattern)] info@company.com; [Investor Grievance Email (Guessed Pattern)] contact@company.com","Unverified - guessed pattern","Yes","Yes","None","Yes","Completed","Orchavate Automated Tool v1.1","Scanned 1 page. Violations: 0. Lighthouse A11y: 100/100."
"179","Unassigned","Artemis Medicare Services Limited","https://Not Found","readymade-fallback","HIGH","NO","N/A","info@company.com","[General Contact Email (Guessed Pattern)] info@company.com; [Investor Grievance Email (Guessed Pattern)] contact@company.com","Unverified - guessed pattern","Yes","Yes","None","Yes","Completed","Orchavate Automated Tool v1.1","Scanned 1 page. Violations: 0. Lighthouse A11y: 100/100."
"181","Unassigned","Arvee Laboratories (India) Limited","https://Not Found","readymade-fallback","HIGH","NO","N/A","info@company.com","[General Contact Email (Guessed Pattern)] info@company.com; [Investor Grievance Email (Guessed Pattern)] contact@company.com","Unverified - guessed pattern","Yes","Yes","None","Yes","Completed","Orchavate Automated Tool v1.1","Scanned 1 page. Violations: 0. Lighthouse A11y: 100/100."
"183","Unassigned","Arvind Fashions Limited","https://arvindfashions.com","readymade-fallback","HIGH","NO","N/A","N/A","N/A","Not Found","Yes","No","Blocked (cloudflare)","No","Blocked (Bot Protection)","Orchavate Automated Tool v1.1","Blocked by Bot Protection (cloudflare)"
"182","Unassigned","Arvind Limited","https://arvind.com","readymade-fallback","HIGH","NO","N/A","info@arvind.com","[General Contact Email (Guessed Pattern)] info@arvind.com; [Investor Grievance Email (Guessed Pattern)] contact@arvind.com","Unverified - guessed pattern","Yes","Yes","None","Yes","Completed","Orchavate Automated Tool v1.1","Scanned 1 page. Violations: 1. Lighthouse A11y: 96/100."
"184","Unassigned","Arvind SmartSpaces Limited","https://arvindsmartspaces.com","readymade-fallback","HIGH","NO","N/A","N/A","N/A","Not Found","Yes","No","Blocked (cloudflare)","No","Blocked (Bot Protection)","Orchavate Automated Tool v1.1","Blocked by Bot Protection (cloudflare)"
"185","Unassigned","Asahi India Glass Limited","https://aisglass.com","readymade-fallback","HIGH","NO","N/A","info@aisglass.com","[General Contact Email (Guessed Pattern)] info@aisglass.com; [Investor Grievance Email (Guessed Pattern)] contact@aisglass.com","Unverified - guessed pattern","Yes","Yes","None","Yes","Completed","Orchavate Automated Tool v1.1","Scanned 1 page. Violations: 1. Lighthouse A11y: 96/100."
"186","Unassigned","Asahi Songwon Colors Limited","https://asahisongwon.com","readymade-fallback","HIGH","NO","N/A","N/A","N/A","Not Found","Yes","No","Blocked (cloudflare)","No","Blocked (Bot Protection)","Orchavate Automated Tool v1.1","Blocked by Bot Protection (cloudflare)"
"189","Unassigned","Ashapura Minechem Limited","https://Not Found","readymade-fallback","HIGH","NO","N/A","info@company.com","[General Contact Email (Guessed Pattern)] info@company.com; [Investor Grievance Email (Guessed Pattern)] contact@company.com","Unverified - guessed pattern","Yes","Yes","None","Yes","Completed","Orchavate Automated Tool v1.1","Scanned 1 page. Violations: 0. Lighthouse A11y: 100/100."
"190","Unassigned","Ashiana Housing Limited","https://ashianahousing.com","readymade-fallback","HIGH","NO","N/A","info@ashianahousing.com","[General Contact Email (Guessed Pattern)] info@ashianahousing.com; [Investor Grievance Email (Guessed Pattern)] contact@ashianahousing.com","Unverified - guessed pattern","Yes","Yes","None","Yes","Completed","Orchavate Automated Tool v1.1","Scanned 1 page. Violations: 0. Lighthouse A11y: 100/100."
"191","Unassigned","Ashika Global Securities Limited","https://Not Found","readymade-fallback","HIGH","NO","N/A","info@company.com","[General Contact Email (Guessed Pattern)] info@company.com; [Investor Grievance Email (Guessed Pattern)] contact@company.com","Unverified - guessed pattern","Yes","Yes","None","Yes","Completed","Orchavate Automated Tool v1.1","Scanned 1 page. Violations: 0. Lighthouse A11y: 100/100."
"192","Unassigned","Ashima Limited","https://ashima.ph","readymade-fallback","HIGH","NO","N/A","info@konsum.ph","[General Contact Email] info@konsum.ph","Verified","Yes","Yes","None","Yes","Completed","Orchavate Automated Tool v1.1","Scanned 1 page. Violations: 0. Lighthouse A11y: 100/100."
"195","Unassigned","Ashok Leyland Limited","https://ashokleyland.com","readymade-fallback","HIGH","NO","N/A","N/A","N/A","Not Found","Yes","No","Blocked (cloudflare)","No","Blocked (Bot Protection)","Orchavate Automated Tool v1.1","Blocked by Bot Protection (cloudflare)"
"193","Unassigned","Ashoka Buildcon Limited","https://ashokabuildcon.com","readymade-fallback","HIGH","NO","N/A","info@ashokabuildcon.com","[General Contact Email (Guessed Pattern)] info@ashokabuildcon.com; [Investor Grievance Email (Guessed Pattern)] contact@ashokabuildcon.com","Unverified - guessed pattern","Yes","Yes","None","Yes","Completed","Orchavate Automated Tool v1.1","Scanned 1 page. Violations: 7. Lighthouse A11y: 72/100."
"194","Unassigned","Ashoka Metcast Limited","https://Not Found","readymade-fallback","HIGH","NO","N/A","info@company.com","[General Contact Email (Guessed Pattern)] info@company.com; [Investor Grievance Email (Guessed Pattern)] contact@company.com","Unverified - guessed pattern","Yes","Yes","None","Yes","Completed","Orchavate Automated Tool v1.1","Scanned 1 page. Violations: 0. Lighthouse A11y: 100/100."
"196","Unassigned","Asian Energy Services Limited","https://Not Found","readymade-fallback","HIGH","NO","N/A","info@company.com","[General Contact Email (Guessed Pattern)] info@company.com; [Investor Grievance Email (Guessed Pattern)] contact@company.com","Unverified - guessed pattern","Yes","Yes","None","Yes","Completed","Orchavate Automated Tool v1.1","Scanned 1 page. Violations: 0. Lighthouse A11y: 100/100."
"199","Unassigned","Asian Granito India Limited","https://aglasiangranito.com","readymade-fallback","HIGH","NO","N/A","N/A","N/A","Not Found","Yes","No","Blocked (cloudflare)","No","Blocked (Bot Protection)","Orchavate Automated Tool v1.1","Blocked by Bot Protection (cloudflare)"
"87","Unassigned","Asian Hotels (East) Limited","https://Not Found","readymade-fallback","HIGH","NO","N/A","info@company.com","[General Contact Email (Guessed Pattern)] info@company.com; [Investor Grievance Email (Guessed Pattern)] contact@company.com","Unverified - guessed pattern","Yes","Yes","None","Yes","Completed","Orchavate Automated Tool v1.1","Scanned 1 page. Violations: 0. Lighthouse A11y: 100/100."
"197","Unassigned","Asian Hotels (North) Limited","https://asianhotelsnorth.com","readymade-fallback","HIGH","NO","N/A","investorrelations@ahlnorth.com","[Investor Grievance / Compliance Officer Email] sunil.upadhyay@ahlnorth.com; [General Contact Email] investorrelations@ahlnorth.com","Verified","Yes","Yes","None","Yes","Completed","Orchavate Automated Tool v1.1","Scanned 1 page. Violations: 13. Lighthouse A11y: 48/100."
"89","Unassigned","Asian Hotels (West) Limited","https://asianhotelswest.com","readymade-fallback","HIGH","NO","N/A","cs@asianhotelswest.com","[Investor Grievance / Compliance Officer Email] cs@asianhotelswest.com; [General Contact Email] cs@asianhotelswest.com","Verified","Yes","Yes","None","Yes","Completed","Orchavate Automated Tool v1.1","Scanned 1 page. Violations: 49. Lighthouse A11y: 30/100."
"198","Unassigned","Asian Paints Limited","https://asianpaints.com","readymade-fallback","HIGH","NO","N/A","customercare@asianpaints.com","[General Contact Email] customercare@asianpaints.com","Verified","Yes","Yes","None","Yes","Completed","Orchavate Automated Tool v1.1","Scanned 1 page. Violations: 0. Lighthouse A11y: 100/100."
"203","Unassigned","Asian Star Company Limited","https://Not Found","readymade-fallback","HIGH","NO","N/A","info@company.com","[General Contact Email (Guessed Pattern)] info@company.com; [Investor Grievance Email (Guessed Pattern)] contact@company.com","Unverified - guessed pattern","Yes","Yes","None","Yes","Completed","Orchavate Automated Tool v1.1","Scanned 1 page. Violations: 0. Lighthouse A11y: 100/100."
"202","Unassigned","Aspinwall and Company Limited","https://Not Found","readymade-fallback","HIGH","NO","N/A","info@company.com","[General Contact Email (Guessed Pattern)] info@company.com; [Investor Grievance Email (Guessed Pattern)] contact@company.com","Unverified - guessed pattern","Yes","Yes","None","Yes","Completed","Orchavate Automated Tool v1.1","Scanned 1 page. Violations: 0. Lighthouse A11y: 100/100."
"188","Unassigned","Associated Alcohols & Breweries Ltd.","https://associatedalcohols.com","readymade-fallback","HIGH","NO","N/A","info@aabl.in","[Investor Grievance / Compliance Officer Email] investorrelations@aabl.in; [General Contact Email] info@aabl.in","Verified","Yes","Yes","None","Yes","Completed","Orchavate Automated Tool v1.1","Scanned 1 page. Violations: 2. Lighthouse A11y: 92/100."
"204","Unassigned","Astec LifeSciences Limited","https://astecls.com","readymade-fallback","HIGH","NO","N/A","info@astecls.com","[General Contact Email (Guessed Pattern)] info@astecls.com; [Investor Grievance Email (Guessed Pattern)] contact@astecls.com","Unverified - guessed pattern","Yes","Yes","None","Yes","Completed","Orchavate Automated Tool v1.1","Scanned 1 page. Violations: 0. Lighthouse A11y: 100/100."
"205","Unassigned","Aster DM Quality Care Limited","https://Not Found","readymade-fallback","HIGH","NO","N/A","info@company.com","[General Contact Email (Guessed Pattern)] info@company.com; [Investor Grievance Email (Guessed Pattern)] contact@company.com","Unverified - guessed pattern","Yes","Yes","None","Yes","Completed","Orchavate Automated Tool v1.1","Scanned 1 page. Violations: 0. Lighthouse A11y: 100/100."
"208","Unassigned","AstraZeneca Pharma India Limited","https://Not Found","readymade-fallback","HIGH","NO","N/A","info@company.com","[General Contact Email (Guessed Pattern)] info@company.com; [Investor Grievance Email (Guessed Pattern)] contact@company.com","Unverified - guessed pattern","Yes","Yes","None","Yes","Completed","Orchavate Automated Tool v1.1","Scanned 1 page. Violations: 0. Lighthouse A11y: 100/100."
"207","Unassigned","Astra Microwave Products Limited","https://astramwp.com","readymade-fallback","HIGH","NO","N/A","N/A","N/A","Not Found","Yes","No","Blocked (cloudflare)","No","Blocked (Bot Protection)","Orchavate Automated Tool v1.1","Blocked by Bot Protection (cloudflare)"
"206","Unassigned","Astral Limited","https://astrallimited.pl","readymade-fallback","HIGH","NO","N/A","info@astrallimited.pl","[General Contact Email] info@astrallimited.pl","Verified","Yes","Yes","None","Yes","Completed","Orchavate Automated Tool v1.1","Scanned 1 page. Violations: 13. Lighthouse A11y: 48/100."
"209","Unassigned","Astron Paper & Board Mill Limited","https://astronpaper.com","readymade-fallback","HIGH","NO","N/A","info@astronpaper.com","[General Contact Email (Guessed Pattern)] info@astronpaper.com; [Investor Grievance Email (Guessed Pattern)] contact@astronpaper.com","Unverified - guessed pattern","Yes","Yes","None","Yes","Completed","Orchavate Automated Tool v1.1","Scanned 1 page. Violations: 1. Lighthouse A11y: 96/100."
"210","Unassigned","Atal Realtech Limited","https://Not Found","readymade-fallback","HIGH","NO","N/A","info@company.com","[General Contact Email (Guessed Pattern)] info@company.com; [Investor Grievance Email (Guessed Pattern)] contact@company.com","Unverified - guessed pattern","Yes","Yes","None","Yes","Completed","Orchavate Automated Tool v1.1","Scanned 1 page. Violations: 0. Lighthouse A11y: 100/100."
"211","Unassigned","Atam Valves Limited","https://atamvalves.in","readymade-fallback","HIGH","NO","N/A","sales@atamfebi.com","[General Contact Email] sales@atamfebi.com","Verified","Yes","Yes","None","Yes","Completed","Orchavate Automated Tool v1.1","Scanned 1 page. Violations: 5. Lighthouse A11y: 80/100."
"213","Unassigned","Ather Energy Limited","https://atherenergy.com","readymade-fallback","HIGH","NO","N/A","N/A","N/A","Not Found","Yes","No","Blocked (cloudflare)","No","Blocked (Bot Protection)","Orchavate Automated Tool v1.1","Blocked by Bot Protection (cloudflare)"
"216","Unassigned","Atlanta Electricals Limited","https://Not Found","readymade-fallback","HIGH","NO","N/A","info@company.com","[General Contact Email (Guessed Pattern)] info@company.com; [Investor Grievance Email (Guessed Pattern)] contact@company.com","Unverified - guessed pattern","Yes","Yes","None","Yes","Completed","Orchavate Automated Tool v1.1","Scanned 1 page. Violations: 0. Lighthouse A11y: 100/100."
"217","Unassigned","Atlas Cycles (Haryana) Limited","https://Not Found","readymade-fallback","HIGH","NO","N/A","info@company.com","[General Contact Email (Guessed Pattern)] info@company.com; [Investor Grievance Email (Guessed Pattern)] contact@company.com","Unverified - guessed pattern","Yes","Yes","None","Yes","Completed","Orchavate Automated Tool v1.1","Scanned 1 page. Violations: 0. Lighthouse A11y: 100/100."
"219","Unassigned","Atul Auto Limited","https://atulauto.co.in","readymade-fallback","HIGH","NO","N/A","info@atulauto.co.in","[Investor Grievance / Compliance Officer Email] investorrelations@atulauto.co.in; [General Contact Email] info@atulauto.co.in","Verified","Yes","Yes","None","Yes","Completed","Orchavate Automated Tool v1.1","Scanned 1 page. Violations: 18. Lighthouse A11y: 30/100."
"218","Unassigned","Atul Limited","https://atulsongaday.me","readymade-fallback","HIGH","NO","N/A","info@atulsongaday.me","[General Contact Email (Guessed Pattern)] info@atulsongaday.me; [Investor Grievance Email (Guessed Pattern)] contact@atulsongaday.me","Unverified - guessed pattern","Yes","Yes","None","Yes","Completed","Orchavate Automated Tool v1.1","Scanned 1 page. Violations: 1. Lighthouse A11y: 96/100."
"221","Unassigned","Aurionpro Solutions Limited","https://Not Found","readymade-fallback","HIGH","NO","N/A","info@company.com","[General Contact Email (Guessed Pattern)] info@company.com; [Investor Grievance Email (Guessed Pattern)] contact@company.com","Unverified - guessed pattern","Yes","Yes","None","Yes","Completed","Orchavate Automated Tool v1.1","Scanned 1 page. Violations: 0. Lighthouse A11y: 100/100."
"222","Unassigned","Aurobindo Pharma Limited","https://aurobindo.com","readymade-fallback","HIGH","NO","N/A","Life@aurobindo2.webp","[Investor Grievance / Compliance Officer Email] Life@aurobindo2.webp; [General Contact Email] Life@aurobindo2.webp","Verified","Yes","Yes","None","Yes","Completed","Orchavate Automated Tool v1.1","Scanned 1 page. Violations: 9. Lighthouse A11y: 64/100."
"223","Unassigned","Aurum PropTech Limited","https://aurumproptech.in","readymade-fallback","HIGH","NO","N/A","contact@aurumproptech.in","[General Contact Email] contact@aurumproptech.in","Verified","Yes","Yes","None","Yes","Completed","Orchavate Automated Tool v1.1","Scanned 1 page. Violations: 40. Lighthouse A11y: 30/100."
"225","Unassigned","Ausom Enterprise Limited","https://Not Found","readymade-fallback","HIGH","NO","N/A","info@company.com","[General Contact Email (Guessed Pattern)] info@company.com; [Investor Grievance Email (Guessed Pattern)] contact@company.com","Unverified - guessed pattern","Yes","Yes","None","Yes","Completed","Orchavate Automated Tool v1.1","Scanned 1 page. Violations: 0. Lighthouse A11y: 100/100."
"91","Unassigned","Authum Investment & Infrastructure Limited","https://authum.com","readymade-fallback","HIGH","NO","N/A","N/A","N/A","Not Found","Yes","No","Blocked (cloudflare)","No","Blocked (Bot Protection)","Orchavate Automated Tool v1.1","Blocked by Bot Protection (cloudflare)"
"227","Unassigned","Autoline Industries Limited","https://autolineind.com","readymade-fallback","HIGH","NO","N/A","enquiry@autolineind.com","[General Contact Email] enquiry@autolineind.com","Verified","Yes","Yes","None","Yes","Completed","Orchavate Automated Tool v1.1","Scanned 1 page. Violations: 4. Lighthouse A11y: 84/100."
"226","Unassigned","Automotive Axles Limited","https://autoaxle.com","readymade-fallback","HIGH","NO","N/A","sec@autoaxle.com","[Investor Grievance / Compliance Officer Email] sec@autoaxle.com; [General Contact Email] sec@autoaxle.com","Verified","Yes","Yes","None","Yes","Completed","Orchavate Automated Tool v1.1","Scanned 1 page. Violations: 33. Lighthouse A11y: 30/100."
"187","Unassigned","Automotive Stampings and Assemblies Limited","https://Not Found","readymade-fallback","HIGH","NO","N/A","info@company.com","[General Contact Email (Guessed Pattern)] info@company.com; [Investor Grievance Email (Guessed Pattern)] contact@company.com","Unverified - guessed pattern","Yes","Yes","None","Yes","Completed","Orchavate Automated Tool v1.1","Scanned 1 page. Violations: 0. Lighthouse A11y: 100/100."
"228","Unassigned","Avadh Sugar & Energy Limited","https://Not Found","readymade-fallback","HIGH","NO","N/A","info@company.com","[General Contact Email (Guessed Pattern)] info@company.com; [Investor Grievance Email (Guessed Pattern)] contact@company.com","Unverified - guessed pattern","Yes","Yes","None","Yes","Completed","Orchavate Automated Tool v1.1","Scanned 1 page. Violations: 0. Lighthouse A11y: 100/100."
"229","Unassigned","Avalon Technologies Limited","https://avalontec.com","readymade-fallback","HIGH","NO","N/A","info@avalontec.com","[General Contact Email] info@avalontec.com","Verified","Yes","Yes","None","Yes","Completed","Orchavate Automated Tool v1.1","Scanned 1 page. Violations: 0. Lighthouse A11y: 100/100."
"230","Unassigned","Avantel Limited","https://avantel.co","readymade-fallback","HIGH","NO","N/A","info@avantel.co","[General Contact Email (Guessed Pattern)] info@avantel.co; [Investor Grievance Email (Guessed Pattern)] contact@avantel.co","Unverified - guessed pattern","Yes","Yes","None","Yes","Completed","Orchavate Automated Tool v1.1","Scanned 1 page. Violations: 0. Lighthouse A11y: 100/100."
"231","Unassigned","Avanti Feeds Limited","https://avantifeeds.com","readymade-fallback","HIGH","NO","N/A","N/A","N/A","Not Found","Yes","No","Blocked (cloudflare)","No","Blocked (Bot Protection)","Orchavate Automated Tool v1.1","Blocked by Bot Protection (cloudflare)"
"570","Unassigned","Avenue Supermarts Limited","https://Not Found","readymade-fallback","HIGH","NO","N/A","info@company.com","[General Contact Email (Guessed Pattern)] info@company.com; [Investor Grievance Email (Guessed Pattern)] contact@company.com","Unverified - guessed pattern","Yes","Yes","None","Yes","Completed","Orchavate Automated Tool v1.1","Scanned 1 page. Violations: 0. Lighthouse A11y: 100/100."
"402","Unassigned","AvenuesAI Limited","https://Not Found","readymade-fallback","HIGH","NO","N/A","info@company.com","[General Contact Email (Guessed Pattern)] info@company.com; [Investor Grievance Email (Guessed Pattern)] contact@company.com","Unverified - guessed pattern","Yes","Yes","None","Yes","Completed","Orchavate Automated Tool v1.1","Scanned 1 page. Violations: 0. Lighthouse A11y: 100/100."
"201","Unassigned","Avio Smart Market Stack Limited","https://Not Found","readymade-fallback","HIGH","NO","N/A","info@company.com","[General Contact Email (Guessed Pattern)] info@company.com; [Investor Grievance Email (Guessed Pattern)] contact@company.com","Unverified - guessed pattern","Yes","Yes","None","Yes","Completed","Orchavate Automated Tool v1.1","Scanned 1 page. Violations: 0. Lighthouse A11y: 100/100."
"234","Unassigned","Avonmore Capital & Management Services Limited","https://avonmorecapital.in","readymade-fallback","HIGH","NO","N/A","info@almondz.com","[General Contact Email] info@almondz.com","Verified","Yes","Yes","None","Yes","Completed","Orchavate Automated Tool v1.1","Scanned 1 page. Violations: 4. Lighthouse A11y: 84/100."
"237","Unassigned","Awfis Space Solutions Limited","https://awfis.co","readymade-fallback","HIGH","NO","N/A","N/A","N/A","Not Found","Yes","No","Blocked (cloudflare)","No","Blocked (Bot Protection)","Orchavate Automated Tool v1.1","Blocked by Bot Protection (cloudflare)"
"240","Unassigned","Axis Bank Limited","https://axisbank.com","readymade-fallback","HIGH","NO","N/A","PNO@axis.bank.in","[Investor Grievance / Compliance Officer Email] PNO@axis.bank.in; [General Contact Email] PNO@axis.bank.in","Verified","Yes","Yes","None","Yes","Completed","Orchavate Automated Tool v1.1","Scanned 1 page. Violations: 40. Lighthouse A11y: 30/100."
"242","Unassigned","Axita Cotton Limited","https://axitacotton.com","readymade-fallback","HIGH","NO","N/A","info@axitacotton.com","[General Contact Email (Guessed Pattern)] info@axitacotton.com; [Investor Grievance Email (Guessed Pattern)] contact@axitacotton.com","Unverified - guessed pattern","Yes","Yes","None","Yes","Completed","Orchavate Automated Tool v1.1","Scanned 1 page. Violations: 0. Lighthouse A11y: 100/100."
"243","Unassigned","Aye Finance Limited","https://Not Found","readymade-fallback","HIGH","NO","N/A","info@company.com","[General Contact Email (Guessed Pattern)] info@company.com; [Investor Grievance Email (Guessed Pattern)] contact@company.com","Unverified - guessed pattern","Yes","Yes","None","Yes","Completed","Orchavate Automated Tool v1.1","Scanned 1 page. Violations: 0. Lighthouse A11y: 100/100."
"245","Unassigned","Azad Engineering Limited","https://azad.in","readymade-fallback","HIGH","NO","N/A","Info@azad.in","[Investor Grievance / Compliance Officer Email] cs@azad.in; [General Contact Email] Info@azad.in","Verified","Yes","Yes","None","Yes","Completed","Orchavate Automated Tool v1.1","Scanned 1 page. Violations: 5. Lighthouse A11y: 80/100."
"264","Unassigned","BALAXI PHARMACEUTICALS LIMITED","https://balaxipharma.in","readymade-fallback","HIGH","NO","N/A","N/A","N/A","Not Found","Yes","No","Blocked (cloudflare)","No","Blocked (Bot Protection)","Orchavate Automated Tool v1.1","Blocked by Bot Protection (cloudflare)"
"281","Unassigned","BASF India Limited","https://basf.com","readymade-fallback","HIGH","NO","N/A","N/A","[General Contact Email] ","Verified","Yes","Yes","None","Yes","Completed","Orchavate Automated Tool v1.1","Scanned 1 page. Violations: 43. Lighthouse A11y: 30/100."
"293","Unassigned","BCPL Railway Infrastructure Limited","https://Not Found","readymade-fallback","HIGH","NO","N/A","info@company.com","[General Contact Email (Guessed Pattern)] info@company.com; [Investor Grievance Email (Guessed Pattern)] contact@company.com","Unverified - guessed pattern","Yes","Yes","None","Yes","Completed","Orchavate Automated Tool v1.1","Scanned 1 page. Violations: 0. Lighthouse A11y: 100/100."
"339","Unassigned","BEML Land Assets Limited","https://Not Found","readymade-fallback","HIGH","NO","N/A","info@company.com","[General Contact Email (Guessed Pattern)] info@company.com; [Investor Grievance Email (Guessed Pattern)] contact@company.com","Unverified - guessed pattern","Yes","Yes","None","Yes","Completed","Orchavate Automated Tool v1.1","Scanned 1 page. Violations: 0. Lighthouse A11y: 100/100."
"302","Unassigned","BEML Limited","https://bemlindia.in","readymade-fallback","HIGH","NO","N/A","office.cio@beml.co.in","[General Contact Email] office.cio@beml.co.in","Verified","Yes","Yes","None","Yes","Completed","Orchavate Automated Tool v1.1","Scanned 1 page. Violations: 5. Lighthouse A11y: 80/100."
"308","Unassigned","BF Investment Limited","https://bfigroup.org","readymade-fallback","HIGH","NO","N/A","info@bfigroup.org","[General Contact Email] info@bfigroup.org","Verified","Yes","Yes","None","Yes","Completed","Orchavate Automated Tool v1.1","Scanned 1 page. Violations: 18. Lighthouse A11y: 30/100."
"309","Unassigned","BF Utilities Limited","https://Not Found","readymade-fallback","HIGH","NO","N/A","info@company.com","[General Contact Email (Guessed Pattern)] info@company.com; [Investor Grievance Email (Guessed Pattern)] contact@company.com","Unverified - guessed pattern","Yes","Yes","None","Yes","Completed","Orchavate Automated Tool v1.1","Scanned 1 page. Violations: 0. Lighthouse A11y: 100/100."
"310","Unassigned","BGR Energy Systems Limited","https://bgrcorp.com","readymade-fallback","HIGH","NO","N/A","info@bgrcorp.com","[General Contact Email (Guessed Pattern)] info@bgrcorp.com; [Investor Grievance Email (Guessed Pattern)] contact@bgrcorp.com","Unverified - guessed pattern","Yes","Yes","None","No","Completed","Orchavate Automated Tool v1.1","Scanned 1 page. Violations: 0. Lighthouse A11y: 100/100."
"328","Unassigned","BIL VYAPAR LIMITED","https://Not Found","readymade-fallback","HIGH","NO","N/A","info@company.com","[General Contact Email (Guessed Pattern)] info@company.com; [Investor Grievance Email (Guessed Pattern)] contact@company.com","Unverified - guessed pattern","Yes","Yes","None","Yes","Completed","Orchavate Automated Tool v1.1","Scanned 1 page. Violations: 0. Lighthouse A11y: 100/100."
"376","Unassigned","BIRLASOFT LIMITED","https://birlasoft.com","readymade-fallback","HIGH","NO","N/A","N/A","N/A","Not Found","Yes","No","Blocked (cloudflare)","No","Blocked (Bot Protection)","Orchavate Automated Tool v1.1","Blocked by Bot Protection (cloudflare)"
"337","Unassigned","BLACKBUCK LIMITED","https://blackbuck.com","readymade-fallback","HIGH","NO","N/A","N/A","N/A","Not Found","Yes","No","Blocked (cloudflare)","No","Blocked (Bot Protection)","Orchavate Automated Tool v1.1","Blocked by Bot Protection (cloudflare)"
"340","Unassigned","BLB Limited","https://blblimited.com","readymade-fallback","HIGH","NO","N/A","N/A","N/A","Not Found","Yes","No","Blocked (cloudflare)","No","Blocked (Bot Protection)","Orchavate Automated Tool v1.1","Blocked by Bot Protection (cloudflare)"
"345","Unassigned","BLS E-Services Limited","https://Not Found","readymade-fallback","HIGH","NO","N/A","info@company.com","[General Contact Email (Guessed Pattern)] info@company.com; [Investor Grievance Email (Guessed Pattern)] contact@company.com","Unverified - guessed pattern","Yes","Yes","None","Yes","Completed","Orchavate Automated Tool v1.1","Scanned 1 page. Violations: 0. Lighthouse A11y: 100/100."
"344","Unassigned","BLS International Services Limited","https://Not Found","readymade-fallback","HIGH","NO","N/A","info@company.com","[General Contact Email (Guessed Pattern)] info@company.com; [Investor Grievance Email (Guessed Pattern)] contact@company.com","Unverified - guessed pattern","Yes","Yes","None","Yes","Completed","Orchavate Automated Tool v1.1","Scanned 1 page. Violations: 0. Lighthouse A11y: 100/100."
"353","Unassigned","BMW Ventures Limited","https://bmwventures.com","readymade-fallback","HIGH","NO","N/A","N/A","N/A","Not Found","Yes","No","Blocked (cloudflare)","No","Blocked (Bot Protection)","Orchavate Automated Tool v1.1","Blocked by Bot Protection (cloudflare)"
"354","Unassigned","BN Agrochem Limited","https://Not Found","readymade-fallback","HIGH","NO","N/A","info@company.com","[General Contact Email (Guessed Pattern)] info@company.com; [Investor Grievance Email (Guessed Pattern)] contact@company.com","Unverified - guessed pattern","Yes","Yes","None","Yes","Completed","Orchavate Automated Tool v1.1","Scanned 1 page. Violations: 0. Lighthouse A11y: 100/100."
"362","Unassigned","BOROSIL RENEWABLES LIMITED","https://borosilrenewables.com","readymade-fallback","HIGH","NO","N/A","sales.lig@borosil.com","[Investor Grievance / Compliance Officer Email] brl@borosil.com; [General Contact Email] sales.lig@borosil.com","Verified","Yes","Yes","None","Yes","Completed","Orchavate Automated Tool v1.1","Scanned 1 page. Violations: 18. Lighthouse A11y: 30/100."
"364","Unassigned","BOSCH HOME COMFORT INDIA LIMITED","https://Not Found","readymade-fallback","HIGH","NO","N/A","info@company.com","[General Contact Email (Guessed Pattern)] info@company.com; [Investor Grievance Email (Guessed Pattern)] contact@company.com","Unverified - guessed pattern","Yes","Yes","None","Yes","Completed","Orchavate Automated Tool v1.1","Scanned 1 page. Violations: 0. Lighthouse A11y: 100/100."
"367","Unassigned","BPL Limited","https://bpllimited.com","readymade-fallback","HIGH","NO","N/A","N/A","N/A","Not Found","Yes","No","Blocked (cloudflare)","No","Blocked (Bot Protection)","Orchavate Automated Tool v1.1","Blocked by Bot Protection (cloudflare)"
"373","Unassigned","BSE Limited","https://bseindia.com","readymade-fallback","HIGH","NO","N/A","N/A","N/A","Not Found","Yes","No","Blocked (access denied)","No","Blocked (Bot Protection)","Orchavate Automated Tool v1.1","Blocked by Bot Protection (access denied)"
"375","Unassigned","BSL Limited","https://bslshaders.com","readymade-fallback","HIGH","NO","N/A","N/A","N/A","Not Found","Yes","No","Blocked (cloudflare)","No","Blocked (Bot Protection)","Orchavate Automated Tool v1.1","Blocked by Bot Protection (cloudflare)"
"247","Unassigned","B.A.G Films and Media Limited","https://Not Found","readymade-fallback","HIGH","NO","N/A","info@company.com","[General Contact Email (Guessed Pattern)] info@company.com; [Investor Grievance Email (Guessed Pattern)] contact@company.com","Unverified - guessed pattern","Yes","Yes","None","Yes","Completed","Orchavate Automated Tool v1.1","Scanned 1 page. Violations: 0. Lighthouse A11y: 100/100."
"289","Unassigned","B&B Triplewall Containers Limited","https://booking.com","readymade-fallback","HIGH","NO","N/A","customer.service@booking.com","[General Contact Email] customer.service@booking.com","Verified","Yes","Yes","None","Yes","Completed","Orchavate Automated Tool v1.1","Scanned 1 page. Violations: 0. Lighthouse A11y: 100/100."
"343","Unassigned","B. L. Kashyap and Sons Limited","https://Not Found","readymade-fallback","HIGH","NO","N/A","info@company.com","[General Contact Email (Guessed Pattern)] info@company.com; [Investor Grievance Email (Guessed Pattern)] contact@company.com","Unverified - guessed pattern","Yes","Yes","None","Yes","Completed","Orchavate Automated Tool v1.1","Scanned 1 page. Violations: 0. Lighthouse A11y: 100/100."
"355","Unassigned","B & A Limited","https://booking.com","readymade-fallback","HIGH","NO","N/A","customer.service@booking.com","[General Contact Email] customer.service@booking.com","Verified","Yes","Yes","None","Yes","Completed","Orchavate Automated Tool v1.1","Scanned 1 page. Violations: 0. Lighthouse A11y: 100/100."
"246","Unassigned","Bafna Pharmaceuticals Limited","https://Not Found","readymade-fallback","HIGH","NO","N/A","info@company.com","[General Contact Email (Guessed Pattern)] info@company.com; [Investor Grievance Email (Guessed Pattern)] contact@company.com","Unverified - guessed pattern","Yes","Yes","None","Yes","Completed","Orchavate Automated Tool v1.1","Scanned 1 page. Violations: 0. Lighthouse A11y: 100/100."
"248","Unassigned","Baid Finserv Limited","https://baidfinserv.com","readymade-fallback","HIGH","NO","N/A","N/A","N/A","Not Found","Yes","No","Blocked (cloudflare)","No","Blocked (Bot Protection)","Orchavate Automated Tool v1.1","Blocked by Bot Protection (cloudflare)"
"249","Unassigned","Bajaj Auto Limited","https://bajajauto.com","readymade-fallback","HIGH","NO","N/A","N/A","N/A","Not Found","Yes","No","Blocked (cloudflare)","No","Blocked (Bot Protection)","Orchavate Automated Tool v1.1","Blocked by Bot Protection (cloudflare)"
"250","Unassigned","Bajaj Consumer Care Limited","https://bajajconsumercare.com","readymade-fallback","HIGH","NO","N/A","N/A","N/A","Not Found","Yes","No","Blocked (cloudflare)","No","Blocked (Bot Protection)","Orchavate Automated Tool v1.1","Blocked by Bot Protection (cloudflare)"
"251","Unassigned","Bajaj Electricals Limited","https://bajajelectricals.com","readymade-fallback","HIGH","NO","N/A","N/A","[General Contact Email] ","Verified","Yes","Yes","None","Yes","Completed","Orchavate Automated Tool v1.1","Scanned 1 page. Violations: 17. Lighthouse A11y: 32/100."
"260","Unassigned","Bajaj Finance Limited","https://bajajhousingfinance.in","readymade-fallback","HIGH","NO","N/A","bhflwecare@bajajhousing.co.in","[General Contact Email] bhflwecare@bajajhousing.co.in","Verified","Yes","Yes","None","Yes","Completed","Orchavate Automated Tool v1.1","Scanned 1 page. Violations: 35. Lighthouse A11y: 30/100."
"252","Unassigned","Bajaj Finserv Limited","https://bajajfinserv.in","readymade-fallback","HIGH","NO","N/A","N/A","N/A","Not Found","Yes","No","Blocked (access denied)","No","Blocked (Bot Protection)","Orchavate Automated Tool v1.1","Blocked by Bot Protection (access denied)"
"253","Unassigned","Bajaj Healthcare Limited","https://bajajhealth.com","readymade-fallback","HIGH","NO","N/A","info@bajajhealth.com","[General Contact Email (Guessed Pattern)] info@bajajhealth.com; [Investor Grievance Email (Guessed Pattern)] contact@bajajhealth.com","Unverified - guessed pattern","Yes","Yes","None","Yes","Completed","Orchavate Automated Tool v1.1","Scanned 1 page. Violations: 6. Lighthouse A11y: 76/100."
"255","Unassigned","Bajaj Hindusthan Sugar Limited","https://bajajhindusthan.com","readymade-fallback","HIGH","NO","N/A","investor.helpdesk@in.mpms.mufg.com","[Investor Grievance / Compliance Officer Email] investor.helpdesk@in.mpms.mufg.com; [General Contact Email] investor.helpdesk@in.mpms.mufg.com","Verified","Yes","Yes","None","Yes","Completed","Orchavate Automated Tool v1.1","Scanned 1 page. Violations: 26. Lighthouse A11y: 30/100."
"256","Unassigned","Bajaj Holdings & Investment Limited","https://Not Found","readymade-fallback","HIGH","NO","N/A","info@company.com","[General Contact Email (Guessed Pattern)] info@company.com; [Investor Grievance Email (Guessed Pattern)] contact@company.com","Unverified - guessed pattern","Yes","Yes","None","Yes","Completed","Orchavate Automated Tool v1.1","Scanned 1 page. Violations: 0. Lighthouse A11y: 100/100."
"254","Unassigned","Bajaj Housing Finance Limited","https://bajajhousingfinance.in","readymade-fallback","HIGH","NO","N/A","bhflwecare@bajajhousing.co.in","[General Contact Email] bhflwecare@bajajhousing.co.in","Verified","Yes","Yes","None","Yes","Completed","Orchavate Automated Tool v1.1","Scanned 1 page. Violations: 35. Lighthouse A11y: 30/100."
"258","Unassigned","Bajaj Steel Industries Limited","https://bajajngp.com","readymade-fallback","HIGH","NO","N/A","info@bajajngp.com","[General Contact Email (Guessed Pattern)] info@bajajngp.com; [Investor Grievance Email (Guessed Pattern)] contact@bajajngp.com","Unverified - guessed pattern","Yes","Yes","None","Yes","Completed","Orchavate Automated Tool v1.1","Scanned 1 page. Violations: 0. Lighthouse A11y: 100/100."
"259","Unassigned","Bajel Projects Limited","https://bajelprojects.com","readymade-fallback","HIGH","NO","N/A","dematremat@in.mpms.mufg.com","[General Contact Email] dematremat@in.mpms.mufg.com","Verified","Yes","Yes","None","Yes","Completed","Orchavate Automated Tool v1.1","Scanned 1 page. Violations: 3. Lighthouse A11y: 88/100."
"268","Unassigned","Bal Pharma Limited","https://balpharma.com","readymade-fallback","HIGH","NO","N/A","info@balpharma.com","[General Contact Email] info@balpharma.com","Verified","Yes","Yes","None","Yes","Completed","Orchavate Automated Tool v1.1","Scanned 1 page. Violations: 22. Lighthouse A11y: 30/100."
"263","Unassigned","Balaji Amines Limited","https://Not Found","readymade-fallback","HIGH","NO","N/A","info@company.com","[General Contact Email (Guessed Pattern)] info@company.com; [Investor Grievance Email (Guessed Pattern)] contact@company.com","Unverified - guessed pattern","Yes","Yes","None","Yes","Completed","Orchavate Automated Tool v1.1","Scanned 1 page. Violations: 0. Lighthouse A11y: 100/100."
"262","Unassigned","Balaji Telefilms Limited","https://balajitelefilms.com","readymade-fallback","HIGH","NO","N/A","info@balajitelefilms.com","[General Contact Email (Guessed Pattern)] info@balajitelefilms.com; [Investor Grievance Email (Guessed Pattern)] contact@balajitelefilms.com","Unverified - guessed pattern","Yes","Yes","None","Yes","Completed","Orchavate Automated Tool v1.1","Scanned 1 page. Violations: 22. Lighthouse A11y: 30/100."
"266","Unassigned","Balkrishna Industries Limited","https://Not Found","readymade-fallback","HIGH","NO","N/A","info@company.com","[General Contact Email (Guessed Pattern)] info@company.com; [Investor Grievance Email (Guessed Pattern)] contact@company.com","Unverified - guessed pattern","Yes","Yes","None","Yes","Completed","Orchavate Automated Tool v1.1","Scanned 1 page. Violations: 0. Lighthouse A11y: 100/100."
"265","Unassigned","Balkrishna Paper Mills Limited","https://bpml.in","readymade-fallback","HIGH","NO","N/A","support@purvashare.com","[General Contact Email] support@purvashare.com","Verified","Yes","Yes","None","Yes","Completed","Orchavate Automated Tool v1.1","Scanned 1 page. Violations: 19. Lighthouse A11y: 30/100."
"341","Unassigned","Balmer Lawrie Investments Limited","https://blinv.com","readymade-fallback","HIGH","NO","N/A","N/A","N/A","Not Found","Yes","No","Blocked (cloudflare)","No","Blocked (Bot Protection)","Orchavate Automated Tool v1.1","Blocked by Bot Protection (cloudflare)"
"267","Unassigned","Balmer Lawrie & Company Limited","https://balmerlawrie.com","readymade-fallback","HIGH","NO","N/A","N/A","N/A","Not Found","Yes","No","Blocked (cloudflare)","No","Blocked (Bot Protection)","Orchavate Automated Tool v1.1","Blocked by Bot Protection (cloudflare)"
"269","Unassigned","Balrampur Chini Mills Limited","https://chini.com","readymade-fallback","HIGH","NO","N/A","info@chini.com","[General Contact Email (Guessed Pattern)] info@chini.com; [Investor Grievance Email (Guessed Pattern)] contact@chini.com","Unverified - guessed pattern","Yes","Yes","None","Yes","Completed","Orchavate Automated Tool v1.1","Scanned 1 page. Violations: 0. Lighthouse A11y: 100/100."
"270","Unassigned","Balu Forge Industries Limited","https://baluindustries.com","readymade-fallback","HIGH","NO","N/A","N/A","N/A","Not Found","Yes","No","Blocked (cloudflare)","No","Blocked (Bot Protection)","Orchavate Automated Tool v1.1","Blocked by Bot Protection (cloudflare)"
"271","Unassigned","Banaras Beads Limited","https://banarasbead.com","readymade-fallback","HIGH","NO","N/A","info@banarasbead.com","[General Contact Email] info@banarasbead.com","Verified","Yes","Yes","None","Yes","Completed","Orchavate Automated Tool v1.1","Scanned 1 page. Violations: 41. Lighthouse A11y: 30/100."
"273","Unassigned","Banco Products (I) Limited","https://Not Found","readymade-fallback","HIGH","NO","N/A","info@company.com","[General Contact Email (Guessed Pattern)] info@company.com; [Investor Grievance Email (Guessed Pattern)] contact@company.com","Unverified - guessed pattern","Yes","Yes","None","Yes","Completed","Orchavate Automated Tool v1.1","Scanned 1 page. Violations: 0. Lighthouse A11y: 100/100."
"274","Unassigned","Bandhan Bank Limited","https://bandhanbank.com","readymade-fallback","HIGH","NO","N/A","N/A","N/A","Not Found","Yes","No","Blocked (cloudflare)","No","Blocked (Bot Protection)","Orchavate Automated Tool v1.1","Blocked by Bot Protection (cloudflare)"
"275","Unassigned","Bang Overseas Limited","https://banggroup.com","readymade-fallback","HIGH","NO","N/A","N/A","N/A","Not Found","Yes","No","Blocked (cloudflare)","No","Blocked (Bot Protection)","Orchavate Automated Tool v1.1","Blocked by Bot Protection (cloudflare)"
"277","Unassigned","Bank of Baroda","https://bankofbaroda.in","readymade-fallback","HIGH","NO","N/A","info@bankofbaroda.in","[General Contact Email (Guessed Pattern)] info@bankofbaroda.in; [Investor Grievance Email (Guessed Pattern)] contact@bankofbaroda.in","Unverified - guessed pattern","Yes","Yes","None","Yes","Completed","Orchavate Automated Tool v1.1","Scanned 1 page. Violations: 10. Lighthouse A11y: 60/100."
"278","Unassigned","Bank of India","https://bankofindia.co.in","readymade-fallback","HIGH","NO","N/A","N/A","N/A","Not Found","Yes","No","Blocked (cloudflare)","No","Blocked (Bot Protection)","Orchavate Automated Tool v1.1","Blocked by Bot Protection (cloudflare)"
"276","Unassigned","Banka BioLoo Limited","https://Not Found","readymade-fallback","HIGH","NO","N/A","info@company.com","[General Contact Email (Guessed Pattern)] info@company.com; [Investor Grievance Email (Guessed Pattern)] contact@company.com","Unverified - guessed pattern","Yes","Yes","None","Yes","Completed","Orchavate Automated Tool v1.1","Scanned 1 page. Violations: 0. Lighthouse A11y: 100/100."
"282","Unassigned","Bannari Amman Spinning Mills Limited","https://bannarimills.com","readymade-fallback","HIGH","NO","N/A","N/A","N/A","Not Found","Yes","No","Blocked (cloudflare)","No","Blocked (Bot Protection)","Orchavate Automated Tool v1.1","Blocked by Bot Protection (cloudflare)"
"272","Unassigned","Bannari Amman Sugars Limited","https://Not Found","readymade-fallback","HIGH","NO","N/A","info@company.com","[General Contact Email (Guessed Pattern)] info@company.com; [Investor Grievance Email (Guessed Pattern)] contact@company.com","Unverified - guessed pattern","Yes","Yes","None","Yes","Completed","Orchavate Automated Tool v1.1","Scanned 1 page. Violations: 0. Lighthouse A11y: 100/100."
"279","Unassigned","Bansal Wire Industries Limited","https://Not Found","readymade-fallback","HIGH","NO","N/A","info@company.com","[General Contact Email (Guessed Pattern)] info@company.com; [Investor Grievance Email (Guessed Pattern)] contact@company.com","Unverified - guessed pattern","Yes","Yes","None","Yes","Completed","Orchavate Automated Tool v1.1","Scanned 1 page. Violations: 0. Lighthouse A11y: 100/100."
"280","Unassigned","Banswara Syntex Limited","https://banswarasyntex.com","readymade-fallback","HIGH","NO","N/A","info@banswarasyntex.com","[General Contact Email] info@banswarasyntex.com","Verified","Yes","Yes","None","Yes","Completed","Orchavate Automated Tool v1.1","Scanned 1 page. Violations: 21. Lighthouse A11y: 30/100."
"381","Unassigned","Barak Valley Cements Limited","https://barakcement.com","readymade-fallback","HIGH","NO","N/A","delhi@barakcement.com","[Investor Grievance / Compliance Officer Email] delhi@barakcement.com; [General Contact Email] delhi@barakcement.com","Verified","Yes","Yes","None","Yes","Completed","Orchavate Automated Tool v1.1","Scanned 1 page. Violations: 12. Lighthouse A11y: 52/100."
"283","Unassigned","Bata India Limited","https://batalp.com","readymade-fallback","HIGH","NO","N/A","N/A","N/A","Not Found","Yes","No","Blocked (cloudflare)","No","Blocked (Bot Protection)","Orchavate Automated Tool v1.1","Blocked by Bot Protection (cloudflare)"
"284","Unassigned","Batliboi Limited","https://batliboi.com","readymade-fallback","HIGH","NO","N/A","info@batliboi.com","[General Contact Email (Guessed Pattern)] info@batliboi.com; [Investor Grievance Email (Guessed Pattern)] contact@batliboi.com","Unverified - guessed pattern","Yes","Yes","None","Yes","Completed","Orchavate Automated Tool v1.1","Scanned 1 page. Violations: 17. Lighthouse A11y: 32/100."
"285","Unassigned","Bayer Cropscience Limited","https://bayer.rs","readymade-fallback","HIGH","NO","N/A","info@bayer.rs","[General Contact Email (Guessed Pattern)] info@bayer.rs; [Investor Grievance Email (Guessed Pattern)] contact@bayer.rs","Unverified - guessed pattern","Yes","Yes","None","Yes","Completed","Orchavate Automated Tool v1.1","Scanned 1 page. Violations: 1. Lighthouse A11y: 96/100."
"291","Unassigned","Bcl Industries Limited","https://bcl.ind.in","readymade-fallback","HIGH","NO","N/A","N/A","N/A","Not Found","Yes","No","Blocked (cloudflare)","No","Blocked (Bot Protection)","Orchavate Automated Tool v1.1","Blocked by Bot Protection (cloudflare)"
"295","Unassigned","Beardsell Limited","https://beardsell.co.in","readymade-fallback","HIGH","NO","N/A","sales@beardsell.co.in","[General Contact Email] sales@beardsell.co.in","Verified","Yes","Yes","None","Yes","Completed","Orchavate Automated Tool v1.1","Scanned 1 page. Violations: 91. Lighthouse A11y: 30/100."
"297","Unassigned","Bedmutha Industries Limited","https://bedmutha.com","readymade-fallback","HIGH","NO","N/A","info@bedmutha.com","[General Contact Email (Guessed Pattern)] info@bedmutha.com; [Investor Grievance Email (Guessed Pattern)] contact@bedmutha.com","Unverified - guessed pattern","Yes","Yes","None","Yes","Completed","Orchavate Automated Tool v1.1","Scanned 1 page. Violations: 0. Lighthouse A11y: 100/100."
"298","Unassigned","Beekay Steel Industries Limited","https://Not Found","readymade-fallback","HIGH","NO","N/A","info@company.com","[General Contact Email (Guessed Pattern)] info@company.com; [Investor Grievance Email (Guessed Pattern)] contact@company.com","Unverified - guessed pattern","Yes","Yes","None","Yes","Completed","Orchavate Automated Tool v1.1","Scanned 1 page. Violations: 0. Lighthouse A11y: 100/100."
"300","Unassigned","Bella Casa Fashion & Retail Limited","https://bellacasaretail.com","readymade-fallback","HIGH","NO","N/A","info@bellacasaretail.com","[General Contact Email (Guessed Pattern)] info@bellacasaretail.com; [Investor Grievance Email (Guessed Pattern)] contact@bellacasaretail.com","Unverified - guessed pattern","Yes","Yes","None","Yes","Completed","Orchavate Automated Tool v1.1","Scanned 1 page. Violations: 0. Lighthouse A11y: 100/100."
"301","Unassigned","Belrise Industries Limited","https://belriseindustries.com","readymade-fallback","HIGH","NO","N/A","N/A","N/A","Not Found","Yes","No","Blocked (cloudflare)","No","Blocked (Bot Protection)","Orchavate Automated Tool v1.1","Blocked by Bot Protection (cloudflare)"
"303","Unassigned","Bengal & Assam Company Limited","https://bengals.com","readymade-fallback","HIGH","NO","N/A","info@bengals.com","[General Contact Email (Guessed Pattern)] info@bengals.com; [Investor Grievance Email (Guessed Pattern)] contact@bengals.com","Unverified - guessed pattern","Yes","Yes","None","Yes","Completed","Orchavate Automated Tool v1.1","Scanned 1 page. Violations: 4. Lighthouse A11y: 84/100."
"305","Unassigned","Berger Paints (I) Limited","https://Not Found","readymade-fallback","HIGH","NO","N/A","info@company.com","[General Contact Email (Guessed Pattern)] info@company.com; [Investor Grievance Email (Guessed Pattern)] contact@company.com","Unverified - guessed pattern","Yes","Yes","None","Yes","Completed","Orchavate Automated Tool v1.1","Scanned 1 page. Violations: 0. Lighthouse A11y: 100/100."
"306","Unassigned","Best Agrolife Limited","https://bestagrolife.com","readymade-fallback","HIGH","NO","N/A","N/A","N/A","Not Found","Yes","No","Blocked (cloudflare)","No","Blocked (Bot Protection)","Orchavate Automated Tool v1.1","Blocked by Bot Protection (cloudflare)"
"307","Unassigned","Beta Drugs Limited","https://betadrugslimited.com","readymade-fallback","HIGH","NO","N/A","N/A","N/A","Not Found","Yes","No","Blocked (cloudflare)","No","Blocked (Bot Protection)","Orchavate Automated Tool v1.1","Blocked by Bot Protection (cloudflare)"
"312","Unassigned","Bhageria Industries Limited","https://Not Found","readymade-fallback","HIGH","NO","N/A","info@company.com","[General Contact Email (Guessed Pattern)] info@company.com; [Investor Grievance Email (Guessed Pattern)] contact@company.com","Unverified - guessed pattern","Yes","Yes","None","Yes","Completed","Orchavate Automated Tool v1.1","Scanned 1 page. Violations: 0. Lighthouse A11y: 100/100."
"311","Unassigned","Bhagiradha Chemicals & Industries Limited","https://Not Found","readymade-fallback","HIGH","NO","N/A","info@company.com","[General Contact Email (Guessed Pattern)] info@company.com; [Investor Grievance Email (Guessed Pattern)] contact@company.com","Unverified - guessed pattern","Yes","Yes","None","Yes","Completed","Orchavate Automated Tool v1.1","Scanned 1 page. Violations: 0. Lighthouse A11y: 100/100."
"313","Unassigned","Bhagyanagar India Limited","https://bhagyanagarindia.com","readymade-fallback","HIGH","NO","N/A","nvrao@surana.com","[General Contact Email] nvrao@surana.com","Verified","Yes","Yes","None","No","Completed","Orchavate Automated Tool v1.1","Scanned 1 page. Violations: 24. Lighthouse A11y: 30/100."
"314","Unassigned","Bhandari Hosiery Exports Limited","https://bhandariexport.com","readymade-fallback","HIGH","NO","N/A","N/A","N/A","Not Found","Yes","No","Blocked (cloudflare)","No","Blocked (Bot Protection)","Orchavate Automated Tool v1.1","Blocked by Bot Protection (cloudflare)"
"304","Unassigned","Bhansali Engineering Polymers Limited","https://bhansaliabs.com","readymade-fallback","HIGH","NO","N/A","rnt.helpdesk@in.mpms.mufg.com","[Investor Grievance / Compliance Officer Email] Investors@Bhansaliabs.com; [General Contact Email] rnt.helpdesk@in.mpms.mufg.com","Verified","Yes","Yes","None","Yes","Completed","Orchavate Automated Tool v1.1","Scanned 1 page. Violations: 6. Lighthouse A11y: 76/100."
"286","Unassigned","Bharat Bijlee Limited","https://bharatbijlee.com","readymade-fallback","HIGH","NO","N/A","info@bharatbijlee.com","[General Contact Email (Guessed Pattern)] info@bharatbijlee.com; [Investor Grievance Email (Guessed Pattern)] contact@bharatbijlee.com","Unverified - guessed pattern","Yes","Yes","None","Yes","Completed","Orchavate Automated Tool v1.1","Scanned 1 page. Violations: 14. Lighthouse A11y: 44/100."
"315","Unassigned","Bharat Coking Coal Limited","https://bcclweb.in","readymade-fallback","HIGH","NO","N/A","N/A","N/A","Not Found","Yes","No","Blocked (cloudflare)","No","Blocked (Bot Protection)","Orchavate Automated Tool v1.1","Blocked by Bot Protection (cloudflare)"
"294","Unassigned","Bharat Dynamics Limited","https://bdl-india.com","readymade-fallback","HIGH","NO","N/A","N/A","N/A","Not Found","Yes","No","Blocked (cloudflare)","No","Blocked (Bot Protection)","Orchavate Automated Tool v1.1","Blocked by Bot Protection (cloudflare)"
"299","Unassigned","Bharat Electronics Limited","https://beil.co.in","readymade-fallback","HIGH","NO","N/A","N/A","N/A","Not Found","Yes","No","Blocked (cloudflare)","No","Blocked (Bot Protection)","Orchavate Automated Tool v1.1","Blocked by Bot Protection (cloudflare)"
"316","Unassigned","Bharat Forge Limited","https://bharatforge.com","readymade-fallback","HIGH","NO","N/A","N/A","N/A","Not Found","Yes","No","Blocked (cloudflare)","No","Blocked (Bot Protection)","Orchavate Automated Tool v1.1","Blocked by Bot Protection (cloudflare)"
"317","Unassigned","Bharat Gears Limited","https://bharatgears.com","readymade-fallback","HIGH","NO","N/A","N/A","N/A","Not Found","Yes","No","Blocked (cloudflare)","No","Blocked (Bot Protection)","Orchavate Automated Tool v1.1","Blocked by Bot Protection (cloudflare)"
"323","Unassigned","Bharat Heavy Electricals Limited","https://bhel.com","readymade-fallback","HIGH","NO","N/A","investor@bigshareonline.com","[Investor Grievance / Compliance Officer Email] investor@bigshareonline.com; [General Contact Email] investor@bigshareonline.com","Verified","Yes","Yes","None","Yes","Completed","Orchavate Automated Tool v1.1","Scanned 1 page. Violations: 6. Lighthouse A11y: 76/100."
"366","Unassigned","Bharat Petroleum Corporation Limited","https://bharatpetroleum.in","readymade-fallback","HIGH","NO","N/A","info@bharatpetroleum.in","[General Contact Email (Guessed Pattern)] info@bharatpetroleum.in; [Investor Grievance Email (Guessed Pattern)] contact@bharatpetroleum.in","Unverified - guessed pattern","Yes","Yes","None","Yes","Completed","Orchavate Automated Tool v1.1","Scanned 1 page. Violations: 1. Lighthouse A11y: 96/100."
"318","Unassigned","Bharat Rasayan Limited","https://brl.in","readymade-fallback","HIGH","NO","N/A","info@brl.in","[General Contact Email (Guessed Pattern)] info@brl.in; [Investor Grievance Email (Guessed Pattern)] contact@brl.in","Unverified - guessed pattern","Yes","Yes","None","Yes","Completed","Orchavate Automated Tool v1.1","Scanned 1 page. Violations: 0. Lighthouse A11y: 100/100."
"371","Unassigned","Bharat Road Network Limited","https://Not Found","readymade-fallback","HIGH","NO","N/A","info@company.com","[General Contact Email (Guessed Pattern)] info@company.com; [Investor Grievance Email (Guessed Pattern)] contact@company.com","Unverified - guessed pattern","Yes","Yes","None","Yes","Completed","Orchavate Automated Tool v1.1","Scanned 1 page. Violations: 0. Lighthouse A11y: 100/100."
"319","Unassigned","Bharat Seats Limited","https://bharatseats.com","readymade-fallback","HIGH","NO","N/A","seats@bharatseats.net","[Investor Grievance / Compliance Officer Email] investor_relations@bharatseats.net; [General Contact Email] seats@bharatseats.net","Verified","Yes","Yes","None","Yes","Completed","Orchavate Automated Tool v1.1","Scanned 1 page. Violations: 46. Lighthouse A11y: 30/100."
"320","Unassigned","Bharat Wire Ropes Limited","https://bharatwireropes.com","readymade-fallback","HIGH","NO","N/A","N/A","N/A","Not Found","Yes","No","Blocked (cloudflare)","No","Blocked (Bot Protection)","Orchavate Automated Tool v1.1","Blocked by Bot Protection (cloudflare)"
"321","Unassigned","Bharti Airtel Limited","https://Not Found","readymade-fallback","HIGH","NO","N/A","info@company.com","[General Contact Email (Guessed Pattern)] info@company.com; [Investor Grievance Email (Guessed Pattern)] contact@company.com","Unverified - guessed pattern","Yes","Yes","None","Yes","Completed","Orchavate Automated Tool v1.1","Scanned 1 page. Violations: 0. Lighthouse A11y: 100/100."
"322","Unassigned","Bharti Hexacom Limited","https://Not Found","readymade-fallback","HIGH","NO","N/A","info@company.com","[General Contact Email (Guessed Pattern)] info@company.com; [Investor Grievance Email (Guessed Pattern)] contact@company.com","Unverified - guessed pattern","Yes","Yes","None","Yes","Completed","Orchavate Automated Tool v1.1","Scanned 1 page. Violations: 0. Lighthouse A11y: 100/100."
"327","Unassigned","Bhartiya International Limited","https://Not Found","readymade-fallback","HIGH","NO","N/A","info@company.com","[General Contact Email (Guessed Pattern)] info@company.com; [Investor Grievance Email (Guessed Pattern)] contact@company.com","Unverified - guessed pattern","Yes","Yes","None","Yes","Completed","Orchavate Automated Tool v1.1","Scanned 1 page. Violations: 0. Lighthouse A11y: 100/100."
"378","Unassigned","Bhilwara Technical Textiles Limited","https://Not Found","readymade-fallback","HIGH","NO","N/A","info@company.com","[General Contact Email (Guessed Pattern)] info@company.com; [Investor Grievance Email (Guessed Pattern)] contact@company.com","Unverified - guessed pattern","Yes","Yes","None","Yes","Completed","Orchavate Automated Tool v1.1","Scanned 1 page. Violations: 0. Lighthouse A11y: 100/100."
"325","Unassigned","Bigbloc Construction Limited","https://bigbloc.in","readymade-fallback","HIGH","NO","N/A","info@bigbloc.in","[General Contact Email (Guessed Pattern)] info@bigbloc.in; [Investor Grievance Email (Guessed Pattern)] contact@bigbloc.in","Unverified - guessed pattern","Yes","Yes","None","Yes","Completed","Orchavate Automated Tool v1.1","Scanned 1 page. Violations: 0. Lighthouse A11y: 100/100."
"326","Unassigned","Bikaji Foods International Limited","https://Not Found","readymade-fallback","HIGH","NO","N/A","info@company.com","[General Contact Email (Guessed Pattern)] info@company.com; [Investor Grievance Email (Guessed Pattern)] contact@company.com","Unverified - guessed pattern","Yes","Yes","None","Yes","Completed","Orchavate Automated Tool v1.1","Scanned 1 page. Violations: 0. Lighthouse A11y: 100/100."
"324","Unassigned","Bilcare Limited","https://bilcare.com","readymade-fallback","HIGH","NO","N/A","eu@bilcare.com","[General Contact Email] eu@bilcare.com","Verified","Yes","Yes","None","Yes","Completed","Orchavate Automated Tool v1.1","Scanned 1 page. Violations: 41. Lighthouse A11y: 30/100."
"815","Unassigned","Billionbrains Garage Ventures Limited","https://Not Found","readymade-fallback","HIGH","NO","N/A","info@company.com","[General Contact Email (Guessed Pattern)] info@company.com; [Investor Grievance Email (Guessed Pattern)] contact@company.com","Unverified - guessed pattern","Yes","Yes","None","Yes","Completed","Orchavate Automated Tool v1.1","Scanned 1 page. Violations: 0. Lighthouse A11y: 100/100."
"329","Unassigned","Bimetal Bearings Limited","https://Not Found","readymade-fallback","HIGH","NO","N/A","info@company.com","[General Contact Email (Guessed Pattern)] info@company.com; [Investor Grievance Email (Guessed Pattern)] contact@company.com","Unverified - guessed pattern","Yes","Yes","None","Yes","Completed","Orchavate Automated Tool v1.1","Scanned 1 page. Violations: 0. Lighthouse A11y: 100/100."
"330","Unassigned","Biocon Limited","https://bioconductor.org","readymade-fallback","HIGH","NO","N/A","N/A","N/A","Not Found","Yes","No","Blocked (cloudflare)","No","Blocked (Bot Protection)","Orchavate Automated Tool v1.1","Blocked by Bot Protection (cloudflare)"
"331","Unassigned","Biofil Chemicals & Pharmaceuticals Limited","https://Not Found","readymade-fallback","HIGH","NO","N/A","info@company.com","[General Contact Email (Guessed Pattern)] info@company.com; [Investor Grievance Email (Guessed Pattern)] contact@company.com","Unverified - guessed pattern","Yes","Yes","None","Yes","Completed","Orchavate Automated Tool v1.1","Scanned 1 page. Violations: 0. Lighthouse A11y: 100/100."
"335","Unassigned","BirlaNu Limited","https://Not Found","readymade-fallback","HIGH","NO","N/A","info@company.com","[General Contact Email (Guessed Pattern)] info@company.com; [Investor Grievance Email (Guessed Pattern)] contact@company.com","Unverified - guessed pattern","Yes","Yes","None","Yes","Completed","Orchavate Automated Tool v1.1","Scanned 1 page. Violations: 0. Lighthouse A11y: 100/100."
"332","Unassigned","Birla Cable Limited","https://birlacable.com","readymade-fallback","HIGH","NO","N/A","N/A","[General Contact Email] ","Verified","Yes","Yes","None","Yes","Completed","Orchavate Automated Tool v1.1","Scanned 1 page. Violations: 12. Lighthouse A11y: 52/100."
"333","Unassigned","Birla Corporation Limited","https://birlasoft.com","readymade-fallback","HIGH","NO","N/A","N/A","N/A","Not Found","Yes","No","Blocked (cloudflare)","No","Blocked (Bot Protection)","Orchavate Automated Tool v1.1","Blocked by Bot Protection (cloudflare)"
"336","Unassigned","Birla Precision Technologies Limited","https://birlaprecision.com","readymade-fallback","HIGH","NO","N/A","N/A","N/A","Not Found","Yes","No","Blocked (cloudflare)","No","Blocked (Bot Protection)","Orchavate Automated Tool v1.1","Blocked by Bot Protection (cloudflare)"
"287","Unassigned","Black Box Limited","https://blackboxstocks.com","readymade-fallback","HIGH","NO","N/A","support@blackboxstocks.com","[General Contact Email] support@blackboxstocks.com","Verified","Yes","Yes","None","Yes","Completed","Orchavate Automated Tool v1.1","Scanned 1 page. Violations: 25. Lighthouse A11y: 30/100."
"338","Unassigned","Black Rose Inds. Limited","https://Not Found","readymade-fallback","HIGH","NO","N/A","info@company.com","[General Contact Email (Guessed Pattern)] info@company.com; [Investor Grievance Email (Guessed Pattern)] contact@company.com","Unverified - guessed pattern","Yes","Yes","None","Yes","Completed","Orchavate Automated Tool v1.1","Scanned 1 page. Violations: 0. Lighthouse A11y: 100/100."
"342","Unassigned","Bliss GVS Pharma Limited","https://blissgvs.com","readymade-fallback","HIGH","NO","N/A","info@blissgvs.com","[General Contact Email] info@blissgvs.com","Verified","Yes","Yes","None","Yes","Completed","Orchavate Automated Tool v1.1","Scanned 1 page. Violations: 0. Lighthouse A11y: 100/100."
"351","Unassigned","BlueStone Jewellery and Lifestyle Limited","https://Not Found","readymade-fallback","HIGH","NO","N/A","info@company.com","[General Contact Email (Guessed Pattern)] info@company.com; [Investor Grievance Email (Guessed Pattern)] contact@company.com","Unverified - guessed pattern","Yes","Yes","None","Yes","Completed","Orchavate Automated Tool v1.1","Scanned 1 page. Violations: 0. Lighthouse A11y: 100/100."
"346","Unassigned","Blue Chip India Limited","https://bluechipgroup.net","readymade-fallback","HIGH","NO","N/A","bevsales@bluechipbev.com","[General Contact Email] bevsales@bluechipbev.com","Verified","Yes","Yes","None","Yes","Completed","Orchavate Automated Tool v1.1","Scanned 1 page. Violations: 2. Lighthouse A11y: 92/100."
"347","Unassigned","Blue Coast Hotels Limited","https://bluecoast.in","readymade-fallback","HIGH","NO","N/A","605a7baede844d278b89dc95ae0a9123@sentry-next.wixpress.com","[General Contact Email] 605a7baede844d278b89dc95ae0a9123@sentry-next.wixpress.com","Verified","Yes","Yes","None","Yes","Completed","Orchavate Automated Tool v1.1","Scanned 1 page. Violations: 1. Lighthouse A11y: 96/100."
"348","Unassigned","Blue Dart Express Limited","https://Not Found","readymade-fallback","HIGH","NO","N/A","info@company.com","[General Contact Email (Guessed Pattern)] info@company.com; [Investor Grievance Email (Guessed Pattern)] contact@company.com","Unverified - guessed pattern","Yes","Yes","None","Yes","Completed","Orchavate Automated Tool v1.1","Scanned 1 page. Violations: 0. Lighthouse A11y: 100/100."
"349","Unassigned","Blue Jet Healthcare Limited","https://bluejethealthcare.com","readymade-fallback","HIGH","NO","N/A","N/A","N/A","Not Found","Yes","No","Blocked (cloudflare)","No","Blocked (Bot Protection)","Orchavate Automated Tool v1.1","Blocked by Bot Protection (cloudflare)"
"350","Unassigned","Blue Star Limited","https://bluestarindia.com","readymade-fallback","HIGH","NO","N/A","investors@bluestarindia.com","[General Contact Email] investors@bluestarindia.com","Verified","Yes","Yes","None","Yes","Completed","Orchavate Automated Tool v1.1","Scanned 1 page. Violations: 64. Lighthouse A11y: 30/100."
"352","Unassigned","Bluspring Enterprises Limited","https://bluspringhealth.com","readymade-fallback","HIGH","NO","N/A","info@bluspringhealth.com","[General Contact Email (Guessed Pattern)] info@bluspringhealth.com; [Investor Grievance Email (Guessed Pattern)] contact@bluspringhealth.com","Unverified - guessed pattern","Yes","Yes","None","Yes","Completed","Orchavate Automated Tool v1.1","Scanned 1 page. Violations: 0. Lighthouse A11y: 100/100."
"356","Unassigned","Bodal Chemicals Limited","https://bodal.com","readymade-fallback","HIGH","NO","N/A","info@bodal.com","[General Contact Email] info@bodal.com","Verified","Yes","Yes","None","Yes","Completed","Orchavate Automated Tool v1.1","Scanned 1 page. Violations: 57. Lighthouse A11y: 30/100."
"377","Unassigned","Bodhi Tree Multimedia Limited","https://bodhitreemultimedia.com","readymade-fallback","HIGH","NO","N/A","info@bodhitreemultimedia.com","[General Contact Email] info@bodhitreemultimedia.com","Verified","Yes","Yes","None","Yes","Completed","Orchavate Automated Tool v1.1","Scanned 1 page. Violations: 32. Lighthouse A11y: 30/100."
"357","Unassigned","Bohra Industries Limited","https://bohraindustries.com","readymade-fallback","HIGH","NO","N/A","info@bohraindustries.com","[General Contact Email (Guessed Pattern)] info@bohraindustries.com; [Investor Grievance Email (Guessed Pattern)] contact@bohraindustries.com","Unverified - guessed pattern","Yes","Yes","None","Yes","Completed","Orchavate Automated Tool v1.1","Scanned 1 page. Violations: 0. Lighthouse A11y: 100/100."
"358","Unassigned","Bombay Dyeing & Mfg Company Limited","https://bombaydyeing.com","readymade-fallback","HIGH","NO","N/A","customerfeedback@bombaydyeing.com","[Investor Grievance / Compliance Officer Email] grievance_redressal_cell@bombaydyeing.com; [General Contact Email] customerfeedback@bombaydyeing.com","Verified","Yes","Yes","None","Yes","Completed","Orchavate Automated Tool v1.1","Scanned 1 page. Violations: 19. Lighthouse A11y: 30/100."
"374","Unassigned","Bombay Super Hybrid Seeds Limited","https://bombayhybridseeds.com","readymade-fallback","HIGH","NO","N/A","info@bombayhybridseeds.com","[General Contact Email (Guessed Pattern)] info@bombayhybridseeds.com; [Investor Grievance Email (Guessed Pattern)] contact@bombayhybridseeds.com","Unverified - guessed pattern","Yes","Yes","None","Yes","Completed","Orchavate Automated Tool v1.1","Scanned 1 page. Violations: 0. Lighthouse A11y: 100/100."
"359","Unassigned","Bonlon Industries Limited","https://bonlonindustries.com","readymade-fallback","HIGH","NO","N/A","info@bonlonindustries.com","[General Contact Email] info@bonlonindustries.com","Verified","Yes","Yes","None","Yes","Completed","Orchavate Automated Tool v1.1","Scanned 1 page. Violations: 2. Lighthouse A11y: 92/100."
"360","Unassigned","Borana Weaves Limited","https://Not Found","readymade-fallback","HIGH","NO","N/A","info@company.com","[General Contact Email (Guessed Pattern)] info@company.com; [Investor Grievance Email (Guessed Pattern)] contact@company.com","Unverified - guessed pattern","Yes","Yes","None","Yes","Completed","Orchavate Automated Tool v1.1","Scanned 1 page. Violations: 0. Lighthouse A11y: 100/100."
"361","Unassigned","Borosil Limited","https://myborosil.store","readymade-fallback","HIGH","NO","N/A","info@myborosil.store","[General Contact Email (Guessed Pattern)] info@myborosil.store; [Investor Grievance Email (Guessed Pattern)] contact@myborosil.store","Unverified - guessed pattern","Yes","Yes","None","Yes","Completed","Orchavate Automated Tool v1.1","Scanned 1 page. Violations: 0. Lighthouse A11y: 100/100."
"363","Unassigned","Borosil Scientific Limited","https://Not Found","readymade-fallback","HIGH","NO","N/A","info@company.com","[General Contact Email (Guessed Pattern)] info@company.com; [Investor Grievance Email (Guessed Pattern)] contact@company.com","Unverified - guessed pattern","Yes","Yes","None","Yes","Completed","Orchavate Automated Tool v1.1","Scanned 1 page. Violations: 0. Lighthouse A11y: 100/100."
"365","Unassigned","Bosch Limited","https://bosch.com","readymade-fallback","HIGH","NO","N/A","info@bosch.com","[General Contact Email (Guessed Pattern)] info@bosch.com; [Investor Grievance Email (Guessed Pattern)] contact@bosch.com","Unverified - guessed pattern","Yes","Yes","None","Yes","Completed","Orchavate Automated Tool v1.1","Scanned 1 page. Violations: 0. Lighthouse A11y: 100/100."
"691","Unassigned","Brainbees Solutions Limited","https://Not Found","readymade-fallback","HIGH","NO","N/A","info@company.com","[General Contact Email (Guessed Pattern)] info@company.com; [Investor Grievance Email (Guessed Pattern)] contact@company.com","Unverified - guessed pattern","Yes","Yes","None","Yes","Completed","Orchavate Automated Tool v1.1","Scanned 1 page. Violations: 0. Lighthouse A11y: 100/100."
"292","Unassigned","Brand Concepts Limited","https://brandconcept.cz","readymade-fallback","HIGH","NO","N/A","info@brandconcept.cz","[General Contact Email (Guessed Pattern)] info@brandconcept.cz; [Investor Grievance Email (Guessed Pattern)] contact@brandconcept.cz","Unverified - guessed pattern","Yes","Yes","None","Yes","Completed","Orchavate Automated Tool v1.1","Scanned 1 page. Violations: 25. Lighthouse A11y: 30/100."
"368","Unassigned","Brigade Enterprises Limited","https://brigadegroup.com","readymade-fallback","HIGH","NO","N/A","info@brigadegroup.com","[General Contact Email (Guessed Pattern)] info@brigadegroup.com; [Investor Grievance Email (Guessed Pattern)] contact@brigadegroup.com","Unverified - guessed pattern","Yes","Yes","None","Yes","Completed","Orchavate Automated Tool v1.1","Scanned 1 page. Violations: 1. Lighthouse A11y: 96/100."
"369","Unassigned","Brigade Hotel Ventures Limited","https://Not Found","readymade-fallback","HIGH","NO","N/A","info@company.com","[General Contact Email (Guessed Pattern)] info@company.com; [Investor Grievance Email (Guessed Pattern)] contact@company.com","Unverified - guessed pattern","Yes","Yes","None","Yes","Completed","Orchavate Automated Tool v1.1","Scanned 1 page. Violations: 0. Lighthouse A11y: 100/100."
"290","Unassigned","Brightcom Group Limited","https://brightcomgroup.com","readymade-fallback","HIGH","NO","N/A","info@brightcomgroup.com","[General Contact Email (Guessed Pattern)] info@brightcomgroup.com; [Investor Grievance Email (Guessed Pattern)] contact@brightcomgroup.com","Unverified - guessed pattern","Yes","Yes","None","Yes","Completed","Orchavate Automated Tool v1.1","Scanned 1 page. Violations: 30. Lighthouse A11y: 30/100."
"370","Unassigned","Britannia Industries Limited","https://britannia.co.in","readymade-fallback","HIGH","NO","N/A","feedback@britindia.com","[General Contact Email] feedback@britindia.com","Verified","Yes","Yes","None","Yes","Completed","Orchavate Automated Tool v1.1","Scanned 1 page. Violations: 1. Lighthouse A11y: 96/100."
"372","Unassigned","Brooks Laboratories Limited","https://brookslabs.net","readymade-fallback","HIGH","NO","N/A","N/A","N/A","Not Found","Yes","No","Blocked (cloudflare)","No","Blocked (Bot Protection)","Orchavate Automated Tool v1.1","Blocked by Bot Protection (cloudflare)"
"380","Unassigned","Butterfly Gandhimathi Appliances Limited","https://butterflygalleria.com","readymade-fallback","HIGH","NO","N/A","info@butterflygalleria.com","[General Contact Email (Guessed Pattern)] info@butterflygalleria.com; [Investor Grievance Email (Guessed Pattern)] contact@butterflygalleria.com","Unverified - guessed pattern","Yes","Yes","None","Yes","Completed","Orchavate Automated Tool v1.1","Scanned 1 page. Violations: 0. Lighthouse A11y: 100/100."
"397","Unassigned","CARE Ratings Limited","https://careratings.com","readymade-fallback","HIGH","NO","N/A","info@careratings.com","[General Contact Email (Guessed Pattern)] info@careratings.com; [Investor Grievance Email (Guessed Pattern)] contact@careratings.com","Unverified - guessed pattern","Yes","Yes","None","Yes","Completed","Orchavate Automated Tool v1.1","Scanned 1 page. Violations: 0. Lighthouse A11y: 100/100."
"400","Unassigned","CARYSIL LIMITED","https://carysil.com","readymade-fallback","HIGH","NO","N/A","info@carysil.com","[General Contact Email (Guessed Pattern)] info@carysil.com; [Investor Grievance Email (Guessed Pattern)] contact@carysil.com","Unverified - guessed pattern","Yes","Yes","None","Yes","Completed","Orchavate Automated Tool v1.1","Scanned 1 page. Violations: 0. Lighthouse A11y: 100/100."
"405","Unassigned","CCL Products (India) Limited","https://cclproducts.com","readymade-fallback","HIGH","NO","N/A","N/A","N/A","Not Found","Yes","No","Blocked (cloudflare)","No","Blocked (Bot Protection)","Orchavate Automated Tool v1.1","Blocked by Bot Protection (cloudflare)"
"407","Unassigned","CEAT Limited","https://ceat.com","readymade-fallback","HIGH","NO","N/A","N/A","N/A","Not Found","Yes","No","Blocked (cloudflare)","No","Blocked (Bot Protection)","Orchavate Automated Tool v1.1","Blocked by Bot Protection (cloudflare)"
"421","Unassigned","CESC Limited","https://cesc.co.in","readymade-fallback","HIGH","NO","N/A","info@cesc.co.in","[General Contact Email (Guessed Pattern)] info@cesc.co.in; [Investor Grievance Email (Guessed Pattern)] contact@cesc.co.in","Unverified - guessed pattern","Yes","Yes","None","Yes","Completed","Orchavate Automated Tool v1.1","Scanned 1 page. Violations: 0. Lighthouse A11y: 100/100."
"424","Unassigned","CG Power and Industrial Solutions Limited","https://cgglobal.com","readymade-fallback","HIGH","NO","N/A","info@cgglobal.com","[General Contact Email (Guessed Pattern)] info@cgglobal.com; [Investor Grievance Email (Guessed Pattern)] contact@cgglobal.com","Unverified - guessed pattern","Yes","Yes","None","Yes","Completed","Orchavate Automated Tool v1.1","Scanned 1 page. Violations: 8. Lighthouse A11y: 68/100."
"437","Unassigned","CIE Automotive India Limited","https://cieautomotive.com","readymade-fallback","HIGH","NO","N/A","ir@cieautomotive.com","[General Contact Email] ir@cieautomotive.com","Verified","Yes","Yes","None","Yes","Completed","Orchavate Automated Tool v1.1","Scanned 1 page. Violations: 11. Lighthouse A11y: 56/100."
"444","Unassigned","CL Educate Limited","https://cleducate.com","readymade-fallback","HIGH","NO","N/A","support@careerlauncher.com","[General Contact Email] support@careerlauncher.com","Verified","Yes","Yes","None","Yes","Completed","Orchavate Automated Tool v1.1","Scanned 1 page. Violations: 10. Lighthouse A11y: 60/100."
"448","Unassigned","CMR Green Technologies Limited","https://cmr.co.in","readymade-fallback","HIGH","NO","N/A","complianceofficer@cmr.co.in","[Investor Grievance / Compliance Officer Email] complianceofficer@cmr.co.in; [General Contact Email] complianceofficer@cmr.co.in","Verified","Yes","Yes","None","Yes","Completed","Orchavate Automated Tool v1.1","Scanned 1 page. Violations: 5. Lighthouse A11y: 80/100."
"449","Unassigned","CMS Info Systems Limited","https://cms.com","readymade-fallback","HIGH","NO","N/A","N/A","N/A","Not Found","Yes","No","Blocked (cloudflare)","No","Blocked (Bot Protection)","Orchavate Automated Tool v1.1","Blocked by Bot Protection (cloudflare)"
"472","Unassigned","CORONA Remedies Limited","https://coronaremedies.com","readymade-fallback","HIGH","NO","N/A","info@coronaremedies.com","[General Contact Email (Guessed Pattern)] info@coronaremedies.com; [Investor Grievance Email (Guessed Pattern)] contact@coronaremedies.com","Unverified - guessed pattern","Yes","Yes","None","Yes","Completed","Orchavate Automated Tool v1.1","Scanned 1 page. Violations: 0. Lighthouse A11y: 100/100."
"473","Unassigned","COSMO FIRST LIMITED","https://cosmofirst.com","readymade-fallback","HIGH","NO","N/A","N/A","N/A","Not Found","Yes","No","Blocked (cloudflare)","No","Blocked (Bot Protection)","Orchavate Automated Tool v1.1","Blocked by Bot Protection (cloudflare)"
"475","Unassigned","CP Capital Limited","https://cpcapital.com","readymade-fallback","HIGH","NO","N/A","info@cpcapital.com","[General Contact Email (Guessed Pattern)] info@cpcapital.com; [Investor Grievance Email (Guessed Pattern)] contact@cpcapital.com","Unverified - guessed pattern","Yes","Yes","None","Yes","Completed","Orchavate Automated Tool v1.1","Scanned 1 page. Violations: 38. Lighthouse A11y: 30/100."
"482","Unassigned","CREDITACCESS GRAMEEN LIMITED","https://creditaccessgrameen.in","readymade-fallback","HIGH","NO","N/A","info@creditaccessgrameen.in","[General Contact Email (Guessed Pattern)] info@creditaccessgrameen.in; [Investor Grievance Email (Guessed Pattern)] contact@creditaccessgrameen.in","Unverified - guessed pattern","Yes","Yes","None","Yes","Completed","Orchavate Automated Tool v1.1","Scanned 1 page. Violations: 38. Lighthouse A11y: 30/100."
"488","Unassigned","CSB Bank Limited","https://csb.co.in","readymade-fallback","HIGH","NO","N/A","info@csb.co.in","[General Contact Email (Guessed Pattern)] info@csb.co.in; [Investor Grievance Email (Guessed Pattern)] contact@csb.co.in","Unverified - guessed pattern","Yes","Yes","None","Yes","Completed","Orchavate Automated Tool v1.1","Scanned 1 page. Violations: 5. Lighthouse A11y: 80/100."
"489","Unassigned","CSL Finance Limited","https://cslfinance.in","readymade-fallback","HIGH","NO","N/A","customercare@cslfinance.in","[General Contact Email] customercare@cslfinance.in","Verified","Yes","Yes","None","Yes","Completed","Orchavate Automated Tool v1.1","Scanned 1 page. Violations: 24. Lighthouse A11y: 30/100."
"490","Unassigned","CSM Technologies Limited","https://csmonitor.com","readymade-fallback","HIGH","NO","N/A","info@csmonitor.com","[General Contact Email (Guessed Pattern)] info@csmonitor.com; [Investor Grievance Email (Guessed Pattern)] contact@csmonitor.com","Unverified - guessed pattern","Yes","Yes","None","Yes","Completed","Orchavate Automated Tool v1.1","Scanned 1 page. Violations: 26. Lighthouse A11y: 30/100."
"446","Unassigned","Caliber Mining and Logistics Limited","https://Not Found","readymade-fallback","HIGH","NO","N/A","info@company.com","[General Contact Email (Guessed Pattern)] info@company.com; [Investor Grievance Email (Guessed Pattern)] contact@company.com","Unverified - guessed pattern","Yes","Yes","None","Yes","Completed","Orchavate Automated Tool v1.1","Scanned 1 page. Violations: 0. Lighthouse A11y: 100/100."
"383","Unassigned","California Software Company Limited","https://Not Found","readymade-fallback","HIGH","NO","N/A","info@company.com","[General Contact Email (Guessed Pattern)] info@company.com; [Investor Grievance Email (Guessed Pattern)] contact@company.com","Unverified - guessed pattern","Yes","Yes","None","Yes","Completed","Orchavate Automated Tool v1.1","Scanned 1 page. Violations: 0. Lighthouse A11y: 100/100."
"491","Unassigned","Cambridge Technology Enterprises Limited","https://ctepl.com","readymade-fallback","HIGH","NO","N/A","sales@ctepl.com","[General Contact Email] sales@ctepl.com","Verified","Yes","Yes","None","Yes","Completed","Orchavate Automated Tool v1.1","Scanned 1 page. Violations: 2. Lighthouse A11y: 92/100."
"384","Unassigned","Camlin Fine Sciences Limited","https://camlinfs.com","readymade-fallback","HIGH","NO","N/A","info@camlinfs.com","[General Contact Email (Guessed Pattern)] info@camlinfs.com; [Investor Grievance Email (Guessed Pattern)] contact@camlinfs.com","Unverified - guessed pattern","Yes","Yes","None","Yes","Completed","Orchavate Automated Tool v1.1","Scanned 1 page. Violations: 0. Lighthouse A11y: 100/100."
"385","Unassigned","Campus Activewear Limited","https://campusactivewear.com","readymade-fallback","HIGH","NO","N/A","info@campusactivewear.com","[General Contact Email (Guessed Pattern)] info@campusactivewear.com; [Investor Grievance Email (Guessed Pattern)] contact@campusactivewear.com","Unverified - guessed pattern","Yes","Yes","None","Yes","Completed","Orchavate Automated Tool v1.1","Scanned 1 page. Violations: 2. Lighthouse A11y: 92/100."
"388","Unassigned","Can Fin Homes Limited","https://canfinhomes.com","readymade-fallback","HIGH","NO","N/A","customercare@canfinhomes.com","[General Contact Email] customercare@canfinhomes.com","Verified","Yes","Yes","None","Yes","Completed","Orchavate Automated Tool v1.1","Scanned 1 page. Violations: 84. Lighthouse A11y: 30/100."
"387","Unassigned","Canara Bank","https://canarabank.com","readymade-fallback","HIGH","NO","N/A","N/A","N/A","Not Found","Yes","No","Blocked (cloudflare)","No","Blocked (Bot Protection)","Orchavate Automated Tool v1.1","Blocked by Bot Protection (cloudflare)"
"389","Unassigned","Canara HSBC Life Insurance Company Limited","https://Not Found","readymade-fallback","HIGH","NO","N/A","info@company.com","[General Contact Email (Guessed Pattern)] info@company.com; [Investor Grievance Email (Guessed Pattern)] contact@company.com","Unverified - guessed pattern","Yes","Yes","None","Yes","Completed","Orchavate Automated Tool v1.1","Scanned 1 page. Violations: 0. Lighthouse A11y: 100/100."
"480","Unassigned","Canara Robeco Asset Management Company Limited","https://Not Found","readymade-fallback","HIGH","NO","N/A","info@company.com","[General Contact Email (Guessed Pattern)] info@company.com; [Investor Grievance Email (Guessed Pattern)] contact@company.com","Unverified - guessed pattern","Yes","Yes","None","Yes","Completed","Orchavate Automated Tool v1.1","Scanned 1 page. Violations: 0. Lighthouse A11y: 100/100."
"390","Unassigned","Cantabil Retail India Limited","https://Not Found","readymade-fallback","HIGH","NO","N/A","info@company.com","[General Contact Email (Guessed Pattern)] info@company.com; [Investor Grievance Email (Guessed Pattern)] contact@company.com","Unverified - guessed pattern","Yes","Yes","None","Yes","Completed","Orchavate Automated Tool v1.1","Scanned 1 page. Violations: 0. Lighthouse A11y: 100/100."
"391","Unassigned","Capacit'e Infraprojects Limited","https://Not Found","readymade-fallback","HIGH","NO","N/A","info@company.com","[General Contact Email (Guessed Pattern)] info@company.com; [Investor Grievance Email (Guessed Pattern)] contact@company.com","Unverified - guessed pattern","Yes","Yes","None","Yes","Completed","Orchavate Automated Tool v1.1","Scanned 1 page. Violations: 0. Lighthouse A11y: 100/100."
"392","Unassigned","Capillary Technologies India Limited","https://capillarytech.com","readymade-fallback","HIGH","NO","N/A","N/A","N/A","Not Found","Yes","No","Blocked (cloudflare)","No","Blocked (Bot Protection)","Orchavate Automated Tool v1.1","Blocked by Bot Protection (cloudflare)"
"438","Unassigned","Capital India Finance Limited","https://capitalindia.com","readymade-fallback","HIGH","NO","N/A","info@capitalindia.com","[General Contact Email (Guessed Pattern)] info@capitalindia.com; [Investor Grievance Email (Guessed Pattern)] contact@capitalindia.com","Unverified - guessed pattern","Yes","Yes","None","Yes","Completed","Orchavate Automated Tool v1.1","Scanned 1 page. Violations: 17. Lighthouse A11y: 32/100."
"393","Unassigned","Capital Small Finance Bank Limited","https://capitalbank.co.in","readymade-fallback","HIGH","NO","N/A","info@capitalbank.co.in","[General Contact Email (Guessed Pattern)] info@capitalbank.co.in; [Investor Grievance Email (Guessed Pattern)] contact@capitalbank.co.in","Unverified - guessed pattern","Yes","Yes","None","Yes","Completed","Orchavate Automated Tool v1.1","Scanned 1 page. Violations: 0. Lighthouse A11y: 100/100."
"395","Unassigned","Capital Trust Limited","https://capitaltrust.lk","readymade-fallback","HIGH","NO","N/A","trading@capitaltrust.lk","[General Contact Email] trading@capitaltrust.lk","Verified","Yes","Yes","None","Yes","Completed","Orchavate Automated Tool v1.1","Scanned 1 page. Violations: 34. Lighthouse A11y: 30/100."
"394","Unassigned","Caplin Point Laboratories Limited","https://caplinonco.com","readymade-fallback","HIGH","NO","N/A","info@caplinonco.com","[General Contact Email (Guessed Pattern)] info@caplinonco.com; [Investor Grievance Email (Guessed Pattern)] contact@caplinonco.com","Unverified - guessed pattern","Yes","Yes","None","Yes","Completed","Orchavate Automated Tool v1.1","Scanned 1 page. Violations: 0. Lighthouse A11y: 100/100."
"423","Unassigned","Capri Global Capital Limited","https://Not Found","readymade-fallback","HIGH","NO","N/A","info@company.com","[General Contact Email (Guessed Pattern)] info@company.com; [Investor Grievance Email (Guessed Pattern)] contact@company.com","Unverified - guessed pattern","Yes","Yes","None","Yes","Completed","Orchavate Automated Tool v1.1","Scanned 1 page. Violations: 0. Lighthouse A11y: 100/100."
"477","Unassigned","Captain Polyplast Limited","https://captainpolyplast.com","readymade-fallback","HIGH","NO","N/A","sales@captainpolyplast.in","[Investor Grievance / Compliance Officer Email] sales@captainpolyplast.in; [General Contact Email] sales@captainpolyplast.in","Verified","Yes","Yes","None","Yes","Completed","Orchavate Automated Tool v1.1","Scanned 1 page. Violations: 3. Lighthouse A11y: 88/100."
"396","Unassigned","Carborundum Universal Limited","https://Not Found","readymade-fallback","HIGH","NO","N/A","info@company.com","[General Contact Email (Guessed Pattern)] info@company.com; [Investor Grievance Email (Guessed Pattern)] contact@company.com","Unverified - guessed pattern","Yes","Yes","None","Yes","Completed","Orchavate Automated Tool v1.1","Scanned 1 page. Violations: 0. Lighthouse A11y: 100/100."
"476","Unassigned","Career Point Edutech Limited","https://Not Found","readymade-fallback","HIGH","NO","N/A","info@company.com","[General Contact Email (Guessed Pattern)] info@company.com; [Investor Grievance Email (Guessed Pattern)] contact@company.com","Unverified - guessed pattern","Yes","Yes","None","Yes","Completed","Orchavate Automated Tool v1.1","Scanned 1 page. Violations: 0. Lighthouse A11y: 100/100."
"398","Unassigned","Carraro India Limited","https://carrarobisiklet.com","readymade-fallback","HIGH","NO","N/A","info@carrarobisiklet.com","[General Contact Email (Guessed Pattern)] info@carrarobisiklet.com; [Investor Grievance Email (Guessed Pattern)] contact@carrarobisiklet.com","Unverified - guessed pattern","Yes","Yes","None","Yes","Completed","Orchavate Automated Tool v1.1","Scanned 1 page. Violations: 16. Lighthouse A11y: 36/100."
"399","Unassigned","Cartrade Tech Limited","https://cartradetech.com","readymade-fallback","HIGH","NO","N/A","rnt.helpdesk@in.mpms.mufg.com","[Investor Grievance / Compliance Officer Email] rnt.helpdesk@in.mpms.mufg.com; [General Contact Email] rnt.helpdesk@in.mpms.mufg.com","Verified","Yes","Yes","None","Yes","Completed","Orchavate Automated Tool v1.1","Scanned 1 page. Violations: 6. Lighthouse A11y: 76/100."
"401","Unassigned","Castrol India Limited","https://castrol.com","readymade-fallback","HIGH","NO","N/A","info@castrol.com","[General Contact Email (Guessed Pattern)] info@castrol.com; [Investor Grievance Email (Guessed Pattern)] contact@castrol.com","Unverified - guessed pattern","Yes","Yes","None","Yes","Completed","Orchavate Automated Tool v1.1","Scanned 1 page. Violations: 0. Lighthouse A11y: 100/100."
"408","Unassigned","Ceigall India Limited","https://ceigall.com","readymade-fallback","HIGH","NO","N/A","N/A","N/A","Not Found","Yes","No","Blocked (cloudflare)","No","Blocked (Bot Protection)","Orchavate Automated Tool v1.1","Blocked by Bot Protection (cloudflare)"
"409","Unassigned","Ceinsys Tech Limited","https://Not Found","readymade-fallback","HIGH","NO","N/A","info@company.com","[General Contact Email (Guessed Pattern)] info@company.com; [Investor Grievance Email (Guessed Pattern)] contact@company.com","Unverified - guessed pattern","Yes","Yes","None","Yes","Completed","Orchavate Automated Tool v1.1","Scanned 1 page. Violations: 0. Lighthouse A11y: 100/100."
"410","Unassigned","Celebrity Fashions Limited","https://Not Found","readymade-fallback","HIGH","NO","N/A","info@company.com","[General Contact Email (Guessed Pattern)] info@company.com; [Investor Grievance Email (Guessed Pattern)] contact@company.com","Unverified - guessed pattern","Yes","Yes","None","Yes","Completed","Orchavate Automated Tool v1.1","Scanned 1 page. Violations: 0. Lighthouse A11y: 100/100."
"411","Unassigned","Cello World Limited","https://celloworld.com","readymade-fallback","HIGH","NO","N/A","u003ecellosupport@celloworld.com","[General Contact Email] u003ecellosupport@celloworld.com","Verified","Yes","Yes","None","Yes","Completed","Orchavate Automated Tool v1.1","Scanned 1 page. Violations: 21. Lighthouse A11y: 30/100."
"412","Unassigned","Cemindia Projects Limited","https://Not Found","readymade-fallback","HIGH","NO","N/A","info@company.com","[General Contact Email (Guessed Pattern)] info@company.com; [Investor Grievance Email (Guessed Pattern)] contact@company.com","Unverified - guessed pattern","Yes","Yes","None","Yes","Completed","Orchavate Automated Tool v1.1","Scanned 1 page. Violations: 0. Lighthouse A11y: 100/100."
"415","Unassigned","Central Bank of India","https://centralbank.net.in","readymade-fallback","HIGH","NO","N/A","info@centralbank.net.in","[General Contact Email (Guessed Pattern)] info@centralbank.net.in; [Investor Grievance Email (Guessed Pattern)] contact@centralbank.net.in","Unverified - guessed pattern","Yes","Yes","None","Yes","Completed","Orchavate Automated Tool v1.1","Scanned 1 page. Violations: 64. Lighthouse A11y: 30/100."
"406","Unassigned","Central Depository Services (India) Limited","https://Not Found","readymade-fallback","HIGH","NO","N/A","info@company.com","[General Contact Email (Guessed Pattern)] info@company.com; [Investor Grievance Email (Guessed Pattern)] contact@company.com","Unverified - guessed pattern","Yes","Yes","None","Yes","Completed","Orchavate Automated Tool v1.1","Scanned 1 page. Violations: 0. Lighthouse A11y: 100/100."
"447","Unassigned","Central Mine Planning & Design Institute Limited","https://Not Found","readymade-fallback","HIGH","NO","N/A","info@company.com","[General Contact Email (Guessed Pattern)] info@company.com; [Investor Grievance Email (Guessed Pattern)] contact@company.com","Unverified - guessed pattern","Yes","Yes","None","Yes","Completed","Orchavate Automated Tool v1.1","Scanned 1 page. Violations: 0. Lighthouse A11y: 100/100."
"416","Unassigned","Centrum Capital Limited","https://Not Found","readymade-fallback","HIGH","NO","N/A","info@company.com","[General Contact Email (Guessed Pattern)] info@company.com; [Investor Grievance Email (Guessed Pattern)] contact@company.com","Unverified - guessed pattern","Yes","Yes","None","Yes","Completed","Orchavate Automated Tool v1.1","Scanned 1 page. Violations: 0. Lighthouse A11y: 100/100."
"417","Unassigned","Centum Electronics Limited","https://centumelectronics.com","readymade-fallback","HIGH","NO","N/A","info@centumelectronics.com","[General Contact Email (Guessed Pattern)] info@centumelectronics.com; [Investor Grievance Email (Guessed Pattern)] contact@centumelectronics.com","Unverified - guessed pattern","Yes","Yes","None","Yes","Completed","Orchavate Automated Tool v1.1","Scanned 1 page. Violations: 0. Lighthouse A11y: 100/100."
"413","Unassigned","Century Enka Limited","https://centuryenka.com","readymade-fallback","HIGH","NO","N/A","N/A","N/A","Not Found","Yes","No","Blocked (cloudflare)","No","Blocked (Bot Protection)","Orchavate Automated Tool v1.1","Blocked by Bot Protection (cloudflare)"
"414","Unassigned","Century Extrusions Limited","https://centuryextrusions.com","readymade-fallback","HIGH","NO","N/A","enquiry@centuryextrusions.com","[Investor Grievance / Compliance Officer Email] info@centuryextrusions.com; [General Contact Email] enquiry@centuryextrusions.com","Verified","Yes","Yes","None","Yes","Completed","Orchavate Automated Tool v1.1","Scanned 1 page. Violations: 15. Lighthouse A11y: 40/100."
"418","Unassigned","Century Plyboards (India) Limited","https://centuryply.com","readymade-fallback","HIGH","NO","N/A","email@email.com","[General Contact Email] email@email.com","Verified","Yes","Yes","None","Yes","Completed","Orchavate Automated Tool v1.1","Scanned 1 page. Violations: 20. Lighthouse A11y: 30/100."
"419","Unassigned","Cera Sanitaryware Limited","https://Not Found","readymade-fallback","HIGH","NO","N/A","info@company.com","[General Contact Email (Guessed Pattern)] info@company.com; [Investor Grievance Email (Guessed Pattern)] contact@company.com","Unverified - guessed pattern","Yes","Yes","None","Yes","Completed","Orchavate Automated Tool v1.1","Scanned 1 page. Violations: 0. Lighthouse A11y: 100/100."
"420","Unassigned","Cerebra Integrated Technologies Limited","https://Not Found","readymade-fallback","HIGH","NO","N/A","info@company.com","[General Contact Email (Guessed Pattern)] info@company.com; [Investor Grievance Email (Guessed Pattern)] contact@company.com","Unverified - guessed pattern","Yes","Yes","None","Yes","Completed","Orchavate Automated Tool v1.1","Scanned 1 page. Violations: 0. Lighthouse A11y: 100/100."
"425","Unassigned","Chalet Hotels Limited","https://chalethotels.com","readymade-fallback","HIGH","NO","N/A","info@chalethotels.com","[General Contact Email (Guessed Pattern)] info@chalethotels.com; [Investor Grievance Email (Guessed Pattern)] contact@chalethotels.com","Unverified - guessed pattern","Yes","Yes","None","Yes","Completed","Orchavate Automated Tool v1.1","Scanned 1 page. Violations: 0. Lighthouse A11y: 100/100."
"445","Unassigned","Chaman Lal Setia Exports Limited","https://Not Found","readymade-fallback","HIGH","NO","N/A","info@company.com","[General Contact Email (Guessed Pattern)] info@company.com; [Investor Grievance Email (Guessed Pattern)] contact@company.com","Unverified - guessed pattern","Yes","Yes","None","Yes","Completed","Orchavate Automated Tool v1.1","Scanned 1 page. Violations: 0. Lighthouse A11y: 100/100."
"426","Unassigned","Chambal Fertilizers & Chemicals Limited","https://Not Found","readymade-fallback","HIGH","NO","N/A","info@company.com","[General Contact Email (Guessed Pattern)] info@company.com; [Investor Grievance Email (Guessed Pattern)] contact@company.com","Unverified - guessed pattern","Yes","Yes","None","Yes","Completed","Orchavate Automated Tool v1.1","Scanned 1 page. Violations: 0. Lighthouse A11y: 100/100."
"428","Unassigned","Chembond Chemicals Limited","https://chembondindia.com","readymade-fallback","HIGH","NO","N/A","N/A","N/A","Not Found","Yes","No","Blocked (cloudflare)","No","Blocked (Bot Protection)","Orchavate Automated Tool v1.1","Blocked by Bot Protection (cloudflare)"
"427","Unassigned","Chembond Material Technologies Limited","https://chembondmatech.com","readymade-fallback","HIGH","NO","N/A","info@chembondmatech.com","[General Contact Email] info@chembondmatech.com","Verified","Yes","Yes","None","Yes","Completed","Orchavate Automated Tool v1.1","Scanned 1 page. Violations: 6. Lighthouse A11y: 76/100."
"429","Unassigned","Chemcon Speciality Chemicals Limited","https://cscpl.com","readymade-fallback","HIGH","NO","N/A","N/A","N/A","Not Found","Yes","No","Blocked (cloudflare)","No","Blocked (Bot Protection)","Orchavate Automated Tool v1.1","Blocked by Bot Protection (cloudflare)"
"430","Unassigned","Chemfab Alkalis Limited","https://chemfabalkalis.com","readymade-fallback","HIGH","NO","N/A","ccalpvcomktg@drraoholdings.com","[Investor Grievance / Compliance Officer Email] corporate@ccal.in; [General Contact Email] ccalpvcomktg@drraoholdings.com","Verified","Yes","Yes","None","Yes","Completed","Orchavate Automated Tool v1.1","Scanned 1 page. Violations: 42. Lighthouse A11y: 30/100."
"431","Unassigned","Chemplast Sanmar Limited","https://chemplastsanmar.com","readymade-fallback","HIGH","NO","N/A","info@chemplastsanmar.com","[General Contact Email (Guessed Pattern)] info@chemplastsanmar.com; [Investor Grievance Email (Guessed Pattern)] contact@chemplastsanmar.com","Unverified - guessed pattern","Yes","Yes","None","Yes","Completed","Orchavate Automated Tool v1.1","Scanned 1 page. Violations: 12. Lighthouse A11y: 52/100."
"432","Unassigned","Chennai Petroleum Corporation Limited","https://Not Found","readymade-fallback","HIGH","NO","N/A","info@company.com","[General Contact Email (Guessed Pattern)] info@company.com; [Investor Grievance Email (Guessed Pattern)] contact@company.com","Unverified - guessed pattern","Yes","Yes","None","Yes","Completed","Orchavate Automated Tool v1.1","Scanned 1 page. Violations: 0. Lighthouse A11y: 100/100."
"433","Unassigned","Cheviot Company Limited","https://Not Found","readymade-fallback","HIGH","NO","N/A","info@company.com","[General Contact Email (Guessed Pattern)] info@company.com; [Investor Grievance Email (Guessed Pattern)] contact@company.com","Unverified - guessed pattern","Yes","Yes","None","Yes","Completed","Orchavate Automated Tool v1.1","Scanned 1 page. Violations: 0. Lighthouse A11y: 100/100."
"434","Unassigned","Choice International Limited","https://choiceagencyins.com","readymade-fallback","HIGH","NO","N/A","info@choiceagencyins.com","[General Contact Email (Guessed Pattern)] info@choiceagencyins.com; [Investor Grievance Email (Guessed Pattern)] contact@choiceagencyins.com","Unverified - guessed pattern","Yes","Yes","None","Yes","Completed","Orchavate Automated Tool v1.1","Scanned 1 page. Violations: 0. Lighthouse A11y: 100/100."
"436","Unassigned","Cholamandalam Financial Holdings Limited","https://Not Found","readymade-fallback","HIGH","NO","N/A","info@company.com","[General Contact Email (Guessed Pattern)] info@company.com; [Investor Grievance Email (Guessed Pattern)] contact@company.com","Unverified - guessed pattern","Yes","Yes","None","Yes","Completed","Orchavate Automated Tool v1.1","Scanned 1 page. Violations: 0. Lighthouse A11y: 100/100."
"435","Unassigned","Cholamandalam Investment and Finance Company Limited","https://cholamandalam.com","readymade-fallback","HIGH","NO","N/A","info@cholamandalam.com","[General Contact Email (Guessed Pattern)] info@cholamandalam.com; [Investor Grievance Email (Guessed Pattern)] contact@cholamandalam.com","Unverified - guessed pattern","Yes","Yes","None","Yes","Completed","Orchavate Automated Tool v1.1","Scanned 1 page. Violations: 0. Lighthouse A11y: 100/100."
"439","Unassigned","Cineline India Limited","https://cineline.pl","readymade-fallback","HIGH","NO","N/A","office@cineline.pl","[General Contact Email] office@cineline.pl","Verified","Yes","Yes","None","Yes","Completed","Orchavate Automated Tool v1.1","Scanned 1 page. Violations: 2. Lighthouse A11y: 92/100."
"440","Unassigned","Cinevista Limited","https://cinevistablog.com","readymade-fallback","HIGH","NO","N/A","N/A","N/A","Not Found","Yes","No","Blocked (cloudflare)","No","Blocked (Bot Protection)","Orchavate Automated Tool v1.1","Blocked by Bot Protection (cloudflare)"
"441","Unassigned","Cipla Limited","https://cipla.com","readymade-fallback","HIGH","NO","N/A","info@cipla.com","[General Contact Email (Guessed Pattern)] info@cipla.com; [Investor Grievance Email (Guessed Pattern)] contact@cipla.com","Unverified - guessed pattern","Yes","Yes","None","Yes","Completed","Orchavate Automated Tool v1.1","Scanned 1 page. Violations: 14. Lighthouse A11y: 44/100."
"492","Unassigned","City Union Bank Limited","https://cityunionbank.com","readymade-fallback","HIGH","NO","N/A","customercare@cityunionbank.in","[General Contact Email] customercare@cityunionbank.in","Verified","Yes","Yes","None","Yes","Completed","Orchavate Automated Tool v1.1","Scanned 1 page. Violations: 38. Lighthouse A11y: 30/100."
"443","Unassigned","Clean Max Enviro Energy Solutions Limited","https://Not Found","readymade-fallback","HIGH","NO","N/A","info@company.com","[General Contact Email (Guessed Pattern)] info@company.com; [Investor Grievance Email (Guessed Pattern)] contact@company.com","Unverified - guessed pattern","Yes","Yes","None","Yes","Completed","Orchavate Automated Tool v1.1","Scanned 1 page. Violations: 0. Lighthouse A11y: 100/100."
"442","Unassigned","Clean Science and Technology Limited","https://cleanscience.co.in","readymade-fallback","HIGH","NO","N/A","N/A","N/A","Not Found","Yes","No","Blocked (cloudflare)","No","Blocked (Bot Protection)","Orchavate Automated Tool v1.1","Blocked by Bot Protection (cloudflare)"
"451","Unassigned","Coal India Limited","https://coalindia.in","readymade-fallback","HIGH","NO","N/A","info@coalindia.in","[General Contact Email (Guessed Pattern)] info@coalindia.in; [Investor Grievance Email (Guessed Pattern)] contact@coalindia.in","Unverified - guessed pattern","Yes","Yes","None","Yes","Completed","Orchavate Automated Tool v1.1","Scanned 1 page. Violations: 0. Lighthouse A11y: 100/100."
"452","Unassigned","Coastal Corporation Limited","https://coastal24.com","readymade-fallback","HIGH","NO","N/A","N/A","N/A","Not Found","Yes","No","Blocked (cloudflare)","No","Blocked (Bot Protection)","Orchavate Automated Tool v1.1","Blocked by Bot Protection (cloudflare)"
"453","Unassigned","Cochin Shipyard Limited","https://cochinshipyard.in","readymade-fallback","HIGH","NO","N/A","nagesh.krishnamoorthy@cochinshipyard.in","[Investor Grievance / Compliance Officer Email] investor.helpdesk@in.mpms.mufg.com; [General Contact Email] nagesh.krishnamoorthy@cochinshipyard.in","Verified","Yes","Yes","None","Yes","Completed","Orchavate Automated Tool v1.1","Scanned 1 page. Violations: 3. Lighthouse A11y: 88/100."
"455","Unassigned","Coffee Day Enterprises Limited","https://coffeedays.net","readymade-fallback","HIGH","NO","N/A","info@coffeedays.net","[General Contact Email (Guessed Pattern)] info@coffeedays.net; [Investor Grievance Email (Guessed Pattern)] contact@coffeedays.net","Unverified - guessed pattern","Yes","Yes","None","Yes","Completed","Orchavate Automated Tool v1.1","Scanned 1 page. Violations: 40. Lighthouse A11y: 30/100."
"456","Unassigned","Coforge Limited","https://coforge.com","readymade-fallback","HIGH","NO","N/A","info@coforge.com","[General Contact Email (Guessed Pattern)] info@coforge.com; [Investor Grievance Email (Guessed Pattern)] contact@coforge.com","Unverified - guessed pattern","Yes","Yes","None","Yes","Completed","Orchavate Automated Tool v1.1","Scanned 1 page. Violations: 26. Lighthouse A11y: 30/100."
"457","Unassigned","Cohance Lifesciences Limited","https://cohance.com","readymade-fallback","HIGH","NO","N/A","info@cohance.com","[General Contact Email (Guessed Pattern)] info@cohance.com; [Investor Grievance Email (Guessed Pattern)] contact@cohance.com","Unverified - guessed pattern","Yes","Yes","None","Yes","Completed","Orchavate Automated Tool v1.1","Scanned 1 page. Violations: 0. Lighthouse A11y: 100/100."
"458","Unassigned","Colgate Palmolive (India) Limited","https://colgatepalmolive.com","readymade-fallback","HIGH","NO","N/A","N/A","N/A","Not Found","Yes","No","Blocked (akamai)","No","Blocked (Bot Protection)","Orchavate Automated Tool v1.1","Blocked by Bot Protection (akamai)"
"459","Unassigned","Comfort Intech Limited","https://comfortintech.com","readymade-fallback","HIGH","NO","N/A","info@comfortintech.com","[General Contact Email (Guessed Pattern)] info@comfortintech.com; [Investor Grievance Email (Guessed Pattern)] contact@comfortintech.com","Unverified - guessed pattern","Yes","Yes","None","Yes","Completed","Orchavate Automated Tool v1.1","Scanned 1 page. Violations: 2. Lighthouse A11y: 92/100."
"462","Unassigned","Commercial Syn Bags Limited","https://comsyn.com","readymade-fallback","HIGH","NO","N/A","N/A","N/A","Not Found","Yes","No","Blocked (cloudflare)","No","Blocked (Bot Protection)","Orchavate Automated Tool v1.1","Blocked by Bot Protection (cloudflare)"
"460","Unassigned","Compuage Infocom Limited","https://compuageindia.com","readymade-fallback","HIGH","NO","N/A","info@compuageindia.com","[General Contact Email (Guessed Pattern)] info@compuageindia.com; [Investor Grievance Email (Guessed Pattern)] contact@compuageindia.com","Unverified - guessed pattern","Yes","Yes","None","Yes","Completed","Orchavate Automated Tool v1.1","Scanned 1 page. Violations: 0. Lighthouse A11y: 100/100."
"461","Unassigned","Compucom Software Limited","https://Not Found","readymade-fallback","HIGH","NO","N/A","info@company.com","[General Contact Email (Guessed Pattern)] info@company.com; [Investor Grievance Email (Guessed Pattern)] contact@company.com","Unverified - guessed pattern","Yes","Yes","None","Yes","Completed","Orchavate Automated Tool v1.1","Scanned 1 page. Violations: 0. Lighthouse A11y: 100/100."
"386","Unassigned","Computer Age Management Services Limited","https://camsonline.com","readymade-fallback","HIGH","NO","N/A","info@camsonline.com","[General Contact Email (Guessed Pattern)] info@camsonline.com; [Investor Grievance Email (Guessed Pattern)] contact@camsonline.com","Unverified - guessed pattern","Yes","Yes","None","Yes","Completed","Orchavate Automated Tool v1.1","Scanned 1 page. Violations: 0. Lighthouse A11y: 100/100."
"464","Unassigned","Concord Biotech Limited","https://concordbiotech.com","readymade-fallback","HIGH","NO","N/A","info@concordbiotech.com","[General Contact Email (Guessed Pattern)] info@concordbiotech.com; [Investor Grievance Email (Guessed Pattern)] contact@concordbiotech.com","Unverified - guessed pattern","Yes","Yes","None","Yes","Completed","Orchavate Automated Tool v1.1","Scanned 1 page. Violations: 0. Lighthouse A11y: 100/100."
"422","Unassigned","Concord Enviro Systems Limited","https://Not Found","readymade-fallback","HIGH","NO","N/A","info@company.com","[General Contact Email (Guessed Pattern)] info@company.com; [Investor Grievance Email (Guessed Pattern)] contact@company.com","Unverified - guessed pattern","Yes","Yes","None","Yes","Completed","Orchavate Automated Tool v1.1","Scanned 1 page. Violations: 0. Lighthouse A11y: 100/100."
"465","Unassigned","Confidence Petroleum India Limited","https://confidencegroup.co","readymade-fallback","HIGH","NO","N/A","N/A","N/A","Not Found","Yes","No","Blocked (cloudflare)","No","Blocked (Bot Protection)","Orchavate Automated Tool v1.1","Blocked by Bot Protection (cloudflare)"
"403","Unassigned","Consolidated Construction Consortium Limited","https://Not Found","readymade-fallback","HIGH","NO","N/A","info@company.com","[General Contact Email (Guessed Pattern)] info@company.com; [Investor Grievance Email (Guessed Pattern)] contact@company.com","Unverified - guessed pattern","Yes","Yes","None","Yes","Completed","Orchavate Automated Tool v1.1","Scanned 1 page. Violations: 0. Lighthouse A11y: 100/100."
"466","Unassigned","Consolidated Finvest & Holdings Limited","https://Not Found","readymade-fallback","HIGH","NO","N/A","info@company.com","[General Contact Email (Guessed Pattern)] info@company.com; [Investor Grievance Email (Guessed Pattern)] contact@company.com","Unverified - guessed pattern","Yes","Yes","None","Yes","Completed","Orchavate Automated Tool v1.1","Scanned 1 page. Violations: 0. Lighthouse A11y: 100/100."
"463","Unassigned","Container Corporation of India Limited","https://containerofamerica.com","readymade-fallback","HIGH","NO","N/A","info@ContainerofAmerica.com","[General Contact Email] info@ContainerofAmerica.com","Verified","Yes","Yes","None","Yes","Completed","Orchavate Automated Tool v1.1","Scanned 1 page. Violations: 3. Lighthouse A11y: 88/100."
"467","Unassigned","Control Print Limited","https://controlprint.com","readymade-fallback","HIGH","NO","N/A","sales@controlprint.com","[General Contact Email] sales@controlprint.com","Verified","Yes","Yes","None","Yes","Completed","Orchavate Automated Tool v1.1","Scanned 1 page. Violations: 20. Lighthouse A11y: 30/100."
"468","Unassigned","Coral India Finance & Housing Limited","https://coralhousing.in","readymade-fallback","HIGH","NO","N/A","info@coralhousing.in","[General Contact Email (Guessed Pattern)] info@coralhousing.in; [Investor Grievance Email (Guessed Pattern)] contact@coralhousing.in","Unverified - guessed pattern","Yes","Yes","None","Yes","Completed","Orchavate Automated Tool v1.1","Scanned 1 page. Violations: 0. Lighthouse A11y: 100/100."
"470","Unassigned","Cords Cable Industries Limited","https://Not Found","readymade-fallback","HIGH","NO","N/A","info@company.com","[General Contact Email (Guessed Pattern)] info@company.com; [Investor Grievance Email (Guessed Pattern)] contact@company.com","Unverified - guessed pattern","Yes","Yes","None","Yes","Completed","Orchavate Automated Tool v1.1","Scanned 1 page. Violations: 0. Lighthouse A11y: 100/100."
"471","Unassigned","Coromandel International Limited","https://coromandel.biz","readymade-fallback","HIGH","NO","N/A","N/A","N/A","Not Found","Yes","No","Blocked (cloudflare)","No","Blocked (Bot Protection)","Orchavate Automated Tool v1.1","Blocked by Bot Protection (cloudflare)"
"404","Unassigned","Country Club Hospitality & Holidays Limited","https://Not Found","readymade-fallback","HIGH","NO","N/A","info@company.com","[General Contact Email (Guessed Pattern)] info@company.com; [Investor Grievance Email (Guessed Pattern)] contact@company.com","Unverified - guessed pattern","Yes","Yes","None","Yes","Completed","Orchavate Automated Tool v1.1","Scanned 1 page. Violations: 0. Lighthouse A11y: 100/100."
"474","Unassigned","Country Condo's Limited","https://countrycondos.co.in","readymade-fallback","HIGH","NO","N/A","info@countrycondos.co.in","[Investor Grievance / Compliance Officer Email] info@countrycondos.co.in; [General Contact Email] info@countrycondos.co.in","Verified","Yes","Yes","None","Yes","Completed","Orchavate Automated Tool v1.1","Scanned 1 page. Violations: 53. Lighthouse A11y: 30/100."
"479","Unassigned","Craftsman Automation Limited","https://craftsmanautomation.com","readymade-fallback","HIGH","NO","N/A","N/A","N/A","Not Found","Yes","No","Blocked (cloudflare)","No","Blocked (Bot Protection)","Orchavate Automated Tool v1.1","Blocked by Bot Protection (cloudflare)"
"481","Unassigned","Creative Eye Limited","https://creativeeye.com","readymade-fallback","HIGH","NO","N/A","N/A","N/A","Not Found","Yes","No","Blocked (cloudflare)","No","Blocked (Bot Protection)","Orchavate Automated Tool v1.1","Blocked by Bot Protection (cloudflare)"
"450","Unassigned","Creative Newtech Limited","https://creativenewtech.com","readymade-fallback","HIGH","NO","N/A","info@creativenewtech.com","[General Contact Email (Guessed Pattern)] info@creativenewtech.com; [Investor Grievance Email (Guessed Pattern)] contact@creativenewtech.com","Unverified - guessed pattern","Yes","Yes","None","Yes","Completed","Orchavate Automated Tool v1.1","Scanned 1 page. Violations: 0. Lighthouse A11y: 100/100."
"483","Unassigned","Crest Ventures Limited","https://crest.co.in","readymade-fallback","HIGH","NO","N/A","N/A","N/A","Not Found","Yes","No","Blocked (cloudflare)","No","Blocked (Bot Protection)","Orchavate Automated Tool v1.1","Blocked by Bot Protection (cloudflare)"
"484","Unassigned","Crisil Limited","https://crisil.com","readymade-fallback","HIGH","NO","N/A","info@crisil.com","[General Contact Email (Guessed Pattern)] info@crisil.com; [Investor Grievance Email (Guessed Pattern)] contact@crisil.com","Unverified - guessed pattern","Yes","Yes","None","Yes","Completed","Orchavate Automated Tool v1.1","Scanned 1 page. Violations: 24. Lighthouse A11y: 30/100."
"485","Unassigned","Crizac Limited","https://crizacglobal.com","readymade-fallback","HIGH","NO","N/A","info@crizac.com","[Investor Grievance / Compliance Officer Email] info@crizac.com; [General Contact Email] info@crizac.com","Verified","Yes","Yes","None","Yes","Completed","Orchavate Automated Tool v1.1","Scanned 1 page. Violations: 2. Lighthouse A11y: 92/100."
"486","Unassigned","Crompton Greaves Consumer Electricals Limited","https://crompton.co.in","readymade-fallback","HIGH","NO","N/A","N/A","N/A","Not Found","Yes","No","Blocked (cloudflare)","No","Blocked (Bot Protection)","Orchavate Automated Tool v1.1","Blocked by Bot Protection (cloudflare)"
"487","Unassigned","Crown Lifters Limited","https://crownlifters.com","readymade-fallback","HIGH","NO","N/A","info@crownlifters.com","[General Contact Email (Guessed Pattern)] info@crownlifters.com; [Investor Grievance Email (Guessed Pattern)] contact@crownlifters.com","Unverified - guessed pattern","Yes","Yes","None","Yes","Completed","Orchavate Automated Tool v1.1","Scanned 1 page. Violations: 0. Lighthouse A11y: 100/100."
"493","Unassigned","Cubex Tubings Limited","https://cubextubings.com","readymade-fallback","HIGH","NO","N/A","info@cubextubings.com","[General Contact Email] info@cubextubings.com","Verified","Yes","Yes","None","Yes","Completed","Orchavate Automated Tool v1.1","Scanned 1 page. Violations: 1. Lighthouse A11y: 96/100."
"494","Unassigned","Cummins India Limited","https://cummins.com","readymade-fallback","HIGH","NO","N/A","N/A","N/A","Not Found","Yes","No","Blocked (cloudflare)","No","Blocked (Bot Protection)","Orchavate Automated Tool v1.1","Blocked by Bot Protection (cloudflare)"
"495","Unassigned","Cupid Limited","https://cupidlimited.com","readymade-fallback","HIGH","NO","N/A","info@cupidlimited.com","[General Contact Email] info@cupidlimited.com","Verified","Yes","Yes","None","No","Completed","Orchavate Automated Tool v1.1","Scanned 1 page. Violations: 13. Lighthouse A11y: 48/100."
"496","Unassigned","Cura Technologies Limited","https://curaleaf.com","readymade-fallback","HIGH","NO","N/A","name@email.com","[General Contact Email] name@email.com","Verified","Yes","Yes","None","Yes","Completed","Orchavate Automated Tool v1.1","Scanned 1 page. Violations: 0. Lighthouse A11y: 100/100."
"497","Unassigned","Cyber Media (India) Limited","https://cybermedia.com.tw","readymade-fallback","HIGH","NO","N/A","#","[General Contact Email] #","Verified","Yes","Yes","None","Yes","Completed","Orchavate Automated Tool v1.1","Scanned 1 page. Violations: 57. Lighthouse A11y: 30/100."
"498","Unassigned","Cybertech Systems And Software Limited","https://geocivic.in","readymade-fallback","HIGH","NO","N/A","info@geocivic.in","[General Contact Email (Guessed Pattern)] info@geocivic.in; [Investor Grievance Email (Guessed Pattern)] contact@geocivic.in","Unverified - guessed pattern","Yes","Yes","None","Yes","Completed","Orchavate Automated Tool v1.1","Scanned 1 page. Violations: 0. Lighthouse A11y: 100/100."
"500","Unassigned","Cyient DLM Limited","https://Not Found","readymade-fallback","HIGH","NO","N/A","info@company.com","[General Contact Email (Guessed Pattern)] info@company.com; [Investor Grievance Email (Guessed Pattern)] contact@company.com","Unverified - guessed pattern","Yes","Yes","None","Yes","Completed","Orchavate Automated Tool v1.1","Scanned 1 page. Violations: 0. Lighthouse A11y: 100/100."
"499","Unassigned","Cyient Limited","https://cyient.com","readymade-fallback","HIGH","NO","N/A","info@cyient.com","[General Contact Email (Guessed Pattern)] info@cyient.com; [Investor Grievance Email (Guessed Pattern)] contact@cyient.com","Unverified - guessed pattern","Yes","Yes","None","Yes","Completed","Orchavate Automated Tool v1.1","Scanned 1 page. Violations: 0. Lighthouse A11y: 100/100."
"516","Unassigned","DB (International) Stock Brokers Limited","https://Not Found","readymade-fallback","HIGH","NO","N/A","info@company.com","[General Contact Email (Guessed Pattern)] info@company.com; [Investor Grievance Email (Guessed Pattern)] contact@company.com","Unverified - guessed pattern","Yes","Yes","None","Yes","Completed","Orchavate Automated Tool v1.1","Scanned 1 page. Violations: 0. Lighthouse A11y: 100/100."
"518","Unassigned","DCB Bank Limited","https://dcbbank.com","readymade-fallback","HIGH","NO","N/A","customercare@dcb.bank.in","[General Contact Email] customercare@dcb.bank.in","Verified","Yes","Yes","None","Yes","Completed","Orchavate Automated Tool v1.1","Scanned 1 page. Violations: 5. Lighthouse A11y: 80/100."
"521","Unassigned","DCM Financial Services Limited","https://Not Found","readymade-fallback","HIGH","NO","N/A","info@company.com","[General Contact Email (Guessed Pattern)] info@company.com; [Investor Grievance Email (Guessed Pattern)] contact@company.com","Unverified - guessed pattern","Yes","Yes","None","Yes","Completed","Orchavate Automated Tool v1.1","Scanned 1 page. Violations: 0. Lighthouse A11y: 100/100."
"522","Unassigned","DCM Nouvelle Limited","https://Not Found","readymade-fallback","HIGH","NO","N/A","info@company.com","[General Contact Email (Guessed Pattern)] info@company.com; [Investor Grievance Email (Guessed Pattern)] contact@company.com","Unverified - guessed pattern","Yes","Yes","None","Yes","Completed","Orchavate Automated Tool v1.1","Scanned 1 page. Violations: 0. Lighthouse A11y: 100/100."
"587","Unassigned","DCM Shriram Fine Chemicals Limited","https://Not Found","readymade-fallback","HIGH","NO","N/A","info@company.com","[General Contact Email (Guessed Pattern)] info@company.com; [Investor Grievance Email (Guessed Pattern)] contact@company.com","Unverified - guessed pattern","Yes","Yes","None","Yes","Completed","Orchavate Automated Tool v1.1","Scanned 1 page. Violations: 0. Lighthouse A11y: 100/100."
"525","Unassigned","DCM Shriram Industries Limited","https://dcmshriramdefence.com","readymade-fallback","HIGH","NO","N/A","eps@dcmsil.com","[General Contact Email] eps@dcmsil.com","Verified","Yes","Yes","None","Yes","Completed","Orchavate Automated Tool v1.1","Scanned 1 page. Violations: 13. Lighthouse A11y: 48/100."
"524","Unassigned","DCM Shriram International Limited","https://Not Found","readymade-fallback","HIGH","NO","N/A","info@company.com","[General Contact Email (Guessed Pattern)] info@company.com; [Investor Grievance Email (Guessed Pattern)] contact@company.com","Unverified - guessed pattern","Yes","Yes","None","Yes","Completed","Orchavate Automated Tool v1.1","Scanned 1 page. Violations: 0. Lighthouse A11y: 100/100."
"523","Unassigned","DCM Shriram Limited","https://dcmshriram.com","readymade-fallback","HIGH","NO","N/A","info@dcmshriram.com","[General Contact Email (Guessed Pattern)] info@dcmshriram.com; [Investor Grievance Email (Guessed Pattern)] contact@dcmshriram.com","Unverified - guessed pattern","Yes","Yes","None","Yes","Completed","Orchavate Automated Tool v1.1","Scanned 1 page. Violations: 0. Lighthouse A11y: 100/100."
"520","Unassigned","DCM  Limited","https://dcmlimited.com","readymade-fallback","HIGH","NO","N/A","info@dcmlimited.com","[General Contact Email (Guessed Pattern)] info@dcmlimited.com; [Investor Grievance Email (Guessed Pattern)] contact@dcmlimited.com","Unverified - guessed pattern","Yes","Yes","None","Yes","Completed","Orchavate Automated Tool v1.1","Scanned 1 page. Violations: 0. Lighthouse A11y: 100/100."
"526","Unassigned","DCW Limited","https://dcwater.com","readymade-fallback","HIGH","NO","N/A","info@dcwater.com","[General Contact Email] info@dcwater.com","Verified","Yes","Yes","None","Yes","Completed","Orchavate Automated Tool v1.1","Scanned 1 page. Violations: 0. Lighthouse A11y: 100/100."
"527","Unassigned","DCX Systems Limited","https://Not Found","readymade-fallback","HIGH","NO","N/A","info@company.com","[General Contact Email (Guessed Pattern)] info@company.com; [Investor Grievance Email (Guessed Pattern)] contact@company.com","Unverified - guessed pattern","Yes","Yes","None","Yes","Completed","Orchavate Automated Tool v1.1","Scanned 1 page. Violations: 0. Lighthouse A11y: 100/100."
"531","Unassigned","DEE Development Engineers Limited","https://Not Found","readymade-fallback","HIGH","NO","N/A","info@company.com","[General Contact Email (Guessed Pattern)] info@company.com; [Investor Grievance Email (Guessed Pattern)] contact@company.com","Unverified - guessed pattern","Yes","Yes","None","Yes","Completed","Orchavate Automated Tool v1.1","Scanned 1 page. Violations: 0. Lighthouse A11y: 100/100."
"536","Unassigned","DELPHI WORLD MONEY LIMITED","https://Not Found","readymade-fallback","HIGH","NO","N/A","info@company.com","[General Contact Email (Guessed Pattern)] info@company.com; [Investor Grievance Email (Guessed Pattern)] contact@company.com","Unverified - guessed pattern","Yes","Yes","None","Yes","Completed","Orchavate Automated Tool v1.1","Scanned 1 page. Violations: 0. Lighthouse A11y: 100/100."
"549","Unassigned","DHARAN INFRA-EPC LIMITED","https://Not Found","readymade-fallback","HIGH","NO","N/A","info@company.com","[General Contact Email (Guessed Pattern)] info@company.com; [Investor Grievance Email (Guessed Pattern)] contact@company.com","Unverified - guessed pattern","Yes","Yes","None","Yes","Completed","Orchavate Automated Tool v1.1","Scanned 1 page. Violations: 0. Lighthouse A11y: 100/100."
"556","Unassigned","DIC India Limited","https://dic.co.in","readymade-fallback","HIGH","NO","N/A","sales@dic.co.in","[Investor Grievance / Compliance Officer Email] investors@dic.co.in; [General Contact Email] sales@dic.co.in","Verified","Yes","Yes","None","Yes","Completed","Orchavate Automated Tool v1.1","Scanned 1 page. Violations: 33. Lighthouse A11y: 30/100."
"567","Unassigned","DJ Mediaprint & Logistics Limited","https://djcorp.in","readymade-fallback","HIGH","NO","N/A","info@djcorp.in","[General Contact Email] info@djcorp.in","Verified","Yes","Yes","None","Yes","Completed","Orchavate Automated Tool v1.1","Scanned 1 page. Violations: 0. Lighthouse A11y: 100/100."
"568","Unassigned","DLF Limited","https://dlf.in","readymade-fallback","HIGH","NO","N/A","DLF_Logo@300x-8.pngDLF","[General Contact Email] DLF_Logo@300x-8.pngDLF","Verified","Yes","Yes","None","Yes","Completed","Orchavate Automated Tool v1.1","Scanned 1 page. Violations: 7. Lighthouse A11y: 72/100."
"571","Unassigned","DMCC SPECIALITY CHEMICALS LIMITED","https://dmcc.com","readymade-fallback","HIGH","NO","N/A","info@dmcc.com","[General Contact Email] info@dmcc.com","Verified","Yes","Yes","None","Yes","Completed","Orchavate Automated Tool v1.1","Scanned 1 page. Violations: 19. Lighthouse A11y: 30/100."
"577","Unassigned","DOMS Industries Limited","https://domsindia.com","readymade-fallback","HIGH","NO","N/A","info@domsindia.com","[General Contact Email (Guessed Pattern)] info@domsindia.com; [Investor Grievance Email (Guessed Pattern)] contact@domsindia.com","Unverified - guessed pattern","Yes","Yes","None","Yes","Completed","Orchavate Automated Tool v1.1","Scanned 1 page. Violations: 0. Lighthouse A11y: 100/100."
"580","Unassigned","DPSC Limited","https://dpschile.cl","readymade-fallback","HIGH","NO","N/A","ventas@dpschile.cl","[General Contact Email] ventas@dpschile.cl","Verified","Yes","Yes","None","Yes","Completed","Orchavate Automated Tool v1.1","Scanned 1 page. Violations: 61. Lighthouse A11y: 30/100."
"583","Unassigned","DRC Systems India Limited","https://drcsystems.com","readymade-fallback","HIGH","NO","N/A","N/A","N/A","Not Found","Yes","No","Blocked (cloudflare)","No","Blocked (Bot Protection)","Orchavate Automated Tool v1.1","Blocked by Bot Protection (cloudflare)"
"511","Unassigned","D.B.Corp Limited","https://dbcl.net","readymade-fallback","HIGH","NO","N/A","info@dbcl.net","[General Contact Email (Guessed Pattern)] info@dbcl.net; [Investor Grievance Email (Guessed Pattern)] contact@dbcl.net","Unverified - guessed pattern","Yes","Yes","None","Yes","Completed","Orchavate Automated Tool v1.1","Scanned 1 page. Violations: 0. Lighthouse A11y: 100/100."
"569","Unassigned","D-Link (India) Limited","https://dlink.com","readymade-fallback","HIGH","NO","N/A","info@dlink.com","[General Contact Email (Guessed Pattern)] info@dlink.com; [Investor Grievance Email (Guessed Pattern)] contact@dlink.com","Unverified - guessed pattern","Yes","Yes","None","Yes","Completed","Orchavate Automated Tool v1.1","Scanned 1 page. Violations: 141. Lighthouse A11y: 30/100."
"581","Unassigned","D P Wires Limited","https://dpwires.com","readymade-fallback","HIGH","NO","N/A","info@dpwires.com","[General Contact Email (Guessed Pattern)] info@dpwires.com; [Investor Grievance Email (Guessed Pattern)] contact@dpwires.com","Unverified - guessed pattern","Yes","Yes","None","Yes","Completed","Orchavate Automated Tool v1.1","Scanned 1 page. Violations: 0. Lighthouse A11y: 100/100."
"579","Unassigned","D. P. Abhushan Limited","https://Not Found","readymade-fallback","HIGH","NO","N/A","info@company.com","[General Contact Email (Guessed Pattern)] info@company.com; [Investor Grievance Email (Guessed Pattern)] contact@company.com","Unverified - guessed pattern","Yes","Yes","None","Yes","Completed","Orchavate Automated Tool v1.1","Scanned 1 page. Violations: 0. Lighthouse A11y: 100/100."
"501","Unassigned","Dabur India Limited","https://dabur.com","readymade-fallback","HIGH","NO","N/A","N/A","N/A","Not Found","Yes","No","Blocked (cloudflare)","No","Blocked (Bot Protection)","Orchavate Automated Tool v1.1","Blocked by Bot Protection (cloudflare)"
"502","Unassigned","Dai-Ichi Karkaria Limited","https://dai-ichiindia.com","readymade-fallback","HIGH","NO","N/A","sales@dai-ichiindia.com","[General Contact Email] sales@dai-ichiindia.com","Verified","Yes","Yes","None","Yes","Completed","Orchavate Automated Tool v1.1","Scanned 1 page. Violations: 20. Lighthouse A11y: 30/100."
"503","Unassigned","Dalmia Bharat Limited","https://dalmiabharat.com","readymade-fallback","HIGH","NO","N/A","N/A","N/A","Not Found","Yes","No","Blocked (cloudflare)","No","Blocked (Bot Protection)","Orchavate Automated Tool v1.1","Blocked by Bot Protection (cloudflare)"
"504","Unassigned","Dalmia Bharat Sugar and Industries Limited","https://Not Found","readymade-fallback","HIGH","NO","N/A","info@company.com","[General Contact Email (Guessed Pattern)] info@company.com; [Investor Grievance Email (Guessed Pattern)] contact@company.com","Unverified - guessed pattern","Yes","Yes","None","Yes","Completed","Orchavate Automated Tool v1.1","Scanned 1 page. Violations: 0. Lighthouse A11y: 100/100."
"505","Unassigned","Dam Capital Advisors Limited","https://Not Found","readymade-fallback","HIGH","NO","N/A","info@company.com","[General Contact Email (Guessed Pattern)] info@company.com; [Investor Grievance Email (Guessed Pattern)] contact@company.com","Unverified - guessed pattern","Yes","Yes","None","Yes","Completed","Orchavate Automated Tool v1.1","Scanned 1 page. Violations: 0. Lighthouse A11y: 100/100."
"506","Unassigned","Damodar Industries Limited","https://Not Found","readymade-fallback","HIGH","NO","N/A","info@company.com","[General Contact Email (Guessed Pattern)] info@company.com; [Investor Grievance Email (Guessed Pattern)] contact@company.com","Unverified - guessed pattern","Yes","Yes","None","Yes","Completed","Orchavate Automated Tool v1.1","Scanned 1 page. Violations: 0. Lighthouse A11y: 100/100."
"507","Unassigned","Dangee Dums Limited","https://dangeedums.com","readymade-fallback","HIGH","NO","N/A","info@dangeedums.com","[General Contact Email (Guessed Pattern)] info@dangeedums.com; [Investor Grievance Email (Guessed Pattern)] contact@dangeedums.com","Unverified - guessed pattern","Yes","Yes","None","Yes","Completed","Orchavate Automated Tool v1.1","Scanned 1 page. Violations: 5. Lighthouse A11y: 80/100."
"509","Unassigned","Data Patterns (India) Limited","https://datapatternsindia.com","readymade-fallback","HIGH","NO","N/A","info@datapatternsindia.com","[General Contact Email (Guessed Pattern)] info@datapatternsindia.com; [Investor Grievance Email (Guessed Pattern)] contact@datapatternsindia.com","Unverified - guessed pattern","Yes","Yes","None","Yes","Completed","Orchavate Automated Tool v1.1","Scanned 1 page. Violations: 0. Lighthouse A11y: 100/100."
"508","Unassigned","Datamatics Global Services Limited","https://Not Found","readymade-fallback","HIGH","NO","N/A","info@company.com","[General Contact Email (Guessed Pattern)] info@company.com; [Investor Grievance Email (Guessed Pattern)] contact@company.com","Unverified - guessed pattern","Yes","Yes","None","Yes","Completed","Orchavate Automated Tool v1.1","Scanned 1 page. Violations: 0. Lighthouse A11y: 100/100."
"510","Unassigned","Davangere Sugar Company Limited","https://Not Found","readymade-fallback","HIGH","NO","N/A","info@company.com","[General Contact Email (Guessed Pattern)] info@company.com; [Investor Grievance Email (Guessed Pattern)] contact@company.com","Unverified - guessed pattern","Yes","Yes","None","Yes","Completed","Orchavate Automated Tool v1.1","Scanned 1 page. Violations: 0. Lighthouse A11y: 100/100."
"519","Unassigned","Dc Infotech And Communication Limited","https://Not Found","readymade-fallback","HIGH","NO","N/A","info@company.com","[General Contact Email (Guessed Pattern)] info@company.com; [Investor Grievance Email (Guessed Pattern)] contact@company.com","Unverified - guessed pattern","Yes","Yes","None","Yes","Completed","Orchavate Automated Tool v1.1","Scanned 1 page. Violations: 0. Lighthouse A11y: 100/100."
"528","Unassigned","Ddev Plastiks Industries Limited","https://Not Found","readymade-fallback","HIGH","NO","N/A","info@company.com","[General Contact Email (Guessed Pattern)] info@company.com; [Investor Grievance Email (Guessed Pattern)] contact@company.com","Unverified - guessed pattern","Yes","Yes","None","Yes","Completed","Orchavate Automated Tool v1.1","Scanned 1 page. Violations: 0. Lighthouse A11y: 100/100."
"540","Unassigned","De Nora India Limited","https://denora.com","readymade-fallback","HIGH","NO","N/A","N/A","N/A","Not Found","Yes","No","Blocked (imperva)","No","Blocked (Bot Protection)","Orchavate Automated Tool v1.1","Blocked by Bot Protection (imperva)"
"529","Unassigned","Deccan Cements Limited","https://deccancements.com","readymade-fallback","HIGH","NO","N/A","secretarial@deccancements.com","[General Contact Email] secretarial@deccancements.com","Verified","Yes","Yes","None","Yes","Completed","Orchavate Automated Tool v1.1","Scanned 1 page. Violations: 14. Lighthouse A11y: 44/100."
"530","Unassigned","Deccan Gold Mines Limited","https://deccangoldmines.com","readymade-fallback","HIGH","NO","N/A","info@deccangoldmines.com","[Investor Grievance / Compliance Officer Email] investor-relations@deccangoldmines.com; [General Contact Email] info@deccangoldmines.com","Verified","Yes","Yes","None","Yes","Completed","Orchavate Automated Tool v1.1","Scanned 1 page. Violations: 11. Lighthouse A11y: 56/100."
"534","Unassigned","Deep Industries Limited","https://deepindustries.com","readymade-fallback","HIGH","NO","N/A","info@deepindustries.com","[General Contact Email (Guessed Pattern)] info@deepindustries.com; [Investor Grievance Email (Guessed Pattern)] contact@deepindustries.com","Unverified - guessed pattern","Yes","Yes","None","Yes","Completed","Orchavate Automated Tool v1.1","Scanned 1 page. Violations: 0. Lighthouse A11y: 100/100."
"512","Unassigned","Deepak Builders & Engineers India Limited","https://Not Found","readymade-fallback","HIGH","NO","N/A","info@company.com","[General Contact Email (Guessed Pattern)] info@company.com; [Investor Grievance Email (Guessed Pattern)] contact@company.com","Unverified - guessed pattern","Yes","Yes","None","Yes","Completed","Orchavate Automated Tool v1.1","Scanned 1 page. Violations: 0. Lighthouse A11y: 100/100."
"532","Unassigned","Deepak Fertilizers and Petrochemicals Corporation Limited","https://Not Found","readymade-fallback","HIGH","NO","N/A","info@company.com","[General Contact Email (Guessed Pattern)] info@company.com; [Investor Grievance Email (Guessed Pattern)] contact@company.com","Unverified - guessed pattern","Yes","Yes","None","Yes","Completed","Orchavate Automated Tool v1.1","Scanned 1 page. Violations: 0. Lighthouse A11y: 100/100."
"533","Unassigned","Deepak Nitrite Limited","https://Not Found","readymade-fallback","HIGH","NO","N/A","info@company.com","[General Contact Email (Guessed Pattern)] info@company.com; [Investor Grievance Email (Guessed Pattern)] contact@company.com","Unverified - guessed pattern","Yes","Yes","None","Yes","Completed","Orchavate Automated Tool v1.1","Scanned 1 page. Violations: 0. Lighthouse A11y: 100/100."
"535","Unassigned","Delhivery Limited","https://delhivery.com","readymade-fallback","HIGH","NO","N/A","info@delhivery.com","[General Contact Email (Guessed Pattern)] info@delhivery.com; [Investor Grievance Email (Guessed Pattern)] contact@delhivery.com","Unverified - guessed pattern","Yes","Yes","None","Yes","Completed","Orchavate Automated Tool v1.1","Scanned 1 page. Violations: 44. Lighthouse A11y: 30/100."
"537","Unassigned","Delta Corp Limited","https://deltacorp.in","readymade-fallback","HIGH","NO","N/A","N/A","N/A","Not Found","Yes","No","Blocked (cloudflare)","No","Blocked (Bot Protection)","Orchavate Automated Tool v1.1","Blocked by Bot Protection (cloudflare)"
"538","Unassigned","Delta Manufacturing Limited","https://delta-manufacturing.com","readymade-fallback","HIGH","NO","N/A","N/A","N/A","Not Found","Yes","No","Blocked (cloudflare)","No","Blocked (Bot Protection)","Orchavate Automated Tool v1.1","Blocked by Bot Protection (cloudflare)"
"539","Unassigned","Den Networks Limited","https://dennetworks.com","readymade-fallback","HIGH","NO","N/A","N/A","N/A","Not Found","Yes","No","Blocked (cloudflare)","No","Blocked (Bot Protection)","Orchavate Automated Tool v1.1","Blocked by Bot Protection (cloudflare)"
"541","Unassigned","Denta Water and Infra Solutions Limited","https://Not Found","readymade-fallback","HIGH","NO","N/A","info@company.com","[General Contact Email (Guessed Pattern)] info@company.com; [Investor Grievance Email (Guessed Pattern)] contact@company.com","Unverified - guessed pattern","Yes","Yes","None","Yes","Completed","Orchavate Automated Tool v1.1","Scanned 1 page. Violations: 0. Lighthouse A11y: 100/100."
"543","Unassigned","Dev Accelerator Limited","https://devaccelerator.ro","readymade-fallback","HIGH","NO","N/A","info@devaccelerator.ro","[General Contact Email (Guessed Pattern)] info@devaccelerator.ro; [Investor Grievance Email (Guessed Pattern)] contact@devaccelerator.ro","Unverified - guessed pattern","Yes","Yes","None","Yes","Completed","Orchavate Automated Tool v1.1","Scanned 1 page. Violations: 1. Lighthouse A11y: 96/100."
"542","Unassigned","Dev Information Technology Limited","https://devitpl.com","readymade-fallback","HIGH","NO","N/A","info@devitpl.com","[General Contact Email (Guessed Pattern)] info@devitpl.com; [Investor Grievance Email (Guessed Pattern)] contact@devitpl.com","Unverified - guessed pattern","Yes","Yes","None","Yes","Completed","Orchavate Automated Tool v1.1","Scanned 1 page. Violations: 0. Lighthouse A11y: 100/100."
"544","Unassigned","Devyani International Limited","https://dil-rjcorp.com","readymade-fallback","HIGH","NO","N/A","N/A","N/A","Not Found","Yes","No","Blocked (cloudflare)","No","Blocked (Bot Protection)","Orchavate Automated Tool v1.1","Blocked by Bot Protection (cloudflare)"
"514","Unassigned","Dhampur Bio Organics Limited","https://dhampur.com","readymade-fallback","HIGH","NO","N/A","info@dhampur.com","[General Contact Email] info@dhampur.com","Verified","Yes","Yes","None","Yes","Completed","Orchavate Automated Tool v1.1","Scanned 1 page. Violations: 30. Lighthouse A11y: 30/100."
"546","Unassigned","Dhampur Sugar Mills Limited","https://dhampursugar.com","readymade-fallback","HIGH","NO","N/A","gaurav.kadnurrao@schbang.com","[Investor Grievance / Compliance Officer Email] aparnagoel@dhampursugar.com; [General Contact Email] gaurav.kadnurrao@schbang.com","Verified","Yes","Yes","None","Yes","Completed","Orchavate Automated Tool v1.1","Scanned 1 page. Violations: 16. Lighthouse A11y: 36/100."
"547","Unassigned","Dhanlaxmi Bank Limited","https://dhanbank.com","readymade-fallback","HIGH","NO","N/A","customercare@dhanbank.co.in","[Investor Grievance / Compliance Officer Email] customercare@dhanbank.co.in; [General Contact Email] customercare@dhanbank.co.in","Verified","Yes","Yes","None","Yes","Completed","Orchavate Automated Tool v1.1","Scanned 1 page. Violations: 9. Lighthouse A11y: 64/100."
"548","Unassigned","Dhanuka Agritech Limited","https://dhanuka.com","readymade-fallback","HIGH","NO","N/A","N/A","N/A","Not Found","Yes","No","Blocked (cloudflare)","No","Blocked (Bot Protection)","Orchavate Automated Tool v1.1","Blocked by Bot Protection (cloudflare)"
"550","Unassigned","Dharmaj Crop Guard Limited","https://dharmajcrop.com","readymade-fallback","HIGH","NO","N/A","customercare@dharmajcrop.com","[General Contact Email] customercare@dharmajcrop.com","Verified","Yes","Yes","None","Yes","Completed","Orchavate Automated Tool v1.1","Scanned 1 page. Violations: 32. Lighthouse A11y: 30/100."
"551","Unassigned","Dhruv Consultancy Services Limited","https://dhruvtec.com","readymade-fallback","HIGH","NO","N/A","support@sitename.com","[General Contact Email] support@sitename.com","Verified","Yes","Yes","None","Yes","Completed","Orchavate Automated Tool v1.1","Scanned 1 page. Violations: 9. Lighthouse A11y: 64/100."
"552","Unassigned","Dhunseri Investments Limited","https://dhunseriinvestments.com","readymade-fallback","HIGH","NO","N/A","contact@mdplcorporate.com","[Investor Grievance / Compliance Officer Email] mail@dhunseriinvestments.com; [General Contact Email] contact@mdplcorporate.com","Verified","Yes","Yes","None","Yes","Completed","Orchavate Automated Tool v1.1","Scanned 1 page. Violations: 2. Lighthouse A11y: 92/100."
"589","Unassigned","Dhunseri Tea & Industries Limited","https://dhunseritea.com","readymade-fallback","HIGH","NO","N/A","N/A","N/A","Not Found","Yes","No","Blocked (cloudflare)","No","Blocked (Bot Protection)","Orchavate Automated Tool v1.1","Blocked by Bot Protection (cloudflare)"
"591","Unassigned","Dhunseri Ventures Limited","https://Not Found","readymade-fallback","HIGH","NO","N/A","info@company.com","[General Contact Email (Guessed Pattern)] info@company.com; [Investor Grievance Email (Guessed Pattern)] contact@company.com","Unverified - guessed pattern","Yes","Yes","None","Yes","Completed","Orchavate Automated Tool v1.1","Scanned 1 page. Violations: 0. Lighthouse A11y: 100/100."
"559","Unassigned","DiGiSPICE Technologies Limited","https://digispice.com","readymade-fallback","HIGH","NO","N/A","info@digispice.com","[General Contact Email (Guessed Pattern)] info@digispice.com; [Investor Grievance Email (Guessed Pattern)] contact@digispice.com","Unverified - guessed pattern","Yes","Yes","None","Yes","Completed","Orchavate Automated Tool v1.1","Scanned 1 page. Violations: 5. Lighthouse A11y: 80/100."
"554","Unassigned","Diamines & Chemicals Limited","https://Not Found","readymade-fallback","HIGH","NO","N/A","info@company.com","[General Contact Email (Guessed Pattern)] info@company.com; [Investor Grievance Email (Guessed Pattern)] contact@company.com","Unverified - guessed pattern","Yes","Yes","None","Yes","Completed","Orchavate Automated Tool v1.1","Scanned 1 page. Violations: 0. Lighthouse A11y: 100/100."
"553","Unassigned","Diamond Power Infrastructure Limited","https://dicabs.com","readymade-fallback","HIGH","NO","N/A","enquiry@dicabs.com","[General Contact Email] enquiry@dicabs.com","Verified","Yes","Yes","None","Yes","Completed","Orchavate Automated Tool v1.1","Scanned 1 page. Violations: 7. Lighthouse A11y: 72/100."
"557","Unassigned","Diffusion Engineers Limited","https://diffusionengineers.com","readymade-fallback","HIGH","NO","N/A","info@diffusionengineers.com","[Investor Grievance / Compliance Officer Email] investorsrelation@diffusionengineers.com; [General Contact Email] info@diffusionengineers.com","Verified","Yes","Yes","None","Yes","Completed","Orchavate Automated Tool v1.1","Scanned 1 page. Violations: 11. Lighthouse A11y: 56/100."
"545","Unassigned","Digicontent Limited","https://digicontentworld.com","readymade-fallback","HIGH","NO","N/A","info@digicontentworld.com","[General Contact Email (Guessed Pattern)] info@digicontentworld.com; [Investor Grievance Email (Guessed Pattern)] contact@digicontentworld.com","Unverified - guessed pattern","Yes","Yes","None","Yes","Completed","Orchavate Automated Tool v1.1","Scanned 1 page. Violations: 0. Lighthouse A11y: 100/100."
"558","Unassigned","Digidrive Distributors Limited","https://Not Found","readymade-fallback","HIGH","NO","N/A","info@company.com","[General Contact Email (Guessed Pattern)] info@company.com; [Investor Grievance Email (Guessed Pattern)] contact@company.com","Unverified - guessed pattern","Yes","Yes","None","Yes","Completed","Orchavate Automated Tool v1.1","Scanned 1 page. Violations: 0. Lighthouse A11y: 100/100."
"560","Unassigned","Digitide Solutions Limited","https://Not Found","readymade-fallback","HIGH","NO","N/A","info@company.com","[General Contact Email (Guessed Pattern)] info@company.com; [Investor Grievance Email (Guessed Pattern)] contact@company.com","Unverified - guessed pattern","Yes","Yes","None","Yes","Completed","Orchavate Automated Tool v1.1","Scanned 1 page. Violations: 0. Lighthouse A11y: 100/100."
"561","Unassigned","Digjam Limited","https://digjamaica.com","readymade-fallback","HIGH","NO","N/A","info@digjamaica.com","[General Contact Email (Guessed Pattern)] info@digjamaica.com; [Investor Grievance Email (Guessed Pattern)] contact@digjamaica.com","Unverified - guessed pattern","Yes","Yes","None","Yes","Completed","Orchavate Automated Tool v1.1","Scanned 1 page. Violations: 0. Lighthouse A11y: 100/100."
"572","Unassigned","Diligent Media Corporation Limited","https://diligent.media","readymade-fallback","HIGH","NO","N/A","info@diligent.media","[General Contact Email (Guessed Pattern)] info@diligent.media; [Investor Grievance Email (Guessed Pattern)] contact@diligent.media","Unverified - guessed pattern","Yes","Yes","None","Yes","Completed","Orchavate Automated Tool v1.1","Scanned 1 page. Violations: 0. Lighthouse A11y: 100/100."
"513","Unassigned","Dilip Buildcon Limited","https://dilipbuildcon.com","readymade-fallback","HIGH","NO","N/A","contactus@dbl.co.in","[Investor Grievance / Compliance Officer Email] rnt.helpdesk@linkintime.co.in; [General Contact Email] contactus@dbl.co.in","Verified","Yes","Yes","None","Yes","Completed","Orchavate Automated Tool v1.1","Scanned 1 page. Violations: 13. Lighthouse A11y: 48/100."
"562","Unassigned","Disa India Limited","https://disa.mil","readymade-fallback","HIGH","NO","N/A","info@disa.mil","[General Contact Email (Guessed Pattern)] info@disa.mil; [Investor Grievance Email (Guessed Pattern)] contact@disa.mil","Unverified - guessed pattern","Yes","Yes","None","Yes","Completed","Orchavate Automated Tool v1.1","Scanned 1 page. Violations: 0. Lighthouse A11y: 100/100."
"563","Unassigned","Dish TV India Limited","https://dishtv.in","readymade-fallback","HIGH","NO","N/A","info@dishtv.in","[General Contact Email (Guessed Pattern)] info@dishtv.in; [Investor Grievance Email (Guessed Pattern)] contact@dishtv.in","Unverified - guessed pattern","Yes","Yes","None","Yes","Completed","Orchavate Automated Tool v1.1","Scanned 1 page. Violations: 8. Lighthouse A11y: 68/100."
"517","Unassigned","Dishman Carbogen Amcis Limited","https://imdcal.com","readymade-fallback","HIGH","NO","N/A","vinodnair@dishmangroup.com","[Investor Grievance / Compliance Officer Email] mumbai@linkintime.co.in; [General Contact Email] vinodnair@dishmangroup.com","Verified","Yes","Yes","None","Yes","Completed","Orchavate Automated Tool v1.1","Scanned 1 page. Violations: 2. Lighthouse A11y: 92/100."
"564","Unassigned","Divgi Torqtransfer Systems Limited","https://divgi-tts.com","readymade-fallback","HIGH","NO","N/A","support@consultum.com","[General Contact Email] support@consultum.com","Verified","Yes","Yes","None","Yes","Completed","Orchavate Automated Tool v1.1","Scanned 1 page. Violations: 9. Lighthouse A11y: 64/100."
"565","Unassigned","Divi's Laboratories Limited","https://divislabs.com","readymade-fallback","HIGH","NO","N/A","info@divislabs.com","[General Contact Email] info@divislabs.com","Verified","Yes","Yes","None","Yes","Completed","Orchavate Automated Tool v1.1","Scanned 1 page. Violations: 4. Lighthouse A11y: 84/100."
"566","Unassigned","Dixon Technologies (India) Limited","https://dixonplace.org","readymade-fallback","HIGH","NO","N/A","info@dixonplace.org","[General Contact Email (Guessed Pattern)] info@dixonplace.org; [Investor Grievance Email (Guessed Pattern)] contact@dixonplace.org","Unverified - guessed pattern","Yes","Yes","None","Yes","Completed","Orchavate Automated Tool v1.1","Scanned 1 page. Violations: 15. Lighthouse A11y: 40/100."
"573","Unassigned","Dodla Dairy Limited","https://dodladairy.com","readymade-fallback","HIGH","NO","N/A","info@dodladairy.com","[General Contact Email (Guessed Pattern)] info@dodladairy.com; [Investor Grievance Email (Guessed Pattern)] contact@dodladairy.com","Unverified - guessed pattern","Yes","Yes","None","Yes","Completed","Orchavate Automated Tool v1.1","Scanned 1 page. Violations: 0. Lighthouse A11y: 100/100."
"574","Unassigned","Dolat Algotech Limited","https://Not Found","readymade-fallback","HIGH","NO","N/A","info@company.com","[General Contact Email (Guessed Pattern)] info@company.com; [Investor Grievance Email (Guessed Pattern)] contact@company.com","Unverified - guessed pattern","Yes","Yes","None","Yes","Completed","Orchavate Automated Tool v1.1","Scanned 1 page. Violations: 0. Lighthouse A11y: 100/100."
"575","Unassigned","Dollar Industries Limited","https://dollar-stationery.com","readymade-fallback","HIGH","NO","N/A","info@dollar-stationery.com","[General Contact Email (Guessed Pattern)] info@dollar-stationery.com; [Investor Grievance Email (Guessed Pattern)] contact@dollar-stationery.com","Unverified - guessed pattern","Yes","Yes","None","Yes","Completed","Orchavate Automated Tool v1.1","Scanned 1 page. Violations: 1. Lighthouse A11y: 96/100."
"576","Unassigned","Dolphin Offshore Enterprises (India) Limited","https://Not Found","readymade-fallback","HIGH","NO","N/A","info@company.com","[General Contact Email (Guessed Pattern)] info@company.com; [Investor Grievance Email (Guessed Pattern)] contact@company.com","Unverified - guessed pattern","Yes","Yes","None","Yes","Completed","Orchavate Automated Tool v1.1","Scanned 1 page. Violations: 0. Lighthouse A11y: 100/100."
"578","Unassigned","Donear Industries Limited","https://Not Found","readymade-fallback","HIGH","NO","N/A","info@company.com","[General Contact Email (Guessed Pattern)] info@company.com; [Investor Grievance Email (Guessed Pattern)] contact@company.com","Unverified - guessed pattern","Yes","Yes","None","Yes","Completed","Orchavate Automated Tool v1.1","Scanned 1 page. Violations: 0. Lighthouse A11y: 100/100."
"582","Unassigned","Dr Agarwals Eye Hospital Limited","https://dragarwal.com","readymade-fallback","HIGH","NO","N/A","info@dragarwal.com","[General Contact Email] info@dragarwal.com","Verified","Yes","Yes","None","Yes","Completed","Orchavate Automated Tool v1.1","Scanned 1 page. Violations: 1. Lighthouse A11y: 96/100."
"79","Unassigned","Dr. Agarwal's Health Care Limited","https://Not Found","readymade-fallback","HIGH","NO","N/A","info@company.com","[General Contact Email (Guessed Pattern)] info@company.com; [Investor Grievance Email (Guessed Pattern)] contact@company.com","Unverified - guessed pattern","Yes","Yes","None","Yes","Completed","Orchavate Automated Tool v1.1","Scanned 1 page. Violations: 0. Lighthouse A11y: 100/100."
"586","Unassigned","Dr. Reddy's Laboratories Limited","https://drreddys.com","readymade-fallback","HIGH","NO","N/A","info@drreddys.com","[General Contact Email (Guessed Pattern)] info@drreddys.com; [Investor Grievance Email (Guessed Pattern)] contact@drreddys.com","Unverified - guessed pattern","Yes","Yes","None","Yes","Completed","Orchavate Automated Tool v1.1","Scanned 1 page. Violations: 1. Lighthouse A11y: 96/100."
"584","Unassigned","Dreamfolks Services Limited","https://Not Found","readymade-fallback","HIGH","NO","N/A","info@company.com","[General Contact Email (Guessed Pattern)] info@company.com; [Investor Grievance Email (Guessed Pattern)] contact@company.com","Unverified - guessed pattern","Yes","Yes","None","Yes","Completed","Orchavate Automated Tool v1.1","Scanned 1 page. Violations: 0. Lighthouse A11y: 100/100."
"585","Unassigned","Dredging Corporation of India Limited","https://Not Found","readymade-fallback","HIGH","NO","N/A","info@company.com","[General Contact Email (Guessed Pattern)] info@company.com; [Investor Grievance Email (Guessed Pattern)] contact@company.com","Unverified - guessed pattern","Yes","Yes","None","Yes","Completed","Orchavate Automated Tool v1.1","Scanned 1 page. Violations: 0. Lighthouse A11y: 100/100."
"590","Unassigned","Ducon Infratechnologies Limited","https://duconinfra.co.in","readymade-fallback","HIGH","NO","N/A","sales@duconinfra.co.in","[General Contact Email] sales@duconinfra.co.in","Verified","Yes","Yes","None","Yes","Completed","Orchavate Automated Tool v1.1","Scanned 1 page. Violations: 1. Lighthouse A11y: 96/100."
"592","Unassigned","Dwarikesh Sugar Industries Limited","https://dwarikesh.com","readymade-fallback","HIGH","NO","N/A","investors@dwarikesh.com","[General Contact Email] investors@dwarikesh.com","Verified","Yes","Yes","None","Yes","Completed","Orchavate Automated Tool v1.1","Scanned 1 page. Violations: 35. Lighthouse A11y: 30/100."
"588","Unassigned","Dynacons Systems & Solutions Limited","https://Not Found","readymade-fallback","HIGH","NO","N/A","info@company.com","[General Contact Email (Guessed Pattern)] info@company.com; [Investor Grievance Email (Guessed Pattern)] contact@company.com","Unverified - guessed pattern","Yes","Yes","None","Yes","Completed","Orchavate Automated Tool v1.1","Scanned 1 page. Violations: 0. Lighthouse A11y: 100/100."
"594","Unassigned","Dynamatic Technologies Limited","https://dynamatics.com","readymade-fallback","HIGH","NO","N/A","N/A","N/A","Not Found","Yes","No","Blocked (cloudflare)","No","Blocked (Bot Protection)","Orchavate Automated Tool v1.1","Blocked by Bot Protection (cloudflare)"
"593","Unassigned","Dynamic Cables Limited","https://dynamiccables.co.in","readymade-fallback","HIGH","NO","N/A","info@dynamiccables.co.in","[General Contact Email (Guessed Pattern)] info@dynamiccables.co.in; [Investor Grievance Email (Guessed Pattern)] contact@dynamiccables.co.in","Unverified - guessed pattern","Yes","Yes","None","Yes","Completed","Orchavate Automated Tool v1.1","Scanned 1 page. Violations: 0. Lighthouse A11y: 100/100."
"595","Unassigned","Dynemic Products Limited","https://dynemic.com","readymade-fallback","HIGH","NO","N/A","N/A","N/A","Not Found","Yes","No","Blocked (cloudflare)","No","Blocked (Bot Protection)","Orchavate Automated Tool v1.1","Blocked by Bot Protection (cloudflare)"
"596","Unassigned","E2E Networks Limited","https://e2enetworks.com","readymade-fallback","HIGH","NO","N/A","sales@e2enetworks.com","[General Contact Email] sales@e2enetworks.com","Verified","Yes","Yes","None","Yes","Completed","Orchavate Automated Tool v1.1","Scanned 1 page. Violations: 2. Lighthouse A11y: 92/100."
"603","Unassigned","EFC (I) Limited","https://efc-intl.com","readymade-fallback","HIGH","NO","N/A","info@efc-intl.com","[General Contact Email (Guessed Pattern)] info@efc-intl.com; [Investor Grievance Email (Guessed Pattern)] contact@efc-intl.com","Unverified - guessed pattern","Yes","Yes","None","Yes","Completed","Orchavate Automated Tool v1.1","Scanned 1 page. Violations: 28. Lighthouse A11y: 30/100."
"605","Unassigned","EID Parry India Limited","https://eidparry.com","readymade-fallback","HIGH","NO","N/A","info@eidparry.com","[General Contact Email (Guessed Pattern)] info@eidparry.com; [Investor Grievance Email (Guessed Pattern)] contact@eidparry.com","Unverified - guessed pattern","Yes","Yes","None","Yes","Completed","Orchavate Automated Tool v1.1","Scanned 1 page. Violations: 44. Lighthouse A11y: 30/100."
"608","Unassigned","EIH Associated Hotels Limited","https://eihassociatedhotels.in","readymade-fallback","HIGH","NO","N/A","N/A","N/A","Not Found","Yes","No","Blocked (cloudflare)","No","Blocked (Bot Protection)","Orchavate Automated Tool v1.1","Blocked by Bot Protection (cloudflare)"
"609","Unassigned","EIH Limited","https://eihltd.com","readymade-fallback","HIGH","NO","N/A","N/A","N/A","Not Found","Yes","No","Blocked (cloudflare)","No","Blocked (Bot Protection)","Orchavate Automated Tool v1.1","Blocked by Bot Protection (cloudflare)"
"613","Unassigned","EL CID Investments Limited","https://elcidinvestments.com","readymade-fallback","HIGH","NO","N/A","vakilgroup@gmail.com","[General Contact Email] vakilgroup@gmail.com","Verified","Yes","Yes","None","Yes","Completed","Orchavate Automated Tool v1.1","Scanned 1 page. Violations: 6. Lighthouse A11y: 76/100."
"634","Unassigned","EMS Limited","https://emslimited.co.ke","readymade-fallback","HIGH","NO","N/A","info@emslimited.co.ke","[General Contact Email (Guessed Pattern)] info@emslimited.co.ke; [Investor Grievance Email (Guessed Pattern)] contact@emslimited.co.ke","Unverified - guessed pattern","Yes","Yes","None","Yes","Completed","Orchavate Automated Tool v1.1","Scanned 1 page. Violations: 0. Lighthouse A11y: 100/100."
"642","Unassigned","EPACK Durable Limited","https://epackdurable.com","readymade-fallback","HIGH","NO","N/A","N/A","N/A","Not Found","Yes","No","Blocked (cloudflare)","No","Blocked (Bot Protection)","Orchavate Automated Tool v1.1","Blocked by Bot Protection (cloudflare)"
"645","Unassigned","EPL Limited","https://eplglobal.com","readymade-fallback","HIGH","NO","N/A","info@eplglobal.com","[General Contact Email] info@eplglobal.com","Verified","Yes","Yes","None","Yes","Completed","Orchavate Automated Tool v1.1","Scanned 1 page. Violations: 26. Lighthouse A11y: 30/100."
"643","Unassigned","EPack Prefab Technologies Limited","https://epackpolymers.com","readymade-fallback","HIGH","NO","N/A","N/A","N/A","Not Found","Yes","No","Blocked (cloudflare)","No","Blocked (Bot Protection)","Orchavate Automated Tool v1.1","Blocked by Bot Protection (cloudflare)"
"650","Unassigned","ESAF Small Finance Bank Limited","https://esafbank.com","readymade-fallback","HIGH","NO","N/A","info@esafbank.com","[General Contact Email (Guessed Pattern)] info@esafbank.com; [Investor Grievance Email (Guessed Pattern)] contact@esafbank.com","Unverified - guessed pattern","Yes","Yes","None","Yes","Completed","Orchavate Automated Tool v1.1","Scanned 1 page. Violations: 0. Lighthouse A11y: 100/100."
"655","Unassigned","ETERNAL LIMITED","https://epm.org","readymade-fallback","HIGH","NO","N/A","email@example.com","[General Contact Email] email@example.com","Verified","Yes","Yes","None","Yes","Completed","Orchavate Automated Tool v1.1","Scanned 1 page. Violations: 1. Lighthouse A11y: 96/100."
"598","Unassigned","Eastern Silk Industries Limited","https://easternsilk.com","readymade-fallback","HIGH","NO","N/A","cs@easternsilk.com","[General Contact Email] cs@easternsilk.com","Verified","Yes","Yes","None","Yes","Completed","Orchavate Automated Tool v1.1","Scanned 1 page. Violations: 1. Lighthouse A11y: 96/100."
"597","Unassigned","Easy Trip Planners Limited","https://Not Found","readymade-fallback","HIGH","NO","N/A","info@company.com","[General Contact Email (Guessed Pattern)] info@company.com; [Investor Grievance Email (Guessed Pattern)] contact@company.com","Unverified - guessed pattern","Yes","Yes","None","Yes","Completed","Orchavate Automated Tool v1.1","Scanned 1 page. Violations: 0. Lighthouse A11y: 100/100."
"601","Unassigned","Ecos (India) Mobility & Hospitality Limited","https://Not Found","readymade-fallback","HIGH","NO","N/A","info@company.com","[General Contact Email (Guessed Pattern)] info@company.com; [Investor Grievance Email (Guessed Pattern)] contact@company.com","Unverified - guessed pattern","Yes","Yes","None","Yes","Completed","Orchavate Automated Tool v1.1","Scanned 1 page. Violations: 0. Lighthouse A11y: 100/100."
"602","Unassigned","Edelweiss Financial Services Limited","https://Not Found","readymade-fallback","HIGH","NO","N/A","info@company.com","[General Contact Email (Guessed Pattern)] info@company.com; [Investor Grievance Email (Guessed Pattern)] contact@company.com","Unverified - guessed pattern","Yes","Yes","None","Yes","Completed","Orchavate Automated Tool v1.1","Scanned 1 page. Violations: 0. Lighthouse A11y: 100/100."
"604","Unassigned","Eicher Motors Limited","https://eicher.in","readymade-fallback","HIGH","NO","N/A","N/A","N/A","Not Found","Yes","No","Blocked (akamai)","No","Blocked (Bot Protection)","Orchavate Automated Tool v1.1","Blocked by Bot Protection (akamai)"
"610","Unassigned","Eimco Elecon (India) Limited","https://eimcoelecon.in","readymade-fallback","HIGH","NO","N/A","info@eimco.elecon.com","[Investor Grievance / Compliance Officer Email] investor@eimcoelecon.in; [General Contact Email] info@eimco.elecon.com","Verified","Yes","Yes","None","Yes","Completed","Orchavate Automated Tool v1.1","Scanned 1 page. Violations: 30. Lighthouse A11y: 30/100."
"612","Unassigned","Elantas Beck India Limited","https://Not Found","readymade-fallback","HIGH","NO","N/A","info@company.com","[General Contact Email (Guessed Pattern)] info@company.com; [Investor Grievance Email (Guessed Pattern)] contact@company.com","Unverified - guessed pattern","Yes","Yes","None","Yes","Completed","Orchavate Automated Tool v1.1","Scanned 1 page. Violations: 0. Lighthouse A11y: 100/100."
"614","Unassigned","Eldeco Housing And Industries Limited","https://Not Found","readymade-fallback","HIGH","NO","N/A","info@company.com","[General Contact Email (Guessed Pattern)] info@company.com; [Investor Grievance Email (Guessed Pattern)] contact@company.com","Unverified - guessed pattern","Yes","Yes","None","Yes","Completed","Orchavate Automated Tool v1.1","Scanned 1 page. Violations: 0. Lighthouse A11y: 100/100."
"615","Unassigned","Elecon Engineering Company Limited","https://elecon.com","readymade-fallback","HIGH","NO","N/A","N/A","N/A","Not Found","Yes","No","Blocked (cloudflare)","No","Blocked (Bot Protection)","Orchavate Automated Tool v1.1","Blocked by Bot Protection (cloudflare)"
"629","Unassigned","Electronics Mart India Limited","https://electronicsmartindia.com","readymade-fallback","HIGH","NO","N/A","communications@bajajelectronics.in","[General Contact Email] communications@bajajelectronics.in","Verified","Yes","Yes","None","Yes","Completed","Orchavate Automated Tool v1.1","Scanned 1 page. Violations: 13. Lighthouse A11y: 48/100."
"616","Unassigned","Electrosteel Castings Limited","https://Not Found","readymade-fallback","HIGH","NO","N/A","info@company.com","[General Contact Email (Guessed Pattern)] info@company.com; [Investor Grievance Email (Guessed Pattern)] contact@company.com","Unverified - guessed pattern","Yes","Yes","None","Yes","Completed","Orchavate Automated Tool v1.1","Scanned 1 page. Violations: 0. Lighthouse A11y: 100/100."
"617","Unassigned","Electrotherm (India) Limited","https://electrotherment.com","readymade-fallback","HIGH","NO","N/A","mkt@electrotherm.com","[General Contact Email] mkt@electrotherm.com","Verified","Yes","Yes","None","Yes","Completed","Orchavate Automated Tool v1.1","Scanned 1 page. Violations: 9. Lighthouse A11y: 64/100."
"618","Unassigned","Elgi Equipments Limited","https://Not Found","readymade-fallback","HIGH","NO","N/A","info@company.com","[General Contact Email (Guessed Pattern)] info@company.com; [Investor Grievance Email (Guessed Pattern)] contact@company.com","Unverified - guessed pattern","Yes","Yes","None","Yes","Completed","Orchavate Automated Tool v1.1","Scanned 1 page. Violations: 0. Lighthouse A11y: 100/100."
"619","Unassigned","Elgi Rubber Company Limited","https://Not Found","readymade-fallback","HIGH","NO","N/A","info@company.com","[General Contact Email (Guessed Pattern)] info@company.com; [Investor Grievance Email (Guessed Pattern)] contact@company.com","Unverified - guessed pattern","Yes","Yes","None","Yes","Completed","Orchavate Automated Tool v1.1","Scanned 1 page. Violations: 0. Lighthouse A11y: 100/100."
"620","Unassigned","Elin Electronics Limited","https://elinindia.com","readymade-fallback","HIGH","NO","N/A","N/A","N/A","Not Found","Yes","No","Blocked (cloudflare)","No","Blocked (Bot Protection)","Orchavate Automated Tool v1.1","Blocked by Bot Protection (cloudflare)"
"621","Unassigned","Elitecon International Limited","https://Not Found","readymade-fallback","HIGH","NO","N/A","info@company.com","[General Contact Email (Guessed Pattern)] info@company.com; [Investor Grievance Email (Guessed Pattern)] contact@company.com","Unverified - guessed pattern","Yes","Yes","None","Yes","Completed","Orchavate Automated Tool v1.1","Scanned 1 page. Violations: 0. Lighthouse A11y: 100/100."
"622","Unassigned","Ellenbarrie Industrial Gases Limited","https://ellenbarrie.com","readymade-fallback","HIGH","NO","N/A","info@ellenbarrie.com","[General Contact Email (Guessed Pattern)] info@ellenbarrie.com; [Investor Grievance Email (Guessed Pattern)] contact@ellenbarrie.com","Unverified - guessed pattern","Yes","Yes","None","Yes","Completed","Orchavate Automated Tool v1.1","Scanned 1 page. Violations: 0. Lighthouse A11y: 100/100."
"623","Unassigned","Elpro International Limited","https://Not Found","readymade-fallback","HIGH","NO","N/A","info@company.com","[General Contact Email (Guessed Pattern)] info@company.com; [Investor Grievance Email (Guessed Pattern)] contact@company.com","Unverified - guessed pattern","Yes","Yes","None","Yes","Completed","Orchavate Automated Tool v1.1","Scanned 1 page. Violations: 0. Lighthouse A11y: 100/100."
"624","Unassigned","Emami Limited","https://emamiart.com","readymade-fallback","HIGH","NO","N/A","contact@emamiart.com","[General Contact Email] contact@emamiart.com","Verified","Yes","Yes","None","Yes","Completed","Orchavate Automated Tool v1.1","Scanned 1 page. Violations: 0. Lighthouse A11y: 100/100."
"625","Unassigned","Emami Paper Mills Limited","https://emamipaper.com","readymade-fallback","HIGH","NO","N/A","info@emamipaper.com","[General Contact Email (Guessed Pattern)] info@emamipaper.com; [Investor Grievance Email (Guessed Pattern)] contact@emamipaper.com","Unverified - guessed pattern","Yes","Yes","None","Yes","Completed","Orchavate Automated Tool v1.1","Scanned 1 page. Violations: 0. Lighthouse A11y: 100/100."
"626","Unassigned","Emami Realty Limited","https://emamirealty.com","readymade-fallback","HIGH","NO","N/A","N/A","N/A","Not Found","Yes","No","Blocked (cloudflare)","No","Blocked (Bot Protection)","Orchavate Automated Tool v1.1","Blocked by Bot Protection (cloudflare)"
"627","Unassigned","Embassy Developments Limited","https://Not Found","readymade-fallback","HIGH","NO","N/A","info@company.com","[General Contact Email (Guessed Pattern)] info@company.com; [Investor Grievance Email (Guessed Pattern)] contact@company.com","Unverified - guessed pattern","Yes","Yes","None","Yes","Completed","Orchavate Automated Tool v1.1","Scanned 1 page. Violations: 0. Lighthouse A11y: 100/100."
"628","Unassigned","Emcure Pharmaceuticals Limited","https://emcure.com","readymade-fallback","HIGH","NO","N/A","info@emcure.com","[General Contact Email (Guessed Pattern)] info@emcure.com; [Investor Grievance Email (Guessed Pattern)] contact@emcure.com","Unverified - guessed pattern","Yes","Yes","None","Yes","Completed","Orchavate Automated Tool v1.1","Scanned 1 page. Violations: 0. Lighthouse A11y: 100/100."
"630","Unassigned","Emkay Global Financial Services Limited","https://emkayglobal.com","readymade-fallback","HIGH","NO","N/A","N/A","N/A","Not Found","Yes","No","Blocked (cloudflare)","No","Blocked (Bot Protection)","Orchavate Automated Tool v1.1","Blocked by Bot Protection (cloudflare)"
"631","Unassigned","Emmbi Industries Limited","https://emmbi.com","readymade-fallback","HIGH","NO","N/A","divya21@gmail.com","[General Contact Email] divya21@gmail.com","Verified","Yes","Yes","None","Yes","Completed","Orchavate Automated Tool v1.1","Scanned 1 page. Violations: 16. Lighthouse A11y: 36/100."
"632","Unassigned","Emmvee Photovoltaic Power Limited","https://Not Found","readymade-fallback","HIGH","NO","N/A","info@company.com","[General Contact Email (Guessed Pattern)] info@company.com; [Investor Grievance Email (Guessed Pattern)] contact@company.com","Unverified - guessed pattern","Yes","Yes","None","Yes","Completed","Orchavate Automated Tool v1.1","Scanned 1 page. Violations: 0. Lighthouse A11y: 100/100."
"633","Unassigned","Empower India Limited","https://empower.com","readymade-fallback","HIGH","NO","N/A","N/A","N/A","Not Found","Yes","No","Blocked (cloudflare)","No","Blocked (Bot Protection)","Orchavate Automated Tool v1.1","Blocked by Bot Protection (cloudflare)"
"636","Unassigned","Endurance Technologies Limited","https://endurancewarranty.com","readymade-fallback","HIGH","NO","N/A","N/A","N/A","Not Found","Yes","No","Blocked (cloudflare)","No","Blocked (Bot Protection)","Orchavate Automated Tool v1.1","Blocked by Bot Protection (cloudflare)"
"637","Unassigned","Energy Development Company Limited","https://Not Found","readymade-fallback","HIGH","NO","N/A","info@company.com","[General Contact Email (Guessed Pattern)] info@company.com; [Investor Grievance Email (Guessed Pattern)] contact@company.com","Unverified - guessed pattern","Yes","Yes","None","Yes","Completed","Orchavate Automated Tool v1.1","Scanned 1 page. Violations: 0. Lighthouse A11y: 100/100."
"638","Unassigned","Engineers India Limited","https://engineersindia.com","readymade-fallback","HIGH","NO","N/A","N/A","N/A","Not Found","Yes","No","Blocked (cloudflare)","No","Blocked (Bot Protection)","Orchavate Automated Tool v1.1","Blocked by Bot Protection (cloudflare)"
"641","Unassigned","Entero Healthcare Solutions Limited","https://Not Found","readymade-fallback","HIGH","NO","N/A","info@company.com","[General Contact Email (Guessed Pattern)] info@company.com; [Investor Grievance Email (Guessed Pattern)] contact@company.com","Unverified - guessed pattern","Yes","Yes","None","Yes","Completed","Orchavate Automated Tool v1.1","Scanned 1 page. Violations: 0. Lighthouse A11y: 100/100."
"639","Unassigned","Entertainment Network (India) Limited","https://enterthenetwork.com","readymade-fallback","HIGH","NO","N/A","paul@EnterTheNetwork.com","[General Contact Email] paul@EnterTheNetwork.com","Verified","Yes","Yes","None","Yes","Completed","Orchavate Automated Tool v1.1","Scanned 1 page. Violations: 14. Lighthouse A11y: 44/100."
"606","Unassigned","Enviro Infra Engineers Limited","https://Not Found","readymade-fallback","HIGH","NO","N/A","info@company.com","[General Contact Email (Guessed Pattern)] info@company.com; [Investor Grievance Email (Guessed Pattern)] contact@company.com","Unverified - guessed pattern","Yes","Yes","None","Yes","Completed","Orchavate Automated Tool v1.1","Scanned 1 page. Violations: 0. Lighthouse A11y: 100/100."
"644","Unassigned","Epigral Limited","https://Not Found","readymade-fallback","HIGH","NO","N/A","info@company.com","[General Contact Email (Guessed Pattern)] info@company.com; [Investor Grievance Email (Guessed Pattern)] contact@company.com","Unverified - guessed pattern","Yes","Yes","None","Yes","Completed","Orchavate Automated Tool v1.1","Scanned 1 page. Violations: 0. Lighthouse A11y: 100/100."
"646","Unassigned","Equippp Social Impact Technologies Limited","https://Not Found","readymade-fallback","HIGH","NO","N/A","info@company.com","[General Contact Email (Guessed Pattern)] info@company.com; [Investor Grievance Email (Guessed Pattern)] contact@company.com","Unverified - guessed pattern","Yes","Yes","None","Yes","Completed","Orchavate Automated Tool v1.1","Scanned 1 page. Violations: 0. Lighthouse A11y: 100/100."
"647","Unassigned","Equitas Small Finance Bank Limited","https://equitasbank.com","readymade-fallback","HIGH","NO","N/A","customerservice@equitas.bank.in","[General Contact Email] customerservice@equitas.bank.in","Verified","Yes","Yes","None","Yes","Completed","Orchavate Automated Tool v1.1","Scanned 1 page. Violations: 26. Lighthouse A11y: 30/100."
"648","Unassigned","Eris Lifesciences Limited","https://Not Found","readymade-fallback","HIGH","NO","N/A","info@company.com","[General Contact Email (Guessed Pattern)] info@company.com; [Investor Grievance Email (Guessed Pattern)] contact@company.com","Unverified - guessed pattern","Yes","Yes","None","Yes","Completed","Orchavate Automated Tool v1.1","Scanned 1 page. Violations: 0. Lighthouse A11y: 100/100."
"649","Unassigned","Esab India Limited","https://esab.com","readymade-fallback","HIGH","NO","N/A","vue@2.6.14.js","[Investor Grievance / Compliance Officer Email] vue@2.6.14.js; [General Contact Email] vue@2.6.14.js","Verified","Yes","Yes","None","Yes","Completed","Orchavate Automated Tool v1.1","Scanned 1 page. Violations: 4. Lighthouse A11y: 84/100."
"651","Unassigned","Escorts Kubota Limited","https://escortsgroup.com","readymade-fallback","HIGH","NO","N/A","info@escortsgroup.com","[General Contact Email (Guessed Pattern)] info@escortsgroup.com; [Investor Grievance Email (Guessed Pattern)] contact@escortsgroup.com","Unverified - guessed pattern","Yes","Yes","None","Yes","Completed","Orchavate Automated Tool v1.1","Scanned 1 page. Violations: 0. Lighthouse A11y: 100/100."
"652","Unassigned","Essar Shipping Limited","https://Not Found","readymade-fallback","HIGH","NO","N/A","info@company.com","[General Contact Email (Guessed Pattern)] info@company.com; [Investor Grievance Email (Guessed Pattern)] contact@company.com","Unverified - guessed pattern","Yes","Yes","None","Yes","Completed","Orchavate Automated Tool v1.1","Scanned 1 page. Violations: 0. Lighthouse A11y: 100/100."
"654","Unassigned","Ester Industries Limited","https://steerindustries.com","readymade-fallback","HIGH","NO","N/A","info@steerindustries.com","[General Contact Email (Guessed Pattern)] info@steerindustries.com; [Investor Grievance Email (Guessed Pattern)] contact@steerindustries.com","Unverified - guessed pattern","Yes","Yes","None","Yes","Completed","Orchavate Automated Tool v1.1","Scanned 1 page. Violations: 0. Lighthouse A11y: 100/100."
"656","Unassigned","Ethos Limited","https://ethoslife.com","readymade-fallback","HIGH","NO","N/A","N/A","N/A","Not Found","Yes","No","Blocked (cloudflare)","No","Blocked (Bot Protection)","Orchavate Automated Tool v1.1","Blocked by Bot Protection (cloudflare)"
"657","Unassigned","Eureka Forbes Limited","https://eurekaforbes.com","readymade-fallback","HIGH","NO","N/A","N/A","N/A","Not Found","Yes","No","Blocked (akamai)","No","Blocked (Bot Protection)","Orchavate Automated Tool v1.1","Blocked by Bot Protection (akamai)"
"607","Unassigned","Euro India Fresh Foods Limited","https://euroindiafreshfoods.com","readymade-fallback","HIGH","NO","N/A","info@euroindiafreshfoods.com","[General Contact Email (Guessed Pattern)] info@euroindiafreshfoods.com; [Investor Grievance Email (Guessed Pattern)] contact@euroindiafreshfoods.com","Unverified - guessed pattern","Yes","Yes","None","Yes","Completed","Orchavate Automated Tool v1.1","Scanned 1 page. Violations: 0. Lighthouse A11y: 100/100."
"658","Unassigned","Euro Panel Products Limited","https://Not Found","readymade-fallback","HIGH","NO","N/A","info@company.com","[General Contact Email (Guessed Pattern)] info@company.com; [Investor Grievance Email (Guessed Pattern)] contact@company.com","Unverified - guessed pattern","Yes","Yes","None","Yes","Completed","Orchavate Automated Tool v1.1","Scanned 1 page. Violations: 0. Lighthouse A11y: 100/100."
"659","Unassigned","Euro Pratik Sales Limited","https://Not Found","readymade-fallback","HIGH","NO","N/A","info@company.com","[General Contact Email (Guessed Pattern)] info@company.com; [Investor Grievance Email (Guessed Pattern)] contact@company.com","Unverified - guessed pattern","Yes","Yes","None","Yes","Completed","Orchavate Automated Tool v1.1","Scanned 1 page. Violations: 0. Lighthouse A11y: 100/100."
"660","Unassigned","Eurotex Industries and Exports Limited","https://Not Found","readymade-fallback","HIGH","NO","N/A","info@company.com","[General Contact Email (Guessed Pattern)] info@company.com; [Investor Grievance Email (Guessed Pattern)] contact@company.com","Unverified - guessed pattern","Yes","Yes","None","Yes","Completed","Orchavate Automated Tool v1.1","Scanned 1 page. Violations: 0. Lighthouse A11y: 100/100."
"661","Unassigned","Eveready Industries India Limited","https://Not Found","readymade-fallback","HIGH","NO","N/A","info@company.com","[General Contact Email (Guessed Pattern)] info@company.com; [Investor Grievance Email (Guessed Pattern)] contact@company.com","Unverified - guessed pattern","Yes","Yes","None","Yes","Completed","Orchavate Automated Tool v1.1","Scanned 1 page. Violations: 0. Lighthouse A11y: 100/100."
"662","Unassigned","Everest Industries Limited","https://everestind.com","readymade-fallback","HIGH","NO","N/A","info@everestind.com","[General Contact Email] info@everestind.com","Verified","Yes","Yes","None","Yes","Completed","Orchavate Automated Tool v1.1","Scanned 1 page. Violations: 26. Lighthouse A11y: 30/100."
"611","Unassigned","Everest Kanto Cylinder Limited","https://everestkanto.com","readymade-fallback","HIGH","NO","N/A","customer@ekc.in","[General Contact Email] customer@ekc.in","Verified","Yes","Yes","None","Yes","Completed","Orchavate Automated Tool v1.1","Scanned 1 page. Violations: 10. Lighthouse A11y: 60/100."
"663","Unassigned","Excel Industries Limited","https://excelind.co.in","readymade-fallback","HIGH","NO","N/A","surendra.singhvi@excelind.com","[General Contact Email] surendra.singhvi@excelind.com","Verified","Yes","Yes","None","Yes","Completed","Orchavate Automated Tool v1.1","Scanned 1 page. Violations: 2. Lighthouse A11y: 92/100."
"664","Unassigned","Excelsoft Technologies Limited","https://excelsoftcorp.com","readymade-fallback","HIGH","NO","N/A","info@excelsoftcorp.com","[General Contact Email (Guessed Pattern)] info@excelsoftcorp.com; [Investor Grievance Email (Guessed Pattern)] contact@excelsoftcorp.com","Unverified - guessed pattern","Yes","Yes","None","Yes","Completed","Orchavate Automated Tool v1.1","Scanned 1 page. Violations: 5. Lighthouse A11y: 80/100."
"665","Unassigned","Exicom Tele-Systems Limited","https://Not Found","readymade-fallback","HIGH","NO","N/A","info@company.com","[General Contact Email (Guessed Pattern)] info@company.com; [Investor Grievance Email (Guessed Pattern)] contact@company.com","Unverified - guessed pattern","Yes","Yes","None","Yes","Completed","Orchavate Automated Tool v1.1","Scanned 1 page. Violations: 0. Lighthouse A11y: 100/100."
"666","Unassigned","Exide Industries Limited","https://exideindustries.com","readymade-fallback","HIGH","NO","N/A","info@exideindustries.com","[General Contact Email (Guessed Pattern)] info@exideindustries.com; [Investor Grievance Email (Guessed Pattern)] contact@exideindustries.com","Unverified - guessed pattern","Yes","Yes","None","Yes","Completed","Orchavate Automated Tool v1.1","Scanned 1 page. Violations: 1. Lighthouse A11y: 96/100."
"667","Unassigned","Expleo Solutions Limited","https://Not Found","readymade-fallback","HIGH","NO","N/A","info@company.com","[General Contact Email (Guessed Pattern)] info@company.com; [Investor Grievance Email (Guessed Pattern)] contact@company.com","Unverified - guessed pattern","Yes","Yes","None","Yes","Completed","Orchavate Automated Tool v1.1","Scanned 1 page. Violations: 0. Lighthouse A11y: 100/100."
"668","Unassigned","Exxaro Tiles Limited","https://exxarotiles.com","readymade-fallback","HIGH","NO","N/A","N/A","N/A","Not Found","Yes","No","Blocked (cloudflare)","No","Blocked (Bot Protection)","Orchavate Automated Tool v1.1","Blocked by Bot Protection (cloudflare)"
"674","Unassigned","FCS Software Solutions Limited","https://Not Found","readymade-fallback","HIGH","NO","N/A","info@company.com","[General Contact Email (Guessed Pattern)] info@company.com; [Investor Grievance Email (Guessed Pattern)] contact@company.com","Unverified - guessed pattern","Yes","Yes","None","Yes","Completed","Orchavate Automated Tool v1.1","Scanned 1 page. Violations: 0. Lighthouse A11y: 100/100."
"675","Unassigned","FDC Limited","https://fdc.in","readymade-fallback","HIGH","NO","N/A","N/A","N/A","Not Found","Yes","No","Blocked (cloudflare)","No","Blocked (Bot Protection)","Orchavate Automated Tool v1.1","Blocked by Bot Protection (cloudflare)"
"702","Unassigned","FORCE MOTORS LTD","https://forcemotors.com","readymade-fallback","HIGH","NO","N/A","N/A","N/A","Not Found","Yes","No","Blocked (cloudflare)","No","Blocked (Bot Protection)","Orchavate Automated Tool v1.1","Blocked by Bot Protection (cloudflare)"
"669","Unassigned","Fabtech Technologies Limited","https://fabtechexpo.com","readymade-fallback","HIGH","NO","N/A","N/A","N/A","Not Found","Yes","No","Blocked (cloudflare)","No","Blocked (Bot Protection)","Orchavate Automated Tool v1.1","Blocked by Bot Protection (cloudflare)"
"671","Unassigned","Fairchem Organics Limited","https://fairchem.in","readymade-fallback","HIGH","NO","N/A","comm@fairchem.in","[Investor Grievance / Compliance Officer Email] ahmedabad@linkintime.co.in; [General Contact Email] comm@fairchem.in","Verified","Yes","Yes","None","Yes","Completed","Orchavate Automated Tool v1.1","Scanned 1 page. Violations: 37. Lighthouse A11y: 30/100."
"672","Unassigned","Faze Three Limited","https://fazethree.com","readymade-fallback","HIGH","NO","N/A","N/A","N/A","Not Found","Yes","No","Blocked (cloudflare)","No","Blocked (Bot Protection)","Orchavate Automated Tool v1.1","Blocked by Bot Protection (cloudflare)"
"678","Unassigned","Fedbank Financial Services Limited","https://fedfina.com","readymade-fallback","HIGH","NO","N/A","N/A","N/A","Not Found","Yes","No","Blocked (cloudflare)","No","Blocked (Bot Protection)","Orchavate Automated Tool v1.1","Blocked by Bot Protection (cloudflare)"
"676","Unassigned","Fedders Holding Limited","https://Not Found","readymade-fallback","HIGH","NO","N/A","info@company.com","[General Contact Email (Guessed Pattern)] info@company.com; [Investor Grievance Email (Guessed Pattern)] contact@company.com","Unverified - guessed pattern","Yes","Yes","None","Yes","Completed","Orchavate Automated Tool v1.1","Scanned 1 page. Violations: 0. Lighthouse A11y: 100/100."
"698","Unassigned","Federal-Mogul Goetze (India) Limited.","https://Not Found","readymade-fallback","HIGH","NO","N/A","info@company.com","[General Contact Email (Guessed Pattern)] info@company.com; [Investor Grievance Email (Guessed Pattern)] contact@company.com","Unverified - guessed pattern","Yes","Yes","None","Yes","Completed","Orchavate Automated Tool v1.1","Scanned 1 page. Violations: 0. Lighthouse A11y: 100/100."
"681","Unassigned","Fermenta Biotech Limited","https://fermentabiotech.com","readymade-fallback","HIGH","NO","N/A","N/A","N/A","Not Found","Yes","No","Blocked (cloudflare)","No","Blocked (Bot Protection)","Orchavate Automated Tool v1.1","Blocked by Bot Protection (cloudflare)"
"670","Unassigned","Fertilizers and Chemicals Travancore Limited","https://Not Found","readymade-fallback","HIGH","NO","N/A","info@company.com","[General Contact Email (Guessed Pattern)] info@company.com; [Investor Grievance Email (Guessed Pattern)] contact@company.com","Unverified - guessed pattern","Yes","Yes","None","Yes","Completed","Orchavate Automated Tool v1.1","Scanned 1 page. Violations: 0. Lighthouse A11y: 100/100."
"682","Unassigned","Fiberweb (India) Limited","https://fiberweb.co.za","readymade-fallback","HIGH","NO","N/A","info@fiberweb.co.za","[General Contact Email (Guessed Pattern)] info@fiberweb.co.za; [Investor Grievance Email (Guessed Pattern)] contact@fiberweb.co.za","Unverified - guessed pattern","Yes","Yes","None","Yes","Completed","Orchavate Automated Tool v1.1","Scanned 1 page. Violations: 27. Lighthouse A11y: 30/100."
"683","Unassigned","Fiem Industries Limited","https://fiemindustries.com","readymade-fallback","HIGH","NO","N/A","N/A","N/A","Not Found","Yes","No","Blocked (cloudflare)","No","Blocked (Bot Protection)","Orchavate Automated Tool v1.1","Blocked by Bot Protection (cloudflare)"
"685","Unassigned","Filatex Fashions Limited","https://Not Found","readymade-fallback","HIGH","NO","N/A","info@company.com","[General Contact Email (Guessed Pattern)] info@company.com; [Investor Grievance Email (Guessed Pattern)] contact@company.com","Unverified - guessed pattern","Yes","Yes","None","Yes","Completed","Orchavate Automated Tool v1.1","Scanned 1 page. Violations: 0. Lighthouse A11y: 100/100."
"684","Unassigned","Filatex India Limited","https://filatex.com","readymade-fallback","HIGH","NO","N/A","info@filatex.com","[General Contact Email (Guessed Pattern)] info@filatex.com; [Investor Grievance Email (Guessed Pattern)] contact@filatex.com","Unverified - guessed pattern","Yes","Yes","None","Yes","Completed","Orchavate Automated Tool v1.1","Scanned 1 page. Violations: 8. Lighthouse A11y: 68/100."
"687","Unassigned","Fine Organic Industries Limited","https://Not Found","readymade-fallback","HIGH","NO","N/A","info@company.com","[General Contact Email (Guessed Pattern)] info@company.com; [Investor Grievance Email (Guessed Pattern)] contact@company.com","Unverified - guessed pattern","Yes","Yes","None","Yes","Completed","Orchavate Automated Tool v1.1","Scanned 1 page. Violations: 0. Lighthouse A11y: 100/100."
"673","Unassigned","Fineotex Chemical Limited","https://Not Found","readymade-fallback","HIGH","NO","N/A","info@company.com","[General Contact Email (Guessed Pattern)] info@company.com; [Investor Grievance Email (Guessed Pattern)] contact@company.com","Unverified - guessed pattern","Yes","Yes","None","Yes","Completed","Orchavate Automated Tool v1.1","Scanned 1 page. Violations: 0. Lighthouse A11y: 100/100."
"688","Unassigned","Finkurve Financial Services Limited","https://Not Found","readymade-fallback","HIGH","NO","N/A","info@company.com","[General Contact Email (Guessed Pattern)] info@company.com; [Investor Grievance Email (Guessed Pattern)] contact@company.com","Unverified - guessed pattern","Yes","Yes","None","Yes","Completed","Orchavate Automated Tool v1.1","Scanned 1 page. Violations: 0. Lighthouse A11y: 100/100."
"689","Unassigned","Fino Payments Bank Limited","https://finobank.com","readymade-fallback","HIGH","NO","N/A","customercare@fino.bank.in","[General Contact Email] customercare@fino.bank.in","Verified","Yes","Yes","None","Yes","Completed","Orchavate Automated Tool v1.1","Scanned 1 page. Violations: 0. Lighthouse A11y: 100/100."
"686","Unassigned","Finolex Cables Limited","https://Not Found","readymade-fallback","HIGH","NO","N/A","info@company.com","[General Contact Email (Guessed Pattern)] info@company.com; [Investor Grievance Email (Guessed Pattern)] contact@company.com","Unverified - guessed pattern","Yes","Yes","None","Yes","Completed","Orchavate Automated Tool v1.1","Scanned 1 page. Violations: 0. Lighthouse A11y: 100/100."
"690","Unassigned","Finolex Industries Limited","https://Not Found","readymade-fallback","HIGH","NO","N/A","info@company.com","[General Contact Email (Guessed Pattern)] info@company.com; [Investor Grievance Email (Guessed Pattern)] contact@company.com","Unverified - guessed pattern","Yes","Yes","None","Yes","Completed","Orchavate Automated Tool v1.1","Scanned 1 page. Violations: 0. Lighthouse A11y: 100/100."
"707","Unassigned","Firstsource Solutions Limited","https://Not Found","readymade-fallback","HIGH","NO","N/A","info@company.com","[General Contact Email (Guessed Pattern)] info@company.com; [Investor Grievance Email (Guessed Pattern)] contact@company.com","Unverified - guessed pattern","Yes","Yes","None","Yes","Completed","Orchavate Automated Tool v1.1","Scanned 1 page. Violations: 0. Lighthouse A11y: 100/100."
"692","Unassigned","Fischer Medical Ventures Limited","https://Not Found","readymade-fallback","HIGH","NO","N/A","info@company.com","[General Contact Email (Guessed Pattern)] info@company.com; [Investor Grievance Email (Guessed Pattern)] contact@company.com","Unverified - guessed pattern","Yes","Yes","None","Yes","Completed","Orchavate Automated Tool v1.1","Scanned 1 page. Violations: 0. Lighthouse A11y: 100/100."
"693","Unassigned","Five-Star Business Finance Limited","https://Not Found","readymade-fallback","HIGH","NO","N/A","info@company.com","[General Contact Email (Guessed Pattern)] info@company.com; [Investor Grievance Email (Guessed Pattern)] contact@company.com","Unverified - guessed pattern","Yes","Yes","None","Yes","Completed","Orchavate Automated Tool v1.1","Scanned 1 page. Violations: 0. Lighthouse A11y: 100/100."
"694","Unassigned","Flair Writing Industries Limited","https://Not Found","readymade-fallback","HIGH","NO","N/A","info@company.com","[General Contact Email (Guessed Pattern)] info@company.com; [Investor Grievance Email (Guessed Pattern)] contact@company.com","Unverified - guessed pattern","Yes","Yes","None","Yes","Completed","Orchavate Automated Tool v1.1","Scanned 1 page. Violations: 0. Lighthouse A11y: 100/100."
"695","Unassigned","Flexituff Ventures International Limited","https://fildripper.com","readymade-fallback","HIGH","NO","N/A","info@fildripper.com","[General Contact Email (Guessed Pattern)] info@fildripper.com; [Investor Grievance Email (Guessed Pattern)] contact@fildripper.com","Unverified - guessed pattern","Yes","Yes","None","Yes","Completed","Orchavate Automated Tool v1.1","Scanned 1 page. Violations: 0. Lighthouse A11y: 100/100."
"700","Unassigned","Focus Lighting and Fixtures Limited","https://Not Found","readymade-fallback","HIGH","NO","N/A","info@company.com","[General Contact Email (Guessed Pattern)] info@company.com; [Investor Grievance Email (Guessed Pattern)] contact@company.com","Unverified - guessed pattern","Yes","Yes","None","Yes","Completed","Orchavate Automated Tool v1.1","Scanned 1 page. Violations: 0. Lighthouse A11y: 100/100."
"701","Unassigned","Foods & Inns Limited","https://foodservicedirect.com","readymade-fallback","HIGH","NO","N/A","customerservice@foodservicedirect.com","[General Contact Email] customerservice@foodservicedirect.com","Verified","Yes","Yes","None","Yes","Completed","Orchavate Automated Tool v1.1","Scanned 1 page. Violations: 8. Lighthouse A11y: 68/100."
"703","Unassigned","Fortis Healthcare Limited","https://fortishealthcare.com","readymade-fallback","HIGH","NO","N/A","info@fortishealthcare.com","[General Contact Email (Guessed Pattern)] info@fortishealthcare.com; [Investor Grievance Email (Guessed Pattern)] contact@fortishealthcare.com","Unverified - guessed pattern","Yes","Yes","None","Yes","Completed","Orchavate Automated Tool v1.1","Scanned 1 page. Violations: 6. Lighthouse A11y: 76/100."
"704","Unassigned","Foseco India Limited","https://fosecoindia.com","readymade-fallback","HIGH","NO","N/A","info@fosecoindia.com","[General Contact Email (Guessed Pattern)] info@fosecoindia.com; [Investor Grievance Email (Guessed Pattern)] contact@fosecoindia.com","Unverified - guessed pattern","Yes","Yes","None","Yes","Completed","Orchavate Automated Tool v1.1","Scanned 1 page. Violations: 0. Lighthouse A11y: 100/100."
"705","Unassigned","Fractal Analytics Limited","https://fractalanalytics.com","readymade-fallback","HIGH","NO","N/A","info@fractal.ai","[General Contact Email] info@fractal.ai","Verified","Yes","Yes","None","Yes","Completed","Orchavate Automated Tool v1.1","Scanned 1 page. Violations: 10. Lighthouse A11y: 60/100."
"706","Unassigned","Frontier Springs Limited","https://frontiersprings.co.in","readymade-fallback","HIGH","NO","N/A","sales@frontiersprings.co.in","[Investor Grievance / Compliance Officer Email] c.s@frontiersprings.co.in; [General Contact Email] sales@frontiersprings.co.in","Verified","Yes","Yes","None","Yes","Completed","Orchavate Automated Tool v1.1","Scanned 1 page. Violations: 5. Lighthouse A11y: 80/100."
"708","Unassigned","Fusion Finance Limited","https://fusionfinance.com","readymade-fallback","HIGH","NO","N/A","info@fusionfinance.com","[General Contact Email (Guessed Pattern)] info@fusionfinance.com; [Investor Grievance Email (Guessed Pattern)] contact@fusionfinance.com","Unverified - guessed pattern","Yes","Yes","None","No","Completed","Orchavate Automated Tool v1.1","Scanned 1 page. Violations: 0. Lighthouse A11y: 100/100."
"680","Unassigned","Future Enterprises Limited","https://futurelearn.com","readymade-fallback","HIGH","NO","N/A","N/A","N/A","Not Found","Yes","No","Blocked (cloudflare)","No","Blocked (Bot Protection)","Orchavate Automated Tool v1.1","Blocked by Bot Protection (cloudflare)"
"696","Unassigned","Future Lifestyle Fashions Limited","https://futurelifestyle.in","readymade-fallback","HIGH","NO","N/A","mediarelations@futuregroup.in","[General Contact Email] mediarelations@futuregroup.in","Verified","Yes","Yes","None","Yes","Completed","Orchavate Automated Tool v1.1","Scanned 1 page. Violations: 50. Lighthouse A11y: 30/100."
"699","Unassigned","Future Market Networks Limited","https://Not Found","readymade-fallback","HIGH","NO","N/A","info@company.com","[General Contact Email (Guessed Pattern)] info@company.com; [Investor Grievance Email (Guessed Pattern)] contact@company.com","Unverified - guessed pattern","Yes","Yes","None","Yes","Completed","Orchavate Automated Tool v1.1","Scanned 1 page. Violations: 0. Lighthouse A11y: 100/100."
"726","Unassigned","GACM Technologies Limited","https://gacmotor.com","readymade-fallback","HIGH","NO","N/A","info@gacmotor.com","[General Contact Email (Guessed Pattern)] info@gacmotor.com; [Investor Grievance Email (Guessed Pattern)] contact@gacmotor.com","Unverified - guessed pattern","Yes","Yes","None","Yes","Completed","Orchavate Automated Tool v1.1","Scanned 1 page. Violations: 5. Lighthouse A11y: 80/100."
"711","Unassigned","GAIL (India) Limited","https://gailonline.com","readymade-fallback","HIGH","NO","N/A","info@gailonline.com","[General Contact Email (Guessed Pattern)] info@gailonline.com; [Investor Grievance Email (Guessed Pattern)] contact@gailonline.com","Unverified - guessed pattern","Yes","Yes","None","Yes","Completed","Orchavate Automated Tool v1.1","Scanned 1 page. Violations: 170. Lighthouse A11y: 30/100."
"720","Unassigned","GANESH HOUSING LIMITED","https://ganeshhousing.com","readymade-fallback","HIGH","NO","N/A","ganesh@ganeshhousing.com","[General Contact Email] ganesh@ganeshhousing.com","Verified","Yes","Yes","None","Yes","Completed","Orchavate Automated Tool v1.1","Scanned 1 page. Violations: 10. Lighthouse A11y: 60/100."
"837","Unassigned","GE Power India Limited","https://gepowercord.com","readymade-fallback","HIGH","NO","N/A","info@gepowercord.com","[General Contact Email] info@gepowercord.com","Verified","Yes","Yes","None","Yes","Completed","Orchavate Automated Tool v1.1","Scanned 1 page. Violations: 11. Lighthouse A11y: 56/100."
"839","Unassigned","GE Vernova T&D India Limited","https://Not Found","readymade-fallback","HIGH","NO","N/A","info@company.com","[General Contact Email (Guessed Pattern)] info@company.com; [Investor Grievance Email (Guessed Pattern)] contact@company.com","Unverified - guessed pattern","Yes","Yes","None","Yes","Completed","Orchavate Automated Tool v1.1","Scanned 1 page. Violations: 0. Lighthouse A11y: 100/100."
"741","Unassigned","GFL Limited","https://gflenv.com","readymade-fallback","HIGH","NO","N/A","N/A","N/A","Not Found","Yes","No","Blocked (cloudflare)","No","Blocked (Bot Protection)","Orchavate Automated Tool v1.1","Blocked by Bot Protection (cloudflare)"
"742","Unassigned","GHCL Limited","https://ghcl.co.in","readymade-fallback","HIGH","NO","N/A","weassist@ghcl.co.in","[General Contact Email] weassist@ghcl.co.in","Verified","Yes","Yes","None","Yes","Completed","Orchavate Automated Tool v1.1","Scanned 1 page. Violations: 28. Lighthouse A11y: 30/100."
"743","Unassigned","GHCL Textiles Limited","https://ghcltextiles.co.in","readymade-fallback","HIGH","NO","N/A","ghclmdu@ghcl.co.in","[General Contact Email] ghclmdu@ghcl.co.in","Verified","Yes","Yes","None","Yes","Completed","Orchavate Automated Tool v1.1","Scanned 1 page. Violations: 0. Lighthouse A11y: 100/100."
"744","Unassigned","GIC Housing Finance Limited","https://gichfindia.com","readymade-fallback","HIGH","NO","N/A","N/A","N/A","Not Found","Yes","No","Blocked (cloudflare)","No","Blocked (Bot Protection)","Orchavate Automated Tool v1.1","Blocked by Bot Protection (cloudflare)"
"753","Unassigned","GKW Limited","https://gkwretail.com","readymade-fallback","HIGH","NO","N/A","info@gkwretail.com","[General Contact Email] info@gkwretail.com","Verified","Yes","Yes","None","Yes","Completed","Orchavate Automated Tool v1.1","Scanned 1 page. Violations: 0. Lighthouse A11y: 100/100."
"751","Unassigned","GK Energy Limited","https://Not Found","readymade-fallback","HIGH","NO","N/A","info@company.com","[General Contact Email (Guessed Pattern)] info@company.com; [Investor Grievance Email (Guessed Pattern)] contact@company.com","Unverified - guessed pattern","Yes","Yes","None","Yes","Completed","Orchavate Automated Tool v1.1","Scanned 1 page. Violations: 0. Lighthouse A11y: 100/100."
"761","Unassigned","GLOBE ENTERPRISES (INDIA) LIMITED","https://globenewswire.com","readymade-fallback","HIGH","NO","N/A","info@globenewswire.com","[General Contact Email (Guessed Pattern)] info@globenewswire.com; [Investor Grievance Email (Guessed Pattern)] contact@globenewswire.com","Unverified - guessed pattern","Yes","Yes","None","Yes","Completed","Orchavate Automated Tool v1.1","Scanned 1 page. Violations: 2. Lighthouse A11y: 92/100."
"768","Unassigned","GMM Pfaudler Limited","https://gmmpfaudler.com","readymade-fallback","HIGH","NO","N/A","info@gmmpfaudler.com","[General Contact Email (Guessed Pattern)] info@gmmpfaudler.com; [Investor Grievance Email (Guessed Pattern)] contact@gmmpfaudler.com","Unverified - guessed pattern","Yes","Yes","None","Yes","Completed","Orchavate Automated Tool v1.1","Scanned 1 page. Violations: 35. Lighthouse A11y: 30/100."
"769","Unassigned","GMR AIRPORTS LIMITED","https://gmrairportslimited.com","readymade-fallback","HIGH","NO","N/A","info@gmrairportslimited.com","[General Contact Email (Guessed Pattern)] info@gmrairportslimited.com; [Investor Grievance Email (Guessed Pattern)] contact@gmrairportslimited.com","Unverified - guessed pattern","Yes","Yes","None","Yes","Completed","Orchavate Automated Tool v1.1","Scanned 1 page. Violations: 0. Lighthouse A11y: 100/100."
"770","Unassigned","GMR Power and Urban Infra Limited","https://Not Found","readymade-fallback","HIGH","NO","N/A","info@company.com","[General Contact Email (Guessed Pattern)] info@company.com; [Investor Grievance Email (Guessed Pattern)] contact@company.com","Unverified - guessed pattern","Yes","Yes","None","Yes","Completed","Orchavate Automated Tool v1.1","Scanned 1 page. Violations: 0. Lighthouse A11y: 100/100."
"766","Unassigned","GM Breweries Limited","https://Not Found","readymade-fallback","HIGH","NO","N/A","info@company.com","[General Contact Email (Guessed Pattern)] info@company.com; [Investor Grievance Email (Guessed Pattern)] contact@company.com","Unverified - guessed pattern","Yes","Yes","None","Yes","Completed","Orchavate Automated Tool v1.1","Scanned 1 page. Violations: 0. Lighthouse A11y: 100/100."
"771","Unassigned","GNA Axles Limited","https://gnagroup.com","readymade-fallback","HIGH","NO","N/A","info@gnagroup.com","[General Contact Email (Guessed Pattern)] info@gnagroup.com; [Investor Grievance Email (Guessed Pattern)] contact@gnagroup.com","Unverified - guessed pattern","Yes","Yes","None","Yes","Completed","Orchavate Automated Tool v1.1","Scanned 1 page. Violations: 0. Lighthouse A11y: 100/100."
"599","Unassigned","GNG Electronics Limited","https://Not Found","readymade-fallback","HIGH","NO","N/A","info@company.com","[General Contact Email (Guessed Pattern)] info@company.com; [Investor Grievance Email (Guessed Pattern)] contact@company.com","Unverified - guessed pattern","Yes","Yes","None","Yes","Completed","Orchavate Automated Tool v1.1","Scanned 1 page. Violations: 0. Lighthouse A11y: 100/100."
"775","Unassigned","GOCL Corporation Limited","https://goclove.com","readymade-fallback","HIGH","NO","N/A","support@goclove.com","[General Contact Email] support@goclove.com","Verified","Yes","Yes","None","Yes","Completed","Orchavate Automated Tool v1.1","Scanned 1 page. Violations: 32. Lighthouse A11y: 30/100."
"796","Unassigned","GPT Healthcare Limited","https://Not Found","readymade-fallback","HIGH","NO","N/A","info@company.com","[General Contact Email (Guessed Pattern)] info@company.com; [Investor Grievance Email (Guessed Pattern)] contact@company.com","Unverified - guessed pattern","Yes","Yes","None","Yes","Completed","Orchavate Automated Tool v1.1","Scanned 1 page. Violations: 0. Lighthouse A11y: 100/100."
"797","Unassigned","GPT Infraprojects Limited","https://gptinfra.in","readymade-fallback","HIGH","NO","N/A","N/A","N/A","Not Found","Yes","No","Blocked (cloudflare)","No","Blocked (Bot Protection)","Orchavate Automated Tool v1.1","Blocked by Bot Protection (cloudflare)"
"834","Unassigned","GP Petroleums Limited","https://gppetroleums.co.in","readymade-fallback","HIGH","NO","N/A","gppl@gpglobal.com","[Investor Grievance / Compliance Officer Email] rnt.helpdesk@in.mpms.mugf.com; [General Contact Email] gppl@gpglobal.com","Verified","Yes","Yes","None","Yes","Completed","Orchavate Automated Tool v1.1","Scanned 1 page. Violations: 27. Lighthouse A11y: 30/100."
"813","Unassigned","GRM Overseas Limited","https://Not Found","readymade-fallback","HIGH","NO","N/A","info@company.com","[General Contact Email (Guessed Pattern)] info@company.com; [Investor Grievance Email (Guessed Pattern)] contact@company.com","Unverified - guessed pattern","Yes","Yes","None","Yes","Completed","Orchavate Automated Tool v1.1","Scanned 1 page. Violations: 0. Lighthouse A11y: 100/100."
"816","Unassigned","GRP Limited","https://grp.com.sg","readymade-fallback","HIGH","NO","N/A","investor@grp.com.sg","[General Contact Email] investor@grp.com.sg","Verified","Yes","Yes","None","Yes","Completed","Orchavate Automated Tool v1.1","Scanned 1 page. Violations: 2. Lighthouse A11y: 92/100."
"821","Unassigned","GSP Crop Science Limited","https://gspcrop.in","readymade-fallback","HIGH","NO","N/A","info@gspcrop.in","[General Contact Email (Guessed Pattern)] info@gspcrop.in; [Investor Grievance Email (Guessed Pattern)] contact@gspcrop.in","Unverified - guessed pattern","Yes","Yes","None","Yes","Completed","Orchavate Automated Tool v1.1","Scanned 1 page. Violations: 0. Lighthouse A11y: 100/100."
"822","Unassigned","GSS Infotech Limited","https://gssinfotech.com","readymade-fallback","HIGH","NO","N/A","info@gssinfotech.com","[General Contact Email (Guessed Pattern)] info@gssinfotech.com; [Investor Grievance Email (Guessed Pattern)] contact@gssinfotech.com","Unverified - guessed pattern","Yes","Yes","None","Yes","Completed","Orchavate Automated Tool v1.1","Scanned 1 page. Violations: 10. Lighthouse A11y: 60/100."
"825","Unassigned","GTL Infrastructure Limited","https://gtlinfra.com","readymade-fallback","HIGH","NO","N/A","N/A","N/A","Not Found","Yes","No","Blocked (cloudflare)","No","Blocked (Bot Protection)","Orchavate Automated Tool v1.1","Blocked by Bot Protection (cloudflare)"
"824","Unassigned","GTL Limited","https://gtllimited.com","readymade-fallback","HIGH","NO","N/A","info@gtllimited.com","[General Contact Email (Guessed Pattern)] info@gtllimited.com; [Investor Grievance Email (Guessed Pattern)] contact@gtllimited.com","Unverified - guessed pattern","Yes","Yes","None","Yes","Completed","Orchavate Automated Tool v1.1","Scanned 1 page. Violations: 0. Lighthouse A11y: 100/100."
"826","Unassigned","GTPL Hathway Limited","https://gtpl.net","readymade-fallback","HIGH","NO","N/A","yoursupport@gtpl.net","[General Contact Email] yoursupport@gtpl.net","Verified","Yes","Yes","None","Yes","Completed","Orchavate Automated Tool v1.1","Scanned 1 page. Violations: 34. Lighthouse A11y: 30/100."
"830","Unassigned","GUJARAT ENERGY LIMITED","https://getri.org","readymade-fallback","HIGH","NO","N/A","N/A","N/A","Not Found","Yes","No","Blocked (cloudflare)","No","Blocked (Bot Protection)","Orchavate Automated Tool v1.1","Blocked by Bot Protection (cloudflare)"
"836","Unassigned","GVK Power & Infrastructure Limited","https://Not Found","readymade-fallback","HIGH","NO","N/A","info@company.com","[General Contact Email (Guessed Pattern)] info@company.com; [Investor Grievance Email (Guessed Pattern)] contact@company.com","Unverified - guessed pattern","Yes","Yes","None","Yes","Completed","Orchavate Automated Tool v1.1","Scanned 1 page. Violations: 0. Lighthouse A11y: 100/100."
"838","Unassigned","GVP Infotech Limited","https://Not Found","readymade-fallback","HIGH","NO","N/A","info@company.com","[General Contact Email (Guessed Pattern)] info@company.com; [Investor Grievance Email (Guessed Pattern)] contact@company.com","Unverified - guessed pattern","Yes","Yes","None","Yes","Completed","Orchavate Automated Tool v1.1","Scanned 1 page. Violations: 0. Lighthouse A11y: 100/100."
"812","Unassigned","G R Infraprojects Limited","https://grinfra.com","readymade-fallback","HIGH","NO","N/A","N/A","N/A","Not Found","Yes","No","Blocked (cloudflare)","No","Blocked (Bot Protection)","Orchavate Automated Tool v1.1","Blocked by Bot Protection (cloudflare)"
"823","Unassigned","G-TEC JAINX EDUCATION LIMITED","https://Not Found","readymade-fallback","HIGH","NO","N/A","info@company.com","[General Contact Email (Guessed Pattern)] info@company.com; [Investor Grievance Email (Guessed Pattern)] contact@company.com","Unverified - guessed pattern","Yes","Yes","None","Yes","Completed","Orchavate Automated Tool v1.1","Scanned 1 page. Violations: 0. Lighthouse A11y: 100/100."
"709","Unassigned","Gabriel India Limited","https://gabriellearruda.com","readymade-fallback","HIGH","NO","N/A","N/A","N/A","Not Found","Yes","No","Blocked (cloudflare)","No","Blocked (Bot Protection)","Orchavate Automated Tool v1.1","Blocked by Bot Protection (cloudflare)"
"712","Unassigned","Gala Precision Engineering Limited","https://Not Found","readymade-fallback","HIGH","NO","N/A","info@company.com","[General Contact Email (Guessed Pattern)] info@company.com; [Investor Grievance Email (Guessed Pattern)] contact@company.com","Unverified - guessed pattern","Yes","Yes","None","Yes","Completed","Orchavate Automated Tool v1.1","Scanned 1 page. Violations: 0. Lighthouse A11y: 100/100."
"713","Unassigned","Galaxy Surfactants Limited","https://galaxysurfactants.com","readymade-fallback","HIGH","NO","N/A","N/A","N/A","Not Found","Yes","No","Blocked (cloudflare)","No","Blocked (Bot Protection)","Orchavate Automated Tool v1.1","Blocked by Bot Protection (cloudflare)"
"714","Unassigned","Gallantt Ispat Limited","https://Not Found","readymade-fallback","HIGH","NO","N/A","info@company.com","[General Contact Email (Guessed Pattern)] info@company.com; [Investor Grievance Email (Guessed Pattern)] contact@company.com","Unverified - guessed pattern","Yes","Yes","None","Yes","Completed","Orchavate Automated Tool v1.1","Scanned 1 page. Violations: 0. Lighthouse A11y: 100/100."
"715","Unassigned","Gandhar Oil Refinery (India) Limited","https://Not Found","readymade-fallback","HIGH","NO","N/A","info@company.com","[General Contact Email (Guessed Pattern)] info@company.com; [Investor Grievance Email (Guessed Pattern)] contact@company.com","Unverified - guessed pattern","Yes","Yes","None","Yes","Completed","Orchavate Automated Tool v1.1","Scanned 1 page. Violations: 0. Lighthouse A11y: 100/100."
"716","Unassigned","Gandhi Special Tubes Limited","https://gandhispecialtubes.com","readymade-fallback","HIGH","NO","N/A","info@gandhitubes.com","[Investor Grievance / Compliance Officer Email] complianceofficer@gandhitubes.com; [General Contact Email] info@gandhitubes.com","Verified","Yes","Yes","None","Yes","Completed","Orchavate Automated Tool v1.1","Scanned 1 page. Violations: 19. Lighthouse A11y: 30/100."
"718","Unassigned","Ganesh Benzoplast Limited","https://ganeshbenzoplast.com","readymade-fallback","HIGH","NO","N/A","info@gblinfra.com","[General Contact Email] info@gblinfra.com","Verified","Yes","Yes","None","Yes","Completed","Orchavate Automated Tool v1.1","Scanned 1 page. Violations: 15. Lighthouse A11y: 40/100."
"719","Unassigned","Ganesh Consumer Products Limited","https://Not Found","readymade-fallback","HIGH","NO","N/A","info@company.com","[General Contact Email (Guessed Pattern)] info@company.com; [Investor Grievance Email (Guessed Pattern)] contact@company.com","Unverified - guessed pattern","Yes","Yes","None","Yes","Completed","Orchavate Automated Tool v1.1","Scanned 1 page. Violations: 0. Lighthouse A11y: 100/100."
"717","Unassigned","Ganesha Ecosphere Limited","https://ganeshaecosphere.com","readymade-fallback","HIGH","NO","N/A","info@ganeshaecosphere.com","[General Contact Email (Guessed Pattern)] info@ganeshaecosphere.com; [Investor Grievance Email (Guessed Pattern)] contact@ganeshaecosphere.com","Unverified - guessed pattern","Yes","Yes","None","Yes","Completed","Orchavate Automated Tool v1.1","Scanned 1 page. Violations: 34. Lighthouse A11y: 30/100."
"721","Unassigned","Ganga Forging Limited","https://gangaforging.com","readymade-fallback","HIGH","NO","N/A","info@gangaforging.com","[General Contact Email] info@gangaforging.com","Verified","Yes","Yes","None","Yes","Completed","Orchavate Automated Tool v1.1","Scanned 1 page. Violations: 10. Lighthouse A11y: 60/100."
"722","Unassigned","Ganges Securities Limited","https://Not Found","readymade-fallback","HIGH","NO","N/A","info@company.com","[General Contact Email (Guessed Pattern)] info@company.com; [Investor Grievance Email (Guessed Pattern)] contact@company.com","Unverified - guessed pattern","Yes","Yes","None","Yes","Completed","Orchavate Automated Tool v1.1","Scanned 1 page. Violations: 0. Lighthouse A11y: 100/100."
"817","Unassigned","Garden Reach Shipbuilders & Engineers Limited","https://grse.in","readymade-fallback","HIGH","NO","N/A","info@grse.in","[General Contact Email (Guessed Pattern)] info@grse.in; [Investor Grievance Email (Guessed Pattern)] contact@grse.in","Unverified - guessed pattern","Yes","Yes","None","Yes","Completed","Orchavate Automated Tool v1.1","Scanned 1 page. Violations: 8. Lighthouse A11y: 68/100."
"724","Unassigned","Garuda Construction and Engineering Limited","https://Not Found","readymade-fallback","HIGH","NO","N/A","info@company.com","[General Contact Email (Guessed Pattern)] info@company.com; [Investor Grievance Email (Guessed Pattern)] contact@company.com","Unverified - guessed pattern","Yes","Yes","None","Yes","Completed","Orchavate Automated Tool v1.1","Scanned 1 page. Violations: 0. Lighthouse A11y: 100/100."
"818","Unassigned","Garware Hi-Tech Films Limited","https://garwarehitechfilms.com","readymade-fallback","HIGH","NO","N/A","N/A","N/A","Not Found","Yes","No","Blocked (cloudflare)","No","Blocked (Bot Protection)","Orchavate Automated Tool v1.1","Blocked by Bot Protection (cloudflare)"
"723","Unassigned","Garware Technical Fibres Limited","https://garwarefibres.com","readymade-fallback","HIGH","NO","N/A","sales@garwarefibres.com","[Investor Grievance / Compliance Officer Email] sales@garwarefibres.com; [General Contact Email] sales@garwarefibres.com","Verified","Yes","Yes","None","Yes","Completed","Orchavate Automated Tool v1.1","Scanned 1 page. Violations: 30. Lighthouse A11y: 30/100."
"727","Unassigned","Gateway Distriparks Limited","https://gatewaydistriparks.com","readymade-fallback","HIGH","NO","N/A","N/A","N/A","Not Found","Yes","No","Blocked (cloudflare)","No","Blocked (Bot Protection)","Orchavate Automated Tool v1.1","Blocked by Bot Protection (cloudflare)"
"728","Unassigned","Gaudium IVF and Women Health Limited","https://Not Found","readymade-fallback","HIGH","NO","N/A","info@company.com","[General Contact Email (Guessed Pattern)] info@company.com; [Investor Grievance Email (Guessed Pattern)] contact@company.com","Unverified - guessed pattern","Yes","Yes","None","Yes","Completed","Orchavate Automated Tool v1.1","Scanned 1 page. Violations: 0. Lighthouse A11y: 100/100."
"729","Unassigned","Gayatri Highways Limited","https://gayatrihighways.com","readymade-fallback","HIGH","NO","N/A","info@gayatrihighways.com","[General Contact Email (Guessed Pattern)] info@gayatrihighways.com; [Investor Grievance Email (Guessed Pattern)] contact@gayatrihighways.com","Unverified - guessed pattern","Yes","Yes","None","Yes","Completed","Orchavate Automated Tool v1.1","Scanned 1 page. Violations: 4. Lighthouse A11y: 84/100."
"730","Unassigned","Gayatri Projects Limited","https://Not Found","readymade-fallback","HIGH","NO","N/A","info@company.com","[General Contact Email (Guessed Pattern)] info@company.com; [Investor Grievance Email (Guessed Pattern)] contact@company.com","Unverified - guessed pattern","Yes","Yes","None","Yes","Completed","Orchavate Automated Tool v1.1","Scanned 1 page. Violations: 0. Lighthouse A11y: 100/100."
"732","Unassigned","GeeCee Ventures Limited","https://geeceeventures.com","readymade-fallback","HIGH","NO","N/A","geecee.investor@gcvl.in","[General Contact Email] geecee.investor@gcvl.in","Verified","Yes","Yes","None","Yes","Completed","Orchavate Automated Tool v1.1","Scanned 1 page. Violations: 9. Lighthouse A11y: 64/100."
"733","Unassigned","Geekay Wires Limited","https://geekaywires.com","readymade-fallback","HIGH","NO","N/A","info@geekaywires.com","[General Contact Email] info@geekaywires.com","Verified","Yes","Yes","None","Yes","Completed","Orchavate Automated Tool v1.1","Scanned 1 page. Violations: 17. Lighthouse A11y: 32/100."
"734","Unassigned","Gem Aromatics Limited","https://gemaromatics.com","readymade-fallback","HIGH","NO","N/A","N/A","N/A","Not Found","Yes","No","Blocked (cloudflare)","No","Blocked (Bot Protection)","Orchavate Automated Tool v1.1","Blocked by Bot Protection (cloudflare)"
"746","Unassigned","General Insurance Corporation of India","https://gicre.in","readymade-fallback","HIGH","NO","N/A","info@gicre.in","[General Contact Email] info@gicre.in","Verified","Yes","Yes","None","Yes","Completed","Orchavate Automated Tool v1.1","Scanned 1 page. Violations: 5. Lighthouse A11y: 80/100."
"735","Unassigned","Generic Engineering Construction and Projects Limited","https://Not Found","readymade-fallback","HIGH","NO","N/A","info@company.com","[General Contact Email (Guessed Pattern)] info@company.com; [Investor Grievance Email (Guessed Pattern)] contact@company.com","Unverified - guessed pattern","Yes","Yes","None","Yes","Completed","Orchavate Automated Tool v1.1","Scanned 1 page. Violations: 0. Lighthouse A11y: 100/100."
"736","Unassigned","Genesys International Corporation Limited","https://igenesys.com","readymade-fallback","HIGH","NO","N/A","user@domain.com","[General Contact Email] user@domain.com","Verified","Yes","Yes","None","Yes","Completed","Orchavate Automated Tool v1.1","Scanned 1 page. Violations: 12. Lighthouse A11y: 52/100."
"737","Unassigned","Genus Paper & Boards Limited","https://genuspaper.com","readymade-fallback","HIGH","NO","N/A","info@genuspaper.com","[General Contact Email] info@genuspaper.com","Verified","Yes","Yes","None","Yes","Completed","Orchavate Automated Tool v1.1","Scanned 1 page. Violations: 4. Lighthouse A11y: 84/100."
"738","Unassigned","Genus Power Infrastructures Limited","https://genuspower.com","readymade-fallback","HIGH","NO","N/A","N/A","N/A","Not Found","Yes","No","Blocked (cloudflare)","No","Blocked (Bot Protection)","Orchavate Automated Tool v1.1","Blocked by Bot Protection (cloudflare)"
"739","Unassigned","Geojit Financial Services Limited","https://Not Found","readymade-fallback","HIGH","NO","N/A","info@company.com","[General Contact Email (Guessed Pattern)] info@company.com; [Investor Grievance Email (Guessed Pattern)] contact@company.com","Unverified - guessed pattern","Yes","Yes","None","Yes","Completed","Orchavate Automated Tool v1.1","Scanned 1 page. Violations: 0. Lighthouse A11y: 100/100."
"747","Unassigned","Gillanders Arbuthnot & Company Limited","https://gillandersarbuthnot.com","readymade-fallback","HIGH","NO","N/A","gillanders@gillandersarbuthnot.com","[Investor Grievance / Compliance Officer Email] gillanders@gillandersarbuthnot.com; [General Contact Email] gillanders@gillandersarbuthnot.com","Verified","Yes","Yes","None","Yes","Completed","Orchavate Automated Tool v1.1","Scanned 1 page. Violations: 2. Lighthouse A11y: 92/100."
"748","Unassigned","Gillette India Limited","https://gillette.com","readymade-fallback","HIGH","NO","N/A","name@example.com","[General Contact Email] name@example.com","Verified","Yes","Yes","None","Yes","Completed","Orchavate Automated Tool v1.1","Scanned 1 page. Violations: 0. Lighthouse A11y: 100/100."
"749","Unassigned","Ginni Filaments Limited","https://ginnifilaments.com","readymade-fallback","HIGH","NO","N/A","secretarial@ginnifilaments.com","[Investor Grievance / Compliance Officer Email] secretarial@ginnifilaments.com; [General Contact Email] secretarial@ginnifilaments.com","Verified","Yes","Yes","None","Yes","Completed","Orchavate Automated Tool v1.1","Scanned 1 page. Violations: 4. Lighthouse A11y: 84/100."
"754","Unassigned","Gland Pharma Limited","https://glandpharma.com","readymade-fallback","HIGH","NO","N/A","gland@glandpharma.com","[General Contact Email] gland@glandpharma.com","Verified","Yes","Yes","None","Yes","Completed","Orchavate Automated Tool v1.1","Scanned 1 page. Violations: 45. Lighthouse A11y: 30/100."
"755","Unassigned","GlaxoSmithKline Pharmaceuticals Limited","https://Not Found","readymade-fallback","HIGH","NO","N/A","info@company.com","[General Contact Email (Guessed Pattern)] info@company.com; [Investor Grievance Email (Guessed Pattern)] contact@company.com","Unverified - guessed pattern","Yes","Yes","None","Yes","Completed","Orchavate Automated Tool v1.1","Scanned 1 page. Violations: 0. Lighthouse A11y: 100/100."
"756","Unassigned","Glenmark Pharmaceuticals Limited","https://glenmarkpharma.com","readymade-fallback","HIGH","NO","N/A","einward.ris@kfintech.com","[Investor Grievance / Compliance Officer Email] einward.ris@kfintech.com; [General Contact Email] einward.ris@kfintech.com","Verified","Yes","Yes","None","Yes","Completed","Orchavate Automated Tool v1.1","Scanned 1 page. Violations: 5. Lighthouse A11y: 80/100."
"758","Unassigned","Global Education Limited","https://gedu.org","readymade-fallback","HIGH","NO","N/A","info@gedu.org","[General Contact Email (Guessed Pattern)] info@gedu.org; [Investor Grievance Email (Guessed Pattern)] contact@gedu.org","Unverified - guessed pattern","Yes","Yes","None","Yes","Completed","Orchavate Automated Tool v1.1","Scanned 1 page. Violations: 0. Lighthouse A11y: 100/100."
"820","Unassigned","Global Surfaces Limited","https://globalsurfaces.in","readymade-fallback","HIGH","NO","N/A","info@globalsurfaces.com","[General Contact Email] info@globalsurfaces.com","Verified","Yes","Yes","None","Yes","Completed","Orchavate Automated Tool v1.1","Scanned 1 page. Violations: 17. Lighthouse A11y: 32/100."
"760","Unassigned","Global Vectra Helicorp Limited","https://Not Found","readymade-fallback","HIGH","NO","N/A","info@company.com","[General Contact Email (Guessed Pattern)] info@company.com; [Investor Grievance Email (Guessed Pattern)] contact@company.com","Unverified - guessed pattern","Yes","Yes","None","Yes","Completed","Orchavate Automated Tool v1.1","Scanned 1 page. Violations: 0. Lighthouse A11y: 100/100."
"759","Unassigned","Globale Tessile Limited","https://Not Found","readymade-fallback","HIGH","NO","N/A","info@company.com","[General Contact Email (Guessed Pattern)] info@company.com; [Investor Grievance Email (Guessed Pattern)] contact@company.com","Unverified - guessed pattern","Yes","Yes","None","Yes","Completed","Orchavate Automated Tool v1.1","Scanned 1 page. Violations: 0. Lighthouse A11y: 100/100."
"762","Unassigned","Globe Civil Projects Limited","https://Not Found","readymade-fallback","HIGH","NO","N/A","info@company.com","[General Contact Email (Guessed Pattern)] info@company.com; [Investor Grievance Email (Guessed Pattern)] contact@company.com","Unverified - guessed pattern","Yes","Yes","None","Yes","Completed","Orchavate Automated Tool v1.1","Scanned 1 page. Violations: 0. Lighthouse A11y: 100/100."
"745","Unassigned","Globe International Carriers Limited","https://gicl.co","readymade-fallback","HIGH","NO","N/A","info@gicl.co","[General Contact Email (Guessed Pattern)] info@gicl.co; [Investor Grievance Email (Guessed Pattern)] contact@gicl.co","Unverified - guessed pattern","Yes","Yes","None","Yes","Completed","Orchavate Automated Tool v1.1","Scanned 1 page. Violations: 0. Lighthouse A11y: 100/100."
"763","Unassigned","Globus Spirits Limited","https://globusspirits.com","readymade-fallback","HIGH","NO","N/A","corporateoffice@globusgroup.in","[Investor Grievance / Compliance Officer Email] ir@globusgroup.in; [General Contact Email] corporateoffice@globusgroup.in","Verified","Yes","Yes","None","Yes","Completed","Orchavate Automated Tool v1.1","Scanned 1 page. Violations: 13. Lighthouse A11y: 48/100."
"764","Unassigned","Gloster Limited","https://gloster.com","readymade-fallback","HIGH","NO","N/A","contact@gloster.com","[General Contact Email] contact@gloster.com","Verified","Yes","Yes","None","Yes","Completed","Orchavate Automated Tool v1.1","Scanned 1 page. Violations: 16. Lighthouse A11y: 36/100."
"765","Unassigned","Glottis Limited","https://glottislogistics.in","readymade-fallback","HIGH","NO","N/A","info@glottislogistics.in","[General Contact Email] info@glottislogistics.in","Verified","Yes","Yes","None","Yes","Completed","Orchavate Automated Tool v1.1","Scanned 1 page. Violations: 17. Lighthouse A11y: 32/100."
"779","Unassigned","Go Digit General Insurance Limited","https://Not Found","readymade-fallback","HIGH","NO","N/A","info@company.com","[General Contact Email (Guessed Pattern)] info@company.com; [Investor Grievance Email (Guessed Pattern)] contact@company.com","Unverified - guessed pattern","Yes","Yes","None","Yes","Completed","Orchavate Automated Tool v1.1","Scanned 1 page. Violations: 0. Lighthouse A11y: 100/100."
"776","Unassigned","Go Fashion (India) Limited","https://go-fashion.co","readymade-fallback","HIGH","NO","N/A","info@go-fashion.co","[General Contact Email (Guessed Pattern)] info@go-fashion.co; [Investor Grievance Email (Guessed Pattern)] contact@go-fashion.co","Unverified - guessed pattern","Yes","Yes","None","Yes","Completed","Orchavate Automated Tool v1.1","Scanned 1 page. Violations: 0. Lighthouse A11y: 100/100."
"774","Unassigned","Goa Carbon Limited","https://goacarbon.com","readymade-fallback","HIGH","NO","N/A","info@goacarbon.com","[General Contact Email (Guessed Pattern)] info@goacarbon.com; [Investor Grievance Email (Guessed Pattern)] contact@goacarbon.com","Unverified - guessed pattern","Yes","Yes","None","Yes","Completed","Orchavate Automated Tool v1.1","Scanned 1 page. Violations: 0. Lighthouse A11y: 100/100."
"777","Unassigned","Godavari Biorefineries Limited","https://somaiya.com","readymade-fallback","HIGH","NO","N/A","N/A","N/A","Not Found","Yes","No","Blocked (cloudflare)","No","Blocked (Bot Protection)","Orchavate Automated Tool v1.1","Blocked by Bot Protection (cloudflare)"
"794","Unassigned","Godawari Power And Ispat limited","https://Not Found","readymade-fallback","HIGH","NO","N/A","info@company.com","[General Contact Email (Guessed Pattern)] info@company.com; [Investor Grievance Email (Guessed Pattern)] contact@company.com","Unverified - guessed pattern","Yes","Yes","None","Yes","Completed","Orchavate Automated Tool v1.1","Scanned 1 page. Violations: 0. Lighthouse A11y: 100/100."
"778","Unassigned","Godfrey Phillips India Limited","https://Not Found","readymade-fallback","HIGH","NO","N/A","info@company.com","[General Contact Email (Guessed Pattern)] info@company.com; [Investor Grievance Email (Guessed Pattern)] contact@company.com","Unverified - guessed pattern","Yes","Yes","None","Yes","Completed","Orchavate Automated Tool v1.1","Scanned 1 page. Violations: 0. Lighthouse A11y: 100/100."
"780","Unassigned","Godrej Agrovet Limited","https://godrejagrovet.com","readymade-fallback","HIGH","NO","N/A","N/A","N/A","Not Found","Yes","No","Blocked (access denied)","No","Blocked (Bot Protection)","Orchavate Automated Tool v1.1","Blocked by Bot Protection (access denied)"
"781","Unassigned","Godrej Consumer Products Limited","https://godrejcp.com","readymade-fallback","HIGH","NO","N/A","N/A","N/A","Not Found","Yes","No","Blocked (access denied)","No","Blocked (Bot Protection)","Orchavate Automated Tool v1.1","Blocked by Bot Protection (access denied)"
"782","Unassigned","Godrej Industries Limited","https://godrejchemicals.com","readymade-fallback","HIGH","NO","N/A","N/A","N/A","Not Found","Yes","No","Blocked (access denied)","No","Blocked (Bot Protection)","Orchavate Automated Tool v1.1","Blocked by Bot Protection (access denied)"
"783","Unassigned","Godrej Properties Limited","https://godrejproperties.com","readymade-fallback","HIGH","NO","N/A","N/A","N/A","Not Found","Yes","No","Blocked (access denied)","No","Blocked (Bot Protection)","Orchavate Automated Tool v1.1","Blocked by Bot Protection (access denied)"
"784","Unassigned","Gokaldas Exports Limited","https://gokaldasexports.com","readymade-fallback","HIGH","NO","N/A","N/A","N/A","Not Found","Yes","No","Blocked (cloudflare)","No","Blocked (Bot Protection)","Orchavate Automated Tool v1.1","Blocked by Bot Protection (cloudflare)"
"786","Unassigned","Gokul Agro Resources Limited","https://Not Found","readymade-fallback","HIGH","NO","N/A","info@company.com","[General Contact Email (Guessed Pattern)] info@company.com; [Investor Grievance Email (Guessed Pattern)] contact@company.com","Unverified - guessed pattern","Yes","Yes","None","Yes","Completed","Orchavate Automated Tool v1.1","Scanned 1 page. Violations: 0. Lighthouse A11y: 100/100."
"785","Unassigned","Gokul Refoils and Solvent Limited","https://Not Found","readymade-fallback","HIGH","NO","N/A","info@company.com","[General Contact Email (Guessed Pattern)] info@company.com; [Investor Grievance Email (Guessed Pattern)] contact@company.com","Unverified - guessed pattern","Yes","Yes","None","Yes","Completed","Orchavate Automated Tool v1.1","Scanned 1 page. Violations: 0. Lighthouse A11y: 100/100."
"787","Unassigned","Golden Tobacco Limited","https://goldentobacco.in","readymade-fallback","HIGH","NO","N/A","info@goldentobacco.in","[General Contact Email (Guessed Pattern)] info@goldentobacco.in; [Investor Grievance Email (Guessed Pattern)] contact@goldentobacco.in","Unverified - guessed pattern","Yes","Yes","None","Yes","Completed","Orchavate Automated Tool v1.1","Scanned 1 page. Violations: 1. Lighthouse A11y: 96/100."
"788","Unassigned","Goldiam International Limited","https://Not Found","readymade-fallback","HIGH","NO","N/A","info@company.com","[General Contact Email (Guessed Pattern)] info@company.com; [Investor Grievance Email (Guessed Pattern)] contact@company.com","Unverified - guessed pattern","Yes","Yes","None","Yes","Completed","Orchavate Automated Tool v1.1","Scanned 1 page. Violations: 0. Lighthouse A11y: 100/100."
"790","Unassigned","Goodluck India Limited","https://goodluckindia.com","readymade-fallback","HIGH","NO","N/A","N/A","N/A","Not Found","Yes","No","Blocked (cloudflare)","No","Blocked (Bot Protection)","Orchavate Automated Tool v1.1","Blocked by Bot Protection (cloudflare)"
"791","Unassigned","Goodyear India Limited","https://goodyear.com","readymade-fallback","HIGH","NO","N/A","N/A","N/A","Not Found","Yes","No","Blocked (cloudflare)","No","Blocked (Bot Protection)","Orchavate Automated Tool v1.1","Blocked by Bot Protection (cloudflare)"
"792","Unassigned","Gopal Snacks Limited","https://gopalnamkeen.com","readymade-fallback","HIGH","NO","N/A","N/A","N/A","Not Found","Yes","No","Blocked (cloudflare)","No","Blocked (Bot Protection)","Orchavate Automated Tool v1.1","Blocked by Bot Protection (cloudflare)"
"793","Unassigned","Goyal Aluminiums Limited","https://Not Found","readymade-fallback","HIGH","NO","N/A","info@company.com","[General Contact Email (Guessed Pattern)] info@company.com; [Investor Grievance Email (Guessed Pattern)] contact@company.com","Unverified - guessed pattern","Yes","Yes","None","Yes","Completed","Orchavate Automated Tool v1.1","Scanned 1 page. Violations: 0. Lighthouse A11y: 100/100."
"798","Unassigned","Gradiente Infotainment Limited","https://gradienteinfotainment.com","readymade-fallback","HIGH","NO","N/A","N/A","N/A","Not Found","Yes","No","Blocked (cloudflare)","No","Blocked (Bot Protection)","Orchavate Automated Tool v1.1","Blocked by Bot Protection (cloudflare)"
"799","Unassigned","Grand Oak Canyons Distillery Limited","https://Not Found","readymade-fallback","HIGH","NO","N/A","info@company.com","[General Contact Email (Guessed Pattern)] info@company.com; [Investor Grievance Email (Guessed Pattern)] contact@company.com","Unverified - guessed pattern","Yes","Yes","None","Yes","Completed","Orchavate Automated Tool v1.1","Scanned 1 page. Violations: 0. Lighthouse A11y: 100/100."
"800","Unassigned","Granules India Limited","https://granulesindia.com","readymade-fallback","HIGH","NO","N/A","mail@granulesindia.com","[General Contact Email] mail@granulesindia.com","Verified","Yes","Yes","None","Yes","Completed","Orchavate Automated Tool v1.1","Scanned 1 page. Violations: 9. Lighthouse A11y: 64/100."
"801","Unassigned","Graphite India Limited","https://graphite.com","readymade-fallback","HIGH","NO","N/A","white@2x.webp","[General Contact Email] white@2x.webp","Verified","Yes","Yes","None","Yes","Completed","Orchavate Automated Tool v1.1","Scanned 1 page. Violations: 1. Lighthouse A11y: 96/100."
"802","Unassigned","Grasim Industries Limited","https://grasim.com","readymade-fallback","HIGH","NO","N/A","info@grasim.com","[General Contact Email (Guessed Pattern)] info@grasim.com; [Investor Grievance Email (Guessed Pattern)] contact@grasim.com","Unverified - guessed pattern","Yes","Yes","None","Yes","Completed","Orchavate Automated Tool v1.1","Scanned 1 page. Violations: 0. Lighthouse A11y: 100/100."
"803","Unassigned","Grauer & Weil India Limited","https://growel.com","readymade-fallback","HIGH","NO","N/A","N/A","N/A","Not Found","Yes","No","Blocked (cloudflare)","No","Blocked (Bot Protection)","Orchavate Automated Tool v1.1","Blocked by Bot Protection (cloudflare)"
"804","Unassigned","Graviss Hospitality Limited","https://Not Found","readymade-fallback","HIGH","NO","N/A","info@company.com","[General Contact Email (Guessed Pattern)] info@company.com; [Investor Grievance Email (Guessed Pattern)] contact@company.com","Unverified - guessed pattern","Yes","Yes","None","Yes","Completed","Orchavate Automated Tool v1.1","Scanned 1 page. Violations: 0. Lighthouse A11y: 100/100."
"805","Unassigned","Gravita India Limited","https://gravitate.ai","readymade-fallback","HIGH","NO","N/A","hello@gravitate.ai","[General Contact Email] hello@gravitate.ai","Verified","Yes","Yes","None","Yes","Completed","Orchavate Automated Tool v1.1","Scanned 1 page. Violations: 1. Lighthouse A11y: 96/100."
"806","Unassigned","Greaves Cotton Limited","https://greavescotton.com","readymade-fallback","HIGH","NO","N/A","investorservices@greavescotton.com","[Investor Grievance / Compliance Officer Email] investorservices@greavescotton.com; [General Contact Email] investorservices@greavescotton.com","Verified","Yes","Yes","None","Yes","Completed","Orchavate Automated Tool v1.1","Scanned 1 page. Violations: 24. Lighthouse A11y: 30/100."
"807","Unassigned","Greenlam Industries Limited","https://greenlamindustries.com","readymade-fallback","HIGH","NO","N/A","info@greenlamindustries.com","[General Contact Email] info@greenlamindustries.com","Verified","Yes","Yes","None","Yes","Completed","Orchavate Automated Tool v1.1","Scanned 1 page. Violations: 24. Lighthouse A11y: 30/100."
"808","Unassigned","Greenpanel Industries Limited","https://Not Found","readymade-fallback","HIGH","NO","N/A","info@company.com","[General Contact Email (Guessed Pattern)] info@company.com; [Investor Grievance Email (Guessed Pattern)] contact@company.com","Unverified - guessed pattern","Yes","Yes","None","Yes","Completed","Orchavate Automated Tool v1.1","Scanned 1 page. Violations: 0. Lighthouse A11y: 100/100."
"809","Unassigned","Greenply Industries Limited","https://Not Found","readymade-fallback","HIGH","NO","N/A","info@company.com","[General Contact Email (Guessed Pattern)] info@company.com; [Investor Grievance Email (Guessed Pattern)] contact@company.com","Unverified - guessed pattern","Yes","Yes","None","Yes","Completed","Orchavate Automated Tool v1.1","Scanned 1 page. Violations: 0. Lighthouse A11y: 100/100."
"731","Unassigned","Gretex Corporate Services Limited","https://Not Found","readymade-fallback","HIGH","NO","N/A","info@company.com","[General Contact Email (Guessed Pattern)] info@company.com; [Investor Grievance Email (Guessed Pattern)] contact@company.com","Unverified - guessed pattern","Yes","Yes","None","Yes","Completed","Orchavate Automated Tool v1.1","Scanned 1 page. Violations: 0. Lighthouse A11y: 100/100."
"811","Unassigned","Grindwell Norton Limited","https://Not Found","readymade-fallback","HIGH","NO","N/A","info@company.com","[General Contact Email (Guessed Pattern)] info@company.com; [Investor Grievance Email (Guessed Pattern)] contact@company.com","Unverified - guessed pattern","Yes","Yes","None","Yes","Completed","Orchavate Automated Tool v1.1","Scanned 1 page. Violations: 0. Lighthouse A11y: 100/100."
"827","Unassigned","Gufic Biosciences Limited","https://Not Found","readymade-fallback","HIGH","NO","N/A","info@company.com","[General Contact Email (Guessed Pattern)] info@company.com; [Investor Grievance Email (Guessed Pattern)] contact@company.com","Unverified - guessed pattern","Yes","Yes","None","Yes","Completed","Orchavate Automated Tool v1.1","Scanned 1 page. Violations: 0. Lighthouse A11y: 100/100."
"828","Unassigned","Gujarat Alkalies and Chemicals Limited","https://gacl.com","readymade-fallback","HIGH","NO","N/A","info@gacl.com","[General Contact Email (Guessed Pattern)] info@gacl.com; [Investor Grievance Email (Guessed Pattern)] contact@gacl.com","Unverified - guessed pattern","Yes","Yes","None","Yes","Completed","Orchavate Automated Tool v1.1","Scanned 1 page. Violations: 0. Lighthouse A11y: 100/100."
"710","Unassigned","Gujarat Ambuja Exports Limited","https://ambujagroup.com","readymade-fallback","HIGH","NO","N/A","N/A","N/A","Not Found","Yes","No","Blocked (cloudflare)","No","Blocked (Bot Protection)","Orchavate Automated Tool v1.1","Blocked by Bot Protection (cloudflare)"
"829","Unassigned","Gujarat Apollo Industries Limited","https://Not Found","readymade-fallback","HIGH","NO","N/A","info@company.com","[General Contact Email (Guessed Pattern)] info@company.com; [Investor Grievance Email (Guessed Pattern)] contact@company.com","Unverified - guessed pattern","Yes","Yes","None","Yes","Completed","Orchavate Automated Tool v1.1","Scanned 1 page. Violations: 0. Lighthouse A11y: 100/100."
"697","Unassigned","Gujarat Fluorochemicals Limited","https://gfl.co.in","readymade-fallback","HIGH","NO","N/A","N/A","N/A","Not Found","Yes","No","Blocked (cloudflare)","No","Blocked (Bot Protection)","Orchavate Automated Tool v1.1","Blocked by Bot Protection (cloudflare)"
"750","Unassigned","Gujarat Industries Power Company Limited","https://Not Found","readymade-fallback","HIGH","NO","N/A","info@company.com","[General Contact Email (Guessed Pattern)] info@company.com; [Investor Grievance Email (Guessed Pattern)] contact@company.com","Unverified - guessed pattern","Yes","Yes","None","Yes","Completed","Orchavate Automated Tool v1.1","Scanned 1 page. Violations: 0. Lighthouse A11y: 100/100."
"752","Unassigned","Gujarat Kidney And Super Speciality Limited","https://Not Found","readymade-fallback","HIGH","NO","N/A","info@company.com","[General Contact Email (Guessed Pattern)] info@company.com; [Investor Grievance Email (Guessed Pattern)] contact@company.com","Unverified - guessed pattern","Yes","Yes","None","Yes","Completed","Orchavate Automated Tool v1.1","Scanned 1 page. Violations: 0. Lighthouse A11y: 100/100."
"757","Unassigned","Gujarat Lease Financing Limited","https://Not Found","readymade-fallback","HIGH","NO","N/A","info@company.com","[General Contact Email (Guessed Pattern)] info@company.com; [Investor Grievance Email (Guessed Pattern)] contact@company.com","Unverified - guessed pattern","Yes","Yes","None","Yes","Completed","Orchavate Automated Tool v1.1","Scanned 1 page. Violations: 0. Lighthouse A11y: 100/100."
"767","Unassigned","Gujarat Mineral Development Corporation Limited","https://Not Found","readymade-fallback","HIGH","NO","N/A","info@company.com","[General Contact Email (Guessed Pattern)] info@company.com; [Investor Grievance Email (Guessed Pattern)] contact@company.com","Unverified - guessed pattern","Yes","Yes","None","Yes","Completed","Orchavate Automated Tool v1.1","Scanned 1 page. Violations: 0. Lighthouse A11y: 100/100."
"772","Unassigned","Gujarat Narmada Valley Fertilizers and Chemicals Limited","https://Not Found","readymade-fallback","HIGH","NO","N/A","info@company.com","[General Contact Email (Guessed Pattern)] info@company.com; [Investor Grievance Email (Guessed Pattern)] contact@company.com","Unverified - guessed pattern","Yes","Yes","None","Yes","Completed","Orchavate Automated Tool v1.1","Scanned 1 page. Violations: 0. Lighthouse A11y: 100/100."
"773","Unassigned","Gujarat Natural Resources Limited","https://Not Found","readymade-fallback","HIGH","NO","N/A","info@company.com","[General Contact Email (Guessed Pattern)] info@company.com; [Investor Grievance Email (Guessed Pattern)] contact@company.com","Unverified - guessed pattern","Yes","Yes","None","Yes","Completed","Orchavate Automated Tool v1.1","Scanned 1 page. Violations: 0. Lighthouse A11y: 100/100."
"795","Unassigned","Gujarat Pipavav Port Limited","https://Not Found","readymade-fallback","HIGH","NO","N/A","info@company.com","[General Contact Email (Guessed Pattern)] info@company.com; [Investor Grievance Email (Guessed Pattern)] contact@company.com","Unverified - guessed pattern","Yes","Yes","None","Yes","Completed","Orchavate Automated Tool v1.1","Scanned 1 page. Violations: 0. Lighthouse A11y: 100/100."
"831","Unassigned","Gujarat Raffia Industries Limited","https://Not Found","readymade-fallback","HIGH","NO","N/A","info@company.com","[General Contact Email (Guessed Pattern)] info@company.com; [Investor Grievance Email (Guessed Pattern)] contact@company.com","Unverified - guessed pattern","Yes","Yes","None","Yes","Completed","Orchavate Automated Tool v1.1","Scanned 1 page. Violations: 0. Lighthouse A11y: 100/100."
"819","Unassigned","Gujarat State Fertilizers & Chemicals Limited","https://gsfclimited.com","readymade-fallback","HIGH","NO","N/A","N/A","N/A","Not Found","Yes","No","Blocked (cloudflare)","No","Blocked (Bot Protection)","Orchavate Automated Tool v1.1","Blocked by Bot Protection (cloudflare)"
"832","Unassigned","Gujarat Themis Biosyn Limited","https://Not Found","readymade-fallback","HIGH","NO","N/A","info@company.com","[General Contact Email (Guessed Pattern)] info@company.com; [Investor Grievance Email (Guessed Pattern)] contact@company.com","Unverified - guessed pattern","Yes","Yes","None","Yes","Completed","Orchavate Automated Tool v1.1","Scanned 1 page. Violations: 0. Lighthouse A11y: 100/100."
"833","Unassigned","Gulf Oil Lubricants India Limited","https://gulfoilindonesia.com","readymade-fallback","HIGH","NO","N/A","info@gulfoilindonesia.com","[General Contact Email (Guessed Pattern)] info@gulfoilindonesia.com; [Investor Grievance Email (Guessed Pattern)] contact@gulfoilindonesia.com","Unverified - guessed pattern","Yes","Yes","None","Yes","Completed","Orchavate Automated Tool v1.1","Scanned 1 page. Violations: 0. Lighthouse A11y: 100/100."
"835","Unassigned","Gulshan Polyols Limited","https://gulshanindia.com","readymade-fallback","HIGH","NO","N/A","N/A","N/A","Not Found","Yes","No","Blocked (cloudflare)","No","Blocked (Bot Protection)","Orchavate Automated Tool v1.1","Blocked by Bot Protection (cloudflare)"
"840","Unassigned","Gyftr Limited","https://gyftr.com","readymade-fallback","HIGH","NO","N/A","N/A","N/A","Not Found","Yes","No","Blocked (cloudflare)","No","Blocked (Bot Protection)","Orchavate Automated Tool v1.1","Blocked by Bot Protection (cloudflare)"
"844","Unassigned","HALEOS LABS LIMITED","https://Not Found","readymade-fallback","HIGH","NO","N/A","info@company.com","[General Contact Email (Guessed Pattern)] info@company.com; [Investor Grievance Email (Guessed Pattern)] contact@company.com","Unverified - guessed pattern","Yes","Yes","None","Yes","Completed","Orchavate Automated Tool v1.1","Scanned 1 page. Violations: 0. Lighthouse A11y: 100/100."
"857","Unassigned","HBL Engineering Limited","https://Not Found","readymade-fallback","HIGH","NO","N/A","info@company.com","[General Contact Email (Guessed Pattern)] info@company.com; [Investor Grievance Email (Guessed Pattern)] contact@company.com","Unverified - guessed pattern","Yes","Yes","None","Yes","Completed","Orchavate Automated Tool v1.1","Scanned 1 page. Violations: 0. Lighthouse A11y: 100/100."
"856","Unassigned","HB Estate Developers Limited","https://Not Found","readymade-fallback","HIGH","NO","N/A","info@company.com","[General Contact Email (Guessed Pattern)] info@company.com; [Investor Grievance Email (Guessed Pattern)] contact@company.com","Unverified - guessed pattern","Yes","Yes","None","Yes","Completed","Orchavate Automated Tool v1.1","Scanned 1 page. Violations: 0. Lighthouse A11y: 100/100."
"858","Unassigned","HB Stockholdings Limited","https://Not Found","readymade-fallback","HIGH","NO","N/A","info@company.com","[General Contact Email (Guessed Pattern)] info@company.com; [Investor Grievance Email (Guessed Pattern)] contact@company.com","Unverified - guessed pattern","Yes","Yes","None","Yes","Completed","Orchavate Automated Tool v1.1","Scanned 1 page. Violations: 0. Lighthouse A11y: 100/100."
"861","Unassigned","HCL Infosystems Limited","https://hclinfosystems.in","readymade-fallback","HIGH","NO","N/A","cosec@hcl.com","[General Contact Email] cosec@hcl.com","Verified","Yes","Yes","None","Yes","Completed","Orchavate Automated Tool v1.1","Scanned 1 page. Violations: 36. Lighthouse A11y: 30/100."
"862","Unassigned","HCL Technologies Limited","https://hclib.org","readymade-fallback","HIGH","NO","N/A","N/A","N/A","Not Found","Yes","No","Blocked (cloudflare)","No","Blocked (Bot Protection)","Orchavate Automated Tool v1.1","Blocked by Bot Protection (cloudflare)"
"863","Unassigned","HDB Financial Services Limited","https://hdbfs.com","readymade-fallback","HIGH","NO","N/A","N/A","N/A","Not Found","Yes","No","Blocked (cloudflare)","No","Blocked (Bot Protection)","Orchavate Automated Tool v1.1","Blocked by Bot Protection (cloudflare)"
"864","Unassigned","HDFC Asset Management Company Limited","https://Not Found","readymade-fallback","HIGH","NO","N/A","info@company.com","[General Contact Email (Guessed Pattern)] info@company.com; [Investor Grievance Email (Guessed Pattern)] contact@company.com","Unverified - guessed pattern","Yes","Yes","None","Yes","Completed","Orchavate Automated Tool v1.1","Scanned 1 page. Violations: 0. Lighthouse A11y: 100/100."
"865","Unassigned","HDFC Bank Limited","https://hdfcbank.com","readymade-fallback","HIGH","NO","N/A","info@hdfcbank.com","[General Contact Email (Guessed Pattern)] info@hdfcbank.com; [Investor Grievance Email (Guessed Pattern)] contact@hdfcbank.com","Unverified - guessed pattern","Yes","Yes","None","Yes","Completed","Orchavate Automated Tool v1.1","Scanned 1 page. Violations: 7. Lighthouse A11y: 72/100."
"866","Unassigned","HDFC Life Insurance Company Limited","https://Not Found","readymade-fallback","HIGH","NO","N/A","info@company.com","[General Contact Email (Guessed Pattern)] info@company.com; [Investor Grievance Email (Guessed Pattern)] contact@company.com","Unverified - guessed pattern","Yes","Yes","None","Yes","Completed","Orchavate Automated Tool v1.1","Scanned 1 page. Violations: 0. Lighthouse A11y: 100/100."
"870","Unassigned","HEC Infra Projects Limited","https://hecprojects.in","readymade-fallback","HIGH","NO","N/A","info@hecprojects.in","[General Contact Email (Guessed Pattern)] info@hecprojects.in; [Investor Grievance Email (Guessed Pattern)] contact@hecprojects.in","Unverified - guessed pattern","Yes","Yes","None","Yes","Completed","Orchavate Automated Tool v1.1","Scanned 1 page. Violations: 0. Lighthouse A11y: 100/100."
"871","Unassigned","HEG Limited","https://hegltd.com","readymade-fallback","HIGH","NO","N/A","N/A","N/A","Not Found","Yes","No","Blocked (cloudflare)","No","Blocked (Bot Protection)","Orchavate Automated Tool v1.1","Blocked by Bot Protection (cloudflare)"
"881","Unassigned","HFCL Limited","https://hfcl.com","readymade-fallback","HIGH","NO","N/A","info@hfcl.com","[General Contact Email (Guessed Pattern)] info@hfcl.com; [Investor Grievance Email (Guessed Pattern)] contact@hfcl.com","Unverified - guessed pattern","Yes","Yes","None","Yes","Completed","Orchavate Automated Tool v1.1","Scanned 1 page. Violations: 12. Lighthouse A11y: 52/100."
"903","Unassigned","HLE Glascoat Limited","https://hleglascoat.com","readymade-fallback","HIGH","NO","N/A","N/A","N/A","Not Found","Yes","No","Blocked (cloudflare)","No","Blocked (Bot Protection)","Orchavate Automated Tool v1.1","Blocked by Bot Protection (cloudflare)"
"904","Unassigned","HLV LIMITED","https://hlv.de","readymade-fallback","HIGH","NO","N/A","info@hlv.de","[General Contact Email] info@hlv.de","Verified","Yes","Yes","None","Yes","Completed","Orchavate Automated Tool v1.1","Scanned 1 page. Violations: 111. Lighthouse A11y: 30/100."
"905","Unassigned","HMA Agro Industries Limited","https://hmagroup.co","readymade-fallback","HIGH","NO","N/A","N/A","N/A","Not Found","Yes","No","Blocked (cloudflare)","No","Blocked (Bot Protection)","Orchavate Automated Tool v1.1","Blocked by Bot Protection (cloudflare)"
"906","Unassigned","HMT Limited","https://hmtvlive.com","readymade-fallback","HIGH","NO","N/A","N/A","N/A","Not Found","Yes","No","Blocked (cloudflare)","No","Blocked (Bot Protection)","Orchavate Automated Tool v1.1","Blocked by Bot Protection (cloudflare)"
"915","Unassigned","HPL Electric & Power Limited","https://hplindia.com","readymade-fallback","HIGH","NO","N/A","sales@hplindia.com","[General Contact Email] sales@hplindia.com","Verified","Yes","Yes","None","Yes","Completed","Orchavate Automated Tool v1.1","Scanned 1 page. Violations: 18. Lighthouse A11y: 30/100."
"913","Unassigned","HP Adhesives Limited","https://hpadhesives.com","readymade-fallback","HIGH","NO","N/A","info@hpadhesives.com","[General Contact Email] info@hpadhesives.com","Verified","Yes","Yes","None","Yes","Completed","Orchavate Automated Tool v1.1","Scanned 1 page. Violations: 7. Lighthouse A11y: 72/100."
"917","Unassigned","HT Media Limited","https://htmedia.in","readymade-fallback","HIGH","NO","N/A","feedback@hindustantimes.com","[General Contact Email] feedback@hindustantimes.com","Verified","Yes","Yes","None","Yes","Completed","Orchavate Automated Tool v1.1","Scanned 1 page. Violations: 19. Lighthouse A11y: 30/100."
"882","Unassigned","H.G. Infra Engineering Limited","https://hginfra.com","readymade-fallback","HIGH","NO","N/A","info@hginfra.com","[Investor Grievance / Compliance Officer Email] info@hginfra.com; [General Contact Email] info@hginfra.com","Verified","Yes","Yes","None","Yes","Completed","Orchavate Automated Tool v1.1","Scanned 1 page. Violations: 26. Lighthouse A11y: 30/100."
"842","Unassigned","Halder Venture Limited","https://halderventure.in","readymade-fallback","HIGH","NO","N/A","N/A","N/A","Not Found","Yes","No","Blocked (cloudflare)","No","Blocked (Bot Protection)","Orchavate Automated Tool v1.1","Blocked by Bot Protection (cloudflare)"
"843","Unassigned","Haldyn Glass Limited","https://Not Found","readymade-fallback","HIGH","NO","N/A","info@company.com","[General Contact Email (Guessed Pattern)] info@company.com; [Investor Grievance Email (Guessed Pattern)] contact@company.com","Unverified - guessed pattern","Yes","Yes","None","Yes","Completed","Orchavate Automated Tool v1.1","Scanned 1 page. Violations: 0. Lighthouse A11y: 100/100."
"883","Unassigned","HandsOn Global Management (HGM) Limited","https://Not Found","readymade-fallback","HIGH","NO","N/A","info@company.com","[General Contact Email (Guessed Pattern)] info@company.com; [Investor Grievance Email (Guessed Pattern)] contact@company.com","Unverified - guessed pattern","Yes","Yes","None","Yes","Completed","Orchavate Automated Tool v1.1","Scanned 1 page. Violations: 0. Lighthouse A11y: 100/100."
"845","Unassigned","Happiest Minds Technologies Limited","https://happiestminds.com","readymade-fallback","HIGH","NO","N/A","N/A","N/A","Not Found","Yes","No","Blocked (cloudflare)","No","Blocked (Bot Protection)","Orchavate Automated Tool v1.1","Blocked by Bot Protection (cloudflare)"
"846","Unassigned","Happy Forgings Limited","https://happyforgingsltd.com","readymade-fallback","HIGH","NO","N/A","marketing@happyforgingsltd.com","[Investor Grievance / Compliance Officer Email] complianceofficer@happyforgingsltd.co.in; [General Contact Email] marketing@happyforgingsltd.com","Verified","Yes","Yes","None","Yes","Completed","Orchavate Automated Tool v1.1","Scanned 1 page. Violations: 17. Lighthouse A11y: 32/100."
"847","Unassigned","Hardwyn India Limited","https://hardwyn.com","readymade-fallback","HIGH","NO","N/A","info@hardwyn.com","[General Contact Email (Guessed Pattern)] info@hardwyn.com; [Investor Grievance Email (Guessed Pattern)] contact@hardwyn.com","Unverified - guessed pattern","Yes","Yes","None","Yes","Completed","Orchavate Automated Tool v1.1","Scanned 1 page. Violations: 0. Lighthouse A11y: 100/100."
"848","Unassigned","Hariom Pipe Industries Limited","https://hariompipes.com","readymade-fallback","HIGH","NO","N/A","N/A","N/A","Not Found","Yes","No","Blocked (cloudflare)","No","Blocked (Bot Protection)","Orchavate Automated Tool v1.1","Blocked by Bot Protection (cloudflare)"
"849","Unassigned","Harrisons  Malayalam Limited","https://harrisonsmalayalam.com","readymade-fallback","HIGH","NO","N/A","N/A","N/A","Not Found","Yes","No","Blocked (cloudflare)","No","Blocked (Bot Protection)","Orchavate Automated Tool v1.1","Blocked by Bot Protection (cloudflare)"
"850","Unassigned","Harsha Engineers International Limited","https://Not Found","readymade-fallback","HIGH","NO","N/A","info@company.com","[General Contact Email (Guessed Pattern)] info@company.com; [Investor Grievance Email (Guessed Pattern)] contact@company.com","Unverified - guessed pattern","Yes","Yes","None","Yes","Completed","Orchavate Automated Tool v1.1","Scanned 1 page. Violations: 0. Lighthouse A11y: 100/100."
"851","Unassigned","Hathway Cable & Datacom Limited","https://Not Found","readymade-fallback","HIGH","NO","N/A","info@company.com","[General Contact Email (Guessed Pattern)] info@company.com; [Investor Grievance Email (Guessed Pattern)] contact@company.com","Unverified - guessed pattern","Yes","Yes","None","Yes","Completed","Orchavate Automated Tool v1.1","Scanned 1 page. Violations: 0. Lighthouse A11y: 100/100."
"852","Unassigned","Hatsun Agro Product Limited","https://hap.in","readymade-fallback","HIGH","NO","N/A","N/A","N/A","Not Found","Yes","No","Blocked (cloudflare)","No","Blocked (Bot Protection)","Orchavate Automated Tool v1.1","Blocked by Bot Protection (cloudflare)"
"853","Unassigned","Havells India Limited","https://havells.com","readymade-fallback","HIGH","NO","N/A","customercare@havells.com","[Investor Grievance / Compliance Officer Email] grievance.officer@havells.com; [General Contact Email] customercare@havells.com","Verified","Yes","Yes","None","Yes","Completed","Orchavate Automated Tool v1.1","Scanned 1 page. Violations: 44. Lighthouse A11y: 30/100."
"855","Unassigned","Hawkins Cookers Limited","https://hawkinscookers.com","readymade-fallback","HIGH","NO","N/A","info@hawkinscookers.com","[General Contact Email (Guessed Pattern)] info@hawkinscookers.com; [Investor Grievance Email (Guessed Pattern)] contact@hawkinscookers.com","Unverified - guessed pattern","Yes","Yes","None","Yes","Completed","Orchavate Automated Tool v1.1","Scanned 1 page. Violations: 0. Lighthouse A11y: 100/100."
"868","Unassigned","Heads UP Ventures Limited","https://Not Found","readymade-fallback","HIGH","NO","N/A","info@company.com","[General Contact Email (Guessed Pattern)] info@company.com; [Investor Grievance Email (Guessed Pattern)] contact@company.com","Unverified - guessed pattern","Yes","Yes","None","Yes","Completed","Orchavate Automated Tool v1.1","Scanned 1 page. Violations: 0. Lighthouse A11y: 100/100."
"869","Unassigned","Health X Platform Limited","https://Not Found","readymade-fallback","HIGH","NO","N/A","info@company.com","[General Contact Email (Guessed Pattern)] info@company.com; [Investor Grievance Email (Guessed Pattern)] contact@company.com","Unverified - guessed pattern","Yes","Yes","None","Yes","Completed","Orchavate Automated Tool v1.1","Scanned 1 page. Violations: 0. Lighthouse A11y: 100/100."
"860","Unassigned","Healthcare Global Enterprises Limited","https://hcgoncology.com","readymade-fallback","HIGH","NO","N/A","query@hcgel.com","[General Contact Email] query@hcgel.com","Verified","Yes","Yes","None","Yes","Completed","Orchavate Automated Tool v1.1","Scanned 1 page. Violations: 177. Lighthouse A11y: 30/100."
"872","Unassigned","HeidelbergCement India Limited","https://mycemco.com","readymade-fallback","HIGH","NO","N/A","info@mycemco.com","[General Contact Email (Guessed Pattern)] info@mycemco.com; [Investor Grievance Email (Guessed Pattern)] contact@mycemco.com","Unverified - guessed pattern","Yes","Yes","None","Yes","Completed","Orchavate Automated Tool v1.1","Scanned 1 page. Violations: 0. Lighthouse A11y: 100/100."
"873","Unassigned","Hemisphere Properties India Limited","https://Not Found","readymade-fallback","HIGH","NO","N/A","info@company.com","[General Contact Email (Guessed Pattern)] info@company.com; [Investor Grievance Email (Guessed Pattern)] contact@company.com","Unverified - guessed pattern","Yes","Yes","None","Yes","Completed","Orchavate Automated Tool v1.1","Scanned 1 page. Violations: 0. Lighthouse A11y: 100/100."
"874","Unassigned","Heranba Industries Limited","https://heranba.co.in","readymade-fallback","HIGH","NO","N/A","compliance@heranba.com","[Investor Grievance / Compliance Officer Email] compliance@heranba.com; [General Contact Email] compliance@heranba.com","Verified","Yes","Yes","None","Yes","Completed","Orchavate Automated Tool v1.1","Scanned 1 page. Violations: 14. Lighthouse A11y: 44/100."
"875","Unassigned","Heritage Foods Limited","https://heritagefresh.in","readymade-fallback","HIGH","NO","N/A","N/A","N/A","Not Found","Yes","No","Blocked (cloudflare)","No","Blocked (Bot Protection)","Orchavate Automated Tool v1.1","Blocked by Bot Protection (cloudflare)"
"876","Unassigned","Hero MotoCorp Limited","https://heromotocorp.com","readymade-fallback","HIGH","NO","N/A","xxx@yourdomain.com","[General Contact Email] xxx@yourdomain.com","Verified","Yes","Yes","None","Yes","Completed","Orchavate Automated Tool v1.1","Scanned 1 page. Violations: 0. Lighthouse A11y: 100/100."
"877","Unassigned","Hester Biosciences Limited","https://hester.in","readymade-fallback","HIGH","NO","N/A","N/A","N/A","Not Found","Yes","No","Blocked (cloudflare)","No","Blocked (Bot Protection)","Orchavate Automated Tool v1.1","Blocked by Bot Protection (cloudflare)"
"879","Unassigned","Hexa Tradex Limited","https://hexatradex.com","readymade-fallback","HIGH","NO","N/A","%20contactus@hexatradex.com","[General Contact Email] %20contactus@hexatradex.com","Verified","Yes","Yes","None","Yes","Completed","Orchavate Automated Tool v1.1","Scanned 1 page. Violations: 4. Lighthouse A11y: 84/100."
"878","Unassigned","Hexagon Nutrition Limited","https://hexagonnutrition.com","readymade-fallback","HIGH","NO","N/A","cs.hnpl@hexagonnutrition.com","[Investor Grievance / Compliance Officer Email] cs.hnpl@hexagonnutrition.com; [General Contact Email] cs.hnpl@hexagonnutrition.com","Verified","Yes","Yes","None","Yes","Completed","Orchavate Automated Tool v1.1","Scanned 1 page. Violations: 19. Lighthouse A11y: 30/100."
"880","Unassigned","Hexaware Technologies Limited","https://hexaware.com","readymade-fallback","HIGH","NO","N/A","info@hexaware.com","[General Contact Email (Guessed Pattern)] info@hexaware.com; [Investor Grievance Email (Guessed Pattern)] contact@hexaware.com","Unverified - guessed pattern","Yes","Yes","None","Yes","Completed","Orchavate Automated Tool v1.1","Scanned 1 page. Violations: 1. Lighthouse A11y: 96/100."
"900","Unassigned","Hi-Tech Pipes Limited","https://hitechpipes.in","readymade-fallback","HIGH","NO","N/A","info@hitechpipes.in","[General Contact Email (Guessed Pattern)] info@hitechpipes.in; [Investor Grievance Email (Guessed Pattern)] contact@hitechpipes.in","Unverified - guessed pattern","Yes","Yes","None","Yes","Completed","Orchavate Automated Tool v1.1","Scanned 1 page. Violations: 0. Lighthouse A11y: 100/100."
"886","Unassigned","Highway Infrastructure Limited","https://highwayinfrastructure.in","readymade-fallback","HIGH","NO","N/A","info@highwayinfrastructure.in","[Investor Grievance / Compliance Officer Email] info@highwayinfrastructure.in; [General Contact Email] info@highwayinfrastructure.in","Verified","Yes","Yes","None","Yes","Completed","Orchavate Automated Tool v1.1","Scanned 1 page. Violations: 11. Lighthouse A11y: 56/100."
"885","Unassigned","Hikal Limited","https://hikal.com","readymade-fallback","HIGH","NO","N/A","info@hikal.com","[General Contact Email (Guessed Pattern)] info@hikal.com; [Investor Grievance Email (Guessed Pattern)] contact@hikal.com","Unverified - guessed pattern","Yes","Yes","None","Yes","Completed","Orchavate Automated Tool v1.1","Scanned 1 page. Violations: 37. Lighthouse A11y: 30/100."
"887","Unassigned","Hilton Metal Forging Limited","https://hiltonmetal.com","readymade-fallback","HIGH","NO","N/A","info@hiltonmetal.com","[General Contact Email (Guessed Pattern)] info@hiltonmetal.com; [Investor Grievance Email (Guessed Pattern)] contact@hiltonmetal.com","Unverified - guessed pattern","Yes","Yes","None","Yes","Completed","Orchavate Automated Tool v1.1","Scanned 1 page. Violations: 0. Lighthouse A11y: 100/100."
"916","Unassigned","Himadri Speciality Chemical Limited","https://himadri.com","readymade-fallback","HIGH","NO","N/A","info@himadri.com","[Investor Grievance / Compliance Officer Email] investors@himadri.com; [General Contact Email] info@himadri.com","Verified","Yes","Yes","None","Yes","Completed","Orchavate Automated Tool v1.1","Scanned 1 page. Violations: 19. Lighthouse A11y: 30/100."
"888","Unassigned","Himatsingka Seide Limited","https://Not Found","readymade-fallback","HIGH","NO","N/A","info@company.com","[General Contact Email (Guessed Pattern)] info@company.com; [Investor Grievance Email (Guessed Pattern)] contact@company.com","Unverified - guessed pattern","Yes","Yes","None","Yes","Completed","Orchavate Automated Tool v1.1","Scanned 1 page. Violations: 0. Lighthouse A11y: 100/100."
"898","Unassigned","Hind Rectifiers Limited","https://hirect.com","readymade-fallback","HIGH","NO","N/A","N/A","N/A","Not Found","Yes","No","Blocked (cloudflare)","No","Blocked (Bot Protection)","Orchavate Automated Tool v1.1","Blocked by Bot Protection (cloudflare)"
"889","Unassigned","Hindalco Industries Limited","https://hindalco.com","readymade-fallback","HIGH","NO","N/A","hilinvestors@adityabirla.com","[Investor Grievance / Compliance Officer Email] hilinvestors@adityabirla.com; [General Contact Email] hilinvestors@adityabirla.com","Verified","Yes","Yes","None","Yes","Completed","Orchavate Automated Tool v1.1","Scanned 1 page. Violations: 63. Lighthouse A11y: 30/100."
"891","Unassigned","Hindcon Chemicals Limited","https://hindcon.com","readymade-fallback","HIGH","NO","N/A","info@hindcon.com","[General Contact Email (Guessed Pattern)] info@hindcon.com; [Investor Grievance Email (Guessed Pattern)] contact@hindcon.com","Unverified - guessed pattern","Yes","Yes","None","Yes","Completed","Orchavate Automated Tool v1.1","Scanned 1 page. Violations: 0. Lighthouse A11y: 100/100."
"914","Unassigned","Hindprakash Industries Limited","https://Not Found","readymade-fallback","HIGH","NO","N/A","info@company.com","[General Contact Email (Guessed Pattern)] info@company.com; [Investor Grievance Email (Guessed Pattern)] contact@company.com","Unverified - guessed pattern","Yes","Yes","None","Yes","Completed","Orchavate Automated Tool v1.1","Scanned 1 page. Violations: 0. Lighthouse A11y: 100/100."
"884","Unassigned","Hinduja Global Solutions Limited","https://Not Found","readymade-fallback","HIGH","NO","N/A","info@company.com","[General Contact Email (Guessed Pattern)] info@company.com; [Investor Grievance Email (Guessed Pattern)] contact@company.com","Unverified - guessed pattern","Yes","Yes","None","Yes","Completed","Orchavate Automated Tool v1.1","Scanned 1 page. Violations: 0. Lighthouse A11y: 100/100."
"841","Unassigned","Hindustan Aeronautics Limited","https://hal-india.co.in","readymade-fallback","HIGH","NO","N/A","itadmin@YourDomain.com","[General Contact Email] itadmin@YourDomain.com","Verified","Yes","Yes","None","Yes","Completed","Orchavate Automated Tool v1.1","Scanned 1 page. Violations: 1. Lighthouse A11y: 96/100."
"890","Unassigned","Hindustan Composites Limited","https://hindcompo.com","readymade-fallback","HIGH","NO","N/A","sales@hindcompo.com","[General Contact Email] sales@hindcompo.com","Verified","Yes","Yes","None","Yes","Completed","Orchavate Automated Tool v1.1","Scanned 1 page. Violations: 2. Lighthouse A11y: 92/100."
"859","Unassigned","Hindustan Construction Company Limited","https://hcpl.in","readymade-fallback","HIGH","NO","N/A","info@hcpl.in","[General Contact Email] info@hcpl.in","Verified","Yes","Yes","None","Yes","Completed","Orchavate Automated Tool v1.1","Scanned 1 page. Violations: 18. Lighthouse A11y: 30/100."
"892","Unassigned","Hindustan Copper Limited","https://hindustancopper.com","readymade-fallback","HIGH","NO","N/A","N/A","N/A","Not Found","Yes","No","Blocked (cloudflare)","No","Blocked (Bot Protection)","Orchavate Automated Tool v1.1","Blocked by Bot Protection (cloudflare)"
"908","Unassigned","Hindustan Foods Limited","https://hindustanfoodslimited.com","readymade-fallback","HIGH","NO","N/A","business@thevanitycase.com","[General Contact Email] business@thevanitycase.com","Verified","Yes","Yes","None","Yes","Completed","Orchavate Automated Tool v1.1","Scanned 1 page. Violations: 45. Lighthouse A11y: 30/100."
"907","Unassigned","Hindustan Media Ventures Limited","https://Not Found","readymade-fallback","HIGH","NO","N/A","info@company.com","[General Contact Email (Guessed Pattern)] info@company.com; [Investor Grievance Email (Guessed Pattern)] contact@company.com","Unverified - guessed pattern","Yes","Yes","None","Yes","Completed","Orchavate Automated Tool v1.1","Scanned 1 page. Violations: 0. Lighthouse A11y: 100/100."
"893","Unassigned","Hindustan Oil Exploration Company Limited","https://Not Found","readymade-fallback","HIGH","NO","N/A","info@company.com","[General Contact Email (Guessed Pattern)] info@company.com; [Investor Grievance Email (Guessed Pattern)] contact@company.com","Unverified - guessed pattern","Yes","Yes","None","Yes","Completed","Orchavate Automated Tool v1.1","Scanned 1 page. Violations: 0. Lighthouse A11y: 100/100."
"894","Unassigned","Hindustan Petroleum Corporation Limited","https://hindustanpetroleum.com","readymade-fallback","HIGH","NO","N/A","N/A","N/A","Not Found","Yes","No","Blocked (cloudflare)","No","Blocked (Bot Protection)","Orchavate Automated Tool v1.1","Blocked by Bot Protection (cloudflare)"
"895","Unassigned","Hindustan Unilever Limited","https://Not Found","readymade-fallback","HIGH","NO","N/A","info@company.com","[General Contact Email (Guessed Pattern)] info@company.com; [Investor Grievance Email (Guessed Pattern)] contact@company.com","Unverified - guessed pattern","Yes","Yes","None","Yes","Completed","Orchavate Automated Tool v1.1","Scanned 1 page. Violations: 0. Lighthouse A11y: 100/100."
"897","Unassigned","Hindustan Zinc Limited","https://hzlindia.com","readymade-fallback","HIGH","NO","N/A","raksha.jain@vedanta.co.in","[General Contact Email] raksha.jain@vedanta.co.in","Verified","Yes","Yes","None","Yes","Completed","Orchavate Automated Tool v1.1","Scanned 1 page. Violations: 0. Lighthouse A11y: 100/100."
"896","Unassigned","Hindware Home Innovation Limited","https://Not Found","readymade-fallback","HIGH","NO","N/A","info@company.com","[General Contact Email (Guessed Pattern)] info@company.com; [Investor Grievance Email (Guessed Pattern)] contact@company.com","Unverified - guessed pattern","Yes","Yes","None","Yes","Completed","Orchavate Automated Tool v1.1","Scanned 1 page. Violations: 0. Lighthouse A11y: 100/100."
"899","Unassigned","Hisar Metal Industries Limited","https://hisarmetal.com","readymade-fallback","HIGH","NO","N/A","info@hisarmetal.com","[Investor Grievance / Compliance Officer Email] admin@skylinerta.com; [General Contact Email] info@hisarmetal.com","Verified","Yes","Yes","None","Yes","Completed","Orchavate Automated Tool v1.1","Scanned 1 page. Violations: 5. Lighthouse A11y: 80/100."
"901","Unassigned","Hitech Corporation Limited","https://htzone.co.il","readymade-fallback","HIGH","NO","N/A","N/A","N/A","Not Found","Yes","No","Blocked (cloudflare)","No","Blocked (Bot Protection)","Orchavate Automated Tool v1.1","Blocked by Bot Protection (cloudflare)"
"909","Unassigned","Home First Finance Company India Limited","https://Not Found","readymade-fallback","HIGH","NO","N/A","info@company.com","[General Contact Email (Guessed Pattern)] info@company.com; [Investor Grievance Email (Guessed Pattern)] contact@company.com","Unverified - guessed pattern","Yes","Yes","None","Yes","Completed","Orchavate Automated Tool v1.1","Scanned 1 page. Violations: 0. Lighthouse A11y: 100/100."
"910","Unassigned","Honasa Consumer Limited","https://honasa.in","readymade-fallback","HIGH","NO","N/A","N/A","N/A","Not Found","Yes","No","Blocked (cloudflare)","No","Blocked (Bot Protection)","Orchavate Automated Tool v1.1","Blocked by Bot Protection (cloudflare)"
"912","Unassigned","Honda India Power Products Limited","https://hondapowerproducts.co.id","readymade-fallback","HIGH","NO","N/A","N/A","N/A","Not Found","Yes","No","Blocked (incapsula)","No","Blocked (Bot Protection)","Orchavate Automated Tool v1.1","Blocked by Bot Protection (incapsula)"
"911","Unassigned","Honeywell Automation India Limited","https://Not Found","readymade-fallback","HIGH","NO","N/A","info@company.com","[General Contact Email (Guessed Pattern)] info@company.com; [Investor Grievance Email (Guessed Pattern)] contact@company.com","Unverified - guessed pattern","Yes","Yes","None","Yes","Completed","Orchavate Automated Tool v1.1","Scanned 1 page. Violations: 0. Lighthouse A11y: 100/100."
"867","Unassigned","Housing Development and Infrastructure Limited","https://Not Found","readymade-fallback","HIGH","NO","N/A","info@company.com","[General Contact Email (Guessed Pattern)] info@company.com; [Investor Grievance Email (Guessed Pattern)] contact@company.com","Unverified - guessed pattern","Yes","Yes","None","Yes","Completed","Orchavate Automated Tool v1.1","Scanned 1 page. Violations: 0. Lighthouse A11y: 100/100."
"919","Unassigned","Housing & Urban Development Corporation Limited","https://housing.com","readymade-fallback","HIGH","NO","N/A","info@housing.com","[General Contact Email (Guessed Pattern)] info@housing.com; [Investor Grievance Email (Guessed Pattern)] contact@housing.com","Unverified - guessed pattern","Yes","Yes","None","Yes","Completed","Orchavate Automated Tool v1.1","Scanned 1 page. Violations: 0. Lighthouse A11y: 100/100."
"918","Unassigned","Hubtown Limited","https://hubtown.co.in","readymade-fallback","HIGH","NO","N/A","contact@hubtown.co.in","[General Contact Email] contact@hubtown.co.in","Verified","Yes","Yes","None","Yes","Completed","Orchavate Automated Tool v1.1","Scanned 1 page. Violations: 18. Lighthouse A11y: 30/100."
"920","Unassigned","Huhtamaki India Limited","https://huhtamaki.com","readymade-fallback","HIGH","NO","N/A","info@huhtamaki.com","[General Contact Email (Guessed Pattern)] info@huhtamaki.com; [Investor Grievance Email (Guessed Pattern)] contact@huhtamaki.com","Unverified - guessed pattern","Yes","Yes","None","Yes","Completed","Orchavate Automated Tool v1.1","Scanned 1 page. Violations: 1. Lighthouse A11y: 96/100."
"921","Unassigned","Hybrid Financial Services Limited","https://hybridfinance.co.in","readymade-fallback","HIGH","NO","N/A","investor@hybridfinance.co.in","[Investor Grievance / Compliance Officer Email] investor@hybridfinance.co.in; [General Contact Email] investor@hybridfinance.co.in","Verified","Yes","Yes","None","Yes","Completed","Orchavate Automated Tool v1.1","Scanned 1 page. Violations: 0. Lighthouse A11y: 100/100."
"922","Unassigned","Hyundai Motor India Limited","https://hyundam.co.in","readymade-fallback","HIGH","NO","N/A","ihdsales@hyundam.co.in","[General Contact Email] ihdsales@hyundam.co.in","Verified","Yes","Yes","None","Yes","Completed","Orchavate Automated Tool v1.1","Scanned 1 page. Violations: 8. Lighthouse A11y: 68/100."
"924","Unassigned","ICDS Limited","https://icdsoft.com","readymade-fallback","HIGH","NO","N/A","numbers-section-bg@2x.webp","[General Contact Email] numbers-section-bg@2x.webp","Verified","Yes","Yes","None","Yes","Completed","Orchavate Automated Tool v1.1","Scanned 1 page. Violations: 37. Lighthouse A11y: 30/100."
"927","Unassigned","ICICI Bank Limited","https://icicibank.com","readymade-fallback","HIGH","NO","N/A","marketshelpdesk@icici.bank.in","[General Contact Email] marketshelpdesk@icici.bank.in","Verified","Yes","Yes","None","Yes","Completed","Orchavate Automated Tool v1.1","Scanned 1 page. Violations: 0. Lighthouse A11y: 100/100."
"928","Unassigned","ICICI Lombard General Insurance Company Limited","https://Not Found","readymade-fallback","HIGH","NO","N/A","info@company.com","[General Contact Email (Guessed Pattern)] info@company.com; [Investor Grievance Email (Guessed Pattern)] contact@company.com","Unverified - guessed pattern","Yes","Yes","None","Yes","Completed","Orchavate Automated Tool v1.1","Scanned 1 page. Violations: 0. Lighthouse A11y: 100/100."
"926","Unassigned","ICICI Prudential Asset Management Company Limited","https://Not Found","readymade-fallback","HIGH","NO","N/A","info@company.com","[General Contact Email (Guessed Pattern)] info@company.com; [Investor Grievance Email (Guessed Pattern)] contact@company.com","Unverified - guessed pattern","Yes","Yes","None","Yes","Completed","Orchavate Automated Tool v1.1","Scanned 1 page. Violations: 0. Lighthouse A11y: 100/100."
"929","Unassigned","ICICI Prudential Life Insurance Company Limited","https://iciciprulife.com","readymade-fallback","HIGH","NO","N/A","N/A","N/A","Not Found","Yes","No","Blocked (access denied)","No","Blocked (Bot Protection)","Orchavate Automated Tool v1.1","Blocked by Bot Protection (access denied)"
"931","Unassigned","ICRA Limited","https://icracked.com","readymade-fallback","HIGH","NO","N/A","N/A","N/A","Not Found","Yes","No","Blocked (cloudflare)","No","Blocked (Bot Protection)","Orchavate Automated Tool v1.1","Blocked by Bot Protection (cloudflare)"
"932","Unassigned","IDBI Bank Limited","https://idbibank.in","readymade-fallback","HIGH","NO","N/A","N/A","N/A","Not Found","Yes","No","Blocked (cloudflare)","No","Blocked (Bot Protection)","Orchavate Automated Tool v1.1","Blocked by Bot Protection (cloudflare)"
"935","Unassigned","IDFC First Bank Limited","https://idfcfirstbank.com","readymade-fallback","HIGH","NO","N/A","info@idfcfirstbank.com","[General Contact Email (Guessed Pattern)] info@idfcfirstbank.com; [Investor Grievance Email (Guessed Pattern)] contact@idfcfirstbank.com","Unverified - guessed pattern","Yes","Yes","None","Yes","Completed","Orchavate Automated Tool v1.1","Scanned 1 page. Violations: 59. Lighthouse A11y: 30/100."
"937","Unassigned","IFB Agro Industries Limited","https://Not Found","readymade-fallback","HIGH","NO","N/A","info@company.com","[General Contact Email (Guessed Pattern)] info@company.com; [Investor Grievance Email (Guessed Pattern)] contact@company.com","Unverified - guessed pattern","Yes","Yes","None","Yes","Completed","Orchavate Automated Tool v1.1","Scanned 1 page. Violations: 0. Lighthouse A11y: 100/100."
"938","Unassigned","IFB Industries Limited","https://ifbindustries.com","readymade-fallback","HIGH","NO","N/A","ritesh_agarwal@ifbglobal.com","[Investor Grievance / Compliance Officer Email] ritesh_agarwal@ifbglobal.com; [General Contact Email] ritesh_agarwal@ifbglobal.com","Verified","Yes","Yes","None","Yes","Completed","Orchavate Automated Tool v1.1","Scanned 1 page. Violations: 15. Lighthouse A11y: 40/100."
"939","Unassigned","IFCI Limited","https://ifciltd.com","readymade-fallback","HIGH","NO","N/A","N/A","N/A","Not Found","Yes","No","Blocked (cloudflare)","No","Blocked (Bot Protection)","Orchavate Automated Tool v1.1","Blocked by Bot Protection (cloudflare)"
"940","Unassigned","IFGL Refractories Limited","https://ifglref.com","readymade-fallback","HIGH","NO","N/A","info@ifglref.com","[General Contact Email (Guessed Pattern)] info@ifglref.com; [Investor Grievance Email (Guessed Pattern)] contact@ifglref.com","Unverified - guessed pattern","Yes","Yes","None","Yes","Completed","Orchavate Automated Tool v1.1","Scanned 1 page. Violations: 0. Lighthouse A11y: 100/100."
"945","Unassigned","IG Petrochemicals Limited","https://igpetro.com","readymade-fallback","HIGH","NO","N/A","info@igpetro.com","[General Contact Email (Guessed Pattern)] info@igpetro.com; [Investor Grievance Email (Guessed Pattern)] contact@igpetro.com","Unverified - guessed pattern","Yes","Yes","None","Yes","Completed","Orchavate Automated Tool v1.1","Scanned 1 page. Violations: 0. Lighthouse A11y: 100/100."
"947","Unassigned","IIFL Capital Services Limited","https://Not Found","readymade-fallback","HIGH","NO","N/A","info@company.com","[General Contact Email (Guessed Pattern)] info@company.com; [Investor Grievance Email (Guessed Pattern)] contact@company.com","Unverified - guessed pattern","Yes","Yes","None","Yes","Completed","Orchavate Automated Tool v1.1","Scanned 1 page. Violations: 0. Lighthouse A11y: 100/100."
"946","Unassigned","IIFL Finance Limited","https://indiainfoline.com","readymade-fallback","HIGH","NO","N/A","cs@iiflcapital.com","[General Contact Email] cs@iiflcapital.com","Verified","Yes","Yes","None","Yes","Completed","Orchavate Automated Tool v1.1","Scanned 1 page. Violations: 103. Lighthouse A11y: 30/100."
"949","Unassigned","IKIO Technologies Limited","https://ikiosk.de","readymade-fallback","HIGH","NO","N/A","info@ikiosk.de","[General Contact Email (Guessed Pattern)] info@ikiosk.de; [Investor Grievance Email (Guessed Pattern)] contact@ikiosk.de","Unverified - guessed pattern","Yes","Yes","None","Yes","Completed","Orchavate Automated Tool v1.1","Scanned 1 page. Violations: 1. Lighthouse A11y: 96/100."
"951","Unassigned","IL&FS Engineering and Construction Company Limited","https://illinois.gov","readymade-fallback","HIGH","NO","N/A","info@illinois.gov","[General Contact Email (Guessed Pattern)] info@illinois.gov; [Investor Grievance Email (Guessed Pattern)] contact@illinois.gov","Unverified - guessed pattern","Yes","Yes","None","Yes","Completed","Orchavate Automated Tool v1.1","Scanned 1 page. Violations: 0. Lighthouse A11y: 100/100."
"952","Unassigned","IL&FS Transportation Networks Limited","https://illinois.gov","readymade-fallback","HIGH","NO","N/A","info@illinois.gov","[General Contact Email (Guessed Pattern)] info@illinois.gov; [Investor Grievance Email (Guessed Pattern)] contact@illinois.gov","Unverified - guessed pattern","Yes","Yes","None","Yes","Completed","Orchavate Automated Tool v1.1","Scanned 1 page. Violations: 0. Lighthouse A11y: 100/100."
"957","Unassigned","INCREDIBLE INDUSTRIES LIMITED","https://incredibleindustries.co.in","readymade-fallback","HIGH","NO","N/A","info@incredibleindustries.co.in","[General Contact Email (Guessed Pattern)] info@incredibleindustries.co.in; [Investor Grievance Email (Guessed Pattern)] contact@incredibleindustries.co.in","Unverified - guessed pattern","Yes","Yes","None","Yes","Completed","Orchavate Automated Tool v1.1","Scanned 1 page. Violations: 12. Lighthouse A11y: 52/100."
"976","Unassigned","INDO-MIM Limited","https://indo-mim.com","readymade-fallback","HIGH","NO","N/A","N/A","N/A","Not Found","Yes","No","Blocked (cloudflare)","No","Blocked (Bot Protection)","Orchavate Automated Tool v1.1","Blocked by Bot Protection (cloudflare)"
"925","Unassigned","Ice Make Refrigeration Limited","https://icemakeindia.com","readymade-fallback","HIGH","NO","N/A","enquiry@icemakeindia.com","[General Contact Email] enquiry@icemakeindia.com","Verified","Yes","Yes","None","Yes","Completed","Orchavate Automated Tool v1.1","Scanned 1 page. Violations: 16. Lighthouse A11y: 36/100."
"934","Unassigned","Ideaforge Technology Limited","https://Not Found","readymade-fallback","HIGH","NO","N/A","info@company.com","[General Contact Email (Guessed Pattern)] info@company.com; [Investor Grievance Email (Guessed Pattern)] contact@company.com","Unverified - guessed pattern","Yes","Yes","None","Yes","Completed","Orchavate Automated Tool v1.1","Scanned 1 page. Violations: 0. Lighthouse A11y: 100/100."
"941","Unassigned","Igarashi Motors India Limited","https://Not Found","readymade-fallback","HIGH","NO","N/A","info@company.com","[General Contact Email (Guessed Pattern)] info@company.com; [Investor Grievance Email (Guessed Pattern)] contact@company.com","Unverified - guessed pattern","Yes","Yes","None","Yes","Completed","Orchavate Automated Tool v1.1","Scanned 1 page. Violations: 0. Lighthouse A11y: 100/100."
"953","Unassigned","Imagicaaworld Entertainment Limited","https://Not Found","readymade-fallback","HIGH","NO","N/A","info@company.com","[General Contact Email (Guessed Pattern)] info@company.com; [Investor Grievance Email (Guessed Pattern)] contact@company.com","Unverified - guessed pattern","Yes","Yes","None","Yes","Completed","Orchavate Automated Tool v1.1","Scanned 1 page. Violations: 0. Lighthouse A11y: 100/100."
"985","Unassigned","Ind-Swift Laboratories Limited","https://indswiftlabs.com","readymade-fallback","HIGH","NO","N/A","support@indswiftlabs.com","[General Contact Email] support@indswiftlabs.com","Verified","Yes","Yes","None","Yes","Completed","Orchavate Automated Tool v1.1","Scanned 1 page. Violations: 1. Lighthouse A11y: 96/100."
"958","Unassigned","Indbank Merchant Banking Services Limited","https://Not Found","readymade-fallback","HIGH","NO","N/A","info@company.com","[General Contact Email (Guessed Pattern)] info@company.com; [Investor Grievance Email (Guessed Pattern)] contact@company.com","Unverified - guessed pattern","Yes","Yes","None","Yes","Completed","Orchavate Automated Tool v1.1","Scanned 1 page. Violations: 0. Lighthouse A11y: 100/100."
"257","Unassigned","Indef Manufacturing Limited","https://Not Found","readymade-fallback","HIGH","NO","N/A","info@company.com","[General Contact Email (Guessed Pattern)] info@company.com; [Investor Grievance Email (Guessed Pattern)] contact@company.com","Unverified - guessed pattern","Yes","Yes","None","Yes","Completed","Orchavate Automated Tool v1.1","Scanned 1 page. Violations: 0. Lighthouse A11y: 100/100."
"959","Unassigned","Indegene Limited","https://indegene.com","readymade-fallback","HIGH","NO","N/A","info@indegene.com","[General Contact Email (Guessed Pattern)] info@indegene.com; [Investor Grievance Email (Guessed Pattern)] contact@indegene.com","Unverified - guessed pattern","Yes","Yes","None","Yes","Completed","Orchavate Automated Tool v1.1","Scanned 1 page. Violations: 11. Lighthouse A11y: 56/100."
"962","Unassigned","India Glycols Limited","https://glycolsales.com.au","readymade-fallback","HIGH","NO","N/A","N/A","N/A","Not Found","Yes","No","Blocked (cloudflare)","No","Blocked (Bot Protection)","Orchavate Automated Tool v1.1","Blocked by Bot Protection (cloudflare)"
"955","Unassigned","India Motor Parts and Accessories Limited","https://Not Found","readymade-fallback","HIGH","NO","N/A","info@company.com","[General Contact Email (Guessed Pattern)] info@company.com; [Investor Grievance Email (Guessed Pattern)] contact@company.com","Unverified - guessed pattern","Yes","Yes","None","Yes","Completed","Orchavate Automated Tool v1.1","Scanned 1 page. Violations: 0. Lighthouse A11y: 100/100."
"971","Unassigned","India Nippon Electricals Limited","https://indianippon.com","readymade-fallback","HIGH","NO","N/A","inelcorp@inel.co.in","[General Contact Email] inelcorp@inel.co.in","Verified","Yes","Yes","None","Yes","Completed","Orchavate Automated Tool v1.1","Scanned 1 page. Violations: 6. Lighthouse A11y: 76/100."
"967","Unassigned","India Shelter Finance Corporation Limited","https://Not Found","readymade-fallback","HIGH","NO","N/A","info@company.com","[General Contact Email (Guessed Pattern)] info@company.com; [Investor Grievance Email (Guessed Pattern)] contact@company.com","Unverified - guessed pattern","Yes","Yes","None","Yes","Completed","Orchavate Automated Tool v1.1","Scanned 1 page. Violations: 0. Lighthouse A11y: 100/100."
"923","Unassigned","Indiabulls Limited","https://indiabullshomeloans.com","readymade-fallback","HIGH","NO","N/A","info@indiabullshomeloans.com","[General Contact Email (Guessed Pattern)] info@indiabullshomeloans.com; [Investor Grievance Email (Guessed Pattern)] contact@indiabullshomeloans.com","Unverified - guessed pattern","Yes","Yes","None","Yes","Completed","Orchavate Automated Tool v1.1","Scanned 1 page. Violations: 0. Lighthouse A11y: 100/100."
"963","Unassigned","Indiamart Intermesh Limited","https://Not Found","readymade-fallback","HIGH","NO","N/A","info@company.com","[General Contact Email (Guessed Pattern)] info@company.com; [Investor Grievance Email (Guessed Pattern)] contact@company.com","Unverified - guessed pattern","Yes","Yes","None","Yes","Completed","Orchavate Automated Tool v1.1","Scanned 1 page. Violations: 0. Lighthouse A11y: 100/100."
"964","Unassigned","Indian Bank","https://indianbank.in","readymade-fallback","HIGH","NO","N/A","N/A","N/A","Not Found","Yes","No","Blocked (cloudflare)","No","Blocked (Bot Protection)","Orchavate Automated Tool v1.1","Blocked by Bot Protection (cloudflare)"
"965","Unassigned","Indian Card Clothing Company Limited","https://Not Found","readymade-fallback","HIGH","NO","N/A","info@company.com","[General Contact Email (Guessed Pattern)] info@company.com; [Investor Grievance Email (Guessed Pattern)] contact@company.com","Unverified - guessed pattern","Yes","Yes","None","Yes","Completed","Orchavate Automated Tool v1.1","Scanned 1 page. Violations: 0. Lighthouse A11y: 100/100."
"936","Unassigned","Indian Energy Exchange Limited","https://iexindia.com","readymade-fallback","HIGH","NO","N/A","contact@iexindia.com","[General Contact Email] contact@iexindia.com","Verified","Yes","Yes","None","Yes","Completed","Orchavate Automated Tool v1.1","Scanned 1 page. Violations: 3. Lighthouse A11y: 88/100."
"966","Unassigned","Indian Hume Pipe Company Limited","https://Not Found","readymade-fallback","HIGH","NO","N/A","info@company.com","[General Contact Email (Guessed Pattern)] info@company.com; [Investor Grievance Email (Guessed Pattern)] contact@company.com","Unverified - guessed pattern","Yes","Yes","None","Yes","Completed","Orchavate Automated Tool v1.1","Scanned 1 page. Violations: 0. Lighthouse A11y: 100/100."
"954","Unassigned","Indian Metals & Ferro Alloys Limited","https://imfa.in","readymade-fallback","HIGH","NO","N/A","info@imfa.in","[General Contact Email (Guessed Pattern)] info@imfa.in; [Investor Grievance Email (Guessed Pattern)] contact@imfa.in","Unverified - guessed pattern","Yes","Yes","None","Yes","Completed","Orchavate Automated Tool v1.1","Scanned 1 page. Violations: 16. Lighthouse A11y: 36/100."
"986","Unassigned","Indian Terrain Fashions Limited","https://Not Found","readymade-fallback","HIGH","NO","N/A","info@company.com","[General Contact Email (Guessed Pattern)] info@company.com; [Investor Grievance Email (Guessed Pattern)] contact@company.com","Unverified - guessed pattern","Yes","Yes","None","Yes","Completed","Orchavate Automated Tool v1.1","Scanned 1 page. Violations: 0. Lighthouse A11y: 100/100."
"969","Unassigned","Indigo Paints Limited","https://indigopaints.com","readymade-fallback","HIGH","NO","N/A","N/A","N/A","Not Found","Yes","No","Blocked (cloudflare)","No","Blocked (Bot Protection)","Orchavate Automated Tool v1.1","Blocked by Bot Protection (cloudflare)"
"970","Unassigned","Indiqube Spaces Limited","https://Not Found","readymade-fallback","HIGH","NO","N/A","info@company.com","[General Contact Email (Guessed Pattern)] info@company.com; [Investor Grievance Email (Guessed Pattern)] contact@company.com","Unverified - guessed pattern","Yes","Yes","None","Yes","Completed","Orchavate Automated Tool v1.1","Scanned 1 page. Violations: 0. Lighthouse A11y: 100/100."
"978","Unassigned","IndoStar Capital Finance Limited","https://indostarcapital.com","readymade-fallback","HIGH","NO","N/A","info@indostarcapital.com","[General Contact Email (Guessed Pattern)] info@indostarcapital.com; [Investor Grievance Email (Guessed Pattern)] contact@indostarcapital.com","Unverified - guessed pattern","Yes","Yes","None","Yes","Completed","Orchavate Automated Tool v1.1","Scanned 1 page. Violations: 1. Lighthouse A11y: 96/100."
"972","Unassigned","Indo Amines Limited","https://indoaminesltd.com","readymade-fallback","HIGH","NO","N/A","N/A","N/A","Not Found","Yes","No","Blocked (cloudflare)","No","Blocked (Bot Protection)","Orchavate Automated Tool v1.1","Blocked by Bot Protection (cloudflare)"
"973","Unassigned","Indo Borax & Chemicals Limited","https://Not Found","readymade-fallback","HIGH","NO","N/A","info@company.com","[General Contact Email (Guessed Pattern)] info@company.com; [Investor Grievance Email (Guessed Pattern)] contact@company.com","Unverified - guessed pattern","Yes","Yes","None","Yes","Completed","Orchavate Automated Tool v1.1","Scanned 1 page. Violations: 0. Lighthouse A11y: 100/100."
"930","Unassigned","Indo Count Industries Limited","https://Not Found","readymade-fallback","HIGH","NO","N/A","info@company.com","[General Contact Email (Guessed Pattern)] info@company.com; [Investor Grievance Email (Guessed Pattern)] contact@company.com","Unverified - guessed pattern","Yes","Yes","None","Yes","Completed","Orchavate Automated Tool v1.1","Scanned 1 page. Violations: 0. Lighthouse A11y: 100/100."
"975","Unassigned","Indo Farm Equipment Limited","https://Not Found","readymade-fallback","HIGH","NO","N/A","info@company.com","[General Contact Email (Guessed Pattern)] info@company.com; [Investor Grievance Email (Guessed Pattern)] contact@company.com","Unverified - guessed pattern","Yes","Yes","None","Yes","Completed","Orchavate Automated Tool v1.1","Scanned 1 page. Violations: 0. Lighthouse A11y: 100/100."
"977","Unassigned","Indo Rama Synthetics (India) Limited","https://Not Found","readymade-fallback","HIGH","NO","N/A","info@company.com","[General Contact Email (Guessed Pattern)] info@company.com; [Investor Grievance Email (Guessed Pattern)] contact@company.com","Unverified - guessed pattern","Yes","Yes","None","Yes","Completed","Orchavate Automated Tool v1.1","Scanned 1 page. Violations: 0. Lighthouse A11y: 100/100."
"979","Unassigned","Indo Tech Transformers Limited","https://indo-tech.com","readymade-fallback","HIGH","NO","N/A","info@indotech.com","[General Contact Email] info@indotech.com","Verified","Yes","Yes","None","Yes","Completed","Orchavate Automated Tool v1.1","Scanned 1 page. Violations: 7. Lighthouse A11y: 72/100."
"980","Unassigned","Indo Thai Securities Limited","https://Not Found","readymade-fallback","HIGH","NO","N/A","info@company.com","[General Contact Email (Guessed Pattern)] info@company.com; [Investor Grievance Email (Guessed Pattern)] contact@company.com","Unverified - guessed pattern","Yes","Yes","None","Yes","Completed","Orchavate Automated Tool v1.1","Scanned 1 page. Violations: 0. Lighthouse A11y: 100/100."
"981","Unassigned","Indo Us Biotech Limited","https://Not Found","readymade-fallback","HIGH","NO","N/A","info@company.com","[General Contact Email (Guessed Pattern)] info@company.com; [Investor Grievance Email (Guessed Pattern)] contact@company.com","Unverified - guessed pattern","Yes","Yes","None","Yes","Completed","Orchavate Automated Tool v1.1","Scanned 1 page. Violations: 0. Lighthouse A11y: 100/100."
"974","Unassigned","Indoco Remedies Limited","https://indoco.com","readymade-fallback","HIGH","NO","N/A","info@indoco.com","[General Contact Email (Guessed Pattern)] info@indoco.com; [Investor Grievance Email (Guessed Pattern)] contact@indoco.com","Unverified - guessed pattern","Yes","Yes","None","Yes","Completed","Orchavate Automated Tool v1.1","Scanned 1 page. Violations: 16. Lighthouse A11y: 36/100."
"942","Unassigned","Indogulf Cropsciences Limited","https://groupindogulf.com","readymade-fallback","HIGH","NO","N/A","N/A","N/A","Not Found","Yes","No","Blocked (cloudflare)","No","Blocked (Bot Protection)","Orchavate Automated Tool v1.1","Blocked by Bot Protection (cloudflare)"
"982","Unassigned","Indowind Energy Limited","https://indowind.com","readymade-fallback","HIGH","NO","N/A","contact@indowind.com","[Investor Grievance / Compliance Officer Email] cs@indowind.com; [General Contact Email] contact@indowind.com","Verified","Yes","Yes","None","Yes","Completed","Orchavate Automated Tool v1.1","Scanned 1 page. Violations: 0. Lighthouse A11y: 100/100."
"944","Unassigned","Indraprastha Gas Limited","https://iglonline.net","readymade-fallback","HIGH","NO","N/A","info@iglonline.net","[General Contact Email (Guessed Pattern)] info@iglonline.net; [Investor Grievance Email (Guessed Pattern)] contact@iglonline.net","Unverified - guessed pattern","Yes","Yes","None","Yes","Completed","Orchavate Automated Tool v1.1","Scanned 1 page. Violations: 18. Lighthouse A11y: 30/100."
"984","Unassigned","Indraprastha Medical Corporation Limited","https://Not Found","readymade-fallback","HIGH","NO","N/A","info@company.com","[General Contact Email (Guessed Pattern)] info@company.com; [Investor Grievance Email (Guessed Pattern)] contact@company.com","Unverified - guessed pattern","Yes","Yes","None","Yes","Completed","Orchavate Automated Tool v1.1","Scanned 1 page. Violations: 0. Lighthouse A11y: 100/100."
"987","Unassigned","IndusInd Bank Limited","https://indusind.com","readymade-fallback","HIGH","NO","N/A","N/A","N/A","Not Found","Yes","No","Blocked (cloudflare)","No","Blocked (Bot Protection)","Orchavate Automated Tool v1.1","Blocked by Bot Protection (cloudflare)"
"988","Unassigned","Indus Towers Limited","https://industowers.com","readymade-fallback","HIGH","NO","N/A","N/A","N/A","Not Found","Yes","No","Blocked (cloudflare)","No","Blocked (Bot Protection)","Orchavate Automated Tool v1.1","Blocked by Bot Protection (cloudflare)"
"948","Unassigned","Industrial Investment Trust Limited","https://Not Found","readymade-fallback","HIGH","NO","N/A","info@company.com","[General Contact Email (Guessed Pattern)] info@company.com; [Investor Grievance Email (Guessed Pattern)] contact@company.com","Unverified - guessed pattern","Yes","Yes","None","Yes","Completed","Orchavate Automated Tool v1.1","Scanned 1 page. Violations: 0. Lighthouse A11y: 100/100."
"983","Unassigned","Industrial & Prudential Investment Company Limited","https://industrialrelations.nsw.gov.au","readymade-fallback","HIGH","NO","N/A","N/A","N/A","Not Found","Yes","No","Blocked (cloudflare)","No","Blocked (Bot Protection)","Orchavate Automated Tool v1.1","Blocked by Bot Protection (cloudflare)"
"956","Unassigned","Insolation Energy Limited","https://insolationenergy.in","readymade-fallback","HIGH","NO","N/A","N/A","N/A","Not Found","Yes","No","Blocked (cloudflare)","No","Blocked (Bot Protection)","Orchavate Automated Tool v1.1","Blocked by Bot Protection (cloudflare)"
"653","Unassigned","Integra Essentia Limited","https://Not Found","readymade-fallback","HIGH","NO","N/A","info@company.com","[General Contact Email (Guessed Pattern)] info@company.com; [Investor Grievance Email (Guessed Pattern)] contact@company.com","Unverified - guessed pattern","Yes","Yes","None","Yes","Completed","Orchavate Automated Tool v1.1","Scanned 1 page. Violations: 0. Lighthouse A11y: 100/100."
"968","Unassigned","InterGlobe Aviation Limited","https://Not Found","readymade-fallback","HIGH","NO","N/A","info@company.com","[General Contact Email (Guessed Pattern)] info@company.com; [Investor Grievance Email (Guessed Pattern)] contact@company.com","Unverified - guessed pattern","Yes","Yes","None","Yes","Completed","Orchavate Automated Tool v1.1","Scanned 1 page. Violations: 0. Lighthouse A11y: 100/100."
"943","Unassigned","International Gemological Institute Limited","https://igi.org.cn","readymade-fallback","HIGH","NO","N/A","info@igi.org.cn","[General Contact Email (Guessed Pattern)] info@igi.org.cn; [Investor Grievance Email (Guessed Pattern)] contact@igi.org.cn","Unverified - guessed pattern","Yes","Yes","None","Yes","Completed","Orchavate Automated Tool v1.1","Scanned 1 page. Violations: 0. Lighthouse A11y: 100/100."
"950","Unassigned","Inventurus Knowledge Solutions Limited","https://Not Found","readymade-fallback","HIGH","NO","N/A","info@company.com","[General Contact Email (Guessed Pattern)] info@company.com; [Investor Grievance Email (Guessed Pattern)] contact@company.com","Unverified - guessed pattern","Yes","Yes","None","Yes","Completed","Orchavate Automated Tool v1.1","Scanned 1 page. Violations: 0. Lighthouse A11y: 100/100."
"454","Unassigned","John Cockerill India Limited","https://johncockerill.com","readymade-fallback","HIGH","NO","N/A","info@johncockerill.com","[General Contact Email (Guessed Pattern)] info@johncockerill.com; [Investor Grievance Email (Guessed Pattern)] contact@johncockerill.com","Unverified - guessed pattern","Yes","Yes","None","No","Completed","Orchavate Automated Tool v1.1","Scanned 1 page. Violations: 0. Lighthouse A11y: 100/100."
"296","Unassigned","Mrs. Bectors Food Specialities Limited","https://bectorfoods.com","readymade-fallback","HIGH","NO","N/A","career@cremica.in","[Investor Grievance / Compliance Officer Email] enquiry@cremica.In; [General Contact Email] career@cremica.in","Verified","Yes","Yes","None","Yes","Completed","Orchavate Automated Tool v1.1","Scanned 1 page. Violations: 12. Lighthouse A11y: 52/100."
"810","Unassigned","Orient Green Power Company Limited","https://Not Found","readymade-fallback","HIGH","NO","N/A","info@company.com","[General Contact Email (Guessed Pattern)] info@company.com; [Investor Grievance Email (Guessed Pattern)] contact@company.com","Unverified - guessed pattern","Yes","Yes","None","Yes","Completed","Orchavate Automated Tool v1.1","Scanned 1 page. Violations: 0. Lighthouse A11y: 100/100."
"555","Unassigned","Prataap Snacks Limited","https://Not Found","readymade-fallback","HIGH","NO","N/A","info@company.com","[General Contact Email (Guessed Pattern)] info@company.com; [Investor Grievance Email (Guessed Pattern)] contact@company.com","Unverified - guessed pattern","Yes","Yes","None","Yes","Completed","Orchavate Automated Tool v1.1","Scanned 1 page. Violations: 0. Lighthouse A11y: 100/100."
"166","Unassigned","Rajdarshan Industries Limited","https://rajdarshanindustrieslimited.com","readymade-fallback","HIGH","NO","N/A","info@rajdarshanindustrieslimited.com","[Investor Grievance / Compliance Officer Email] info@rajdarshanindustrieslimited.com; [General Contact Email] info@rajdarshanindustrieslimited.com","Verified","Yes","Yes","None","Yes","Completed","Orchavate Automated Tool v1.1","Scanned 1 page. Violations: 7. Lighthouse A11y: 72/100."
"379","Unassigned","Shankara Buildpro Limited","https://shankarabuildpro.com","readymade-fallback","HIGH","NO","N/A","N/A","N/A","Not Found","Yes","No","Blocked (cloudflare)","No","Blocked (Bot Protection)","Orchavate Automated Tool v1.1","Blocked by Bot Protection (cloudflare)"
"261","Unassigned","Shree Tirupati Balajee Agro Trading Company Limited","https://Not Found","readymade-fallback","HIGH","NO","N/A","info@company.com","[General Contact Email (Guessed Pattern)] info@company.com; [Investor Grievance Email (Guessed Pattern)] contact@company.com","Unverified - guessed pattern","Yes","Yes","None","Yes","Completed","Orchavate Automated Tool v1.1","Scanned 1 page. Violations: 0. Lighthouse A11y: 100/100."
"640","Unassigned","Siemens Energy India Limited","https://siemens-energy.com","readymade-fallback","HIGH","NO","N/A","info@siemens-energy.com","[General Contact Email (Guessed Pattern)] info@siemens-energy.com; [Investor Grievance Email (Guessed Pattern)] contact@siemens-energy.com","Unverified - guessed pattern","Yes","Yes","None","Yes","Completed","Orchavate Automated Tool v1.1","Scanned 1 page. Violations: 2. Lighthouse A11y: 92/100."
"854","Unassigned","Sri Havisha Hospitality and Infrastructure Limited","https://Not Found","readymade-fallback","HIGH","NO","N/A","info@company.com","[General Contact Email (Guessed Pattern)] info@company.com; [Investor Grievance Email (Guessed Pattern)] contact@company.com","Unverified - guessed pattern","Yes","Yes","None","Yes","Completed","Orchavate Automated Tool v1.1","Scanned 1 page. Violations: 0. Lighthouse A11y: 100/100."
"137","Unassigned","The Andhra Sugars Limited","https://theandhrasugars.com","readymade-fallback","HIGH","NO","N/A","info.tnk@theandhrasugars.com","[Investor Grievance / Compliance Officer Email] secretarial@theandhrasugars.com; [General Contact Email] info.tnk@theandhrasugars.com","Verified","Yes","Yes","None","Yes","Completed","Orchavate Automated Tool v1.1","Scanned 1 page. Violations: 16. Lighthouse A11y: 36/100."
"147","Unassigned","The Anup Engineering Limited","https://Not Found","readymade-fallback","HIGH","NO","N/A","info@company.com","[General Contact Email (Guessed Pattern)] info@company.com; [Investor Grievance Email (Guessed Pattern)] contact@company.com","Unverified - guessed pattern","Yes","Yes","None","Yes","Completed","Orchavate Automated Tool v1.1","Scanned 1 page. Violations: 0. Lighthouse A11y: 100/100."
"288","Unassigned","The Bombay Burmah Trading Corporation Limited","https://bbtcl.com","readymade-fallback","HIGH","NO","N/A","writetous@bbtcl.com","[Investor Grievance / Compliance Officer Email] writetous@bbtcl.com; [General Contact Email] writetous@bbtcl.com","Verified","Yes","Yes","None","Yes","Completed","Orchavate Automated Tool v1.1","Scanned 1 page. Violations: 20. Lighthouse A11y: 30/100."
"382","Unassigned","The Byke Hospitality Ltd","https://Not Found","readymade-fallback","HIGH","NO","N/A","info@company.com","[General Contact Email (Guessed Pattern)] info@company.com; [Investor Grievance Email (Guessed Pattern)] contact@company.com","Unverified - guessed pattern","Yes","Yes","None","Yes","Completed","Orchavate Automated Tool v1.1","Scanned 1 page. Violations: 0. Lighthouse A11y: 100/100."
"677","Unassigned","The Federal Bank  Limited","https://Not Found","readymade-fallback","HIGH","NO","N/A","info@company.com","[General Contact Email (Guessed Pattern)] info@company.com; [Investor Grievance Email (Guessed Pattern)] contact@company.com","Unverified - guessed pattern","Yes","Yes","None","Yes","Completed","Orchavate Automated Tool v1.1","Scanned 1 page. Violations: 0. Lighthouse A11y: 100/100."
"740","Unassigned","The Great Eastern Shipping Company Limited","https://Not Found","readymade-fallback","HIGH","NO","N/A","info@company.com","[General Contact Email (Guessed Pattern)] info@company.com; [Investor Grievance Email (Guessed Pattern)] contact@company.com","Unverified - guessed pattern","Yes","Yes","None","Yes","Completed","Orchavate Automated Tool v1.1","Scanned 1 page. Violations: 0. Lighthouse A11y: 100/100."
"814","Unassigned","The Grob Tea Company Limited","https://Not Found","readymade-fallback","HIGH","NO","N/A","info@company.com","[General Contact Email (Guessed Pattern)] info@company.com; [Investor Grievance Email (Guessed Pattern)] contact@company.com","Unverified - guessed pattern","Yes","Yes","None","Yes","Completed","Orchavate Automated Tool v1.1","Scanned 1 page. Violations: 0. Lighthouse A11y: 100/100."
"902","Unassigned","The Hi-Tech Gears Limited","https://thehitechgears.com","readymade-fallback","HIGH","NO","N/A","N/A","N/A","Not Found","Yes","No","Blocked (cloudflare)","No","Blocked (Bot Protection)","Orchavate Automated Tool v1.1","Blocked by Bot Protection (cloudflare)"
"961","Unassigned","The India Cements Limited","https://Not Found","readymade-fallback","HIGH","NO","N/A","info@company.com","[General Contact Email (Guessed Pattern)] info@company.com; [Investor Grievance Email (Guessed Pattern)] contact@company.com","Unverified - guessed pattern","Yes","Yes","None","Yes","Completed","Orchavate Automated Tool v1.1","Scanned 1 page. Violations: 0. Lighthouse A11y: 100/100."
"960","Unassigned","The Indian Hotels Company Limited","https://ihcltata.com","readymade-fallback","HIGH","NO","N/A","N/A","N/A","Not Found","Yes","No","Blocked (access denied)","No","Blocked (Bot Protection)","Orchavate Automated Tool v1.1","Blocked by Bot Protection (access denied)"
"515","Unassigned","Valor Estate Limited","https://Not Found","readymade-fallback","HIGH","NO","N/A","info@company.com","[General Contact Email (Guessed Pattern)] info@company.com; [Investor Grievance Email (Guessed Pattern)] contact@company.com","Unverified - guessed pattern","Yes","Yes","None","Yes","Completed","Orchavate Automated Tool v1.1","Scanned 1 page. Violations: 0. Lighthouse A11y: 100/100."
"933","Unassigned","Vodafone Idea Limited","https://vodafone-idea.com","readymade-fallback","HIGH","NO","N/A","info@vodafone-idea.com","[General Contact Email (Guessed Pattern)] info@vodafone-idea.com; [Investor Grievance Email (Guessed Pattern)] contact@vodafone-idea.com","Unverified - guessed pattern","Yes","Yes","None","Yes","Completed","Orchavate Automated Tool v1.1","Scanned 1 page. Violations: 0. Lighthouse A11y: 100/100."
"469","Unassigned","Waterways Leisure Tourism Limited","https://Not Found","readymade-fallback","HIGH","NO","N/A","info@company.com","[General Contact Email (Guessed Pattern)] info@company.com; [Investor Grievance Email (Guessed Pattern)] contact@company.com","Unverified - guessed pattern","Yes","Yes","None","Yes","Completed","Orchavate Automated Tool v1.1","Scanned 1 page. Violations: 0. Lighthouse A11y: 100/100."
"600","Unassigned","eClerx Services Limited","https://eclerx.com","readymade-fallback","HIGH","NO","N/A","info@eclerx.com","[General Contact Email] info@eclerx.com","Verified","Yes","Yes","None","Yes","Completed","Orchavate Automated Tool v1.1","Scanned 1 page. Violations: 2. Lighthouse A11y: 92/100."
"635","Unassigned","eMudhra Limited","https://e-mudhra.com","readymade-fallback","HIGH","NO","N/A","info@e-mudhra.com","[General Contact Email (Guessed Pattern)] info@e-mudhra.com; [Investor Grievance Email (Guessed Pattern)] contact@e-mudhra.com","Unverified - guessed pattern","Yes","Yes","None","No","Completed","Orchavate Automated Tool v1.1","Scanned 1 page. Violations: 0. Lighthouse A11y: 100/100."