[2026-08-11T11:27:33.027Z] COMPANY: "Aegis Logistics Ltd" | QUERIES: ["Aegis Logistics Ltd" official website] | CANDIDATES: [https://aegislogistics.com] | SELECTED: "https://aegislogistics.com" | CONFIDENCE: HIGH | TIME: 0ms | REASON: Resolved via readymade-fallback
[2026-08-11T11:27:44.296Z] COMPANY: "Utique Enterprises Ltd" | QUERIES: ["Utique Enterprises Ltd" official website] | CANDIDATES: [https://utiqueshop.com] | SELECTED: "https://utiqueshop.com" | CONFIDENCE: HIGH | TIME: 1ms | REASON: Resolved via readymade-fallback
[2026-08-11T11:27:53.403Z] COMPANY: "Bombay Dyeing & Manufacturing Company Ltd" | QUERIES: ["Bombay Dyeing & Manufacturing Company Ltd" official website] | CANDIDATES: [https://bombaydyeing.com] | SELECTED: "https://bombaydyeing.com" | CONFIDENCE: HIGH | TIME: 0ms | REASON: Resolved via readymade-fallback
[2026-08-11T11:28:03.957Z] COMPANY: "Asian Hotels (North) Ltd" | QUERIES: ["Asian Hotels (North) Ltd" official website] | CANDIDATES: [https://asianhotelsnorth.com] | SELECTED: "https://asianhotelsnorth.com" | CONFIDENCE: HIGH | TIME: 0ms | REASON: Resolved via readymade-fallback
[2026-08-11T11:28:14.121Z] COMPANY: "Atul Ltd" | QUERIES: ["Atul Ltd" official website] | CANDIDATES: [https://atulsongaday.me] | SELECTED: "https://atulsongaday.me" | CONFIDENCE: HIGH | TIME: 1ms | REASON: Resolved via readymade-fallback
[2026-08-11T11:30:21.540Z] COMPANY: "Bajaj Electricals Ltd" | QUERIES: ["Bajaj Electricals Ltd" official website] | CANDIDATES: [https://bajajelectricals.com] | SELECTED: "https://bajajelectricals.com" | CONFIDENCE: HIGH | TIME: 0ms | REASON: Resolved via readymade-fallback
[2026-08-11T11:30:41.761Z] COMPANY: "Bajaj Hindusthan Sugar Ltd" | QUERIES: ["Bajaj Hindusthan Sugar Ltd" official website] | CANDIDATES: [https://bajajhindusthan.com] | SELECTED: "https://bajajhindusthan.com" | CONFIDENCE: HIGH | TIME: 0ms | REASON: Resolved via readymade-fallback
[2026-08-11T11:33:04.206Z] COMPANY: "Force Motors Ltd" | QUERIES: ["Force Motors Ltd" official website] | CANDIDATES: [https://forcemotors.com] | SELECTED: "https://forcemotors.com" | CONFIDENCE: HIGH | TIME: 0ms | REASON: Resolved via readymade-fallback
[2026-08-11T11:33:11.697Z] COMPANY: "Bajaj Finance Ltd" | QUERIES: ["Bajaj Finance Ltd" official website] | CANDIDATES: [https://bajajhousingfinance.in] | SELECTED: "https://bajajhousingfinance.in" | CONFIDENCE: HIGH | TIME: 2ms | REASON: Resolved via readymade-fallback
[2026-08-11T11:33:40.951Z] COMPANY: "Balrampur Chini Mills Ltd" | QUERIES: ["Balrampur Chini Mills Ltd" official website] | CANDIDATES: [https://chini.com] | SELECTED: "https://chini.com" | CONFIDENCE: HIGH | TIME: 1ms | REASON: Resolved via readymade-fallback
[2026-08-11T11:33:44.619Z] COMPANY: "BEML Ltd" | QUERIES: ["BEML Ltd" official website] | CANDIDATES: [https://bemlindia.in] | SELECTED: "https://bemlindia.in" | CONFIDENCE: HIGH | TIME: 1ms | REASON: Resolved via readymade-fallback
[2026-08-11T11:34:42.138Z] COMPANY: "Bharat Electronics Ltd" | QUERIES: ["Bharat Electronics Ltd" official website] | CANDIDATES: [https://beil.co.in] | SELECTED: "https://beil.co.in" | CONFIDENCE: HIGH | TIME: 0ms | REASON: Resolved via readymade-fallback
[2026-08-11T11:34:43.720Z] COMPANY: "Bhansali Engineering Polymers Ltd" | QUERIES: ["Bhansali Engineering Polymers Ltd" official website] | CANDIDATES: [https://bhansaliabs.com] | SELECTED: "https://bhansaliabs.com" | CONFIDENCE: HIGH | TIME: 0ms | REASON: Resolved via readymade-fallback
[2026-08-11T11:35:11.837Z] COMPANY: "Birla Cable Ltd" | QUERIES: ["Birla Cable Ltd" official website] | CANDIDATES: [https://birlacable.com] | SELECTED: "https://birlacable.com" | CONFIDENCE: HIGH | TIME: 0ms | REASON: Resolved via readymade-fallback
[2026-08-11T11:35:26.547Z] COMPANY: "Blue Star Ltd" | QUERIES: ["Blue Star Ltd" official website] | CANDIDATES: [https://bluestarindia.com] | SELECTED: "https://bluestarindia.com" | CONFIDENCE: HIGH | TIME: 0ms | REASON: Resolved via readymade-fallback
[2026-08-11T11:35:46.698Z] COMPANY: "Disa India Ltd" | QUERIES: ["Disa India Ltd" official website] | CANDIDATES: [https://disa-india.com] | SELECTED: "https://disa-india.com" | CONFIDENCE: HIGH | TIME: 0ms | REASON: Resolved via readymade-fallback
[2026-08-11T11:35:48.752Z] COMPANY: "BPL Ltd" | QUERIES: ["BPL Ltd" official website] | CANDIDATES: [https://bpl.org] | SELECTED: "https://bpl.org" | CONFIDENCE: HIGH | TIME: 0ms | REASON: Resolved via readymade-fallback
[2026-08-11T11:36:03.432Z] COMPANY: "Oriental Aromatics Ltd" | QUERIES: ["Oriental Aromatics Ltd" official website] | CANDIDATES: [https://orientalaromatics.com] | SELECTED: "https://orientalaromatics.com" | CONFIDENCE: HIGH | TIME: 0ms | REASON: Resolved via readymade-fallback
[2026-08-11T11:36:15.657Z] COMPANY: "Century Extrusions Ltd" | QUERIES: ["Century Extrusions Ltd" official website] | CANDIDATES: [https://centuryextrusions.com] | SELECTED: "https://centuryextrusions.com" | CONFIDENCE: HIGH | TIME: 0ms | REASON: Resolved via readymade-fallback
[2026-08-11T11:36:35.622Z] COMPANY: "CESC Ltd" | QUERIES: ["CESC Ltd" official website] | CANDIDATES: [https://cesc.co.in] | SELECTED: "https://cesc.co.in" | CONFIDENCE: HIGH | TIME: 0ms | REASON: Resolved via readymade-fallback
[2026-08-11T11:36:43.342Z] COMPANY: "Chambal Fertilisers & Chemicals Ltd" | QUERIES: ["Chambal Fertilisers & Chemicals Ltd" official website] | CANDIDATES: [https://chambalfertilisers.com] | SELECTED: "https://chambalfertilisers.com" | CONFIDENCE: HIGH | TIME: 0ms | REASON: Resolved via readymade-fallback
[2026-08-11T11:37:05.111Z] COMPANY: "Exide Industries Ltd" | QUERIES: ["Exide Industries Ltd" official website] | CANDIDATES: [https://exideindustries.com] | SELECTED: "https://exideindustries.com" | CONFIDENCE: HIGH | TIME: 0ms | REASON: Resolved via readymade-fallback
[2026-08-11T11:37:14.597Z] COMPANY: "Cipla Ltd" | QUERIES: ["Cipla Ltd" official website] | CANDIDATES: [https://cipla.com] | SELECTED: "https://cipla.com" | CONFIDENCE: HIGH | TIME: 0ms | REASON: Resolved via readymade-fallback
[2026-08-11T11:37:33.841Z] COMPANY: "DIC India Ltd" | QUERIES: ["DIC India Ltd" official website] | CANDIDATES: [https://dicindialtd.co] | SELECTED: "https://dicindialtd.co" | CONFIDENCE: HIGH | TIME: 0ms | REASON: Resolved via readymade-fallback
[2026-08-11T11:37:35.275Z] COMPANY: "Crisil Ltd" | QUERIES: ["Crisil Ltd" official website] | CANDIDATES: [https://crisil.com] | SELECTED: "https://crisil.com" | CONFIDENCE: HIGH | TIME: 0ms | REASON: Resolved via readymade-fallback
[2026-08-11T11:37:51.980Z] COMPANY: "CG Power and Industrial Solutions Ltd" | QUERIES: ["CG Power and Industrial Solutions Ltd" official website] | CANDIDATES: [https://cgglobal.com] | SELECTED: "https://cgglobal.com" | CONFIDENCE: HIGH | TIME: 0ms | REASON: Resolved via readymade-fallback
[2026-08-11T11:38:07.527Z] COMPANY: "Dabur India Ltd" | QUERIES: ["Dabur India Ltd" official website] | CANDIDATES: [https://dabur.com] | SELECTED: "https://dabur.com" | CONFIDENCE: HIGH | TIME: 0ms | REASON: Resolved via readymade-fallback
[2026-08-11T11:38:10.712Z] COMPANY: "Arvind Ltd" | QUERIES: ["Arvind Ltd" official website] | CANDIDATES: [https://arvind.com] | SELECTED: "https://arvind.com" | CONFIDENCE: HIGH | TIME: 0ms | REASON: Resolved via readymade-fallback
[2026-08-11T11:38:28.145Z] COMPANY: "Bharat Heavy Electricals Ltd" | QUERIES: ["Bharat Heavy Electricals Ltd" official website] | CANDIDATES: [https://bhel.com] | SELECTED: "https://bhel.com" | CONFIDENCE: HIGH | TIME: 0ms | REASON: Resolved via readymade-fallback
[2026-08-11T11:39:11.085Z] COMPANY: "Hindustan Petroleum Corporation Ltd" | QUERIES: ["Hindustan Petroleum Corporation Ltd" official website] | CANDIDATES: [https://hindustanpetroleum.com] | SELECTED: "https://hindustanpetroleum.com" | CONFIDENCE: HIGH | TIME: 0ms | REASON: Resolved via readymade-fallback
[2026-08-11T11:39:12.149Z] COMPANY: "IFCI Ltd" | QUERIES: ["IFCI Ltd" official website] | CANDIDATES: [https://ifciltd.com] | SELECTED: "https://ifciltd.com" | CONFIDENCE: HIGH | TIME: 0ms | REASON: Resolved via readymade-fallback
[2026-08-11T11:39:16.805Z] COMPANY: "Mangalore Refinery and Petrochemicals Ltd" | QUERIES: ["Mangalore Refinery and Petrochemicals Ltd" official website] | CANDIDATES: [https://mrpl.co.in] | SELECTED: "https://mrpl.co.in" | CONFIDENCE: HIGH | TIME: 0ms | REASON: Resolved via readymade-fallback
[2026-08-11T11:39:19.452Z] COMPANY: "State Bank of India" | QUERIES: ["State Bank of India" official website] | CANDIDATES: [https://onlinesbi.sbi] | SELECTED: "https://onlinesbi.sbi" | CONFIDENCE: HIGH | TIME: 0ms | REASON: Resolved via readymade-fallback
[2026-08-11T11:39:31.352Z] COMPANY: "Steel Authority of India Ltd" | QUERIES: ["Steel Authority of India Ltd" official website] | CANDIDATES: [https://sail.co.in] | SELECTED: "https://sail.co.in" | CONFIDENCE: HIGH | TIME: 0ms | REASON: Resolved via readymade-fallback
[2026-08-11T11:40:08.388Z] COMPANY: "Titan Company Ltd" | QUERIES: ["Titan Company Ltd" official website] | CANDIDATES: [https://titancompany.in] | SELECTED: "https://titancompany.in" | CONFIDENCE: HIGH | TIME: 0ms | REASON: Resolved via readymade-fallback
[2026-08-11T11:40:10.913Z] COMPANY: "IDBI Bank Ltd" | QUERIES: ["IDBI Bank Ltd" official website] | CANDIDATES: [https://idbibank.in] | SELECTED: "https://idbibank.in" | CONFIDENCE: HIGH | TIME: 0ms | REASON: Resolved via readymade-fallback
[2026-08-11T11:40:12.629Z] COMPANY: "DCW Ltd" | QUERIES: ["DCW Ltd" official website] | CANDIDATES: [https://dcwltd.com] | SELECTED: "https://dcwltd.com" | CONFIDENCE: HIGH | TIME: 0ms | REASON: Resolved via readymade-fallback
[2026-08-11T11:40:16.057Z] COMPANY: "Dhampur Sugar Mills Ltd" | QUERIES: ["Dhampur Sugar Mills Ltd" official website] | CANDIDATES: [https://dhampursugar.com] | SELECTED: "https://dhampursugar.com" | CONFIDENCE: HIGH | TIME: 0ms | REASON: Resolved via readymade-fallback
[2026-08-11T11:40:28.124Z] COMPANY: "Dr Reddys Laboratories Ltd" | QUERIES: ["Dr Reddys Laboratories Ltd" official website] | CANDIDATES: [https://drreddys.com] | SELECTED: "https://drreddys.com" | CONFIDENCE: HIGH | TIME: 0ms | REASON: Resolved via readymade-fallback
[2026-08-11T11:40:47.058Z] COMPANY: "EID Parry India Ltd" | QUERIES: ["EID Parry India Ltd" official website] | CANDIDATES: [https://eidparry.com] | SELECTED: "https://eidparry.com" | CONFIDENCE: HIGH | TIME: 0ms | REASON: Resolved via readymade-fallback
[2026-08-11T11:41:02.236Z] COMPANY: "Procter & Gamble Health Ltd" | QUERIES: ["Procter & Gamble Health Ltd" official website] | CANDIDATES: [https://pg.com] | SELECTED: "https://pg.com" | CONFIDENCE: HIGH | TIME: 0ms | REASON: Resolved via readymade-fallback
[2026-08-11T11:41:22.733Z] COMPANY: "EPL Ltd" | QUERIES: ["EPL Ltd" official website] | CANDIDATES: [https://eplglobal.com] | SELECTED: "https://eplglobal.com" | CONFIDENCE: HIGH | TIME: 0ms | REASON: Resolved via readymade-fallback
[2026-08-11T11:41:34.828Z] COMPANY: "Ester Industries Ltd" | QUERIES: ["Ester Industries Ltd" official website] | CANDIDATES: [https://ester.co] | SELECTED: "https://ester.co" | CONFIDENCE: HIGH | TIME: 0ms | REASON: Resolved via readymade-fallback
[2026-08-11T11:43:54.989Z] COMPANY: "FGP Ltd" | QUERIES: ["FGP Ltd" official website] | CANDIDATES: [https://fgpltd.co.uk] | SELECTED: "https://fgpltd.co.uk" | CONFIDENCE: HIGH | TIME: 0ms | REASON: Resolved via readymade-fallback
[2026-08-11T11:43:59.803Z] COMPANY: "PH Capital Ltd" | QUERIES: ["PH Capital Ltd" official website] | CANDIDATES: [https://phoenix.edu] | SELECTED: "https://phoenix.edu" | CONFIDENCE: HIGH | TIME: 0ms | REASON: Resolved via readymade-fallback
[2026-08-11T11:44:04.111Z] COMPANY: "John Cockerill India Ltd" | QUERIES: ["John Cockerill India Ltd" official website] | CANDIDATES: [https://johncockerillindia.com] | SELECTED: "https://johncockerillindia.com" | CONFIDENCE: HIGH | TIME: 1ms | REASON: Resolved via readymade-fallback
[2026-08-11T11:44:23.251Z] COMPANY: "Uflex Ltd" | QUERIES: ["Uflex Ltd" official website] | CANDIDATES: [https://uflexltd.com] | SELECTED: "https://uflexltd.com" | CONFIDENCE: HIGH | TIME: 0ms | REASON: Resolved via readymade-fallback
[2026-08-11T11:44:37.518Z] COMPANY: "Foseco India Ltd" | QUERIES: ["Foseco India Ltd" official website] | CANDIDATES: [https://fosecoindia.com] | SELECTED: "https://fosecoindia.com" | CONFIDENCE: HIGH | TIME: 0ms | REASON: Resolved via readymade-fallback
[2026-08-11T11:44:47.614Z] COMPANY: "Golden Tobacco Ltd" | QUERIES: ["Golden Tobacco Ltd" official website] | CANDIDATES: [https://goldentobacco.in] | SELECTED: "https://goldentobacco.in" | CONFIDENCE: HIGH | TIME: 0ms | REASON: Resolved via readymade-fallback
[2026-08-11T11:44:59.201Z] COMPANY: "Ganesh Benzoplast Ltd" | QUERIES: ["Ganesh Benzoplast Ltd" official website] | CANDIDATES: [https://ganeshbenzoplast.com] | SELECTED: "https://ganeshbenzoplast.com" | CONFIDENCE: HIGH | TIME: 0ms | REASON: Resolved via readymade-fallback
[2026-08-11T11:45:13.001Z] COMPANY: "Metroglobal Ltd" | QUERIES: ["Metroglobal Ltd" official website] | CANDIDATES: [https://metrogloballimited.com] | SELECTED: "https://metrogloballimited.com" | CONFIDENCE: HIGH | TIME: 0ms | REASON: Resolved via readymade-fallback
[2026-08-11T11:47:38.304Z] COMPANY: "GTL Ltd" | QUERIES: ["GTL Ltd" official website] | CANDIDATES: [https://gtlaw.com] | SELECTED: "https://gtlaw.com" | CONFIDENCE: HIGH | TIME: 0ms | REASON: Resolved via readymade-fallback
[2026-08-11T11:47:39.607Z] COMPANY: "Godrej Industries Ltd" | QUERIES: ["Godrej Industries Ltd" official website] | CANDIDATES: [https://godrej.com] | SELECTED: "https://godrej.com" | CONFIDENCE: HIGH | TIME: 0ms | REASON: Resolved via readymade-fallback
[2026-08-11T11:47:40.791Z] COMPANY: "Kansai Nerolac Paints Ltd" | QUERIES: ["Kansai Nerolac Paints Ltd" official website] | CANDIDATES: [https://nerolacbd.com] | SELECTED: "https://nerolacbd.com" | CONFIDENCE: HIGH | TIME: 0ms | REASON: Resolved via readymade-fallback
[2026-08-11T12:49:39.587Z] COMPANY: "Goodricke Group Ltd" | QUERIES: ["Goodricke Group Ltd" official website] | CANDIDATES: [https://goodricketea.com] | SELECTED: "https://goodricketea.com" | CONFIDENCE: HIGH | TIME: 0ms | REASON: Resolved via readymade-fallback
[2026-08-11T12:49:53.723Z] COMPANY: "GTN Industries Ltd" | QUERIES: ["GTN Industries Ltd" official website] | CANDIDATES: [https://gtnf.org] | SELECTED: "https://gtnf.org" | CONFIDENCE: HIGH | TIME: 0ms | REASON: Resolved via readymade-fallback
[2026-08-11T12:50:08.686Z] COMPANY: "GHCL Ltd" | QUERIES: ["GHCL Ltd" official website] | CANDIDATES: [https://ghc.sa] | SELECTED: "https://ghc.sa" | CONFIDENCE: HIGH | TIME: 0ms | REASON: Resolved via readymade-fallback
[2026-08-11T12:50:15.555Z] COMPANY: "GFL Ltd" | QUERIES: ["GFL Ltd" official website] | CANDIDATES: [https://gflenv.com] | SELECTED: "https://gflenv.com" | CONFIDENCE: HIGH | TIME: 0ms | REASON: Resolved via readymade-fallback
[2026-08-11T12:50:18.060Z] COMPANY: "HCL Infosystems Ltd" | QUERIES: ["HCL Infosystems Ltd" official website] | CANDIDATES: [https://hclinfosystems.in] | SELECTED: "https://hclinfosystems.in" | CONFIDENCE: HIGH | TIME: 0ms | REASON: Resolved via readymade-fallback
[2026-08-11T12:50:51.203Z] COMPANY: "HDFC Bank Ltd" | QUERIES: ["HDFC Bank Ltd" official website] | CANDIDATES: [https://hdfcbank.com] | SELECTED: "https://hdfcbank.com" | CONFIDENCE: HIGH | TIME: 0ms | REASON: Resolved via readymade-fallback
[2026-08-11T12:51:24.320Z] COMPANY: "Hero MotoCorp Ltd" | QUERIES: ["Hero MotoCorp Ltd" official website] | CANDIDATES: [https://heromotocorp.com] | SELECTED: "https://heromotocorp.com" | CONFIDENCE: HIGH | TIME: 0ms | REASON: Resolved via readymade-fallback
[2026-08-11T12:52:15.992Z] COMPANY: "HFCL Ltd" | QUERIES: ["HFCL Ltd" official website] | CANDIDATES: [https://hfcl.com] | SELECTED: "https://hfcl.com" | CONFIDENCE: HIGH | TIME: 0ms | REASON: Resolved via readymade-fallback
[2026-08-11T12:52:38.032Z] COMPANY: "Himadri Speciality Chemical Ltd" | QUERIES: ["Himadri Speciality Chemical Ltd" official website] | CANDIDATES: [https://himadri.com] | SELECTED: "https://himadri.com" | CONFIDENCE: HIGH | TIME: 0ms | REASON: Resolved via readymade-fallback
[2026-08-11T12:53:07.009Z] COMPANY: "Hindustan Construction Company Ltd" | QUERIES: ["Hindustan Construction Company Ltd" official website] | CANDIDATES: [https://hccindia.com] | SELECTED: "https://hccindia.com" | CONFIDENCE: HIGH | TIME: 0ms | REASON: Resolved via readymade-fallback
[2026-08-11T12:53:13.975Z] COMPANY: "Agi Greenpac Ltd" | QUERIES: ["Agi Greenpac Ltd" official website] | CANDIDATES: [https://agigreenpac.com] | SELECTED: "https://agigreenpac.com" | CONFIDENCE: HIGH | TIME: 0ms | REASON: Resolved via readymade-fallback
[2026-08-11T12:53:25.562Z] COMPANY: "Hindustan Zinc Ltd" | QUERIES: ["Hindustan Zinc Ltd" official website] | CANDIDATES: [https://hzlindia.com] | SELECTED: "https://hzlindia.com" | CONFIDENCE: HIGH | TIME: 0ms | REASON: Resolved via readymade-fallback
[2026-08-11T12:53:43.693Z] COMPANY: "HMT Ltd" | QUERIES: ["HMT Ltd" official website] | CANDIDATES: [https://hmtvlive.com] | SELECTED: "https://hmtvlive.com" | CONFIDENCE: HIGH | TIME: 0ms | REASON: Resolved via readymade-fallback
[2026-08-11T12:53:46.202Z] COMPANY: "Prag Bosimi Synthetics Ltd" | QUERIES: ["Prag Bosimi Synthetics Ltd" official website] | CANDIDATES: [https://pragbosimi.com] | SELECTED: "https://pragbosimi.com" | CONFIDENCE: HIGH | TIME: 0ms | REASON: Resolved via readymade-fallback
[2026-08-11T12:53:54.608Z] COMPANY: "HLV Ltd" | QUERIES: ["HLV Ltd" official website] | CANDIDATES: [https://hlv.de] | SELECTED: "https://hlv.de" | CONFIDENCE: HIGH | TIME: 0ms | REASON: Resolved via readymade-fallback
[2026-08-11T12:54:08.440Z] COMPANY: "IG Petrochemicals Ltd" | QUERIES: ["IG Petrochemicals Ltd" official website] | CANDIDATES: [https://igpetro.com] | SELECTED: "https://igpetro.com" | CONFIDENCE: HIGH | TIME: 0ms | REASON: Resolved via readymade-fallback
[2026-08-11T12:54:23.403Z] COMPANY: "India Glycols Ltd" | QUERIES: ["India Glycols Ltd" official website] | CANDIDATES: [https://indiaglycols.com] | SELECTED: "https://indiaglycols.com" | CONFIDENCE: HIGH | TIME: 0ms | REASON: Resolved via readymade-fallback
[2026-08-11T12:54:42.828Z] COMPANY: "Margo Finance Ltd" | QUERIES: ["Margo Finance Ltd" official website] | CANDIDATES: [https://margotelena.com] | SELECTED: "https://margotelena.com" | CONFIDENCE: HIGH | TIME: 0ms | REASON: Resolved via readymade-fallback
[2026-08-11T12:55:09.980Z] COMPANY: "Infosys Ltd" | QUERIES: ["Infosys Ltd" official website] | CANDIDATES: [https://infosys.com] | SELECTED: "https://infosys.com" | CONFIDENCE: HIGH | TIME: 0ms | REASON: Resolved via readymade-fallback
[2026-08-11T12:55:10.269Z] COMPANY: "Ingersoll-Rand (India) Ltd" | QUERIES: ["Ingersoll-Rand (India) Ltd" official website] | CANDIDATES: [https://ingersollrand.com] | SELECTED: "https://ingersollrand.com" | CONFIDENCE: HIGH | TIME: 1ms | REASON: Resolved via readymade-fallback
[2026-08-11T12:55:10.720Z] COMPANY: "International Travel House Ltd" | QUERIES: ["International Travel House Ltd" official website] | CANDIDATES: [https://internationaltravelhouse.in] | SELECTED: "https://internationaltravelhouse.in" | CONFIDENCE: HIGH | TIME: 0ms | REASON: Resolved via readymade-fallback
[2026-08-11T12:57:33.941Z] COMPANY: "Ion Exchange India Ltd" | QUERIES: ["Ion Exchange India Ltd" official website] | CANDIDATES: [https://ionexchangeglobal.com] | SELECTED: "https://ionexchangeglobal.com" | CONFIDENCE: HIGH | TIME: 0ms | REASON: Resolved via readymade-fallback
[2026-08-11T13:00:08.431Z] COMPANY: "Jain Irrigation Systems Ltd" | QUERIES: ["Jain Irrigation Systems Ltd" official website] | CANDIDATES: [https://jains.com] | SELECTED: "https://jains.com" | CONFIDENCE: HIGH | TIME: 0ms | REASON: Resolved via readymade-fallback
[2026-08-11T13:00:20.018Z] COMPANY: "Jasch Industries Ltd" | QUERIES: ["Jasch Industries Ltd" official website] | CANDIDATES: [https://9jaschoolnews.com.ng] | SELECTED: "https://9jaschoolnews.com.ng" | CONFIDENCE: HIGH | TIME: 0ms | REASON: Resolved via readymade-fallback
[2026-08-11T13:00:32.545Z] COMPANY: "Jindal Poly Films Ltd" | QUERIES: ["Jindal Poly Films Ltd" official website] | CANDIDATES: [https://jindalpoly.com] | SELECTED: "https://jindalpoly.com" | CONFIDENCE: HIGH | TIME: 0ms | REASON: Resolved via readymade-fallback
[2026-08-11T13:01:07.042Z] COMPANY: "JSW Steel Ltd" | QUERIES: ["JSW Steel Ltd" official website] | CANDIDATES: [https://jswsteel.in] | SELECTED: "https://jswsteel.in" | CONFIDENCE: HIGH | TIME: 0ms | REASON: Resolved via readymade-fallback
[2026-08-11T13:01:52.042Z] COMPANY: "Kajaria Ceramics Ltd" | QUERIES: ["Kajaria Ceramics Ltd" official website] | CANDIDATES: [https://kajariaceramics.com] | SELECTED: "https://kajariaceramics.com" | CONFIDENCE: HIGH | TIME: 0ms | REASON: Resolved via readymade-fallback
[2026-08-11T13:02:04.394Z] COMPANY: "Kakatiya Cement Sugar & Industries Ltd" | QUERIES: ["Kakatiya Cement Sugar & Industries Ltd" official website] | CANDIDATES: [https://kakatiyacements.com] | SELECTED: "https://kakatiyacements.com" | CONFIDENCE: HIGH | TIME: 0ms | REASON: Resolved via readymade-fallback
[2026-08-11T13:02:14.308Z] COMPANY: "Kanel Industries Ltd" | QUERIES: ["Kanel Industries Ltd" official website] | CANDIDATES: [https://kaneland.org] | SELECTED: "https://kaneland.org" | CONFIDENCE: HIGH | TIME: 0ms | REASON: Resolved via readymade-fallback
[2026-08-11T13:02:31.536Z] COMPANY: "KG Denim Ltd" | QUERIES: ["KG Denim Ltd" official website] | CANDIDATES: [https://kgdenim.com] | SELECTED: "https://kgdenim.com" | CONFIDENCE: HIGH | TIME: 0ms | REASON: Resolved via readymade-fallback
[2026-08-11T13:04:57.100Z] COMPANY: "Kinetic Engineering Ltd" | QUERIES: ["Kinetic Engineering Ltd" official website] | CANDIDATES: [https://kineticengineering.com] | SELECTED: "https://kineticengineering.com" | CONFIDENCE: HIGH | TIME: 0ms | REASON: Resolved via readymade-fallback
[2026-08-11T13:05:13.669Z] COMPANY: "Kirloskar Brothers Ltd" | QUERIES: ["Kirloskar Brothers Ltd" official website] | CANDIDATES: [https://kirloskarpumps.com] | SELECTED: "https://kirloskarpumps.com" | CONFIDENCE: HIGH | TIME: 0ms | REASON: Resolved via readymade-fallback
[2026-08-11T13:05:22.929Z] COMPANY: "Kirloskar Industries Ltd" | QUERIES: ["Kirloskar Industries Ltd" official website] | CANDIDATES: [https://kirloskarpumps.com] | SELECTED: "https://kirloskarpumps.com" | CONFIDENCE: HIGH | TIME: 0ms | REASON: Resolved via readymade-fallback
[2026-08-11T13:05:39.651Z] COMPANY: "Kirloskar Ferrous Industries Ltd" | QUERIES: ["Kirloskar Ferrous Industries Ltd" official website] | CANDIDATES: [https://kirloskarferrous.com] | SELECTED: "https://kirloskarferrous.com" | CONFIDENCE: HIGH | TIME: 0ms | REASON: Resolved via readymade-fallback
[2026-08-11T13:06:42.060Z] COMPANY: "Kotak Mahindra Bank Ltd" | QUERIES: ["Kotak Mahindra Bank Ltd" official website] | CANDIDATES: [https://kotak.com] | SELECTED: "https://kotak.com" | CONFIDENCE: HIGH | TIME: 0ms | REASON: Resolved via readymade-fallback
[2026-08-11T13:06:52.636Z] COMPANY: "KSB Ltd" | QUERIES: ["KSB Ltd" official website] | CANDIDATES: [https://ksbw.com] | SELECTED: "https://ksbw.com" | CONFIDENCE: HIGH | TIME: 0ms | REASON: Resolved via readymade-fallback
[2026-08-11T13:07:24.768Z] COMPANY: "LMW Ltd" | QUERIES: ["LMW Ltd" official website] | CANDIDATES: [https://lebensmittelwarnung.de] | SELECTED: "https://lebensmittelwarnung.de" | CONFIDENCE: HIGH | TIME: 0ms | REASON: Resolved via readymade-fallback
[2026-08-11T13:07:50.783Z] COMPANY: "LIC Housing Finance Ltd" | QUERIES: ["LIC Housing Finance Ltd" official website] | CANDIDATES: [https://lichousing.com] | SELECTED: "https://lichousing.com" | CONFIDENCE: HIGH | TIME: 0ms | REASON: Resolved via readymade-fallback
[2026-08-11T13:08:15.353Z] COMPANY: "Lupin Ltd" | QUERIES: ["Lupin Ltd" official website] | CANDIDATES: [https://lupinepet.com] | SELECTED: "https://lupinepet.com" | CONFIDENCE: HIGH | TIME: 0ms | REASON: Resolved via readymade-fallback
[2026-08-11T13:08:47.028Z] COMPANY: "Lyka Labs Ltd" | QUERIES: ["Lyka Labs Ltd" official website] | CANDIDATES: [https://lykalabs.com] | SELECTED: "https://lykalabs.com" | CONFIDENCE: HIGH | TIME: 0ms | REASON: Resolved via readymade-fallback
[2026-08-11T13:09:29.709Z] COMPANY: "The Ramco Cements Ltd" | QUERIES: ["The Ramco Cements Ltd" official website] | CANDIDATES: [https://ramcocements.in] | SELECTED: "https://ramcocements.in" | CONFIDENCE: HIGH | TIME: 0ms | REASON: Resolved via readymade-fallback
[2026-08-11T13:09:31.804Z] COMPANY: "Hybrid Financial Services Ltd" | QUERIES: ["Hybrid Financial Services Ltd" official website] | CANDIDATES: [https://hybridfinance.co.in] | SELECTED: "https://hybridfinance.co.in" | CONFIDENCE: HIGH | TIME: 0ms | REASON: Resolved via readymade-fallback
[2026-08-11T13:09:55.027Z] COMPANY: "Mafatlal Industries Ltd" | QUERIES: ["Mafatlal Industries Ltd" official website] | CANDIDATES: [https://mafatlals.com] | SELECTED: "https://mafatlals.com" | CONFIDENCE: HIGH | TIME: 1ms | REASON: Resolved via readymade-fallback
[2026-08-11T13:11:03.920Z] COMPANY: "Maharashtra Scooters Ltd" | QUERIES: ["Maharashtra Scooters Ltd" official website] | CANDIDATES: [https://mahascooters.com] | SELECTED: "https://mahascooters.com" | CONFIDENCE: HIGH | TIME: 0ms | REASON: Resolved via readymade-fallback
[2026-08-11T13:11:05.054Z] COMPANY: "Majestic Auto Ltd" | QUERIES: ["Majestic Auto Ltd" official website] | CANDIDATES: [https://majesticautos.com] | SELECTED: "https://majesticautos.com" | CONFIDENCE: HIGH | TIME: 0ms | REASON: Resolved via readymade-fallback
[2026-08-11T13:11:41.523Z] COMPANY: "Manali Petrochemicals Ltd" | QUERIES: ["Manali Petrochemicals Ltd" official website] | CANDIDATES: [https://manalipetro.com] | SELECTED: "https://manalipetro.com" | CONFIDENCE: HIGH | TIME: 0ms | REASON: Resolved via readymade-fallback
[2026-08-11T13:12:01.940Z] COMPANY: "Max Financial Services Ltd" | QUERIES: ["Max Financial Services Ltd" official website] | CANDIDATES: [https://maxfinancialservices.com] | SELECTED: "https://maxfinancialservices.com" | CONFIDENCE: HIGH | TIME: 0ms | REASON: Resolved via readymade-fallback
[2026-08-11T13:12:04.581Z] COMPANY: "Mid India Industries Ltd" | QUERIES: ["Mid India Industries Ltd" official website] | CANDIDATES: [https://midindia.com] | SELECTED: "https://midindia.com" | CONFIDENCE: HIGH | TIME: 1ms | REASON: Resolved via readymade-fallback
[2026-08-11T13:12:11.419Z] COMPANY: "Century Enka Ltd" | QUERIES: ["Century Enka Ltd" official website] | CANDIDATES: [https://centuryenka.com] | SELECTED: "https://centuryenka.com" | CONFIDENCE: HIGH | TIME: 0ms | REASON: Resolved via readymade-fallback
[2026-08-11T13:12:20.249Z] COMPANY: "Lords Chloro Alkali Ltd" | QUERIES: ["Lords Chloro Alkali Ltd" official website] | CANDIDATES: [https://lordschloro.com] | SELECTED: "https://lordschloro.com" | CONFIDENCE: HIGH | TIME: 0ms | REASON: Resolved via readymade-fallback
[2026-08-11T13:12:42.077Z] COMPANY: "Spicejet Ltd" | QUERIES: ["Spicejet Ltd" official website] | CANDIDATES: [https://spicejet.com] | SELECTED: "https://spicejet.com" | CONFIDENCE: HIGH | TIME: 0ms | REASON: Resolved via readymade-fallback
[2026-08-11T13:12:55.745Z] COMPANY: "MRF Ltd" | QUERIES: ["MRF Ltd" official website] | CANDIDATES: [https://mrfood.com] | SELECTED: "https://mrfood.com" | CONFIDENCE: HIGH | TIME: 0ms | REASON: Resolved via readymade-fallback
[2026-08-11T13:13:11.912Z] COMPANY: "HeidelbergCement India Ltd" | QUERIES: ["HeidelbergCement India Ltd" official website] | CANDIDATES: [https://mycemco.com] | SELECTED: "https://mycemco.com" | CONFIDENCE: HIGH | TIME: 0ms | REASON: Resolved via readymade-fallback
[2026-08-11T13:13:24.499Z] COMPANY: "NCC Ltd" | QUERIES: ["NCC Ltd" official website] | CANDIDATES: [https://ncclimited.com] | SELECTED: "https://ncclimited.com" | CONFIDENCE: HIGH | TIME: 0ms | REASON: Resolved via readymade-fallback
[2026-08-11T13:13:33.454Z] COMPANY: "Vedanta Ltd" | QUERIES: ["Vedanta Ltd" official website] | CANDIDATES: [https://vedantalimited.com] | SELECTED: "https://vedantalimited.com" | CONFIDENCE: HIGH | TIME: 0ms | REASON: Resolved via readymade-fallback
[2026-08-11T13:14:00.413Z] COMPANY: "Grasim Industries Ltd" | QUERIES: ["Grasim Industries Ltd" official website] | CANDIDATES: [https://grasim.com] | SELECTED: "https://grasim.com" | CONFIDENCE: HIGH | TIME: 0ms | REASON: Resolved via readymade-fallback
[2026-08-11T13:14:09.854Z] COMPANY: "NIIT Ltd" | QUERIES: ["NIIT Ltd" official website] | CANDIDATES: [https://niit.com] | SELECTED: "https://niit.com" | CONFIDENCE: HIGH | TIME: 0ms | REASON: Resolved via readymade-fallback
[2026-08-11T13:14:59.357Z] COMPANY: "Jaykay Enterprises Ltd" | QUERIES: ["Jaykay Enterprises Ltd" official website] | CANDIDATES: [https://jaykaydowdall.com] | SELECTED: "https://jaykaydowdall.com" | CONFIDENCE: HIGH | TIME: 0ms | REASON: Resolved via readymade-fallback
[2026-08-11T13:15:07.401Z] COMPANY: "Nirlon Ltd" | QUERIES: ["Nirlon Ltd" official website] | CANDIDATES: [https://nirlonkitchenware.com] | SELECTED: "https://nirlonkitchenware.com" | CONFIDENCE: HIGH | TIME: 0ms | REASON: Resolved via readymade-fallback
[2026-08-11T13:15:21.027Z] COMPANY: "Oil and Natural Gas Corporation Ltd" | QUERIES: ["Oil and Natural Gas Corporation Ltd" official website] | CANDIDATES: [https://ongcindia.com] | SELECTED: "https://ongcindia.com" | CONFIDENCE: HIGH | TIME: 1ms | REASON: Resolved via readymade-fallback
[2026-08-11T13:16:10.568Z] COMPANY: "Oriental Hotels Ltd" | QUERIES: ["Oriental Hotels Ltd" official website] | CANDIDATES: [https://oriental-hotels.com] | SELECTED: "https://oriental-hotels.com" | CONFIDENCE: HIGH | TIME: 0ms | REASON: Resolved via readymade-fallback
[2026-08-11T13:17:02.916Z] COMPANY: "Oswal Agro Mills Ltd" | QUERIES: ["Oswal Agro Mills Ltd" official website] | CANDIDATES: [https://oswalagromills.com] | SELECTED: "https://oswalagromills.com" | CONFIDENCE: HIGH | TIME: 0ms | REASON: Resolved via readymade-fallback
[2026-08-11T13:17:17.928Z] COMPANY: "Panyam Cements & Mineral Industries Ltd" | QUERIES: ["Panyam Cements & Mineral Industries Ltd" official website] | CANDIDATES: [https://panyamcements.com] | SELECTED: "https://panyamcements.com" | CONFIDENCE: HIGH | TIME: 0ms | REASON: Resolved via readymade-fallback
[2026-08-11T13:17:38.769Z] COMPANY: "Reliance Industries Ltd" | QUERIES: ["Reliance Industries Ltd" official website] | CANDIDATES: [https://reliancedigital.in] | SELECTED: "https://reliancedigital.in" | CONFIDENCE: HIGH | TIME: 0ms | REASON: Resolved via readymade-fallback
[2026-08-11T13:17:49.232Z] COMPANY: "Raymond Ltd" | QUERIES: ["Raymond Ltd" official website] | CANDIDATES: [https://raymond.in] | SELECTED: "https://raymond.in" | CONFIDENCE: HIGH | TIME: 0ms | REASON: Resolved via readymade-fallback
[2026-08-11T13:18:03.940Z] COMPANY: "Pidilite Industries Ltd" | QUERIES: ["Pidilite Industries Ltd" official website] | CANDIDATES: [https://pidilite.com] | SELECTED: "https://pidilite.com" | CONFIDENCE: HIGH | TIME: 0ms | REASON: Resolved via readymade-fallback
[2026-08-11T13:18:34.068Z] COMPANY: "Pix Transmissions Ltd" | QUERIES: ["Pix Transmissions Ltd" official website] | CANDIDATES: [https://pixtrans.com] | SELECTED: "https://pixtrans.com" | CONFIDENCE: HIGH | TIME: 0ms | REASON: Resolved via readymade-fallback
[2026-08-11T13:19:19.131Z] COMPANY: "Birla Corporation Ltd" | QUERIES: ["Birla Corporation Ltd" official website] | CANDIDATES: [https://birlasoft.com] | SELECTED: "https://birlasoft.com" | CONFIDENCE: HIGH | TIME: 0ms | REASON: Resolved via readymade-fallback
[2026-08-11T13:19:30.181Z] COMPANY: "Surya Roshni Ltd" | QUERIES: ["Surya Roshni Ltd" official website] | CANDIDATES: [https://surya.co.in] | SELECTED: "https://surya.co.in" | CONFIDENCE: HIGH | TIME: 0ms | REASON: Resolved via readymade-fallback
[2026-08-11T13:20:03.580Z] COMPANY: "Prime Securities Ltd" | QUERIES: ["Prime Securities Ltd" official website] | CANDIDATES: [https://primesec.com] | SELECTED: "https://primesec.com" | CONFIDENCE: HIGH | TIME: 0ms | REASON: Resolved via readymade-fallback
[2026-08-11T13:21:10.283Z] COMPANY: "Prism Johnson Ltd" | QUERIES: ["Prism Johnson Ltd" official website] | CANDIDATES: [https://prismjohnson.in] | SELECTED: "https://prismjohnson.in" | CONFIDENCE: HIGH | TIME: 0ms | REASON: Resolved via readymade-fallback
[2026-08-11T13:21:46.106Z] COMPANY: "Rain Industries Ltd" | QUERIES: ["Rain Industries Ltd" official website] | CANDIDATES: [https://rainbowshops.com] | SELECTED: "https://rainbowshops.com" | CONFIDENCE: HIGH | TIME: 0ms | REASON: Resolved via readymade-fallback
[2026-08-11T13:23:10.361Z] COMPANY: "AMJ Land Holdings Ltd" | QUERIES: ["AMJ Land Holdings Ltd" official website] | CANDIDATES: [https://amjlandscaping.com] | SELECTED: "https://amjlandscaping.com" | CONFIDENCE: HIGH | TIME: 0ms | REASON: Resolved via readymade-fallback
[2026-08-11T13:23:41.871Z] COMPANY: "Punjab Communications Ltd" | QUERIES: ["Punjab Communications Ltd" official website] | CANDIDATES: [https://puncom.com] | SELECTED: "https://puncom.com" | CONFIDENCE: HIGH | TIME: 1ms | REASON: Resolved via readymade-fallback
[2026-08-11T13:24:33.617Z] COMPANY: "RSWM Ltd" | QUERIES: ["RSWM Ltd" official website] | CANDIDATES: [https://rswm.in] | SELECTED: "https://rswm.in" | CONFIDENCE: HIGH | TIME: 0ms | REASON: Resolved via readymade-fallback
[2026-08-11T13:25:45.959Z] COMPANY: "Rajshree Sugars & Chemicals Ltd" | QUERIES: ["Rajshree Sugars & Chemicals Ltd" official website] | CANDIDATES: [https://rajshreesugars.com] | SELECTED: "https://rajshreesugars.com" | CONFIDENCE: HIGH | TIME: 0ms | REASON: Resolved via readymade-fallback
[2026-08-11T13:25:53.443Z] COMPANY: "Rallis India Ltd" | QUERIES: ["Rallis India Ltd" official website] | CANDIDATES: [https://rallis.com] | SELECTED: "https://rallis.com" | CONFIDENCE: HIGH | TIME: 0ms | REASON: Resolved via readymade-fallback
[2026-08-11T13:26:01.081Z] COMPANY: "Shree Rama Newsprint Ltd" | QUERIES: ["Shree Rama Newsprint Ltd" official website] | CANDIDATES: [https://ramanewsprint.com] | SELECTED: "https://ramanewsprint.com" | CONFIDENCE: HIGH | TIME: 0ms | REASON: Resolved via readymade-fallback
[2026-08-11T13:26:31.358Z] COMPANY: "Rama Paper Mills Ltd" | QUERIES: ["Rama Paper Mills Ltd" official website] | CANDIDATES: [https://ramapaper.com] | SELECTED: "https://ramapaper.com" | CONFIDENCE: HIGH | TIME: 0ms | REASON: Resolved via readymade-fallback
[2026-08-11T13:26:36.595Z] COMPANY: "Rapicut Carbides Ltd" | QUERIES: ["Rapicut Carbides Ltd" official website] | CANDIDATES: [https://rapicutcarbides.com] | SELECTED: "https://rapicutcarbides.com" | CONFIDENCE: HIGH | TIME: 0ms | REASON: Resolved via readymade-fallback
[2026-08-11T13:27:02.245Z] COMPANY: "Rubfila International Ltd" | QUERIES: ["Rubfila International Ltd" official website] | CANDIDATES: [https://rubfila.com] | SELECTED: "https://rubfila.com" | CONFIDENCE: HIGH | TIME: 1ms | REASON: Resolved via readymade-fallback
[2026-08-11T13:27:03.530Z] COMPANY: "Patanjali Foods Ltd" | QUERIES: ["Patanjali Foods Ltd" official website] | CANDIDATES: [https://patanjalifoods.com] | SELECTED: "https://patanjalifoods.com" | CONFIDENCE: HIGH | TIME: 0ms | REASON: Resolved via readymade-fallback
[2026-08-11T13:27:10.614Z] COMPANY: "Salora International Ltd" | QUERIES: ["Salora International Ltd" official website] | CANDIDATES: [https://salora.com] | SELECTED: "https://salora.com" | CONFIDENCE: HIGH | TIME: 1ms | REASON: Resolved via readymade-fallback
[2026-08-11T13:27:18.452Z] COMPANY: "Samtel India Ltd" | QUERIES: ["Samtel India Ltd" official website] | CANDIDATES: [https://samtel.co] | SELECTED: "https://samtel.co" | CONFIDENCE: HIGH | TIME: 0ms | REASON: Resolved via readymade-fallback
[2026-08-11T13:27:58.840Z] COMPANY: "Jindal Saw Ltd" | QUERIES: ["Jindal Saw Ltd" official website] | CANDIDATES: [https://jindalsaw.com] | SELECTED: "https://jindalsaw.com" | CONFIDENCE: HIGH | TIME: 0ms | REASON: Resolved via readymade-fallback
[2026-08-11T13:28:02.819Z] COMPANY: "JK Lakshmi Cement Ltd" | QUERIES: ["JK Lakshmi Cement Ltd" official website] | CANDIDATES: [https://jklakshmicement.com] | SELECTED: "https://jklakshmicement.com" | CONFIDENCE: HIGH | TIME: 0ms | REASON: Resolved via readymade-fallback
[2026-08-11T13:28:11.215Z] COMPANY: "Shree Cement Ltd" | QUERIES: ["Shree Cement Ltd" official website] | CANDIDATES: [https://shreecementlimited.com] | SELECTED: "https://shreecementlimited.com" | CONFIDENCE: HIGH | TIME: 0ms | REASON: Resolved via readymade-fallback
[2026-08-11T13:28:20.012Z] COMPANY: "Shree Krishna Paper Mills & Industries Ltd" | QUERIES: ["Shree Krishna Paper Mills & Industries Ltd" official website] | CANDIDATES: [https://skpmil.com] | SELECTED: "https://skpmil.com" | CONFIDENCE: HIGH | TIME: 0ms | REASON: Resolved via readymade-fallback
[2026-08-11T13:29:04.742Z] COMPANY: "Reliance Infrastructure Ltd" | QUERIES: ["Reliance Infrastructure Ltd" official website] | CANDIDATES: [https://rinfra.com] | SELECTED: "https://rinfra.com" | CONFIDENCE: HIGH | TIME: 0ms | REASON: Resolved via readymade-fallback
[2026-08-11T13:29:44.413Z] COMPANY: "Steelco Gujarat Ltd" | QUERIES: ["Steelco Gujarat Ltd" official website] | CANDIDATES: [https://steelcogujarat.com] | SELECTED: "https://steelcogujarat.com" | CONFIDENCE: HIGH | TIME: 0ms | REASON: Resolved via readymade-fallback
[2026-08-11T13:32:08.507Z] COMPANY: "Tata Power Company Ltd" | QUERIES: ["Tata Power Company Ltd" official website] | CANDIDATES: [https://tatapower.com] | SELECTED: "https://tatapower.com" | CONFIDENCE: HIGH | TIME: 0ms | REASON: Resolved via readymade-fallback
[2026-08-11T13:32:10.039Z] COMPANY: "SPML Infra Ltd" | QUERIES: ["SPML Infra Ltd" official website] | CANDIDATES: [https://spml.co.in] | SELECTED: "https://spml.co.in" | CONFIDENCE: HIGH | TIME: 0ms | REASON: Resolved via readymade-fallback
[2026-08-11T13:32:25.490Z] COMPANY: "Sundram Fasteners Ltd" | QUERIES: ["Sundram Fasteners Ltd" official website] | CANDIDATES: [https://sundram.com] | SELECTED: "https://sundram.com" | CONFIDENCE: HIGH | TIME: 0ms | REASON: Resolved via readymade-fallback
[2026-08-11T13:32:26.334Z] COMPANY: "Supreme Petrochem Ltd" | QUERIES: ["Supreme Petrochem Ltd" official website] | CANDIDATES: [https://supremepetrochem.com] | SELECTED: "https://supremepetrochem.com" | CONFIDENCE: HIGH | TIME: 0ms | REASON: Resolved via readymade-fallback
[2026-08-11T13:32:56.560Z] COMPANY: "Tata Elxsi Ltd" | QUERIES: ["Tata Elxsi Ltd" official website] | CANDIDATES: [https://tataelxsi.com] | SELECTED: "https://tataelxsi.com" | CONFIDENCE: HIGH | TIME: 0ms | REASON: Resolved via readymade-fallback
[2026-08-11T13:33:10.429Z] COMPANY: "ACC Ltd" | QUERIES: ["ACC Ltd" official website] | CANDIDATES: [https://accltd.net] | SELECTED: "https://accltd.net" | CONFIDENCE: HIGH | TIME: 0ms | REASON: Resolved via readymade-fallback
[2026-08-11T13:33:23.738Z] COMPANY: "Thermax Ltd" | QUERIES: ["Thermax Ltd" official website] | CANDIDATES: [https://thermaxxjackets.com] | SELECTED: "https://thermaxxjackets.com" | CONFIDENCE: HIGH | TIME: 0ms | REASON: Resolved via readymade-fallback
[2026-08-11T13:33:51.373Z] COMPANY: "Thirumalai Chemicals Ltd" | QUERIES: ["Thirumalai Chemicals Ltd" official website] | CANDIDATES: [https://thirumalaichemicals.com] | SELECTED: "https://thirumalaichemicals.com" | CONFIDENCE: HIGH | TIME: 0ms | REASON: Resolved via readymade-fallback
[2026-08-11T13:34:21.963Z] COMPANY: "Thomas Cook (India) Ltd" | QUERIES: ["Thomas Cook (India) Ltd" official website] | CANDIDATES: [https://thomascook.in] | SELECTED: "https://thomascook.in" | CONFIDENCE: HIGH | TIME: 0ms | REASON: Resolved via readymade-fallback
[2026-08-11T13:35:20.683Z] COMPANY: "Timex Group India Ltd" | QUERIES: ["Timex Group India Ltd" official website] | CANDIDATES: [https://timexindia.com] | SELECTED: "https://timexindia.com" | CONFIDENCE: HIGH | TIME: 0ms | REASON: Resolved via readymade-fallback
[2026-08-11T13:35:24.713Z] COMPANY: "Torrent Pharmaceuticals Ltd" | QUERIES: ["Torrent Pharmaceuticals Ltd" official website] | CANDIDATES: [https://torrentfreak.com] | SELECTED: "https://torrentfreak.com" | CONFIDENCE: HIGH | TIME: 0ms | REASON: Resolved via readymade-fallback
[2026-08-11T13:35:33.396Z] COMPANY: "TPI India Ltd" | QUERIES: ["TPI India Ltd" official website] | CANDIDATES: [https://tpiindia.in] | SELECTED: "https://tpiindia.in" | CONFIDENCE: HIGH | TIME: 0ms | REASON: Resolved via readymade-fallback
[2026-08-11T13:35:48.502Z] COMPANY: "Transchem Ltd" | QUERIES: ["Transchem Ltd" official website] | CANDIDATES: [https://transchem.net] | SELECTED: "https://transchem.net" | CONFIDENCE: HIGH | TIME: 0ms | REASON: Resolved via readymade-fallback
[2026-08-11T13:36:01.539Z] COMPANY: "Ambuja Cements Ltd" | QUERIES: ["Ambuja Cements Ltd" official website] | CANDIDATES: [https://ambujacement.com] | SELECTED: "https://ambujacement.com" | CONFIDENCE: HIGH | TIME: 0ms | REASON: Resolved via readymade-fallback
[2026-08-11T13:36:08.927Z] COMPANY: "UTL Industries Ltd" | QUERIES: ["UTL Industries Ltd" official website] | CANDIDATES: [https://utleon.edu.mx] | SELECTED: "https://utleon.edu.mx" | CONFIDENCE: HIGH | TIME: 0ms | REASON: Resolved via readymade-fallback
[2026-08-11T13:36:40.031Z] COMPANY: "Uniphos Enterprises Ltd" | QUERIES: ["Uniphos Enterprises Ltd" official website] | CANDIDATES: [https://uniphosagroindustries.com] | SELECTED: "https://uniphosagroindustries.com" | CONFIDENCE: HIGH | TIME: 0ms | REASON: Resolved via readymade-fallback
[2026-08-11T13:36:45.853Z] COMPANY: "Vardhman Holdings Ltd" | QUERIES: ["Vardhman Holdings Ltd" official website] | CANDIDATES: [https://vmou.ac.in] | SELECTED: "https://vmou.ac.in" | CONFIDENCE: HIGH | TIME: 0ms | REASON: Resolved via readymade-fallback
[2026-08-11T13:36:47.493Z] COMPANY: "Hindalco Industries Ltd" | QUERIES: ["Hindalco Industries Ltd" official website] | CANDIDATES: [https://hindalco.com] | SELECTED: "https://hindalco.com" | CONFIDENCE: HIGH | TIME: 0ms | REASON: Resolved via readymade-fallback
[2026-08-11T13:37:05.285Z] COMPANY: "West Coast Paper Mills Ltd" | QUERIES: ["West Coast Paper Mills Ltd" official website] | CANDIDATES: [https://westcoastpaper.com] | SELECTED: "https://westcoastpaper.com" | CONFIDENCE: HIGH | TIME: 0ms | REASON: Resolved via readymade-fallback
[2026-08-11T13:37:18.542Z] COMPANY: "Hindustan Organic Chemicals Ltd" | QUERIES: ["Hindustan Organic Chemicals Ltd" official website] | CANDIDATES: [https://hoclindia.com] | SELECTED: "https://hoclindia.com" | CONFIDENCE: HIGH | TIME: 0ms | REASON: Resolved via readymade-fallback
[2026-08-11T13:37:32.949Z] COMPANY: "MPIL Corporation Ltd" | QUERIES: ["MPIL Corporation Ltd" official website] | CANDIDATES: [https://mpillwellness.com] | SELECTED: "https://mpillwellness.com" | CONFIDENCE: HIGH | TIME: 0ms | REASON: Resolved via readymade-fallback
[2026-08-11T13:37:37.976Z] COMPANY: "Pasupati Acrylon Ltd" | QUERIES: ["Pasupati Acrylon Ltd" official website] | CANDIDATES: [https://pasupatiacrylon.com] | SELECTED: "https://pasupatiacrylon.com" | CONFIDENCE: HIGH | TIME: 0ms | REASON: Resolved via readymade-fallback
[2026-08-11T13:37:57.804Z] COMPANY: "Procter & Gamble Hygiene and Health Care Ltd" | QUERIES: ["Procter & Gamble Hygiene and Health Care Ltd" official website] | CANDIDATES: [https://pg.com] | SELECTED: "https://pg.com" | CONFIDENCE: HIGH | TIME: 0ms | REASON: Resolved via readymade-fallback
[2026-08-11T13:38:26.753Z] COMPANY: "Mukand Ltd" | QUERIES: ["Mukand Ltd" official website] | CANDIDATES: [https://mlncollegeynr.ac.in] | SELECTED: "https://mlncollegeynr.ac.in" | CONFIDENCE: HIGH | TIME: 0ms | REASON: Resolved via readymade-fallback
[2026-08-11T13:40:46.593Z] COMPANY: "Black Box Ltd" | QUERIES: ["Black Box Ltd" official website] | CANDIDATES: [https://blackboxstocks.com] | SELECTED: "https://blackboxstocks.com" | CONFIDENCE: HIGH | TIME: 0ms | REASON: Resolved via readymade-fallback
[2026-08-11T13:41:23.601Z] COMPANY: "Ucal  Ltd" | QUERIES: ["Ucal  Ltd" official website] | CANDIDATES: [https://ucalgary.ca] | SELECTED: "https://ucalgary.ca" | CONFIDENCE: HIGH | TIME: 0ms | REASON: Resolved via readymade-fallback
[2026-08-11T13:41:47.898Z] COMPANY: "Harrisons Malayalam Ltd" | QUERIES: ["Harrisons Malayalam Ltd" official website] | CANDIDATES: [https://harrisonsmalayalam.com] | SELECTED: "https://harrisonsmalayalam.com" | CONFIDENCE: HIGH | TIME: 1ms | REASON: Resolved via readymade-fallback
[2026-08-11T13:41:51.709Z] COMPANY: "Federal Bank Ltd" | QUERIES: ["Federal Bank Ltd" official website] | CANDIDATES: [https://federalbank.co.in] | SELECTED: "https://federalbank.co.in" | CONFIDENCE: HIGH | TIME: 0ms | REASON: Resolved via readymade-fallback
[2026-08-11T13:42:22.050Z] COMPANY: "Tata Steel Ltd" | QUERIES: ["Tata Steel Ltd" official website] | CANDIDATES: [https://tatasteel.com] | SELECTED: "https://tatasteel.com" | CONFIDENCE: HIGH | TIME: 0ms | REASON: Resolved via readymade-fallback
[2026-08-11T13:42:31.512Z] COMPANY: "Ashok Leyland Ltd" | QUERIES: ["Ashok Leyland Ltd" official website] | CANDIDATES: [https://ashokleyland.com] | SELECTED: "https://ashokleyland.com" | CONFIDENCE: HIGH | TIME: 0ms | REASON: Resolved via readymade-fallback
[2026-08-11T13:42:34.511Z] COMPANY: "Tata Communications Ltd" | QUERIES: ["Tata Communications Ltd" official website] | CANDIDATES: [https://tatacommunications.com] | SELECTED: "https://tatacommunications.com" | CONFIDENCE: HIGH | TIME: 0ms | REASON: Resolved via readymade-fallback
[2026-08-11T13:42:50.385Z] COMPANY: "Bharat Forge Ltd" | QUERIES: ["Bharat Forge Ltd" official website] | CANDIDATES: [https://bharatforge.com] | SELECTED: "https://bharatforge.com" | CONFIDENCE: HIGH | TIME: 0ms | REASON: Resolved via readymade-fallback
[2026-08-11T13:42:52.713Z] COMPANY: "Escorts Kubota Ltd" | QUERIES: ["Escorts Kubota Ltd" official website] | CANDIDATES: [https://escortsgroup.com] | SELECTED: "https://escortsgroup.com" | CONFIDENCE: HIGH | TIME: 0ms | REASON: Resolved via readymade-fallback
[2026-08-11T13:45:15.105Z] COMPANY: "Hindustan Motors Ltd" | QUERIES: ["Hindustan Motors Ltd" official website] | CANDIDATES: [https://hindmotor.com] | SELECTED: "https://hindmotor.com" | CONFIDENCE: HIGH | TIME: 1ms | REASON: Resolved via readymade-fallback
[2026-08-11T13:45:23.967Z] COMPANY: "Larsen & Toubro Ltd" | QUERIES: ["Larsen & Toubro Ltd" official website] | CANDIDATES: [https://larsentoubro.com] | SELECTED: "https://larsentoubro.com" | CONFIDENCE: HIGH | TIME: 0ms | REASON: Resolved via readymade-fallback
[2026-08-11T13:45:47.309Z] COMPANY: "Mahindra & Mahindra Ltd" | QUERIES: ["Mahindra & Mahindra Ltd" official website] | CANDIDATES: [https://mahindra.com] | SELECTED: "https://mahindra.com" | CONFIDENCE: HIGH | TIME: 0ms | REASON: Resolved via readymade-fallback
[2026-08-11T13:45:50.320Z] COMPANY: "Bosch Ltd" | QUERIES: ["Bosch Ltd" official website] | CANDIDATES: [https://bosch.com] | SELECTED: "https://bosch.com" | CONFIDENCE: HIGH | TIME: 0ms | REASON: Resolved via readymade-fallback
[2026-08-11T13:46:15.574Z] COMPANY: "Premier Ltd" | QUERIES: ["Premier Ltd" official website] | CANDIDATES: [https://premierlimited.co.uk] | SELECTED: "https://premierlimited.co.uk" | CONFIDENCE: HIGH | TIME: 0ms | REASON: Resolved via readymade-fallback
[2026-08-11T13:46:32.255Z] COMPANY: "Siemens Ltd" | QUERIES: ["Siemens Ltd" official website] | CANDIDATES: [https://siemens.com] | SELECTED: "https://siemens.com" | CONFIDENCE: HIGH | TIME: 0ms | REASON: Resolved via readymade-fallback
[2026-08-11T13:47:02.872Z] COMPANY: "Voltas Ltd" | QUERIES: ["Voltas Ltd" official website] | CANDIDATES: [https://voltas.com] | SELECTED: "https://voltas.com" | CONFIDENCE: HIGH | TIME: 0ms | REASON: Resolved via readymade-fallback
[2026-08-11T13:47:09.035Z] COMPANY: "Excel Industries Ltd" | QUERIES: ["Excel Industries Ltd" official website] | CANDIDATES: [https://excellenceresorts.com] | SELECTED: "https://excellenceresorts.com" | CONFIDENCE: HIGH | TIME: 1ms | REASON: Resolved via readymade-fallback
[2026-08-11T13:47:46.278Z] COMPANY: "GlaxoSmithKline Pharmaceuticals Ltd" | QUERIES: ["GlaxoSmithKline Pharmaceuticals Ltd" official website] | CANDIDATES: [https://farmenergy.co.uk] | SELECTED: "https://farmenergy.co.uk" | CONFIDENCE: HIGH | TIME: 0ms | REASON: Resolved via readymade-fallback
[2026-08-11T13:47:48.806Z] COMPANY: "Sanofi India Ltd" | QUERIES: ["Sanofi India Ltd" official website] | CANDIDATES: [https://sanofiindialtd.com] | SELECTED: "https://sanofiindialtd.com" | CONFIDENCE: HIGH | TIME: 0ms | REASON: Resolved via readymade-fallback
[2026-08-11T13:50:10.569Z] COMPANY: "Pfizer Ltd" | QUERIES: ["Pfizer Ltd" official website] | CANDIDATES: [https://pfizerltd.co.in] | SELECTED: "https://pfizerltd.co.in" | CONFIDENCE: HIGH | TIME: 0ms | REASON: Resolved via readymade-fallback
[2026-08-11T13:50:22.551Z] COMPANY: "Gujarat State Fertilizers & Chemicals Ltd" | QUERIES: ["Gujarat State Fertilizers & Chemicals Ltd" official website] | CANDIDATES: [https://gsfclimited.com] | SELECTED: "https://gsfclimited.com" | CONFIDENCE: HIGH | TIME: 0ms | REASON: Resolved via readymade-fallback
[2026-08-11T13:50:27.112Z] COMPANY: "NOCIL Ltd" | QUERIES: ["NOCIL Ltd" official website] | CANDIDATES: [https://nocil.com] | SELECTED: "https://nocil.com" | CONFIDENCE: HIGH | TIME: 0ms | REASON: Resolved via readymade-fallback
[2026-08-11T13:50:28.937Z] COMPANY: "Tata Chemicals Ltd" | QUERIES: ["Tata Chemicals Ltd" official website] | CANDIDATES: [https://tatachemicals.com] | SELECTED: "https://tatachemicals.com" | CONFIDENCE: HIGH | TIME: 0ms | REASON: Resolved via readymade-fallback
[2026-08-11T13:50:46.781Z] COMPANY: "Tamilnadu Petroproducts Ltd" | QUERIES: ["Tamilnadu Petroproducts Ltd" official website] | CANDIDATES: [https://tnpetro.com] | SELECTED: "https://tnpetro.com" | CONFIDENCE: HIGH | TIME: 0ms | REASON: Resolved via readymade-fallback
[2026-08-11T13:52:03.830Z] COMPANY: "Zuari Industries Ltd" | QUERIES: ["Zuari Industries Ltd" official website] | CANDIDATES: [https://zuari.in] | SELECTED: "https://zuari.in" | CONFIDENCE: HIGH | TIME: 0ms | REASON: Resolved via readymade-fallback
[2026-08-11T13:52:06.527Z] COMPANY: "Tata Consumer Products Ltd" | QUERIES: ["Tata Consumer Products Ltd" official website] | CANDIDATES: [https://tataconsumer.com] | SELECTED: "https://tataconsumer.com" | CONFIDENCE: HIGH | TIME: 0ms | REASON: Resolved via readymade-fallback
[2026-08-11T13:52:09.336Z] COMPANY: "Asian Paints Ltd" | QUERIES: ["Asian Paints Ltd" official website] | CANDIDATES: [https://asianpaints.com] | SELECTED: "https://asianpaints.com" | CONFIDENCE: HIGH | TIME: 0ms | REASON: Resolved via readymade-fallback
[2026-08-11T13:52:25.015Z] COMPANY: "Britannia Industries Ltd" | QUERIES: ["Britannia Industries Ltd" official website] | CANDIDATES: [https://britannia.co.in] | SELECTED: "https://britannia.co.in" | CONFIDENCE: HIGH | TIME: 0ms | REASON: Resolved via readymade-fallback
[2026-08-11T13:52:38.745Z] COMPANY: "Colgate Palmolive (India) Ltd" | QUERIES: ["Colgate Palmolive (India) Ltd" official website] | CANDIDATES: [https://colgatepalmolive.com] | SELECTED: "https://colgatepalmolive.com" | CONFIDENCE: HIGH | TIME: 0ms | REASON: Resolved via readymade-fallback
[2026-08-11T13:52:40.351Z] COMPANY: "EIH Ltd" | QUERIES: ["EIH Ltd" official website] | CANDIDATES: [https://eihltd.com] | SELECTED: "https://eihltd.com" | CONFIDENCE: HIGH | TIME: 0ms | REASON: Resolved via readymade-fallback
[2026-08-11T13:52:42.568Z] COMPANY: "Indian Hotels Company Ltd" | QUERIES: ["Indian Hotels Company Ltd" official website] | CANDIDATES: [https://ihcltata.com] | SELECTED: "https://ihcltata.com" | CONFIDENCE: HIGH | TIME: 0ms | REASON: Resolved via readymade-fallback
[2026-08-11T13:52:43.049Z] COMPANY: "ITC Ltd" | QUERIES: ["ITC Ltd" official website] | CANDIDATES: [https://itc-ltd.co.uk] | SELECTED: "https://itc-ltd.co.uk" | CONFIDENCE: HIGH | TIME: 0ms | REASON: Resolved via readymade-fallback
[2026-08-11T13:52:58.515Z] COMPANY: "Apollo Tyres Ltd" | QUERIES: ["Apollo Tyres Ltd" official website] | CANDIDATES: [https://apollotyres.com] | SELECTED: "https://apollotyres.com" | CONFIDENCE: HIGH | TIME: 0ms | REASON: Resolved via readymade-fallback
[2026-08-11T13:53:05.527Z] COMPANY: "Ceat Ltd" | QUERIES: ["Ceat Ltd" official website] | CANDIDATES: [https://ceat.com] | SELECTED: "https://ceat.com" | CONFIDENCE: HIGH | TIME: 0ms | REASON: Resolved via readymade-fallback
[2026-08-11T13:53:12.125Z] COMPANY: "Modi Rubber Ltd" | QUERIES: ["Modi Rubber Ltd" official website] | CANDIDATES: [https://modiplus.in] | SELECTED: "https://modiplus.in" | CONFIDENCE: HIGH | TIME: 0ms | REASON: Resolved via readymade-fallback
[2026-08-11T13:53:32.067Z] COMPANY: "Finolex Industries Ltd" | QUERIES: ["Finolex Industries Ltd" official website] | CANDIDATES: [https://finolex.com] | SELECTED: "https://finolex.com" | CONFIDENCE: HIGH | TIME: 0ms | REASON: Resolved via readymade-fallback
[2026-08-11T13:53:34.798Z] COMPANY: "Centrum Capital Ltd" | QUERIES: ["Centrum Capital Ltd" official website] | CANDIDATES: [https://centrum.cz] | SELECTED: "https://centrum.cz" | CONFIDENCE: HIGH | TIME: 0ms | REASON: Resolved via readymade-fallback
[2026-08-11T13:53:56.987Z] COMPANY: "TCI Finance Ltd" | QUERIES: ["TCI Finance Ltd" official website] | CANDIDATES: [https://tci.ir] | SELECTED: "https://tci.ir" | CONFIDENCE: HIGH | TIME: 0ms | REASON: Resolved via readymade-fallback
[2026-08-11T13:56:19.074Z] COMPANY: "Antariksh Industries Ltd" | QUERIES: ["Antariksh Industries Ltd" official website] | CANDIDATES: [https://antariksh.co.in] | SELECTED: "https://antariksh.co.in" | CONFIDENCE: HIGH | TIME: 0ms | REASON: Resolved via readymade-fallback
[2026-08-11T13:56:20.097Z] COMPANY: "Industrial & Prudential Investment Company Ltd" | QUERIES: ["Industrial & Prudential Investment Company Ltd" official website] | CANDIDATES: [https://industrialrelations.nsw.gov.au] | SELECTED: "https://industrialrelations.nsw.gov.au" | CONFIDENCE: HIGH | TIME: 0ms | REASON: Resolved via readymade-fallback
[2026-08-11T13:56:28.743Z] COMPANY: "Tata Investment Corporation Ltd" | QUERIES: ["Tata Investment Corporation Ltd" official website] | CANDIDATES: [https://tatainvestment.com] | SELECTED: "https://tatainvestment.com" | CONFIDENCE: HIGH | TIME: 0ms | REASON: Resolved via readymade-fallback
[2026-08-11T13:56:56.116Z] COMPANY: "Motor & General Finance Ltd" | QUERIES: ["Motor & General Finance Ltd" official website] | CANDIDATES: [https://motortrend.com] | SELECTED: "https://motortrend.com" | CONFIDENCE: HIGH | TIME: 0ms | REASON: Resolved via readymade-fallback
[2026-08-11T13:57:39.321Z] COMPANY: "Walchand Peoplefirst Ltd" | QUERIES: ["Walchand Peoplefirst Ltd" official website] | CANDIDATES: [https://walchandpeoplefirst.com] | SELECTED: "https://walchandpeoplefirst.com" | CONFIDENCE: HIGH | TIME: 0ms | REASON: Resolved via readymade-fallback
[2026-08-11T13:57:57.780Z] COMPANY: "E & E Enterprises Ltd" | QUERIES: ["E & E Enterprises Ltd" official website] | CANDIDATES: [https://eandeproject.com] | SELECTED: "https://eandeproject.com" | CONFIDENCE: HIGH | TIME: 0ms | REASON: Resolved via readymade-fallback
[2026-08-11T13:58:51.070Z] COMPANY: "The Bombay Burmah Trading Corporation Ltd" | QUERIES: ["The Bombay Burmah Trading Corporation Ltd" official website] | CANDIDATES: [https://bbtcl.com] | SELECTED: "https://bbtcl.com" | CONFIDENCE: HIGH | TIME: 0ms | REASON: Resolved via readymade-fallback
[2026-08-11T13:59:16.472Z] COMPANY: "Greaves Cotton Ltd" | QUERIES: ["Greaves Cotton Ltd" official website] | CANDIDATES: [https://greavescotton.com] | SELECTED: "https://greavescotton.com" | CONFIDENCE: HIGH | TIME: 0ms | REASON: Resolved via readymade-fallback
[2026-08-11T14:00:29.179Z] COMPANY: "Muller & Phipps India Ltd" | QUERIES: ["Muller & Phipps India Ltd" official website] | CANDIDATES: [https://mullerseeds.com] | SELECTED: "https://mullerseeds.com" | CONFIDENCE: HIGH | TIME: 0ms | REASON: Resolved via readymade-fallback
[2026-08-11T14:00:59.007Z] COMPANY: "Springform Technology Ltd" | QUERIES: ["Springform Technology Ltd" official website] | CANDIDATES: [https://springform.co.uk] | SELECTED: "https://springform.co.uk" | CONFIDENCE: HIGH | TIME: 0ms | REASON: Resolved via readymade-fallback
[2026-08-11T14:01:06.714Z] COMPANY: "IndiaNivesh Ltd" | QUERIES: ["IndiaNivesh Ltd" official website] | CANDIDATES: [https://indianivesh.in] | SELECTED: "https://indianivesh.in" | CONFIDENCE: HIGH | TIME: 0ms | REASON: Resolved via readymade-fallback
[2026-08-11T14:03:28.291Z] COMPANY: "Coastal Corporation Ltd" | QUERIES: ["Coastal Corporation Ltd" official website] | CANDIDATES: [https://coastal24.com] | SELECTED: "https://coastal24.com" | CONFIDENCE: HIGH | TIME: 0ms | REASON: Resolved via readymade-fallback
[2026-08-11T14:03:31.998Z] COMPANY: "Chowgule Steamships Ltd" | QUERIES: ["Chowgule Steamships Ltd" official website] | CANDIDATES: [https://chowgulesteamships.co.in] | SELECTED: "https://chowgulesteamships.co.in" | CONFIDENCE: HIGH | TIME: 0ms | REASON: Resolved via readymade-fallback
[2026-08-11T14:05:54.604Z] COMPANY: "ASI Industries Ltd" | QUERIES: ["ASI Industries Ltd" official website] | CANDIDATES: [https://asics.com] | SELECTED: "https://asics.com" | CONFIDENCE: HIGH | TIME: 0ms | REASON: Resolved via readymade-fallback
[2026-08-11T14:06:04.316Z] COMPANY: "Sagar Cements Ltd" | QUERIES: ["Sagar Cements Ltd" official website] | CANDIDATES: [https://sagarcements.in] | SELECTED: "https://sagarcements.in" | CONFIDENCE: HIGH | TIME: 0ms | REASON: Resolved via readymade-fallback
[2026-08-11T14:08:26.117Z] COMPANY: "Deccan Cements Ltd" | QUERIES: ["Deccan Cements Ltd" official website] | CANDIDATES: [https://deccancements.com] | SELECTED: "https://deccancements.com" | CONFIDENCE: HIGH | TIME: 0ms | REASON: Resolved via readymade-fallback
[2026-08-11T14:08:43.948Z] COMPANY: "Mangalam Cement Ltd" | QUERIES: ["Mangalam Cement Ltd" official website] | CANDIDATES: [https://mangalamcement.com] | SELECTED: "https://mangalamcement.com" | CONFIDENCE: HIGH | TIME: 0ms | REASON: Resolved via readymade-fallback
[2026-08-11T14:09:04.104Z] COMPANY: "NCL Industries Ltd" | QUERIES: ["NCL Industries Ltd" official website] | CANDIDATES: [https://nclind.com] | SELECTED: "https://nclind.com" | CONFIDENCE: HIGH | TIME: 0ms | REASON: Resolved via readymade-fallback
[2026-08-11T14:09:42.994Z] COMPANY: "Borosil Renewables Ltd" | QUERIES: ["Borosil Renewables Ltd" official website] | CANDIDATES: [https://borosilrenewables.com] | SELECTED: "https://borosilrenewables.com" | CONFIDENCE: HIGH | TIME: 0ms | REASON: Resolved via readymade-fallback
[2026-08-11T14:10:05.471Z] COMPANY: "Lerthai Finance Ltd" | QUERIES: ["Lerthai Finance Ltd" official website] | CANDIDATES: [https://lerthai.com.hk] | SELECTED: "https://lerthai.com.hk" | CONFIDENCE: HIGH | TIME: 0ms | REASON: Resolved via readymade-fallback
[2026-08-11T14:10:15.064Z] COMPANY: "Andhra Paper Ltd" | QUERIES: ["Andhra Paper Ltd" official website] | CANDIDATES: [https://andhrapaper.com] | SELECTED: "https://andhrapaper.com" | CONFIDENCE: HIGH | TIME: 0ms | REASON: Resolved via readymade-fallback
[2026-08-11T14:10:33.251Z] COMPANY: "Balkrishna Industries Ltd" | QUERIES: ["Balkrishna Industries Ltd" official website] | CANDIDATES: [https://balkrishn.com] | SELECTED: "https://balkrishn.com" | CONFIDENCE: HIGH | TIME: 0ms | REASON: Resolved via readymade-fallback
[2026-08-11T14:10:57.237Z] COMPANY: "Orient Paper & Industries Ltd" | QUERIES: ["Orient Paper & Industries Ltd" official website] | CANDIDATES: [https://orientpaperinc.com] | SELECTED: "https://orientpaperinc.com" | CONFIDENCE: HIGH | TIME: 0ms | REASON: Resolved via readymade-fallback
[2026-08-11T14:11:11.113Z] COMPANY: "Nath Industries Ltd" | QUERIES: ["Nath Industries Ltd" official website] | CANDIDATES: [https://nathanjames.com] | SELECTED: "https://nathanjames.com" | CONFIDENCE: HIGH | TIME: 0ms | REASON: Resolved via readymade-fallback
[2026-08-11T14:11:19.284Z] COMPANY: "Vapi Enterprise Ltd" | QUERIES: ["Vapi Enterprise Ltd" official website] | CANDIDATES: [https://vapienterprise.com] | SELECTED: "https://vapienterprise.com" | CONFIDENCE: HIGH | TIME: 0ms | REASON: Resolved via readymade-fallback
[2026-08-11T14:11:31.549Z] COMPANY: "DCM Ltd" | QUERIES: ["DCM Ltd" official website] | CANDIDATES: [https://3dcmltd.com] | SELECTED: "https://3dcmltd.com" | CONFIDENCE: HIGH | TIME: 0ms | REASON: Resolved via readymade-fallback
[2026-08-11T14:11:47.206Z] COMPANY: "Forbes & Company Ltd" | QUERIES: ["Forbes & Company Ltd" official website] | CANDIDATES: [https://forbes.com] | SELECTED: "https://forbes.com" | CONFIDENCE: HIGH | TIME: 0ms | REASON: Resolved via readymade-fallback
[2026-08-11T14:11:51.994Z] COMPANY: "United Interactive Ltd" | QUERIES: ["United Interactive Ltd" official website] | CANDIDATES: [https://uigtc.com] | SELECTED: "https://uigtc.com" | CONFIDENCE: HIGH | TIME: 0ms | REASON: Resolved via readymade-fallback
[2026-08-11T14:11:55.448Z] COMPANY: "Jamshri Realty Ltd" | QUERIES: ["Jamshri Realty Ltd" official website] | CANDIDATES: [https://jamshri.in] | SELECTED: "https://jamshri.in" | CONFIDENCE: HIGH | TIME: 0ms | REASON: Resolved via readymade-fallback
[2026-08-11T14:12:12.751Z] COMPANY: "Kesoram Industries Ltd" | QUERIES: ["Kesoram Industries Ltd" official website] | CANDIDATES: [https://kesocorp.com] | SELECTED: "https://kesocorp.com" | CONFIDENCE: HIGH | TIME: 0ms | REASON: Resolved via readymade-fallback
[2026-08-11T14:12:27.777Z] COMPANY: "Peninsula Land Ltd" | QUERIES: ["Peninsula Land Ltd" official website] | CANDIDATES: [https://peninsula.co.in] | SELECTED: "https://peninsula.co.in" | CONFIDENCE: HIGH | TIME: 0ms | REASON: Resolved via readymade-fallback
[2026-08-11T14:12:47.897Z] COMPANY: "The Phoenix Mills Ltd" | QUERIES: ["The Phoenix Mills Ltd" official website] | CANDIDATES: [https://thephoenixmills.com] | SELECTED: "https://thephoenixmills.com" | CONFIDENCE: HIGH | TIME: 0ms | REASON: Resolved via readymade-fallback
[2026-08-11T14:13:13.668Z] COMPANY: "Ruby Mills Ltd" | QUERIES: ["Ruby Mills Ltd" official website] | CANDIDATES: [https://rubymills.com] | SELECTED: "https://rubymills.com" | CONFIDENCE: HIGH | TIME: 0ms | REASON: Resolved via readymade-fallback
[2026-08-11T14:13:17.494Z] COMPANY: "Swan Corp Ltd" | QUERIES: ["Swan Corp Ltd" official website] | CANDIDATES: [https://swansonvitamins.com] | SELECTED: "https://swansonvitamins.com" | CONFIDENCE: HIGH | TIME: 0ms | REASON: Resolved via readymade-fallback
[2026-08-11T14:13:30.207Z] COMPANY: "Victoria Mills Ltd" | QUERIES: ["Victoria Mills Ltd" official website] | CANDIDATES: [https://hiddenbattles.com] | SELECTED: "https://hiddenbattles.com" | CONFIDENCE: HIGH | TIME: 0ms | REASON: Resolved via readymade-fallback
[2026-08-11T14:15:52.787Z] COMPANY: "SV Trading & Agencies Ltd" | QUERIES: ["SV Trading & Agencies Ltd" official website] | CANDIDATES: [https://svtrading.co.uk] | SELECTED: "https://svtrading.co.uk" | CONFIDENCE: HIGH | TIME: 0ms | REASON: Resolved via readymade-fallback
[2026-08-11T14:16:02.473Z] COMPANY: "Veer Energy & Infrastructure Ltd" | QUERIES: ["Veer Energy & Infrastructure Ltd" official website] | CANDIDATES: [https://veerenergy.net] | SELECTED: "https://veerenergy.net" | CONFIDENCE: HIGH | TIME: 0ms | REASON: Resolved via readymade-fallback
[2026-08-11T14:18:25.470Z] COMPANY: "SW Investments Ltd" | QUERIES: ["SW Investments Ltd" official website] | CANDIDATES: [https://swinvestments.net] | SELECTED: "https://swinvestments.net" | CONFIDENCE: HIGH | TIME: 0ms | REASON: Resolved via readymade-fallback
[2026-08-11T14:18:38.456Z] COMPANY: "Unijolly Investments Company Ltd" | QUERIES: ["Unijolly Investments Company Ltd" official website] | CANDIDATES: [https://unijollyinvestments.com] | SELECTED: "https://unijollyinvestments.com" | CONFIDENCE: HIGH | TIME: 0ms | REASON: Resolved via readymade-fallback
[2026-08-11T14:18:41.338Z] COMPANY: "EL CID Investments Ltd" | QUERIES: ["EL CID Investments Ltd" official website] | CANDIDATES: [https://elcidinvestments.com] | SELECTED: "https://elcidinvestments.com" | CONFIDENCE: HIGH | TIME: 0ms | REASON: Resolved via readymade-fallback
[2026-08-11T14:19:10.274Z] COMPANY: "Mediaone Global Entertainment Ltd" | QUERIES: ["Mediaone Global Entertainment Ltd" official website] | CANDIDATES: [https://mediaoneglobal.net] | SELECTED: "https://mediaoneglobal.net" | CONFIDENCE: HIGH | TIME: 0ms | REASON: Resolved via readymade-fallback
[2026-08-11T14:19:17.531Z] COMPANY: "Banswara Syntex Ltd" | QUERIES: ["Banswara Syntex Ltd" official website] | CANDIDATES: [https://banswarasyntex.com] | SELECTED: "https://banswarasyntex.com" | CONFIDENCE: HIGH | TIME: 0ms | REASON: Resolved via readymade-fallback
[2026-08-11T14:19:49.966Z] COMPANY: "SRF Ltd" | QUERIES: ["SRF Ltd" official website] | CANDIDATES: [https://srf.ch] | SELECTED: "https://srf.ch" | CONFIDENCE: HIGH | TIME: 0ms | REASON: Resolved via readymade-fallback
[2026-08-11T14:19:51.280Z] COMPANY: "Swadeshi Polytex Ltd" | QUERIES: ["Swadeshi Polytex Ltd" official website] | CANDIDATES: [https://splindia.co.in] | SELECTED: "https://splindia.co.in" | CONFIDENCE: HIGH | TIME: 0ms | REASON: Resolved via readymade-fallback
[2026-08-11T14:20:04.695Z] COMPANY: "Bharat Bijlee Ltd" | QUERIES: ["Bharat Bijlee Ltd" official website] | CANDIDATES: [https://bharatbijlee.com] | SELECTED: "https://bharatbijlee.com" | CONFIDENCE: HIGH | TIME: 0ms | REASON: Resolved via readymade-fallback
[2026-08-11T14:20:15.022Z] COMPANY: "GEE Ltd" | QUERIES: ["GEE Ltd" official website] | CANDIDATES: [https://geeltd.co.uk] | SELECTED: "https://geeltd.co.uk" | CONFIDENCE: HIGH | TIME: 0ms | REASON: Resolved via readymade-fallback
[2026-08-11T14:20:29.649Z] COMPANY: "Hind Rectifiers Ltd" | QUERIES: ["Hind Rectifiers Ltd" official website] | CANDIDATES: [https://hirect.com] | SELECTED: "https://hirect.com" | CONFIDENCE: HIGH | TIME: 0ms | REASON: Resolved via readymade-fallback
[2026-08-11T14:20:34.627Z] COMPANY: "Zensar Technologies Ltd" | QUERIES: ["Zensar Technologies Ltd" official website] | CANDIDATES: [https://zensar.com] | SELECTED: "https://zensar.com" | CONFIDENCE: HIGH | TIME: 0ms | REASON: Resolved via readymade-fallback
[2026-08-11T14:20:37.304Z] COMPANY: "Jyoti Ltd" | QUERIES: ["Jyoti Ltd" official website] | CANDIDATES: [https://filmynonstop.com] | SELECTED: "https://filmynonstop.com" | CONFIDENCE: HIGH | TIME: 0ms | REASON: Resolved via readymade-fallback
[2026-08-11T14:20:47.127Z] COMPANY: "JSL Industries Ltd" | QUERIES: ["JSL Industries Ltd" official website] | CANDIDATES: [https://jslps.org] | SELECTED: "https://jslps.org" | CONFIDENCE: HIGH | TIME: 0ms | REASON: Resolved via readymade-fallback
[2026-08-11T14:20:51.440Z] COMPANY: "Kaycee Industries Ltd" | QUERIES: ["Kaycee Industries Ltd" official website] | CANDIDATES: [https://kayceenterprises.com] | SELECTED: "https://kayceenterprises.com" | CONFIDENCE: HIGH | TIME: 0ms | REASON: Resolved via readymade-fallback
[2026-08-11T14:21:04.621Z] COMPANY: "Indokem Ltd" | QUERIES: ["Indokem Ltd" official website] | CANDIDATES: [https://indokemika-group.com] | SELECTED: "https://indokemika-group.com" | CONFIDENCE: HIGH | TIME: 0ms | REASON: Resolved via readymade-fallback
[2026-08-11T14:21:18.322Z] COMPANY: "Nelco Ltd" | QUERIES: ["Nelco Ltd" official website] | CANDIDATES: [https://nelcoproducts.com] | SELECTED: "https://nelcoproducts.com" | CONFIDENCE: HIGH | TIME: 0ms | REASON: Resolved via readymade-fallback
[2026-08-11T14:21:21.825Z] COMPANY: "Permanent Magnets Ltd" | QUERIES: ["Permanent Magnets Ltd" official website] | CANDIDATES: [https://pmlindia.com] | SELECTED: "https://pmlindia.com" | CONFIDENCE: HIGH | TIME: 0ms | REASON: Resolved via readymade-fallback
[2026-08-11T14:21:44.218Z] COMPANY: "High Energy Batteries India Ltd" | QUERIES: ["High Energy Batteries India Ltd" official website] | CANDIDATES: [https://highenergy.com] | SELECTED: "https://highenergy.com" | CONFIDENCE: HIGH | TIME: 0ms | REASON: Resolved via readymade-fallback
[2026-08-11T14:21:55.849Z] COMPANY: "Universal Cables Ltd" | QUERIES: ["Universal Cables Ltd" official website] | CANDIDATES: [https://unistar.co.in] | SELECTED: "https://unistar.co.in" | CONFIDENCE: HIGH | TIME: 0ms | REASON: Resolved via readymade-fallback
[2026-08-11T14:22:08.747Z] COMPANY: "W. S. Industries (India) Ltd" | QUERIES: ["W. S. Industries (India) Ltd" official website] | CANDIDATES: [https://wsj.com] | SELECTED: "https://wsj.com" | CONFIDENCE: HIGH | TIME: 0ms | REASON: Resolved via readymade-fallback
[2026-08-11T14:22:09.129Z] COMPANY: "Delton Cables Ltd" | QUERIES: ["Delton Cables Ltd" official website] | CANDIDATES: [https://deltoncables.com] | SELECTED: "https://deltoncables.com" | CONFIDENCE: HIGH | TIME: 0ms | REASON: Resolved via readymade-fallback
[2026-08-11T14:22:13.521Z] COMPANY: "Lakshmi Electrical Control Systems Ltd" | QUERIES: ["Lakshmi Electrical Control Systems Ltd" official website] | CANDIDATES: [https://lecsindia.com] | SELECTED: "https://lecsindia.com" | CONFIDENCE: HIGH | TIME: 1ms | REASON: Resolved via readymade-fallback
[2026-08-11T14:22:43.690Z] COMPANY: "Delta Manufacturing Ltd" | QUERIES: ["Delta Manufacturing Ltd" official website] | CANDIDATES: [https://delta-manufacturing.com] | SELECTED: "https://delta-manufacturing.com" | CONFIDENCE: HIGH | TIME: 0ms | REASON: Resolved via readymade-fallback
[2026-08-11T14:22:45.187Z] COMPANY: "Ravindra Energy Ltd" | QUERIES: ["Ravindra Energy Ltd" official website] | CANDIDATES: [https://ravindraenergy.com] | SELECTED: "https://ravindraenergy.com" | CONFIDENCE: HIGH | TIME: 0ms | REASON: Resolved via readymade-fallback
[2026-08-11T14:22:59.910Z] COMPANY: "Empower India Ltd" | QUERIES: ["Empower India Ltd" official website] | CANDIDATES: [https://empowerindia.in] | SELECTED: "https://empowerindia.in" | CONFIDENCE: HIGH | TIME: 0ms | REASON: Resolved via readymade-fallback
[2026-08-11T14:23:27.823Z] COMPANY: "Nyssa Corporation Ltd" | QUERIES: ["Nyssa Corporation Ltd" official website] | CANDIDATES: [https://nyssacare.com] | SELECTED: "https://nyssacare.com" | CONFIDENCE: HIGH | TIME: 0ms | REASON: Resolved via readymade-fallback
[2026-08-11T14:24:06.086Z] COMPANY: "Krishna Ventures Ltd" | QUERIES: ["Krishna Ventures Ltd" official website] | CANDIDATES: [https://krishnaventuresltd.com] | SELECTED: "https://krishnaventuresltd.com" | CONFIDENCE: HIGH | TIME: 0ms | REASON: Resolved via readymade-fallback
[2026-08-11T14:26:29.156Z] COMPANY: "Ganesh Holdings Ltd" | QUERIES: ["Ganesh Holdings Ltd" official website] | CANDIDATES: [https://ganeshholdings.com] | SELECTED: "https://ganeshholdings.com" | CONFIDENCE: HIGH | TIME: 0ms | REASON: Resolved via readymade-fallback
[2026-08-11T14:26:42.721Z] COMPANY: "Uni Abex Alloy Products Ltd" | QUERIES: ["Uni Abex Alloy Products Ltd" official website] | CANDIDATES: [https://uniabex.com] | SELECTED: "https://uniabex.com" | CONFIDENCE: HIGH | TIME: 0ms | REASON: Resolved via readymade-fallback
[2026-08-11T14:29:03.184Z] COMPANY: "Sarda Energy & Minerals Ltd" | QUERIES: ["Sarda Energy & Minerals Ltd" official website] | CANDIDATES: [https://seml.co.in] | SELECTED: "https://seml.co.in" | CONFIDENCE: HIGH | TIME: 0ms | REASON: Resolved via readymade-fallback
[2026-08-11T14:29:16.338Z] COMPANY: "Indian Hume Pipe Company Ltd" | QUERIES: ["Indian Hume Pipe Company Ltd" official website] | CANDIDATES: [https://indianhumepipe.com] | SELECTED: "https://indianhumepipe.com" | CONFIDENCE: HIGH | TIME: 0ms | REASON: Resolved via readymade-fallback
[2026-08-11T14:29:31.816Z] COMPANY: "Investment & Precision Castings Ltd" | QUERIES: ["Investment & Precision Castings Ltd" official website] | CANDIDATES: [https://investment.nsw.gov.au] | SELECTED: "https://investment.nsw.gov.au" | CONFIDENCE: HIGH | TIME: 0ms | REASON: Resolved via readymade-fallback
[2026-08-11T14:29:37.270Z] COMPANY: "Kaira Can Company Ltd" | QUERIES: ["Kaira Can Company Ltd" official website] | CANDIDATES: [https://kairacan.com] | SELECTED: "https://kairacan.com" | CONFIDENCE: HIGH | TIME: 0ms | REASON: Resolved via readymade-fallback
[2026-08-11T14:29:51.820Z] COMPANY: "National Standard (India) Ltd" | QUERIES: ["National Standard (India) Ltd" official website] | CANDIDATES: [https://nsai.ie] | SELECTED: "https://nsai.ie" | CONFIDENCE: HIGH | TIME: 0ms | REASON: Resolved via readymade-fallback
[2026-08-11T14:29:57.844Z] COMPANY: "Rathi Steel & Power Ltd" | QUERIES: ["Rathi Steel & Power Ltd" official website] | CANDIDATES: [https://rathisteelandpower.com] | SELECTED: "https://rathisteelandpower.com" | CONFIDENCE: HIGH | TIME: 0ms | REASON: Resolved via readymade-fallback
[2026-08-11T14:30:16.436Z] COMPANY: "Duncan Engineering Ltd" | QUERIES: ["Duncan Engineering Ltd" official website] | CANDIDATES: [https://duncanengg.com] | SELECTED: "https://duncanengg.com" | CONFIDENCE: HIGH | TIME: 1ms | REASON: Resolved via readymade-fallback
[2026-08-11T14:30:20.306Z] COMPANY: "Stovec Industries Ltd" | QUERIES: ["Stovec Industries Ltd" official website] | CANDIDATES: [https://stoveconnection.com.au] | SELECTED: "https://stoveconnection.com.au" | CONFIDENCE: HIGH | TIME: 0ms | REASON: Resolved via readymade-fallback
[2026-08-11T14:30:38.561Z] COMPANY: "Automotive Axles Ltd" | QUERIES: ["Automotive Axles Ltd" official website] | CANDIDATES: [https://autoaxle.com] | SELECTED: "https://autoaxle.com" | CONFIDENCE: HIGH | TIME: 1ms | REASON: Resolved via readymade-fallback
[2026-08-11T14:31:11.315Z] COMPANY: "Setco Automotive Ltd" | QUERIES: ["Setco Automotive Ltd" official website] | CANDIDATES: [https://setcoauto.com] | SELECTED: "https://setcoauto.com" | CONFIDENCE: HIGH | TIME: 0ms | REASON: Resolved via readymade-fallback
[2026-08-11T14:31:37.182Z] COMPANY: "TIL Ltd" | QUERIES: ["TIL Ltd" official website] | CANDIDATES: [https://tillys.com] | SELECTED: "https://tillys.com" | CONFIDENCE: HIGH | TIME: 0ms | REASON: Resolved via readymade-fallback
[2026-08-11T14:31:37.980Z] COMPANY: "Eicher Motors Ltd" | QUERIES: ["Eicher Motors Ltd" official website] | CANDIDATES: [https://eicher.in] | SELECTED: "https://eicher.in" | CONFIDENCE: HIGH | TIME: 0ms | REASON: Resolved via readymade-fallback
[2026-08-11T14:31:39.728Z] COMPANY: "Jainex Aamcol Ltd" | QUERIES: ["Jainex Aamcol Ltd" official website] | CANDIDATES: [https://jainexaamcol.com] | SELECTED: "https://jainexaamcol.com" | CONFIDENCE: HIGH | TIME: 0ms | REASON: Resolved via readymade-fallback
[2026-08-11T14:31:48.166Z] COMPANY: "Dynamatic Technologies Ltd" | QUERIES: ["Dynamatic Technologies Ltd" official website] | CANDIDATES: [https://dynamatic.com] | SELECTED: "https://dynamatic.com" | CONFIDENCE: HIGH | TIME: 0ms | REASON: Resolved via readymade-fallback
[2026-08-11T14:32:04.035Z] COMPANY: "GMM Pfaudler Ltd" | QUERIES: ["GMM Pfaudler Ltd" official website] | CANDIDATES: [https://gmmpfaudler.com] | SELECTED: "https://gmmpfaudler.com" | CONFIDENCE: HIGH | TIME: 0ms | REASON: Resolved via readymade-fallback
[2026-08-11T14:32:20.896Z] COMPANY: "Kirloskar Pneumatic Company Ltd" | QUERIES: ["Kirloskar Pneumatic Company Ltd" official website] | CANDIDATES: [https://kirloskarpneumatic.com] | SELECTED: "https://kirloskarpneumatic.com" | CONFIDENCE: HIGH | TIME: 0ms | REASON: Resolved via readymade-fallback
[2026-08-11T14:32:24.224Z] COMPANY: "KPT Industries Ltd" | QUERIES: ["KPT Industries Ltd" official website] | CANDIDATES: [https://kptv.com] | SELECTED: "https://kptv.com" | CONFIDENCE: HIGH | TIME: 0ms | REASON: Resolved via readymade-fallback
[2026-08-11T14:32:27.857Z] COMPANY: "NESCO Ltd" | QUERIES: ["NESCO Ltd" official website] | CANDIDATES: [https://neskk.co.jp] | SELECTED: "https://neskk.co.jp" | CONFIDENCE: HIGH | TIME: 0ms | REASON: Resolved via readymade-fallback
[2026-08-11T14:32:42.803Z] COMPANY: "Wendt (India) Ltd" | QUERIES: ["Wendt (India) Ltd" official website] | CANDIDATES: [https://wwwendt.de] | SELECTED: "https://wwwendt.de" | CONFIDENCE: HIGH | TIME: 0ms | REASON: Resolved via readymade-fallback
[2026-08-11T14:32:44.341Z] COMPANY: "Responsive Industries Ltd" | QUERIES: ["Responsive Industries Ltd" official website] | CANDIDATES: [https://responsivedesignchecker.com] | SELECTED: "https://responsivedesignchecker.com" | CONFIDENCE: HIGH | TIME: 0ms | REASON: Resolved via readymade-fallback
[2026-08-11T14:32:56.797Z] COMPANY: "Maharashtra Corporation Ltd" | QUERIES: ["Maharashtra Corporation Ltd" official website] | CANDIDATES: [https://maharashtra.gov.in] | SELECTED: "https://maharashtra.gov.in" | CONFIDENCE: HIGH | TIME: 0ms | REASON: Resolved via readymade-fallback
[2026-08-11T14:33:32.439Z] COMPANY: "Westlife Foodworld Ltd" | QUERIES: ["Westlife Foodworld Ltd" official website] | CANDIDATES: [https://westlife.co.in] | SELECTED: "https://westlife.co.in" | CONFIDENCE: HIGH | TIME: 0ms | REASON: Resolved via readymade-fallback
[2026-08-11T14:33:39.248Z] COMPANY: "Zee Entertainment Enterprises Ltd" | QUERIES: ["Zee Entertainment Enterprises Ltd" official website] | CANDIDATES: [https://zee.com] | SELECTED: "https://zee.com" | CONFIDENCE: HIGH | TIME: 0ms | REASON: Resolved via readymade-fallback
[2026-08-11T14:33:39.716Z] COMPANY: "SVP Global Textiles Ltd" | QUERIES: ["SVP Global Textiles Ltd" official website] | CANDIDATES: [https://svpglobal.co.in] | SELECTED: "https://svpglobal.co.in" | CONFIDENCE: HIGH | TIME: 0ms | REASON: Resolved via readymade-fallback
[2026-08-11T14:35:58.857Z] COMPANY: "Multiplus Holdings Ltd" | QUERIES: ["Multiplus Holdings Ltd" official website] | CANDIDATES: [https://multipluscard.hr] | SELECTED: "https://multipluscard.hr" | CONFIDENCE: HIGH | TIME: 0ms | REASON: Resolved via readymade-fallback
[2026-08-11T14:36:16.529Z] COMPANY: "Skyline Millars Ltd" | QUERIES: ["Skyline Millars Ltd" official website] | CANDIDATES: [https://skylinemillarsltd.com] | SELECTED: "https://skylinemillarsltd.com" | CONFIDENCE: HIGH | TIME: 0ms | REASON: Resolved via readymade-fallback
[2026-08-11T14:36:27.763Z] COMPANY: "Taparia Tools Ltd" | QUERIES: ["Taparia Tools Ltd" official website] | CANDIDATES: [https://tapariatools.com] | SELECTED: "https://tapariatools.com" | CONFIDENCE: HIGH | TIME: 0ms | REASON: Resolved via readymade-fallback
[2026-08-11T14:36:37.782Z] COMPANY: "Bharat Gears Ltd" | QUERIES: ["Bharat Gears Ltd" official website] | CANDIDATES: [https://bharatgears.com] | SELECTED: "https://bharatgears.com" | CONFIDENCE: HIGH | TIME: 0ms | REASON: Resolved via readymade-fallback
[2026-08-11T14:36:39.389Z] COMPANY: "Brady & Morris Engineering Company Ltd" | QUERIES: ["Brady & Morris Engineering Company Ltd" official website] | CANDIDATES: [https://bradypac.org] | SELECTED: "https://bradypac.org" | CONFIDENCE: HIGH | TIME: 0ms | REASON: Resolved via readymade-fallback
[2026-08-11T14:36:39.764Z] COMPANY: "Elecon Engineering Company Ltd" | QUERIES: ["Elecon Engineering Company Ltd" official website] | CANDIDATES: [https://elecon.com] | SELECTED: "https://elecon.com" | CONFIDENCE: HIGH | TIME: 0ms | REASON: Resolved via readymade-fallback
[2026-08-11T14:36:43.629Z] COMPANY: "Grauer & Weil India Ltd" | QUERIES: ["Grauer & Weil India Ltd" official website] | CANDIDATES: [https://growel.com] | SELECTED: "https://growel.com" | CONFIDENCE: HIGH | TIME: 0ms | REASON: Resolved via readymade-fallback
[2026-08-11T14:36:51.425Z] COMPANY: "Him Teknoforge Ltd" | QUERIES: ["Him Teknoforge Ltd" official website] | CANDIDATES: [https://himteknoforge.com] | SELECTED: "https://himteknoforge.com" | CONFIDENCE: HIGH | TIME: 0ms | REASON: Resolved via readymade-fallback
[2026-08-11T14:36:52.998Z] COMPANY: "Hercules Investments Ltd" | QUERIES: ["Hercules Investments Ltd" official website] | CANDIDATES: [https://hercules-investments.com] | SELECTED: "https://hercules-investments.com" | CONFIDENCE: HIGH | TIME: 0ms | REASON: Resolved via readymade-fallback
[2026-08-11T14:36:55.476Z] COMPANY: "Algoquant Fintech Ltd" | QUERIES: ["Algoquant Fintech Ltd" official website] | CANDIDATES: [https://algoquantfintech.com] | SELECTED: "https://algoquantfintech.com" | CONFIDENCE: HIGH | TIME: 0ms | REASON: Resolved via readymade-fallback
[2026-08-11T14:37:17.257Z] COMPANY: "IFB Industries Ltd" | QUERIES: ["IFB Industries Ltd" official website] | CANDIDATES: [https://ifb.ir] | SELECTED: "https://ifb.ir" | CONFIDENCE: HIGH | TIME: 0ms | REASON: Resolved via readymade-fallback
[2026-08-11T14:38:20.339Z] COMPANY: "Singer India Ltd" | QUERIES: ["Singer India Ltd" official website] | CANDIDATES: [https://btindia.in] | SELECTED: "https://btindia.in" | CONFIDENCE: HIGH | TIME: 0ms | REASON: Resolved via readymade-fallback
[2026-08-11T14:40:44.793Z] COMPANY: "Josts Engineering Company Ltd" | QUERIES: ["Josts Engineering Company Ltd" official website] | CANDIDATES: [https://josts.com] | SELECTED: "https://josts.com" | CONFIDENCE: HIGH | TIME: 0ms | REASON: Resolved via readymade-fallback
[2026-08-11T14:40:47.718Z] COMPANY: "Rane Holdings Ltd" | QUERIES: ["Rane Holdings Ltd" official website] | CANDIDATES: [https://ranepa.ru] | SELECTED: "https://ranepa.ru" | CONFIDENCE: HIGH | TIME: 0ms | REASON: Resolved via readymade-fallback
[2026-08-11T14:41:39.078Z] COMPANY: "Rolcon Engineering Company Ltd" | QUERIES: ["Rolcon Engineering Company Ltd" official website] | CANDIDATES: [https://rolconengineering.com] | SELECTED: "https://rolconengineering.com" | CONFIDENCE: HIGH | TIME: 0ms | REASON: Resolved via readymade-fallback
[2026-08-11T14:44:18.098Z] COMPANY: "SNL Bearings Ltd" | QUERIES: ["SNL Bearings Ltd" official website] | CANDIDATES: [https://snlbearings.in] | SELECTED: "https://snlbearings.in" | CONFIDENCE: HIGH | TIME: 0ms | REASON: Resolved via readymade-fallback
[2026-08-11T14:44:41.849Z] COMPANY: "Jaipan Industries Ltd" | QUERIES: ["Jaipan Industries Ltd" official website] | CANDIDATES: [https://jaipan.com] | SELECTED: "https://jaipan.com" | CONFIDENCE: HIGH | TIME: 0ms | REASON: Resolved via readymade-fallback
[2026-08-11T14:44:51.306Z] COMPANY: "TRF Ltd" | QUERIES: ["TRF Ltd" official website] | CANDIDATES: [https://trf1.jus.br] | SELECTED: "https://trf1.jus.br" | CONFIDENCE: HIGH | TIME: 0ms | REASON: Resolved via readymade-fallback
[2026-08-11T14:44:53.577Z] COMPANY: "WPIL Ltd" | QUERIES: ["WPIL Ltd" official website] | CANDIDATES: [https://wpilib.org] | SELECTED: "https://wpilib.org" | CONFIDENCE: HIGH | TIME: 0ms | REASON: Resolved via readymade-fallback
[2026-08-11T14:45:06.939Z] COMPANY: "Triton Valves Ltd" | QUERIES: ["Triton Valves Ltd" official website] | CANDIDATES: [https://tritonvalves.com] | SELECTED: "https://tritonvalves.com" | CONFIDENCE: HIGH | TIME: 2ms | REASON: Resolved via readymade-fallback
[2026-08-11T14:45:33.242Z] COMPANY: "Sudal Industries Ltd" | QUERIES: ["Sudal Industries Ltd" official website] | CANDIDATES: [https://sudalpes.com] | SELECTED: "https://sudalpes.com" | CONFIDENCE: HIGH | TIME: 0ms | REASON: Resolved via readymade-fallback
[2026-08-11T14:45:49.488Z] COMPANY: "Prakash Industries Ltd" | QUERIES: ["Prakash Industries Ltd" official website] | CANDIDATES: [https://prakashinfotech.com] | SELECTED: "https://prakashinfotech.com" | CONFIDENCE: HIGH | TIME: 0ms | REASON: Resolved via readymade-fallback
[2026-08-11T14:45:52.186Z] COMPANY: "Prabhu Steel Industries Ltd" | QUERIES: ["Prabhu Steel Industries Ltd" official website] | CANDIDATES: [https://prabhusteels.com] | SELECTED: "https://prabhusteels.com" | CONFIDENCE: HIGH | TIME: 0ms | REASON: Resolved via readymade-fallback
[2026-08-11T14:46:03.594Z] COMPANY: "Arshiya Ltd" | QUERIES: ["Arshiya Ltd" official website] | CANDIDATES: [https://arshiyalimited.com] | SELECTED: "https://arshiyalimited.com" | CONFIDENCE: HIGH | TIME: 0ms | REASON: Resolved via readymade-fallback
[2026-08-11T14:46:22.291Z] COMPANY: "Genesys International Corporation Ltd" | QUERIES: ["Genesys International Corporation Ltd" official website] | CANDIDATES: [https://igenesys.com] | SELECTED: "https://igenesys.com" | CONFIDENCE: HIGH | TIME: 0ms | REASON: Resolved via readymade-fallback
[2026-08-11T14:46:39.727Z] COMPANY: "Ishwarshakti Holdings & Traders Ltd" | QUERIES: ["Ishwarshakti Holdings & Traders Ltd" official website] | CANDIDATES: [https://ishwarshakti.com] | SELECTED: "https://ishwarshakti.com" | CONFIDENCE: HIGH | TIME: 0ms | REASON: Resolved via readymade-fallback
[2026-08-11T14:46:48.410Z] COMPANY: "Apis India Ltd" | QUERIES: ["Apis India Ltd" official website] | CANDIDATES: [https://apisindia.com] | SELECTED: "https://apisindia.com" | CONFIDENCE: HIGH | TIME: 0ms | REASON: Resolved via readymade-fallback
[2026-08-11T14:47:15.248Z] COMPANY: "Kanani Industries Ltd" | QUERIES: ["Kanani Industries Ltd" official website] | CANDIDATES: [https://kanankarnal.com] | SELECTED: "https://kanankarnal.com" | CONFIDENCE: HIGH | TIME: 0ms | REASON: Resolved via readymade-fallback
[2026-08-11T14:47:24.506Z] COMPANY: "Sarvamangal Mercantile Company Ltd" | QUERIES: ["Sarvamangal Mercantile Company Ltd" official website] | CANDIDATES: [https://sarvamangalmercantile.com] | SELECTED: "https://sarvamangalmercantile.com" | CONFIDENCE: HIGH | TIME: 0ms | REASON: Resolved via readymade-fallback
[2026-08-11T14:47:31.867Z] COMPANY: "Arihant Superstructures Ltd" | QUERIES: ["Arihant Superstructures Ltd" official website] | CANDIDATES: [https://asl.net.in] | SELECTED: "https://asl.net.in" | CONFIDENCE: HIGH | TIME: 0ms | REASON: Resolved via readymade-fallback
[2026-08-11T14:47:58.009Z] COMPANY: "Bliss GVS Pharma Ltd" | QUERIES: ["Bliss GVS Pharma Ltd" official website] | CANDIDATES: [https://blissgvs.com] | SELECTED: "https://blissgvs.com" | CONFIDENCE: HIGH | TIME: 0ms | REASON: Resolved via readymade-fallback
[2026-08-11T14:48:12.088Z] COMPANY: "Alembic Ltd" | QUERIES: ["Alembic Ltd" official website] | CANDIDATES: [https://alembicpharmaceuticals.com] | SELECTED: "https://alembicpharmaceuticals.com" | CONFIDENCE: HIGH | TIME: 0ms | REASON: Resolved via readymade-fallback
[2026-08-11T14:48:27.577Z] COMPANY: "Amines & Plasticizers Ltd" | QUERIES: ["Amines & Plasticizers Ltd" official website] | CANDIDATES: [https://aminess.com] | SELECTED: "https://aminess.com" | CONFIDENCE: HIGH | TIME: 1ms | REASON: Resolved via readymade-fallback
[2026-08-11T14:48:46.826Z] COMPANY: "Anuh Pharma Ltd" | QUERIES: ["Anuh Pharma Ltd" official website] | CANDIDATES: [https://anuheajams.com] | SELECTED: "https://anuheajams.com" | CONFIDENCE: HIGH | TIME: 0ms | REASON: Resolved via readymade-fallback
[2026-08-11T14:49:05.576Z] COMPANY: "Modison Ltd" | QUERIES: ["Modison Ltd" official website] | CANDIDATES: [https://modison.com] | SELECTED: "https://modison.com" | CONFIDENCE: HIGH | TIME: 0ms | REASON: Resolved via readymade-fallback
[2026-08-11T14:49:15.628Z] COMPANY: "Bayer CropScience Ltd" | QUERIES: ["Bayer CropScience Ltd" official website] | CANDIDATES: [https://bayer.rs] | SELECTED: "https://bayer.rs" | CONFIDENCE: HIGH | TIME: 0ms | REASON: Resolved via readymade-fallback
[2026-08-11T14:49:32.263Z] COMPANY: "Coromandel International Ltd" | QUERIES: ["Coromandel International Ltd" official website] | CANDIDATES: [https://coromandel.biz] | SELECTED: "https://coromandel.biz" | CONFIDENCE: HIGH | TIME: 0ms | REASON: Resolved via readymade-fallback
[2026-08-11T14:49:39.404Z] COMPANY: "DMCC Speciality Chemicals Ltd" | QUERIES: ["DMCC Speciality Chemicals Ltd" official website] | CANDIDATES: [https://dmcc.com] | SELECTED: "https://dmcc.com" | CONFIDENCE: HIGH | TIME: 0ms | REASON: Resolved via readymade-fallback
[2026-08-11T14:49:56.330Z] COMPANY: "Fermenta Biotech Ltd" | QUERIES: ["Fermenta Biotech Ltd" official website] | CANDIDATES: [https://fermentabiotech.com] | SELECTED: "https://fermentabiotech.com" | CONFIDENCE: HIGH | TIME: 0ms | REASON: Resolved via readymade-fallback
[2026-08-11T14:50:01.845Z] COMPANY: "GOCL Corporation Ltd" | QUERIES: ["GOCL Corporation Ltd" official website] | CANDIDATES: [https://goclove.com] | SELECTED: "https://goclove.com" | CONFIDENCE: HIGH | TIME: 0ms | REASON: Resolved via readymade-fallback
[2026-08-11T14:50:55.264Z] COMPANY: "Jayshree Chemicals Ltd" | QUERIES: ["Jayshree Chemicals Ltd" official website] | CANDIDATES: [https://jayshreechemicals.in] | SELECTED: "https://jayshreechemicals.in" | CONFIDENCE: HIGH | TIME: 0ms | REASON: Resolved via readymade-fallback
[2026-08-11T14:51:01.228Z] COMPANY: "Kanoria Chemicals & Industries Ltd" | QUERIES: ["Kanoria Chemicals & Industries Ltd" official website] | CANDIDATES: [https://kanoriachem.com] | SELECTED: "https://kanoriachem.com" | CONFIDENCE: HIGH | TIME: 0ms | REASON: Resolved via readymade-fallback
[2026-08-11T14:51:09.768Z] COMPANY: "KELTECH Energies Ltd" | QUERIES: ["KELTECH Energies Ltd" official website] | CANDIDATES: [https://keltechenergies.com] | SELECTED: "https://keltechenergies.com" | CONFIDENCE: HIGH | TIME: 0ms | REASON: Resolved via readymade-fallback
[2026-08-11T14:51:26.486Z] COMPANY: "Kemp & Company Ltd" | QUERIES: ["Kemp & Company Ltd" official website] | CANDIDATES: [https://kemper.com] | SELECTED: "https://kemper.com" | CONFIDENCE: HIGH | TIME: 0ms | REASON: Resolved via readymade-fallback
[2026-08-11T14:51:29.251Z] COMPANY: "Nitta Gelatin India Ltd" | QUERIES: ["Nitta Gelatin India Ltd" official website] | CANDIDATES: [https://gelatin.in] | SELECTED: "https://gelatin.in" | CONFIDENCE: HIGH | TIME: 0ms | REASON: Resolved via readymade-fallback
[2026-08-11T14:51:44.153Z] COMPANY: "MP Agro Industries Ltd" | QUERIES: ["MP Agro Industries Ltd" official website] | CANDIDATES: [https://mpagro.com.br] | SELECTED: "https://mpagro.com.br" | CONFIDENCE: HIGH | TIME: 0ms | REASON: Resolved via readymade-fallback
[2026-08-11T14:52:10.115Z] COMPANY: "AG Ventures Ltd" | QUERIES: ["AG Ventures Ltd" official website] | CANDIDATES: [https://agventures.africa] | SELECTED: "https://agventures.africa" | CONFIDENCE: HIGH | TIME: 0ms | REASON: Resolved via readymade-fallback
[2026-08-11T14:52:26.300Z] COMPANY: "PB Global Ltd" | QUERIES: ["PB Global Ltd" official website] | CANDIDATES: [https://pbltd.in] | SELECTED: "https://pbltd.in" | CONFIDENCE: HIGH | TIME: 0ms | REASON: Resolved via readymade-fallback
[2026-08-11T14:52:35.903Z] COMPANY: "Amal Ltd" | QUERIES: ["Amal Ltd" official website] | CANDIDATES: [https://amalgamatedbank.com] | SELECTED: "https://amalgamatedbank.com" | CONFIDENCE: HIGH | TIME: 0ms | REASON: Resolved via readymade-fallback
[2026-08-11T14:52:43.303Z] COMPANY: "Polychem Ltd" | QUERIES: ["Polychem Ltd" official website] | CANDIDATES: [https://polychemalloy.com] | SELECTED: "https://polychemalloy.com" | CONFIDENCE: HIGH | TIME: 0ms | REASON: Resolved via readymade-fallback
[2026-08-11T14:53:06.538Z] COMPANY: "Punjab Chemicals & Crop Protection Ltd" | QUERIES: ["Punjab Chemicals & Crop Protection Ltd" official website] | CANDIDATES: [https://punjabchemicals.com] | SELECTED: "https://punjabchemicals.com" | CONFIDENCE: HIGH | TIME: 0ms | REASON: Resolved via readymade-fallback
[2026-08-11T14:53:27.076Z] COMPANY: "Sudarshan Chemical Industries Ltd" | QUERIES: ["Sudarshan Chemical Industries Ltd" official website] | CANDIDATES: [https://sudarshan.com] | SELECTED: "https://sudarshan.com" | CONFIDENCE: HIGH | TIME: 0ms | REASON: Resolved via readymade-fallback
[2026-08-11T14:53:51.863Z] COMPANY: "Ultramarine & Pigments Ltd" | QUERIES: ["Ultramarine & Pigments Ltd" official website] | CANDIDATES: [https://ultra-marine.ch] | SELECTED: "https://ultra-marine.ch" | CONFIDENCE: HIGH | TIME: 0ms | REASON: Resolved via readymade-fallback
[2026-08-11T14:53:56.942Z] COMPANY: "Transpek Industry Ltd" | QUERIES: ["Transpek Industry Ltd" official website] | CANDIDATES: [https://transpek.com] | SELECTED: "https://transpek.com" | CONFIDENCE: HIGH | TIME: 0ms | REASON: Resolved via readymade-fallback
[2026-08-11T14:54:06.999Z] COMPANY: "Unichem Laboratories Ltd" | QUERIES: ["Unichem Laboratories Ltd" official website] | CANDIDATES: [https://unichemlabs.com] | SELECTED: "https://unichemlabs.com" | CONFIDENCE: HIGH | TIME: 0ms | REASON: Resolved via readymade-fallback
[2026-08-11T14:54:09.204Z] COMPANY: "Alkyl Amines Chemicals Ltd" | QUERIES: ["Alkyl Amines Chemicals Ltd" official website] | CANDIDATES: [https://alkylamines.com] | SELECTED: "https://alkylamines.com" | CONFIDENCE: HIGH | TIME: 0ms | REASON: Resolved via readymade-fallback
[2026-08-11T14:54:12.167Z] COMPANY: "Tuticorin Alkali Chemicals And Fertilizers Ltd" | QUERIES: ["Tuticorin Alkali Chemicals And Fertilizers Ltd" official website] | CANDIDATES: [https://tacfert.in] | SELECTED: "https://tacfert.in" | CONFIDENCE: HIGH | TIME: 0ms | REASON: Resolved via readymade-fallback
[2026-08-11T14:54:31.113Z] COMPANY: "Primo Chemicals Ltd" | QUERIES: ["Primo Chemicals Ltd" official website] | CANDIDATES: [https://primochemicals.in] | SELECTED: "https://primochemicals.in" | CONFIDENCE: HIGH | TIME: 0ms | REASON: Resolved via readymade-fallback
[2026-08-11T14:54:44.003Z] COMPANY: "TANFAC Industries Ltd" | QUERIES: ["TANFAC Industries Ltd" official website] | CANDIDATES: [https://tanfac.com] | SELECTED: "https://tanfac.com" | CONFIDENCE: HIGH | TIME: 0ms | REASON: Resolved via readymade-fallback
[2026-08-11T14:55:00.449Z] COMPANY: "Gujarat Petrosynthese Ltd" | QUERIES: ["Gujarat Petrosynthese Ltd" official website] | CANDIDATES: [https://gpl.in] | SELECTED: "https://gpl.in" | CONFIDENCE: HIGH | TIME: 0ms | REASON: Resolved via readymade-fallback
[2026-08-11T14:57:21.739Z] COMPANY: "Continental Chemicals Ltd" | QUERIES: ["Continental Chemicals Ltd" official website] | CANDIDATES: [https://continentalchem.com] | SELECTED: "https://continentalchem.com" | CONFIDENCE: HIGH | TIME: 0ms | REASON: Resolved via readymade-fallback
[2026-08-11T14:57:31.720Z] COMPANY: "Indo Gulf Industries Ltd" | QUERIES: ["Indo Gulf Industries Ltd" official website] | CANDIDATES: [https://indoasiantimes.com] | SELECTED: "https://indoasiantimes.com" | CONFIDENCE: HIGH | TIME: 0ms | REASON: Resolved via readymade-fallback
[2026-08-11T14:57:40.000Z] COMPANY: "Advance Petrochemicals Ltd" | QUERIES: ["Advance Petrochemicals Ltd" official website] | CANDIDATES: [https://advancepetro.com] | SELECTED: "https://advancepetro.com" | CONFIDENCE: HIGH | TIME: 0ms | REASON: Resolved via readymade-fallback
[2026-08-11T15:00:03.498Z] COMPANY: "Apt Packaging Ltd" | QUERIES: ["Apt Packaging Ltd" official website] | CANDIDATES: [https://aptpackaging.in] | SELECTED: "https://aptpackaging.in" | CONFIDENCE: HIGH | TIME: 0ms | REASON: Resolved via readymade-fallback
[2026-08-11T15:00:04.285Z] COMPANY: "Bluechip Tex Industries Ltd" | QUERIES: ["Bluechip Tex Industries Ltd" official website] | CANDIDATES: [https://bluechiptexindustrieslimited.com] | SELECTED: "https://bluechiptexindustrieslimited.com" | CONFIDENCE: HIGH | TIME: 0ms | REASON: Resolved via readymade-fallback
[2026-08-11T15:00:16.450Z] COMPANY: "Jagatjit Industries Ltd" | QUERIES: ["Jagatjit Industries Ltd" official website] | CANDIDATES: [https://jagatjit.com] | SELECTED: "https://jagatjit.com" | CONFIDENCE: HIGH | TIME: 0ms | REASON: Resolved via readymade-fallback
[2026-08-11T15:00:26.778Z] COMPANY: "Kesar Enterprises Ltd" | QUERIES: ["Kesar Enterprises Ltd" official website] | CANDIDATES: [https://kesari.in] | SELECTED: "https://kesari.in" | CONFIDENCE: HIGH | TIME: 0ms | REASON: Resolved via readymade-fallback
[2026-08-11T15:00:28.013Z] COMPANY: "Walchandnagar Industries Ltd" | QUERIES: ["Walchandnagar Industries Ltd" official website] | CANDIDATES: [https://walchand.com] | SELECTED: "https://walchand.com" | CONFIDENCE: HIGH | TIME: 0ms | REASON: Resolved via readymade-fallback
[2026-08-11T15:00:38.678Z] COMPANY: "Associated Alcohols & Breweries Ltd" | QUERIES: ["Associated Alcohols & Breweries Ltd" official website] | CANDIDATES: [https://associatedalcohols.com] | SELECTED: "https://associatedalcohols.com" | CONFIDENCE: HIGH | TIME: 1ms | REASON: Resolved via readymade-fallback
[2026-08-11T15:00:56.085Z] COMPANY: "Thakkers Group Ltd" | QUERIES: ["Thakkers Group Ltd" official website] | CANDIDATES: [https://thakkersdevelopers.com] | SELECTED: "https://thakkersdevelopers.com" | CONFIDENCE: HIGH | TIME: 0ms | REASON: Resolved via readymade-fallback
[2026-08-11T15:01:17.858Z] COMPANY: "Foods & Inns Ltd" | QUERIES: ["Foods & Inns Ltd" official website] | CANDIDATES: [https://foodservicedirect.com] | SELECTED: "https://foodservicedirect.com" | CONFIDENCE: HIGH | TIME: 0ms | REASON: Resolved via readymade-fallback
[2026-08-11T15:01:41.078Z] COMPANY: "IVP Ltd" | QUERIES: ["IVP Ltd" official website] | CANDIDATES: [https://ivpress.com] | SELECTED: "https://ivpress.com" | CONFIDENCE: HIGH | TIME: 2ms | REASON: Resolved via readymade-fallback
[2026-08-11T15:02:08.867Z] COMPANY: "Olympic Oil Industries Ltd" | QUERIES: ["Olympic Oil Industries Ltd" official website] | CANDIDATES: [https://olympicoil.us] | SELECTED: "https://olympicoil.us" | CONFIDENCE: HIGH | TIME: 0ms | REASON: Resolved via readymade-fallback
[2026-08-11T15:02:20.488Z] COMPANY: "Milkfood Ltd" | QUERIES: ["Milkfood Ltd" official website] | CANDIDATES: [https://milk-food.de] | SELECTED: "https://milk-food.de" | CONFIDENCE: HIGH | TIME: 0ms | REASON: Resolved via readymade-fallback
[2026-08-11T15:02:43.330Z] COMPANY: "Polson Ltd" | QUERIES: ["Polson Ltd" official website] | CANDIDATES: [https://polsonltd.com] | SELECTED: "https://polsonltd.com" | CONFIDENCE: HIGH | TIME: 0ms | REASON: Resolved via readymade-fallback
[2026-08-11T15:02:54.535Z] COMPANY: "Signature Green Corporation Ltd" | QUERIES: ["Signature Green Corporation Ltd" official website] | CANDIDATES: [https://siggreen.com] | SELECTED: "https://siggreen.com" | CONFIDENCE: HIGH | TIME: 0ms | REASON: Resolved via readymade-fallback
[2026-08-11T15:03:14.599Z] COMPANY: "Wipro Ltd" | QUERIES: ["Wipro Ltd" official website] | CANDIDATES: [https://healthplan.com] | SELECTED: "https://healthplan.com" | CONFIDENCE: HIGH | TIME: 0ms | REASON: Resolved via readymade-fallback
[2026-08-11T15:05:33.632Z] COMPANY: "Dhanuka Agritech Ltd" | QUERIES: ["Dhanuka Agritech Ltd" official website] | CANDIDATES: [https://dhanuka.com] | SELECTED: "https://dhanuka.com" | CONFIDENCE: HIGH | TIME: 0ms | REASON: Resolved via readymade-fallback
[2026-08-11T15:05:35.252Z] COMPANY: "TTK Healthcare Ltd" | QUERIES: ["TTK Healthcare Ltd" official website] | CANDIDATES: [https://ttk.ru] | SELECTED: "https://ttk.ru" | CONFIDENCE: HIGH | TIME: 0ms | REASON: Resolved via readymade-fallback
[2026-08-11T15:07:59.206Z] COMPANY: "Lime Chemicals Ltd" | QUERIES: ["Lime Chemicals Ltd" official website] | CANDIDATES: [https://limechem.com] | SELECTED: "https://limechem.com" | CONFIDENCE: HIGH | TIME: 0ms | REASON: Resolved via readymade-fallback
[2026-08-11T15:08:09.595Z] COMPANY: "Kanpur Plastipack Ltd" | QUERIES: ["Kanpur Plastipack Ltd" official website] | CANDIDATES: [https://kanplas.com] | SELECTED: "https://kanplas.com" | CONFIDENCE: HIGH | TIME: 0ms | REASON: Resolved via readymade-fallback
[2026-08-11T15:08:14.684Z] COMPANY: "Tainwala Chemicals and Plastics (India) Ltd" | QUERIES: ["Tainwala Chemicals and Plastics (India) Ltd" official website] | CANDIDATES: [https://tainwala.in] | SELECTED: "https://tainwala.in" | CONFIDENCE: HIGH | TIME: 0ms | REASON: Resolved via readymade-fallback
[2026-08-11T15:08:27.209Z] COMPANY: "Jagsonpal Pharmaceuticals Ltd" | QUERIES: ["Jagsonpal Pharmaceuticals Ltd" official website] | CANDIDATES: [https://jagsonpal.com] | SELECTED: "https://jagsonpal.com" | CONFIDENCE: HIGH | TIME: 0ms | REASON: Resolved via readymade-fallback
[2026-08-11T15:08:39.444Z] COMPANY: "Khaitan Chemicals & Fertilizers Ltd" | QUERIES: ["Khaitan Chemicals & Fertilizers Ltd" official website] | CANDIDATES: [https://khaitanchemfert.com] | SELECTED: "https://khaitanchemfert.com" | CONFIDENCE: HIGH | TIME: 0ms | REASON: Resolved via readymade-fallback
[2026-08-11T15:09:54.110Z] COMPANY: "United Leasing & Industries Ltd" | QUERIES: ["United Leasing & Industries Ltd" official website] | CANDIDATES: [https://unitedevv.com] | SELECTED: "https://unitedevv.com" | CONFIDENCE: HIGH | TIME: 0ms | REASON: Resolved via readymade-fallback
[2026-08-11T15:10:16.548Z] COMPANY: "Gillette India Ltd" | QUERIES: ["Gillette India Ltd" official website] | CANDIDATES: [https://gillette.co.in] | SELECTED: "https://gillette.co.in" | CONFIDENCE: HIGH | TIME: 0ms | REASON: Resolved via readymade-fallback
[2026-08-11T15:10:27.620Z] COMPANY: "Wires & Fabriks SA Ltd" | QUERIES: ["Wires & Fabriks SA Ltd" official website] | CANDIDATES: [https://wireshark.org] | SELECTED: "https://wireshark.org" | CONFIDENCE: HIGH | TIME: 0ms | REASON: Resolved via readymade-fallback
[2026-08-11T15:10:28.861Z] COMPANY: "Ansal Housing Ltd" | QUERIES: ["Ansal Housing Ltd" official website] | CANDIDATES: [https://ansals.com] | SELECTED: "https://ansals.com" | CONFIDENCE: HIGH | TIME: 0ms | REASON: Resolved via readymade-fallback
[2026-08-11T15:10:30.750Z] COMPANY: "Computer Point Ltd" | QUERIES: ["Computer Point Ltd" official website] | CANDIDATES: [https://computerpoint.ac.in] | SELECTED: "https://computerpoint.ac.in" | CONFIDENCE: HIGH | TIME: 0ms | REASON: Resolved via readymade-fallback
[2026-08-11T15:10:42.197Z] COMPANY: "Addi Industries Ltd" | QUERIES: ["Addi Industries Ltd" official website] | CANDIDATES: [https://addictinggames.com] | SELECTED: "https://addictinggames.com" | CONFIDENCE: HIGH | TIME: 0ms | REASON: Resolved via readymade-fallback
[2026-08-11T15:10:42.633Z] COMPANY: "Unitech Ltd" | QUERIES: ["Unitech Ltd" official website] | CANDIDATES: [https://unitech-mo.ru] | SELECTED: "https://unitech-mo.ru" | CONFIDENCE: HIGH | TIME: 0ms | REASON: Resolved via readymade-fallback
[2026-08-11T15:11:01.123Z] COMPANY: "VIP Industries Ltd" | QUERIES: ["VIP Industries Ltd" official website] | CANDIDATES: [https://vippers.jp] | SELECTED: "https://vippers.jp" | CONFIDENCE: HIGH | TIME: 0ms | REASON: Resolved via readymade-fallback
[2026-08-11T15:11:10.807Z] COMPANY: "Fiberweb India Ltd" | QUERIES: ["Fiberweb India Ltd" official website] | CANDIDATES: [https://fiberweb.co.za] | SELECTED: "https://fiberweb.co.za" | CONFIDENCE: HIGH | TIME: 0ms | REASON: Resolved via readymade-fallback
[2026-08-11T15:11:21.071Z] COMPANY: "Gyftr Ltd" | QUERIES: ["Gyftr Ltd" official website] | CANDIDATES: [https://gyftr.com] | SELECTED: "https://gyftr.com" | CONFIDENCE: HIGH | TIME: 0ms | REASON: Resolved via readymade-fallback
[2026-08-11T15:11:22.105Z] COMPANY: "East Buildtech Ltd" | QUERIES: ["East Buildtech Ltd" official website] | CANDIDATES: [https://ebl.co.in] | SELECTED: "https://ebl.co.in" | CONFIDENCE: HIGH | TIME: 0ms | REASON: Resolved via readymade-fallback
[2026-08-11T15:11:34.857Z] COMPANY: "Manipal Finance Corporation Ltd" | QUERIES: ["Manipal Finance Corporation Ltd" official website] | CANDIDATES: [https://manipal.edu] | SELECTED: "https://manipal.edu" | CONFIDENCE: HIGH | TIME: 0ms | REASON: Resolved via readymade-fallback
[2026-08-11T15:11:51.707Z] COMPANY: "Bajaj Steel Industries Ltd" | QUERIES: ["Bajaj Steel Industries Ltd" official website] | CANDIDATES: [https://bajajngp.com] | SELECTED: "https://bajajngp.com" | CONFIDENCE: HIGH | TIME: 0ms | REASON: Resolved via readymade-fallback
[2026-08-11T15:11:55.425Z] COMPANY: "Key Corporation Ltd" | QUERIES: ["Key Corporation Ltd" official website] | CANDIDATES: [https://key.com] | SELECTED: "https://key.com" | CONFIDENCE: HIGH | TIME: 0ms | REASON: Resolved via readymade-fallback
[2026-08-11T15:12:02.757Z] COMPANY: "Gujarat Hotels Ltd" | QUERIES: ["Gujarat Hotels Ltd" official website] | CANDIDATES: [https://gujarathotelsltd.in] | SELECTED: "https://gujarathotelsltd.in" | CONFIDENCE: HIGH | TIME: 0ms | REASON: Resolved via readymade-fallback
[2026-08-11T15:12:16.117Z] COMPANY: "Fynx Capital Ltd" | QUERIES: ["Fynx Capital Ltd" official website] | CANDIDATES: [https://fynxt.com] | SELECTED: "https://fynxt.com" | CONFIDENCE: HIGH | TIME: 0ms | REASON: Resolved via readymade-fallback
[2026-08-11T15:12:16.852Z] COMPANY: "Ras Resorts & Apart Hotels Ltd" | QUERIES: ["Ras Resorts & Apart Hotels Ltd" official website] | CANDIDATES: [https://rasresorts.com] | SELECTED: "https://rasresorts.com" | CONFIDENCE: HIGH | TIME: 0ms | REASON: Resolved via readymade-fallback
[2026-08-11T15:12:20.639Z] COMPANY: "Jolly Plastic Industries Ltd" | QUERIES: ["Jolly Plastic Industries Ltd" official website] | CANDIDATES: [https://jollyplastic.com] | SELECTED: "https://jollyplastic.com" | CONFIDENCE: HIGH | TIME: 0ms | REASON: Resolved via readymade-fallback
[2026-08-11T15:12:34.445Z] COMPANY: "Paramount Cosmetics India Ltd" | QUERIES: ["Paramount Cosmetics India Ltd" official website] | CANDIDATES: [https://parammount.com] | SELECTED: "https://parammount.com" | CONFIDENCE: HIGH | TIME: 0ms | REASON: Resolved via readymade-fallback
[2026-08-11T15:12:51.786Z] COMPANY: "Jupiter Industries & Leasing Ltd" | QUERIES: ["Jupiter Industries & Leasing Ltd" official website] | CANDIDATES: [https://jupiterindustries.com] | SELECTED: "https://jupiterindustries.com" | CONFIDENCE: HIGH | TIME: 1ms | REASON: Resolved via readymade-fallback
[2026-08-11T15:12:53.596Z] COMPANY: "Simmonds Marshall Ltd" | QUERIES: ["Simmonds Marshall Ltd" official website] | CANDIDATES: [https://simmondsmarshall.com] | SELECTED: "https://simmondsmarshall.com" | CONFIDENCE: HIGH | TIME: 0ms | REASON: Resolved via readymade-fallback
[2026-08-11T15:12:56.778Z] COMPANY: "B & A Ltd" | QUERIES: ["B & A Ltd" official website] | CANDIDATES: [https://booking.com] | SELECTED: "https://booking.com" | CONFIDENCE: HIGH | TIME: 0ms | REASON: Resolved via readymade-fallback
[2026-08-11T15:13:29.926Z] COMPANY: "Hawkins Cookers Ltd" | QUERIES: ["Hawkins Cookers Ltd" official website] | CANDIDATES: [https://hawkinscookers.com] | SELECTED: "https://hawkinscookers.com" | CONFIDENCE: HIGH | TIME: 0ms | REASON: Resolved via readymade-fallback
[2026-08-11T15:13:38.848Z] COMPANY: "Warren Tea Ltd" | QUERIES: ["Warren Tea Ltd" official website] | CANDIDATES: [https://warrentea.com] | SELECTED: "https://warrentea.com" | CONFIDENCE: HIGH | TIME: 0ms | REASON: Resolved via readymade-fallback
[2026-08-11T15:15:59.165Z] COMPANY: "Cochin Malabar Estates & Industries Ltd" | QUERIES: ["Cochin Malabar Estates & Industries Ltd" official website] | CANDIDATES: [https://cochinmalabar.in] | SELECTED: "https://cochinmalabar.in" | CONFIDENCE: HIGH | TIME: 0ms | REASON: Resolved via readymade-fallback
[2026-08-11T15:16:06.735Z] COMPANY: "Neelamalai Agro Industries Ltd" | QUERIES: ["Neelamalai Agro Industries Ltd" official website] | CANDIDATES: [https://neelamalaiagro.com] | SELECTED: "https://neelamalaiagro.com" | CONFIDENCE: HIGH | TIME: 0ms | REASON: Resolved via readymade-fallback
[2026-08-11T15:16:26.145Z] COMPANY: "I S T Ltd" | QUERIES: ["I S T Ltd" official website] | CANDIDATES: [https://ist.co.uk] | SELECTED: "https://ist.co.uk" | CONFIDENCE: HIGH | TIME: 0ms | REASON: Resolved via readymade-fallback
[2026-08-11T15:16:33.972Z] COMPANY: "Cosmo First Ltd" | QUERIES: ["Cosmo First Ltd" official website] | CANDIDATES: [https://cosmofirst.com] | SELECTED: "https://cosmofirst.com" | CONFIDENCE: HIGH | TIME: 0ms | REASON: Resolved via readymade-fallback
[2026-08-11T15:16:34.712Z] COMPANY: "Apollo Hospitals Enterprise Ltd" | QUERIES: ["Apollo Hospitals Enterprise Ltd" official website] | CANDIDATES: [https://apollohospitals.com] | SELECTED: "https://apollohospitals.com" | CONFIDENCE: HIGH | TIME: 0ms | REASON: Resolved via readymade-fallback
[2026-08-11T15:17:00.183Z] COMPANY: "Nitin Castings Ltd" | QUERIES: ["Nitin Castings Ltd" official website] | CANDIDATES: [https://nitincastings.com] | SELECTED: "https://nitincastings.com" | CONFIDENCE: HIGH | TIME: 1ms | REASON: Resolved via readymade-fallback
[2026-08-11T15:17:15.957Z] COMPANY: "Everest Industries Ltd" | QUERIES: ["Everest Industries Ltd" official website] | CANDIDATES: [https://everestgrp.com] | SELECTED: "https://everestgrp.com" | CONFIDENCE: HIGH | TIME: 0ms | REASON: Resolved via readymade-fallback
[2026-08-11T15:17:16.319Z] COMPANY: "AYM Syntex Ltd" | QUERIES: ["AYM Syntex Ltd" official website] | CANDIDATES: [https://aymsyntex.com] | SELECTED: "https://aymsyntex.com" | CONFIDENCE: HIGH | TIME: 0ms | REASON: Resolved via readymade-fallback
[2026-08-11T15:17:24.805Z] COMPANY: "HB Leasing & Finance Company Ltd" | QUERIES: ["HB Leasing & Finance Company Ltd" official website] | CANDIDATES: [https://hbleasingkent.co.uk] | SELECTED: "https://hbleasingkent.co.uk" | CONFIDENCE: HIGH | TIME: 0ms | REASON: Resolved via readymade-fallback
[2026-08-11T15:17:35.765Z] COMPANY: "Shricon Industries Ltd" | QUERIES: ["Shricon Industries Ltd" official website] | CANDIDATES: [https://shriconsultant.com] | SELECTED: "https://shriconsultant.com" | CONFIDENCE: HIGH | TIME: 0ms | REASON: Resolved via readymade-fallback
[2026-08-11T15:17:44.759Z] COMPANY: "Sulabh Engineers & Services Ltd" | QUERIES: ["Sulabh Engineers & Services Ltd" official website] | CANDIDATES: [https://sulabh.org.in] | SELECTED: "https://sulabh.org.in" | CONFIDENCE: HIGH | TIME: 0ms | REASON: Resolved via readymade-fallback
[2026-08-11T15:17:54.656Z] COMPANY: "Frontier Capital Ltd" | QUERIES: ["Frontier Capital Ltd" official website] | CANDIDATES: [https://flyfrontier.com] | SELECTED: "https://flyfrontier.com" | CONFIDENCE: HIGH | TIME: 0ms | REASON: Resolved via readymade-fallback
[2026-08-11T15:18:17.744Z] COMPANY: "Thakral Services India Ltd" | QUERIES: ["Thakral Services India Ltd" official website] | CANDIDATES: [https://thakralone.com] | SELECTED: "https://thakralone.com" | CONFIDENCE: HIGH | TIME: 0ms | REASON: Resolved via readymade-fallback
[2026-08-11T15:18:32.814Z] COMPANY: "Golden Legand Leasing & finance Ltd" | QUERIES: ["Golden Legand Leasing & finance Ltd" official website] | CANDIDATES: [https://gllfl.com] | SELECTED: "https://gllfl.com" | CONFIDENCE: HIGH | TIME: 0ms | REASON: Resolved via readymade-fallback
[2026-08-11T15:18:44.833Z] COMPANY: "Netlink Solutions India Ltd" | QUERIES: ["Netlink Solutions India Ltd" official website] | CANDIDATES: [https://netlink.com] | SELECTED: "https://netlink.com" | CONFIDENCE: HIGH | TIME: 0ms | REASON: Resolved via readymade-fallback
[2026-08-11T15:18:53.555Z] COMPANY: "Lancor Holdings Ltd" | QUERIES: ["Lancor Holdings Ltd" official website] | CANDIDATES: [https://lancor.es] | SELECTED: "https://lancor.es" | CONFIDENCE: HIGH | TIME: 0ms | REASON: Resolved via readymade-fallback
[2026-08-11T15:19:10.742Z] COMPANY: "Banas Finance Ltd" | QUERIES: ["Banas Finance Ltd" official website] | CANDIDATES: [https://banasthali.org] | SELECTED: "https://banasthali.org" | CONFIDENCE: HIGH | TIME: 0ms | REASON: Resolved via readymade-fallback
[2026-08-11T15:19:19.992Z] COMPANY: "Visaka Industries Ltd" | QUERIES: ["Visaka Industries Ltd" official website] | CANDIDATES: [https://visakai.com] | SELECTED: "https://visakai.com" | CONFIDENCE: HIGH | TIME: 0ms | REASON: Resolved via readymade-fallback
[2026-08-11T15:19:28.506Z] COMPANY: "GRP Ltd" | QUERIES: ["GRP Ltd" official website] | CANDIDATES: [https://grp.com.sg] | SELECTED: "https://grp.com.sg" | CONFIDENCE: HIGH | TIME: 0ms | REASON: Resolved via readymade-fallback
[2026-08-11T15:19:40.402Z] COMPANY: "Indag Rubber Ltd" | QUERIES: ["Indag Rubber Ltd" official website] | CANDIDATES: [https://indagrubber.com] | SELECTED: "https://indagrubber.com" | CONFIDENCE: HIGH | TIME: 0ms | REASON: Resolved via readymade-fallback
[2026-08-11T15:19:42.288Z] COMPANY: "PTL Enterprises Ltd" | QUERIES: ["PTL Enterprises Ltd" official website] | CANDIDATES: [https://lamongenergi.co.id] | SELECTED: "https://lamongenergi.co.id" | CONFIDENCE: HIGH | TIME: 0ms | REASON: Resolved via readymade-fallback
[2026-08-11T15:20:02.017Z] COMPANY: "Sanathnagar Enterprises Ltd" | QUERIES: ["Sanathnagar Enterprises Ltd" official website] | CANDIDATES: [https://sanathnagar.in] | SELECTED: "https://sanathnagar.in" | CONFIDENCE: HIGH | TIME: 0ms | REASON: Resolved via readymade-fallback
[2026-08-11T15:20:10.158Z] COMPANY: "Cravatex Ltd" | QUERIES: ["Cravatex Ltd" official website] | CANDIDATES: [https://cravatex.com] | SELECTED: "https://cravatex.com" | CONFIDENCE: HIGH | TIME: 0ms | REASON: Resolved via readymade-fallback
[2026-08-11T15:20:24.630Z] COMPANY: "Caprihans India Ltd" | QUERIES: ["Caprihans India Ltd" official website] | CANDIDATES: [https://caprihansindia.com] | SELECTED: "https://caprihansindia.com" | CONFIDENCE: HIGH | TIME: 0ms | REASON: Resolved via readymade-fallback
[2026-08-11T15:20:29.987Z] COMPANY: "Graphite India Ltd" | QUERIES: ["Graphite India Ltd" official website] | CANDIDATES: [https://graphiteindia.com] | SELECTED: "https://graphiteindia.com" | CONFIDENCE: HIGH | TIME: 1ms | REASON: Resolved via readymade-fallback
[2026-08-11T15:22:48.623Z] COMPANY: "Empire Industries Ltd" | QUERIES: ["Empire Industries Ltd" official website] | CANDIDATES: [https://empireflippers.com] | SELECTED: "https://empireflippers.com" | CONFIDENCE: HIGH | TIME: 0ms | REASON: Resolved via readymade-fallback
[2026-08-11T15:23:00.785Z] COMPANY: "Garware Technical Fibres Ltd" | QUERIES: ["Garware Technical Fibres Ltd" official website] | CANDIDATES: [https://garwarefibres.com] | SELECTED: "https://garwarefibres.com" | CONFIDENCE: HIGH | TIME: 0ms | REASON: Resolved via readymade-fallback
[2026-08-11T15:23:15.572Z] COMPANY: "Garware Marine Industries Ltd" | QUERIES: ["Garware Marine Industries Ltd" official website] | CANDIDATES: [https://garwaremarine.com] | SELECTED: "https://garwaremarine.com" | CONFIDENCE: HIGH | TIME: 0ms | REASON: Resolved via readymade-fallback
[2026-08-11T15:23:42.460Z] COMPANY: "Goa Carbon Ltd" | QUERIES: ["Goa Carbon Ltd" official website] | CANDIDATES: [https://goacarbon.com] | SELECTED: "https://goacarbon.com" | CONFIDENCE: HIGH | TIME: 0ms | REASON: Resolved via readymade-fallback
[2026-08-11T15:23:42.993Z] COMPANY: "Hardcastle & Waud Manufacturing Company Ltd" | QUERIES: ["Hardcastle & Waud Manufacturing Company Ltd" official website] | CANDIDATES: [https://hardcastleshober.com] | SELECTED: "https://hardcastleshober.com" | CONFIDENCE: HIGH | TIME: 0ms | REASON: Resolved via readymade-fallback
[2026-08-11T15:23:52.224Z] COMPANY: "HEG Ltd" | QUERIES: ["HEG Ltd" official website] | CANDIDATES: [https://hegltd.com] | SELECTED: "https://hegltd.com" | CONFIDENCE: HIGH | TIME: 0ms | REASON: Resolved via readymade-fallback
[2026-08-11T15:23:52.816Z] COMPANY: "Hindustan Composites Ltd" | QUERIES: ["Hindustan Composites Ltd" official website] | CANDIDATES: [https://hindcompo.com] | SELECTED: "https://hindcompo.com" | CONFIDENCE: HIGH | TIME: 0ms | REASON: Resolved via readymade-fallback
[2026-08-11T15:24:08.416Z] COMPANY: "Indian Card Clothing Company Ltd" | QUERIES: ["Indian Card Clothing Company Ltd" official website] | CANDIDATES: [https://cardindia.com] | SELECTED: "https://cardindia.com" | CONFIDENCE: HIGH | TIME: 0ms | REASON: Resolved via readymade-fallback
[2026-08-11T15:24:22.137Z] COMPANY: "International Conveyors Ltd" | QUERIES: ["International Conveyors Ltd" official website] | CANDIDATES: [https://iclbelting.com] | SELECTED: "https://iclbelting.com" | CONFIDENCE: HIGH | TIME: 0ms | REASON: Resolved via readymade-fallback
[2026-08-11T15:24:24.838Z] COMPANY: "Jay Shree Tea & Industries Ltd" | QUERIES: ["Jay Shree Tea & Industries Ltd" official website] | CANDIDATES: [https://jayshreetea.com] | SELECTED: "https://jayshreetea.com" | CONFIDENCE: HIGH | TIME: 0ms | REASON: Resolved via readymade-fallback
[2026-08-11T15:24:28.128Z] COMPANY: "Mapro Industries Ltd" | QUERIES: ["Mapro Industries Ltd" official website] | CANDIDATES: [https://maprogress.com] | SELECTED: "https://maprogress.com" | CONFIDENCE: HIGH | TIME: 0ms | REASON: Resolved via readymade-fallback
[2026-08-11T15:24:40.842Z] COMPANY: "RJ Shah & Company Ltd" | QUERIES: ["RJ Shah & Company Ltd" official website] | CANDIDATES: [https://rjshahidshah.com] | SELECTED: "https://rjshahidshah.com" | CONFIDENCE: HIGH | TIME: 0ms | REASON: Resolved via readymade-fallback
[2026-08-11T15:24:54.931Z] COMPANY: "Shalimar Paints Ltd" | QUERIES: ["Shalimar Paints Ltd" official website] | CANDIDATES: [https://shalimarpaints.com] | SELECTED: "https://shalimarpaints.com" | CONFIDENCE: HIGH | TIME: 0ms | REASON: Resolved via readymade-fallback
[2026-08-11T15:27:16.694Z] COMPANY: "Hindoostan Mills Ltd" | QUERIES: ["Hindoostan Mills Ltd" official website] | CANDIDATES: [https://hindoostan.com] | SELECTED: "https://hindoostan.com" | CONFIDENCE: HIGH | TIME: 0ms | REASON: Resolved via readymade-fallback
[2026-08-11T15:27:24.190Z] COMPANY: "Supreme Industries Ltd" | QUERIES: ["Supreme Industries Ltd" official website] | CANDIDATES: [https://supremecourt.gov] | SELECTED: "https://supremecourt.gov" | CONFIDENCE: HIGH | TIME: 0ms | REASON: Resolved via readymade-fallback
[2026-08-11T15:27:26.594Z] COMPANY: "Thacker & Company Ltd" | QUERIES: ["Thacker & Company Ltd" official website] | CANDIDATES: [https://600thackerofficesfl.com] | SELECTED: "https://600thackerofficesfl.com" | CONFIDENCE: HIGH | TIME: 0ms | REASON: Resolved via readymade-fallback
[2026-08-11T15:27:33.696Z] COMPANY: "Trade Wings Ltd" | QUERIES: ["Trade Wings Ltd" official website] | CANDIDATES: [https://tradewings.in] | SELECTED: "https://tradewings.in" | CONFIDENCE: HIGH | TIME: 0ms | REASON: Resolved via readymade-fallback
[2026-08-11T15:27:33.917Z] COMPANY: "VST Industries Ltd" | QUERIES: ["VST Industries Ltd" official website] | CANDIDATES: [https://vstu.ru] | SELECTED: "https://vstu.ru" | CONFIDENCE: HIGH | TIME: 0ms | REASON: Resolved via readymade-fallback
[2026-08-11T15:27:44.111Z] COMPANY: "Swasti Vinayaka Synthetics Ltd" | QUERIES: ["Swasti Vinayaka Synthetics Ltd" official website] | CANDIDATES: [https://swastivinayaka.com] | SELECTED: "https://swastivinayaka.com" | CONFIDENCE: HIGH | TIME: 0ms | REASON: Resolved via readymade-fallback
[2026-08-11T15:27:55.285Z] COMPANY: "Msl Global Ltd" | QUERIES: ["Msl Global Ltd" official website] | CANDIDATES: [https://mslglobal.com] | SELECTED: "https://mslglobal.com" | CONFIDENCE: HIGH | TIME: 0ms | REASON: Resolved via readymade-fallback
[2026-08-11T15:28:07.919Z] COMPANY: "Premier Capital Services Ltd" | QUERIES: ["Premier Capital Services Ltd" official website] | CANDIDATES: [https://premierleague.com] | SELECTED: "https://premierleague.com" | CONFIDENCE: HIGH | TIME: 0ms | REASON: Resolved via readymade-fallback
[2026-08-11T15:28:35.542Z] COMPANY: "Jindal Drilling & Industries Ltd" | QUERIES: ["Jindal Drilling & Industries Ltd" official website] | CANDIDATES: [https://jindaldrilling.com] | SELECTED: "https://jindaldrilling.com" | CONFIDENCE: HIGH | TIME: 0ms | REASON: Resolved via readymade-fallback
[2026-08-11T15:30:58.482Z] COMPANY: "Jumbo Finance Ltd" | QUERIES: ["Jumbo Finance Ltd" official website] | CANDIDATES: [https://jumbo.com] | SELECTED: "https://jumbo.com" | CONFIDENCE: HIGH | TIME: 0ms | REASON: Resolved via readymade-fallback
[2026-08-11T15:32:10.731Z] COMPANY: "Sakthi Finance Ltd" | QUERIES: ["Sakthi Finance Ltd" official website] | CANDIDATES: [https://sakthicadd.com] | SELECTED: "https://sakthicadd.com" | CONFIDENCE: HIGH | TIME: 0ms | REASON: Resolved via readymade-fallback
[2026-08-11T15:32:12.833Z] COMPANY: "Aeroflex Enterprises Ltd" | QUERIES: ["Aeroflex Enterprises Ltd" official website] | CANDIDATES: [https://aeroflex.co.il] | SELECTED: "https://aeroflex.co.il" | CONFIDENCE: HIGH | TIME: 0ms | REASON: Resolved via readymade-fallback
[2026-08-11T15:32:16.622Z] COMPANY: "JMD Ventures Ltd" | QUERIES: ["JMD Ventures Ltd" official website] | CANDIDATES: [https://jmdventures.ca] | SELECTED: "https://jmdventures.ca" | CONFIDENCE: HIGH | TIME: 0ms | REASON: Resolved via readymade-fallback
[2026-08-11T15:32:20.087Z] COMPANY: "Shiva Texyarn Ltd" | QUERIES: ["Shiva Texyarn Ltd" official website] | CANDIDATES: [https://shivatex.in] | SELECTED: "https://shivatex.in" | CONFIDENCE: HIGH | TIME: 0ms | REASON: Resolved via readymade-fallback
[2026-08-11T15:32:21.255Z] COMPANY: "First Custodian Fund India Ltd" | QUERIES: ["First Custodian Fund India Ltd" official website] | CANDIDATES: [https://firstcustodianfund.com] | SELECTED: "https://firstcustodianfund.com" | CONFIDENCE: HIGH | TIME: 0ms | REASON: Resolved via readymade-fallback
[2026-08-11T15:32:28.268Z] COMPANY: "Axis Solutions Ltd" | QUERIES: ["Axis Solutions Ltd" official website] | CANDIDATES: [https://axisbank.com] | SELECTED: "https://axisbank.com" | CONFIDENCE: HIGH | TIME: 0ms | REASON: Resolved via readymade-fallback
[2026-08-11T15:32:50.745Z] COMPANY: "WSFx Global Pay Ltd" | QUERIES: ["WSFx Global Pay Ltd" official website] | CANDIDATES: [https://wsfx.in] | SELECTED: "https://wsfx.in" | CONFIDENCE: HIGH | TIME: 0ms | REASON: Resolved via readymade-fallback
[2026-08-11T15:32:54.048Z] COMPANY: "Parshwanath Corporation Ltd" | QUERIES: ["Parshwanath Corporation Ltd" official website] | CANDIDATES: [https://parshwanath.co.in] | SELECTED: "https://parshwanath.co.in" | CONFIDENCE: HIGH | TIME: 0ms | REASON: Resolved via readymade-fallback
[2026-08-11T15:33:03.476Z] COMPANY: "Millennium Online Solutions ( India ) Ltd" | QUERIES: ["Millennium Online Solutions ( India ) Ltd" official website] | CANDIDATES: [https://mosil.co] | SELECTED: "https://mosil.co" | CONFIDENCE: HIGH | TIME: 0ms | REASON: Resolved via readymade-fallback
[2026-08-11T15:33:17.199Z] COMPANY: "ICDS Ltd" | QUERIES: ["ICDS Ltd" official website] | CANDIDATES: [https://icdsoft.com] | SELECTED: "https://icdsoft.com" | CONFIDENCE: HIGH | TIME: 0ms | REASON: Resolved via readymade-fallback
[2026-08-11T15:33:40.997Z] COMPANY: "Can Fin Homes Ltd" | QUERIES: ["Can Fin Homes Ltd" official website] | CANDIDATES: [https://canfinhomes.com] | SELECTED: "https://canfinhomes.com" | CONFIDENCE: HIGH | TIME: 0ms | REASON: Resolved via readymade-fallback
[2026-08-11T15:33:59.666Z] COMPANY: "IL&FS Investment Managers Ltd" | QUERIES: ["IL&FS Investment Managers Ltd" official website] | CANDIDATES: [https://illinois.gov] | SELECTED: "https://illinois.gov" | CONFIDENCE: HIGH | TIME: 1ms | REASON: Resolved via readymade-fallback
[2026-08-11T15:34:14.371Z] COMPANY: "Shriram Finance Ltd" | QUERIES: ["Shriram Finance Ltd" official website] | CANDIDATES: [https://shriramfinance.in] | SELECTED: "https://shriramfinance.in" | CONFIDENCE: HIGH | TIME: 0ms | REASON: Resolved via readymade-fallback
[2026-08-11T15:34:26.730Z] COMPANY: "Sagar Systech Ltd" | QUERIES: ["Sagar Systech Ltd" official website] | CANDIDATES: [https://sagarsystech.com] | SELECTED: "https://sagarsystech.com" | CONFIDENCE: HIGH | TIME: 0ms | REASON: Resolved via readymade-fallback
[2026-08-11T15:34:45.118Z] COMPANY: "VLS Finance Ltd" | QUERIES: ["VLS Finance Ltd" official website] | CANDIDATES: [https://vlsisoftech.com] | SELECTED: "https://vlsisoftech.com" | CONFIDENCE: HIGH | TIME: 0ms | REASON: Resolved via readymade-fallback
[2026-08-11T15:34:52.086Z] COMPANY: "India Cements Capital Ltd" | QUERIES: ["India Cements Capital Ltd" official website] | CANDIDATES: [https://indiacements.co.in] | SELECTED: "https://indiacements.co.in" | CONFIDENCE: HIGH | TIME: 0ms | REASON: Resolved via readymade-fallback
[2026-08-11T15:35:05.328Z] COMPANY: "Ad-Manum Finance Ltd" | QUERIES: ["Ad-Manum Finance Ltd" official website] | CANDIDATES: [https://admanumfinance.com] | SELECTED: "https://admanumfinance.com" | CONFIDENCE: HIGH | TIME: 0ms | REASON: Resolved via readymade-fallback
[2026-08-11T15:35:14.440Z] COMPANY: "Inter Globe Finance Ltd" | QUERIES: ["Inter Globe Finance Ltd" official website] | CANDIDATES: [https://interglobeserver.com] | SELECTED: "https://interglobeserver.com" | CONFIDENCE: HIGH | TIME: 0ms | REASON: Resolved via readymade-fallback
[2026-08-11T15:35:22.670Z] COMPANY: "Crest Ventures Ltd" | QUERIES: ["Crest Ventures Ltd" official website] | CANDIDATES: [https://crest.co.in] | SELECTED: "https://crest.co.in" | CONFIDENCE: HIGH | TIME: 0ms | REASON: Resolved via readymade-fallback
[2026-08-11T15:35:24.535Z] COMPANY: "Vakrangee Ltd" | QUERIES: ["Vakrangee Ltd" official website] | CANDIDATES: [https://vakrangee.in] | SELECTED: "https://vakrangee.in" | CONFIDENCE: HIGH | TIME: 0ms | REASON: Resolved via readymade-fallback
[2026-08-11T15:35:25.749Z] COMPANY: "Sylph Industries Ltd" | QUERIES: ["Sylph Industries Ltd" official website] | CANDIDATES: [https://wizevo.com] | SELECTED: "https://wizevo.com" | CONFIDENCE: HIGH | TIME: 0ms | REASON: Resolved via readymade-fallback
[2026-08-11T15:38:41.971Z] COMPANY: "Dharani Finance Ltd" | QUERIES: ["Dharani Finance Ltd" official website] | CANDIDATES: [https://dharaniherbbals.in] | SELECTED: "https://dharaniherbbals.in" | CONFIDENCE: HIGH | TIME: 0ms | REASON: Resolved via readymade-fallback
[2026-08-11T15:39:00.391Z] COMPANY: "Capital Trust Ltd" | QUERIES: ["Capital Trust Ltd" official website] | CANDIDATES: [https://capitaltrustltd.com] | SELECTED: "https://capitaltrustltd.com" | CONFIDENCE: HIGH | TIME: 0ms | REASON: Resolved via readymade-fallback
[2026-08-11T15:41:20.807Z] COMPANY: "Ushakiran Finance Ltd" | QUERIES: ["Ushakiran Finance Ltd" official website] | CANDIDATES: [https://uflfinance.com] | SELECTED: "https://uflfinance.com" | CONFIDENCE: HIGH | TIME: 0ms | REASON: Resolved via readymade-fallback
[2026-08-11T15:43:44.226Z] COMPANY: "Vivo Bio Tech Ltd" | QUERIES: ["Vivo Bio Tech Ltd" official website] | CANDIDATES: [https://vivobio.com] | SELECTED: "https://vivobio.com" | CONFIDENCE: HIGH | TIME: 0ms | REASON: Resolved via readymade-fallback
[2026-08-11T15:46:07.957Z] COMPANY: "Veerhealth Care Ltd" | QUERIES: ["Veerhealth Care Ltd" official website] | CANDIDATES: [https://veerhealthcare.net] | SELECTED: "https://veerhealthcare.net" | CONFIDENCE: HIGH | TIME: 0ms | REASON: Resolved via readymade-fallback
[2026-08-11T15:48:28.556Z] COMPANY: "Pan India Corporation Ltd" | QUERIES: ["Pan India Corporation Ltd" official website] | CANDIDATES: [https://panindia.in] | SELECTED: "https://panindia.in" | CONFIDENCE: HIGH | TIME: 0ms | REASON: Resolved via readymade-fallback
[2026-08-11T15:48:30.483Z] COMPANY: "NDA Securities Ltd" | QUERIES: ["NDA Securities Ltd" official website] | CANDIDATES: [https://ndaindia.com] | SELECTED: "https://ndaindia.com" | CONFIDENCE: HIGH | TIME: 0ms | REASON: Resolved via readymade-fallback
[2026-08-11T15:48:44.243Z] COMPANY: "Supra Trends Ltd" | QUERIES: ["Supra Trends Ltd" official website] | CANDIDATES: [https://supratrends.com] | SELECTED: "https://supratrends.com" | CONFIDENCE: HIGH | TIME: 0ms | REASON: Resolved via readymade-fallback
[2026-08-11T15:48:59.696Z] COMPANY: "GSB Finance Ltd" | QUERIES: ["GSB Finance Ltd" official website] | CANDIDATES: [https://gsb.gov.tr] | SELECTED: "https://gsb.gov.tr" | CONFIDENCE: HIGH | TIME: 0ms | REASON: Resolved via readymade-fallback
[2026-08-11T15:51:23.495Z] COMPANY: "Morarka Finance Ltd" | QUERIES: ["Morarka Finance Ltd" official website] | CANDIDATES: [https://morarkafinance.in] | SELECTED: "https://morarkafinance.in" | CONFIDENCE: HIGH | TIME: 1ms | REASON: Resolved via readymade-fallback
[2026-08-11T15:51:24.712Z] COMPANY: "Monarch Networth Capital Ltd" | QUERIES: ["Monarch Networth Capital Ltd" official website] | CANDIDATES: [https://mnclgroup.com] | SELECTED: "https://mnclgroup.com" | CONFIDENCE: HIGH | TIME: 0ms | REASON: Resolved via readymade-fallback
[2026-08-11T15:51:59.636Z] COMPANY: "Pro Fin Capital Services Ltd" | QUERIES: ["Pro Fin Capital Services Ltd" official website] | CANDIDATES: [https://profinance.ru] | SELECTED: "https://profinance.ru" | CONFIDENCE: HIGH | TIME: 0ms | REASON: Resolved via readymade-fallback
[2026-08-11T15:54:21.092Z] COMPANY: "Crescentis Capital Ltd" | QUERIES: ["Crescentis Capital Ltd" official website] | CANDIDATES: [https://crescentisland.co] | SELECTED: "https://crescentisland.co" | CONFIDENCE: HIGH | TIME: 0ms | REASON: Resolved via readymade-fallback
[2026-08-11T15:54:36.689Z] COMPANY: "Mantra Capital Ltd" | QUERIES: ["Mantra Capital Ltd" official website] | CANDIDATES: [https://mantracapital.uk] | SELECTED: "https://mantracapital.uk" | CONFIDENCE: HIGH | TIME: 0ms | REASON: Resolved via readymade-fallback
[2026-08-11T15:54:43.625Z] COMPANY: "Avonmore Capital & Management Services Ltd" | QUERIES: ["Avonmore Capital & Management Services Ltd" official website] | CANDIDATES: [https://avonmorecapital.in] | SELECTED: "https://avonmorecapital.in" | CONFIDENCE: HIGH | TIME: 0ms | REASON: Resolved via readymade-fallback
[2026-08-11T15:57:09.031Z] COMPANY: "Libord Finance Ltd" | QUERIES: ["Libord Finance Ltd" official website] | CANDIDATES: [https://libordbroking.com] | SELECTED: "https://libordbroking.com" | CONFIDENCE: HIGH | TIME: 0ms | REASON: Resolved via readymade-fallback
[2026-08-11T15:57:28.420Z] COMPANY: "Yash Management & Satellite Ltd" | QUERIES: ["Yash Management & Satellite Ltd" official website] | CANDIDATES: [https://halliganlofts.com] | SELECTED: "https://halliganlofts.com" | CONFIDENCE: HIGH | TIME: 0ms | REASON: Resolved via readymade-fallback
[2026-08-11T15:57:46.738Z] COMPANY: "ISL Consulting Ltd" | QUERIES: ["ISL Consulting Ltd" official website] | CANDIDATES: [https://islconsulting.in] | SELECTED: "https://islconsulting.in" | CONFIDENCE: HIGH | TIME: 0ms | REASON: Resolved via readymade-fallback
[2026-08-11T16:00:06.182Z] COMPANY: "Sugal & Damani Share Brokers Ltd" | QUERIES: ["Sugal & Damani Share Brokers Ltd" official website] | CANDIDATES: [https://sugaldamani.com] | SELECTED: "https://sugaldamani.com" | CONFIDENCE: HIGH | TIME: 0ms | REASON: Resolved via readymade-fallback
[2026-08-11T16:02:25.406Z] COMPANY: "Nettlinx Ltd" | QUERIES: ["Nettlinx Ltd" official website] | CANDIDATES: [https://nettlinx.com] | SELECTED: "https://nettlinx.com" | CONFIDENCE: HIGH | TIME: 0ms | REASON: Resolved via readymade-fallback
[2026-08-11T16:02:48.851Z] COMPANY: "BGIL Films & Technologies Ltd" | QUERIES: ["BGIL Films & Technologies Ltd" official website] | CANDIDATES: [https://bgilfilms.com] | SELECTED: "https://bgilfilms.com" | CONFIDENCE: HIGH | TIME: 0ms | REASON: Resolved via readymade-fallback
[2026-08-11T16:02:49.300Z] COMPANY: "Scan Steels Ltd" | QUERIES: ["Scan Steels Ltd" official website] | CANDIDATES: [https://scansteels.com] | SELECTED: "https://scansteels.com" | CONFIDENCE: HIGH | TIME: 0ms | REASON: Resolved via readymade-fallback
[2026-08-11T16:03:09.379Z] COMPANY: "GIC Housing Finance Ltd" | QUERIES: ["GIC Housing Finance Ltd" official website] | CANDIDATES: [https://gichfindia.com] | SELECTED: "https://gichfindia.com" | CONFIDENCE: HIGH | TIME: 0ms | REASON: Resolved via readymade-fallback
[2026-08-11T16:03:11.676Z] COMPANY: "Ajcon Global Services Ltd" | QUERIES: ["Ajcon Global Services Ltd" official website] | CANDIDATES: [https://ajcononline.com] | SELECTED: "https://ajcononline.com" | CONFIDENCE: HIGH | TIME: 0ms | REASON: Resolved via readymade-fallback
[2026-08-11T16:03:18.041Z] COMPANY: "Chartered Capital & Investment Ltd" | QUERIES: ["Chartered Capital & Investment Ltd" official website] | CANDIDATES: [https://charteredcapital.net] | SELECTED: "https://charteredcapital.net" | CONFIDENCE: HIGH | TIME: 1ms | REASON: Resolved via readymade-fallback
[2026-08-11T16:03:25.986Z] COMPANY: "YOGI Ltd" | QUERIES: ["YOGI Ltd" official website] | CANDIDATES: [https://yogi24.co.uk] | SELECTED: "https://yogi24.co.uk" | CONFIDENCE: HIGH | TIME: 1ms | REASON: Resolved via readymade-fallback
[2026-08-11T16:03:52.367Z] COMPANY: "Relic Technologies Ltd" | QUERIES: ["Relic Technologies Ltd" official website] | CANDIDATES: [https://relicradio.com] | SELECTED: "https://relicradio.com" | CONFIDENCE: HIGH | TIME: 0ms | REASON: Resolved via readymade-fallback
